series_key;time_period;time_period_start;time_period_end;obs_value;updated_at;dataset_id;title_fr;title_long_fr;MNE;FREQ;DOMAINE;ACTIVITE;VARIABLE;ZONE_GEO;CATEGORIE;POPULATION;CONTREPARTIE;CONSOLIDATION;UNIT;DECIMALS;UNIT_MULT;ADJUSTMENT;TIME_FORMAT;SOURCE_AGENCY;TIME_PER_COLLECT;OBS_CONF;OBS_STATUS
ACPR.A.BQ.RISQUES.CRED_CLIENT.34._Z.EC.PHNC._Z.TOP6_AUT_GROUPES;2024;2024-01-01;2024-12-31;367,39;2025-10-22T14:00:28+00:00;ACPR;Établissements de crédit (crédits nets);Établissements de crédit (crédits nets);CRED_CLIENT;A;BQ;_Z;34;_Z;RISQUES;TOP6_AUT_GROUPES;EC;PHNC;EUR;2;9;N;P1Y;ACPR;E;F;A
ACPR.A.BQ.RISQUES.CRED_CLIENT.34._Z.HORS_EC_BC.PHNC._Z.TOP6_AUT_GROUPES;2024;2024-01-01;2024-12-31;4705,52;2025-10-22T14:00:28+00:00;ACPR;Crédits nets  hors EC et banques centrales;Crédits nets  hors EC et banques centrales;CRED_CLIENT;A;BQ;_Z;34;_Z;RISQUES;TOP6_AUT_GROUPES;HORS_EC_BC;PHNC;EUR;2;9;N;P1Y;ACPR;E;F;A
ACPR.A.BQ.RISQUES.CRED_CLIENT.34._Z.NACE_P.PHNC._Z.TOP6_AUT_GROUPES;2024;2024-01-01;2024-12-31;6,77;2025-10-22T14:00:28+00:00;ACPR;Crédits au secteur de l'enseignement;Crédits au secteur de l'enseignement;CRED_CLIENT;A;BQ;_Z;34;_Z;RISQUES;TOP6_AUT_GROUPES;NACE_P;PHNC;EUR;2;9;N;P1Y;ACPR;E;F;A
ACPR.A.BQ.RISQUES.CRED_CLIENT.34.BE.ENF.PHNC._Z.TOP6_AUT_GROUPES;2024;2024-01-01;2024-12-31;62,98;2025-10-22T14:00:28+00:00;ACPR;Crédits aux entreprises non financières - Belgique;Crédits aux entreprises non financières - Belgique;CRED_CLIENT;A;BQ;_Z;34;BE;RISQUES;TOP6_AUT_GROUPES;ENF;PHNC;EUR;2;9;N;P1Y;ACPR;E;F;A
ACPR.A.BQ.RISQUES.CRED_CLIENT.34.ES.ENF.PHNC._Z.TOP6_AUT_GROUPES;2024;2024-01-01;2024-12-31;25,87;2025-10-22T14:00:28+00:00;ACPR;Crédits aux entreprises non financières - Espagne;Crédits aux entreprises non financières - Espagne;CRED_CLIENT;A;BQ;_Z;34;ES;RISQUES;TOP6_AUT_GROUPES;ENF;PHNC;EUR;2;9;N;P1Y;ACPR;E;F;A
ACPR.A.BQ.RISQUES.CRED_CLIENT.34.FR.MENAGES.PHNC._Z.TOP6_AUT_GROUPES;2024;2024-01-01;2024-12-31;1529,56;2025-10-22T14:00:28+00:00;ACPR;Crédits aux ménages - France;Crédits aux ménages - France;CRED_CLIENT;A;BQ;_Z;34;FR;RISQUES;TOP6_AUT_GROUPES;MENAGES;PHNC;EUR;2;9;N;P1Y;ACPR;E;F;A
ACPR.A.BQ.RISQUES.CRED_EQUIP.35._Z._Z.SOLO._Z.TOTAL_SECTEUR;2024;2024-01-01;2024-12-31;725,76;2025-10-22T14:00:28+00:00;ACPR;Crédits à l'équipement à l'ensemble de la clientèle non financière;Crédits à l'équipement à l'ensemble de la clientèle non financière;CRED_EQUIP;A;BQ;_Z;35;_Z;RISQUES;TOTAL_SECTEUR;_Z;SOLO;EUR;2;9;N;P1Y;ACPR;E;F;A
ACPR.A.BQ.RISQUES.CRED_EQUIP.35._Z.SNF.SOLO._Z.TOTAL_SECTEUR;2024;2024-01-01;2024-12-31;537,82;2025-10-22T14:00:28+00:00;ACPR;Crédits à l'équipement aux sociétés non financières;Crédits à l'équipement aux sociétés non financières;CRED_EQUIP;A;BQ;_Z;35;_Z;RISQUES;TOTAL_SECTEUR;SNF;SOLO;EUR;2;9;N;P1Y;ACPR;E;F;A
ACPR.A.BQ.RISQUES.CREDITS_BRUTS.39._Z.NACE_J.PHNC._Z.TOP6_AUT_GROUPES;2024;2024-01-01;2024-12-31;68,08;2025-10-22T14:00:28+00:00;ACPR;Crédits bruts aux entreprises du secteur de l'information et communication;Crédits bruts aux entreprises du secteur de l'information et communication;CREDITS_BRUTS;A;BQ;_Z;39;_Z;RISQUES;TOP6_AUT_GROUPES;NACE_J;PHNC;EUR;2;9;N;P1Y;ACPR;E;F;A
ACPR.A.BQ.RISQUES.CREDITS_BRUTS.39._Z.NACE_L.PHNC._Z.TOP6_AUT_GROUPES;2024;2024-01-01;2024-12-31;458,75;2025-10-22T14:00:28+00:00;ACPR;Crédits bruts aux entreprises du secteur des activités immobilières;Crédits bruts aux entreprises du secteur des activités immobilières;CREDITS_BRUTS;A;BQ;_Z;39;_Z;RISQUES;TOP6_AUT_GROUPES;NACE_L;PHNC;EUR;2;9;N;P1Y;ACPR;E;F;A
ACPR.A.BQ.RISQUES.DERIV_PASSIF_GRE_GRE.49._Z.EC.PHNC._Z.TOP6_AUT_GROUPES;2024;2024-01-01;2024-12-31;336,52;2025-10-22T14:00:29+00:00;ACPR;Montant au passif de dérivés de gré à gré avec établissements de crédit;Passif de dérivés de gré à gré avec établissements de crédit;DERIV_PASSIF_GRE_GRE;A;BQ;_Z;49;_Z;RISQUES;TOP6_AUT_GROUPES;EC;PHNC;EUR;2;9;N;P1Y;ACPR;E;F;A
ACPR.A.BQ.RISQUES.TB_FIN_NEGO_DERIVES9933.481._Z._Z.PHNC._Z.TOP6_AUT_GROUPES;2024;2024-01-01;2024-12-31;99,23;2025-10-22T14:00:30+00:00;ACPR;Montant au passif de dérivés sur actions;Montant au passif de dérivés sur actions;TB_FIN_NEGO_DERIVES9933;A;BQ;_Z;481;_Z;RISQUES;TOP6_AUT_GROUPES;_Z;PHNC;EUR;2;9;N;P1Y;ACPR;E;F;A
ACPR.A.BQ.RISQUES.TB_FIN_NEGO_PART_OPTION9966.492._Z._Z.PHNC._Z.TOP6_AUT_GROUPES;2024;2024-01-01;2024-12-31;182,8;2025-10-22T14:00:30+00:00;ACPR;Dérivés sur Capitaux propres (somme actif et passif);Dérivés sur Capitaux propres (somme actif et passif);TB_FIN_NEGO_PART_OPTION9966;A;BQ;_Z;492;_Z;RISQUES;TOP6_AUT_GROUPES;_Z;PHNC;EUR;2;9;N;P1Y;ACPR;E;F;A
ACPR.A.BQ.RISQUES.TX_NPL_APRES_PROV.570._Z.ENF.PHNC._Z.TOP6_AUT_GROUPES;2024;2024-01-01;2024-12-31;2,13;2025-10-22T14:00:30+00:00;ACPR;Poids des prêts non performants nets des provisions aux entreprises non financières;Poids des prêts non performants nets des provisions aux entreprises non financières;TX_NPL_APRES_PROV;A;BQ;_Z;570;_Z;RISQUES;TOP6_AUT_GROUPES;ENF;PHNC;PC;2;0;N;P1Y;ACPR;E;F;A
ACPR.A.BQ.RISQUES.TX_NPL_APRES_PROV.570._Z.GE.PHNC._Z.TOP6_AUT_GROUPES;2024;2024-01-01;2024-12-31;1,6;2025-10-22T14:00:30+00:00;ACPR;Poids des prêts non performants nets des provisions aux grandes entreprises;Poids des prêts non performants nets des provisions aux grandes entreprises;TX_NPL_APRES_PROV;A;BQ;_Z;570;_Z;RISQUES;TOP6_AUT_GROUPES;GE;PHNC;PC;2;0;N;P1Y;ACPR;E;F;A
ACPR.A.BQ.RISQUES.TX_NPL_APRES_PROV.570._Z.PME.PHNC._Z.TOP6_AUT_GROUPES;2024;2024-01-01;2024-12-31;2,73;2025-10-22T14:00:30+00:00;ACPR;Poids des prêts non performants nets des provisions aux PME;Poids des prêts non performants nets des provisions aux PME;TX_NPL_APRES_PROV;A;BQ;_Z;570;_Z;RISQUES;TOP6_AUT_GROUPES;PME;PHNC;PC;2;0;N;P1Y;ACPR;E;F;A
ACPR.A.BQ.RISQUES.TX_PROV.572._Z.NACE_A.PHNC._Z.TOP6_AUT_GROUPES;2024;2024-01-01;2024-12-31;89,57;2025-10-22T14:00:30+00:00;ACPR;Taux de provisionnement du secteur de l'agriculture, sylviculture et pêche;Taux de provisionnement du secteur de l'agriculture, sylviculture et pêche;TX_PROV;A;BQ;_Z;572;_Z;RISQUES;TOP6_AUT_GROUPES;NACE_A;PHNC;PC;2;0;N;P1Y;ACPR;E;F;A
ACPR.A.BQ.RISQUES.TX_PROV.572.CH.MENAGES_ENF.PHNC._Z.TOP6_AUT_GROUPES;2024;2024-01-01;2024-12-31;43,6;2025-10-22T14:00:31+00:00;ACPR;Taux de provisionnement en Suisse;Taux de provisionnement en Suisse;TX_PROV;A;BQ;_Z;572;CH;RISQUES;TOP6_AUT_GROUPES;MENAGES_ENF;PHNC;PC;2;0;N;P1Y;ACPR;E;F;A
ACPR.A.BQ.RISQUES.TB_FIN_NEGO_DERIVE_CREDIT10000.458._Z._Z.PHNC._Z.TOP6_AUT_GROUPES;2024;2024-01-01;2024-12-31;704,18;2025-10-22T14:00:29+00:00;ACPR;Achats de contrats d'échange de risque de crédit (CDS) En notionnel;Achats de contrats d'échange de risque de crédit (CDS) En notionnel;TB_FIN_NEGO_DERIVE_CREDIT10000;A;BQ;_Z;458;_Z;RISQUES;TOP6_AUT_GROUPES;_Z;PHNC;EUR;2;9;N;P1Y;ACPR;E;F;A
ACPR.A.BQ.RISQUES.TX_NPL.569._Z.MENAGES_ENF.PHNC._Z.TOP6_AUT_GROUPES;2024;2024-01-01;2024-12-31;2,92;2025-10-22T14:00:30+00:00;ACPR;Taux de prêts non performants aux ménages et aux entreprises non financières;Taux de prêts non performants aux ménages et aux entreprises non financières;TX_NPL;A;BQ;_Z;569;_Z;RISQUES;TOP6_AUT_GROUPES;MENAGES_ENF;PHNC;PC;2;0;N;P1Y;ACPR;E;F;A
ACPR.A.BQ.RISQUES.TX_NPL.569._Z.NACE_O.PHNC._Z.TOP6_AUT_GROUPES;2024;2024-01-01;2024-12-31;0,74;2025-10-22T14:00:30+00:00;ACPR;Taux de prêts non performants du secteur de l'administration publique;Taux de prêts non performants du secteur de l'administration publique;TX_NPL;A;BQ;_Z;569;_Z;RISQUES;TOP6_AUT_GROUPES;NACE_O;PHNC;PC;2;0;N;P1Y;ACPR;E;F;A
ACPR.A.BQ.RISQUES.CRED_AFF.31._Z.MENAGES.SOLO._Z.TOTAL_SECTEUR;2024;2024-01-01;2024-12-31;0,13;2025-10-22T14:00:27+00:00;ACPR;Affacturage aux Ménages;Affacturage aux Ménages;CRED_AFF;A;BQ;_Z;31;_Z;RISQUES;TOTAL_SECTEUR;MENAGES;SOLO;EUR;2;9;N;P1Y;ACPR;E;F;A
ACPR.A.BQ.RISQUES.GB_FIN_NEGO_ACTIF_9845.181._Z._Z.PHNC._Z.TOP6_AUT_GROUPES;2024;2024-01-01;2024-12-31;298,3;2025-10-22T14:00:29+00:00;ACPR;Instruments de capitaux propres dans le portefeuille de négociation coté actif;Instruments de capitaux propres dans le portefeuille de négociation coté actif;GB_FIN_NEGO_ACTIF_9845;A;BQ;_Z;181;_Z;RISQUES;TOP6_AUT_GROUPES;_Z;PHNC;EUR;2;9;N;P1Y;ACPR;E;F;A
ACPR.A.BQ.RISQUES.ACT_PTF_NEGO.3._Z.EC.PHNC._Z.TOP6_AUT_GROUPES;2024;2024-01-01;2024-12-31;24,38;2025-10-22T14:00:27+00:00;ACPR;Instruments de capitaux propres des établissements de crédit dans le portefeuille de négociation;Instruments de capitaux propres des établissements de crédit dans le portefeuille de négociation;ACT_PTF_NEGO;A;BQ;_Z;3;_Z;RISQUES;TOP6_AUT_GROUPES;EC;PHNC;EUR;2;9;N;P1Y;ACPR;E;F;A
ACPR.A.BQ.RISQUES.ACT_PTF_NEGO.3._Z.EF.PHNC._Z.TOP6_AUT_GROUPES;2024;2024-01-01;2024-12-31;46,35;2025-10-22T14:00:27+00:00;ACPR;Instruments de capitaux propres des autres entreprises financières dans le portefeuille de négociation;Instruments de capitaux propres des autres entreprises financières dans le portefeuille de négociation;ACT_PTF_NEGO;A;BQ;_Z;3;_Z;RISQUES;TOP6_AUT_GROUPES;EF;PHNC;EUR;2;9;N;P1Y;ACPR;E;F;A
ACPR.A.BQ.RISQUES.CRED_CLIENT.34._Z.MENAGES_ENF.PHNC._Z.TOP6_AUT_GROUPES;2024;2024-01-01;2024-12-31;3983,68;2025-10-22T14:00:28+00:00;ACPR;Crédits nets  aux entreprises non financières et aux ménages;Crédits nets  aux entreprises non financières et aux ménages;CRED_CLIENT;A;BQ;_Z;34;_Z;RISQUES;TOP6_AUT_GROUPES;MENAGES_ENF;PHNC;EUR;2;9;N;P1Y;ACPR;E;F;A
ACPR.A.BQ.RISQUES.CRED_CLIENT.34.DE.MENAGES.PHNC._Z.TOP6_AUT_GROUPES;2024;2024-01-01;2024-12-31;63,74;2025-10-22T14:00:28+00:00;ACPR;Crédits aux ménages - Allemagne;Crédits aux ménages - Allemagne;CRED_CLIENT;A;BQ;_Z;34;DE;RISQUES;TOP6_AUT_GROUPES;MENAGES;PHNC;EUR;2;9;N;P1Y;ACPR;E;F;A
ACPR.A.BQ.RISQUES.CRED_CLIENT.34.FR.ENF.PHNC._Z.TOP6_AUT_GROUPES;2024;2024-01-01;2024-12-31;1060,25;2025-10-22T14:00:28+00:00;ACPR;Crédits aux entreprises non financières - France;Crédits aux entreprises non financières - France;CRED_CLIENT;A;BQ;_Z;34;FR;RISQUES;TOP6_AUT_GROUPES;ENF;PHNC;EUR;2;9;N;P1Y;ACPR;E;F;A
ACPR.A.BQ.RISQUES.CRED_CLIENT.34.IT.ENF.PHNC._Z.TOP6_AUT_GROUPES;2024;2024-01-01;2024-12-31;127,74;2025-10-22T14:00:28+00:00;ACPR;Crédits aux entreprises non financières - Italie;Crédits aux entreprises non financières - Italie;CRED_CLIENT;A;BQ;_Z;34;IT;RISQUES;TOP6_AUT_GROUPES;ENF;PHNC;EUR;2;9;N;P1Y;ACPR;E;F;A
ACPR.A.BQ.RISQUES.CREDITS_BRUTS.39._Z.NACE_F.PHNC._Z.TOP6_AUT_GROUPES;2024;2024-01-01;2024-12-31;85,24;2025-10-22T14:00:28+00:00;ACPR;Crédits bruts aux entreprises du secteur de la construction;Crédits bruts aux entreprises du secteur de la construction;CREDITS_BRUTS;A;BQ;_Z;39;_Z;RISQUES;TOP6_AUT_GROUPES;NACE_F;PHNC;EUR;2;9;N;P1Y;ACPR;E;F;A
ACPR.A.BQ.RISQUES.CREDITS_BRUTS_MENAGES_ENF_PAYS.40.BE.MENAGES_ENF.PHNC._Z.TOP6_AUT_GROUPES;2024;2024-01-01;2024-12-31;156,44;2025-10-22T14:00:29+00:00;ACPR;Crédits bruts aux ménages et entreprises non financières en Belgique;Crédits bruts aux ménages et entreprises non financières en Belgique;CREDITS_BRUTS_MENAGES_ENF_PAYS;A;BQ;_Z;40;BE;RISQUES;TOP6_AUT_GROUPES;MENAGES_ENF;PHNC;EUR;2;9;N;P1Y;ACPR;E;F;A
ACPR.A.BQ.RISQUES.DERIV_ACTIF_GRE_GRE.45._Z._Z.PHNC._Z.TOP6_AUT_GROUPES;2024;2024-01-01;2024-12-31;696,89;2025-10-22T14:00:29+00:00;ACPR;Montant à l'actif de dérivés de gré à gré;Dérivés de gré à gré (Actifs);DERIV_ACTIF_GRE_GRE;A;BQ;_Z;45;_Z;RISQUES;TOP6_AUT_GROUPES;_Z;PHNC;EUR;2;9;N;P1Y;ACPR;E;F;A
ACPR.A.BQ.RISQUES.DT_PL_PTF_NEGO.58._Z.EC.PHNC._Z.TOP6_AUT_GROUPES;2024;2024-01-01;2024-12-31;181,39;2025-10-22T14:00:29+00:00;ACPR;Dépôts et titres des établissements de crédit donnés en pension livrée du portefeuille de négociation;Dépôts et titres des établissements de crédit donnés en pension livrée du portefeuille de négociation;DT_PL_PTF_NEGO;A;BQ;_Z;58;_Z;RISQUES;TOP6_AUT_GROUPES;EC;PHNC;EUR;2;9;N;P1Y;ACPR;E;F;A
ACPR.A.BQ.RISQUES.DT_PL_PTF_NEGO.58._Z.ENF.PHNC._Z.TOP6_AUT_GROUPES;2024;2024-01-01;2024-12-31;79,94;2025-10-22T14:00:29+00:00;ACPR;Dépôts et titres des entreprises non financières donnés en pension livrée du portefeuille de négociation;Dépôts et titres des entreprises non financières donnés en pension livrée du portefeuille de négociation;DT_PL_PTF_NEGO;A;BQ;_Z;58;_Z;RISQUES;TOP6_AUT_GROUPES;ENF;PHNC;EUR;2;9;N;P1Y;ACPR;E;F;A
ACPR.A.BQ.RISQUES.OBLIG_PTF_NEGO.238._Z.ENF.PHNC._Z.TOP6_AUT_GROUPES;2024;2024-01-01;2024-12-31;23,17;2025-10-22T14:00:29+00:00;ACPR;Titre de créances émis par les entreprises non financières dans le portefeuille de négociation;Titre de créances émis par les entreprises non financières dans le portefeuille de négociation;OBLIG_PTF_NEGO;A;BQ;_Z;238;_Z;RISQUES;TOP6_AUT_GROUPES;ENF;PHNC;EUR;2;9;N;P1Y;ACPR;E;F;A
ACPR.A.BQ.RISQUES.TB_FIN_NEGO_DERIVE_CREDIT10013.465._Z._Z.PHNC._Z.TOP6_AUT_GROUPES;2024;2024-01-01;2024-12-31;14,13;2025-10-22T14:00:29+00:00;ACPR;Contrats d'échange de risque de crédit (CDS) à l'actif;Contrats d'échange de risque de crédit (CDS) à l'actif;TB_FIN_NEGO_DERIVE_CREDIT10013;A;BQ;_Z;465;_Z;RISQUES;TOP6_AUT_GROUPES;_Z;PHNC;EUR;2;9;N;P1Y;ACPR;E;F;A
ACPR.A.BQ.RISQUES.TB_FIN_NEGO_DERIVE_CREDIT10019.471._Z._Z.PHNC._Z.TOP6_AUT_GROUPES;2024;2024-01-01;2024-12-31;0,33;2025-10-22T14:00:29+00:00;ACPR;Autres dérivés de crédit à l'actif;Autres dérivés de crédit à l'actif;TB_FIN_NEGO_DERIVE_CREDIT10019;A;BQ;_Z;471;_Z;RISQUES;TOP6_AUT_GROUPES;_Z;PHNC;EUR;2;9;N;P1Y;ACPR;E;F;A
ACPR.A.BQ.RISQUES.TB_FIN_NEGO_DERIVES9931.479._Z._Z.PHNC._Z.TOP6_AUT_GROUPES;2024;2024-01-01;2024-12-31;3,36;2025-10-22T14:00:30+00:00;ACPR;Montant à l'actif de dérivés sur autres produits;Montant à l'actif de dérivés sur autres produits;TB_FIN_NEGO_DERIVES9931;A;BQ;_Z;479;_Z;RISQUES;TOP6_AUT_GROUPES;_Z;PHNC;EUR;2;9;N;P1Y;ACPR;E;F;A
ACPR.A.BQ.RISQUES.TX_NPL.569._Z.NACE_E.PHNC._Z.TOP6_AUT_GROUPES;2024;2024-01-01;2024-12-31;2,75;2025-10-22T14:00:30+00:00;ACPR;Taux de prêts non performants du secteur de la production et distribution d'eau;Taux de prêts non performants du secteur de la production et distribution d'eau;TX_NPL;A;BQ;_Z;569;_Z;RISQUES;TOP6_AUT_GROUPES;NACE_E;PHNC;PC;2;0;N;P1Y;ACPR;E;F;A
ACPR.A.BQ.RISQUES.TX_NPL.569._Z.NACE_H.PHNC._Z.TOP6_AUT_GROUPES;2024;2024-01-01;2024-12-31;2,95;2025-10-22T14:00:30+00:00;ACPR;Taux de prêts non performants du secteur du transports et entreposage;Taux de prêts non performants du secteur du transports et entreposage;TX_NPL;A;BQ;_Z;569;_Z;RISQUES;TOP6_AUT_GROUPES;NACE_H;PHNC;PC;2;0;N;P1Y;ACPR;E;F;A
ACPR.A.BQ.RISQUES.TX_NPL.569._Z.NACE_N.PHNC._Z.TOP6_AUT_GROUPES;2024;2024-01-01;2024-12-31;3,06;2025-10-22T14:00:30+00:00;ACPR;Taux de prêts non performants du secteur de l'activité de services administratifs et de soutien;Taux de prêts non performants du secteur de l'activité de services administratifs et de soutien;TX_NPL;A;BQ;_Z;569;_Z;RISQUES;TOP6_AUT_GROUPES;NACE_N;PHNC;PC;2;0;N;P1Y;ACPR;E;F;A
ACPR.A.BQ.RISQUES.TX_PROV.572._Z.MENAGES_ENF.PHNC._Z.TOP6_AUT_GROUPES;2024;2024-01-01;2024-12-31;45,01;2025-10-22T14:00:30+00:00;ACPR;Taux de provisionnement aux ménages et aux entreprises non financières;Taux de provisionnement aux ménages et aux entreprises non financières;TX_PROV;A;BQ;_Z;572;_Z;RISQUES;TOP6_AUT_GROUPES;MENAGES_ENF;PHNC;PC;2;0;N;P1Y;ACPR;E;F;A
ACPR.A.BQ.RISQUES.TX_PROV.572.IT.MENAGES_ENF.PHNC._Z.TOP6_AUT_GROUPES;2024;2024-01-01;2024-12-31;78,69;2025-10-22T14:00:31+00:00;ACPR;Taux de provisionnement en Italie;Taux de provisionnement en Italie;TX_PROV;A;BQ;_Z;572;IT;RISQUES;TOP6_AUT_GROUPES;MENAGES_ENF;PHNC;PC;2;0;N;P1Y;ACPR;E;F;A
ACPR.A.BQ.RISQUES.TX_PROV_NPL.573._Z.MENAGES.PHNC._Z.TOP6_AUT_GROUPES;2024;2024-01-01;2024-12-31;1,19;2025-10-22T14:00:31+00:00;ACPR;Poids des provisions des prêts non performants aux ménages;Poids des provisions des prêts non performants aux ménages;TX_PROV_NPL;A;BQ;_Z;573;_Z;RISQUES;TOP6_AUT_GROUPES;MENAGES;PHNC;PC;2;0;N;P1Y;ACPR;E;F;A
ACPR.A.BQ.RISQUES.TB_FIN_NEGO_DERIVES9922.588._Z._Z.PHNC._Z._Z;2024;2024-01-01;2024-12-31;556,09;2025-10-22T14:00:31+00:00;ACPR;Montants notionnels de dérivés (autres y compris matières premières);Montants notionnels de dérivés (autres y compris matières premières);TB_FIN_NEGO_DERIVES9922;A;BQ;_Z;588;_Z;RISQUES;_Z;_Z;PHNC;EUR;2;9;N;P1Y;ACPR;E;F;A
ACPR.A.BQ.RISQUES.CRED_COD.30._Z.MENAGES.SOLO._Z.TOTAL_SECTEUR;2024;2024-01-01;2024-12-31;9,34;2025-10-22T14:00:28+00:00;ACPR;Comptes ordinaires débiteurs aux Ménages;Comptes ordinaires débiteurs aux Ménages;CRED_COD;A;BQ;_Z;30;_Z;RISQUES;TOTAL_SECTEUR;MENAGES;SOLO;EUR;2;9;N;P1Y;ACPR;E;F;A
ACPR.A.BQ.RISQUES.DERIV_PASSIF_GRE_GRE.49._Z._Z.PHNC._Z.TOP6_AUT_GROUPES;2024;2024-01-01;2024-12-31;657,94;2025-10-22T14:00:29+00:00;ACPR;Montant au passif de dérivés de gré à gré;Passif de dérivés de gré à gré;DERIV_PASSIF_GRE_GRE;A;BQ;_Z;49;_Z;RISQUES;TOP6_AUT_GROUPES;_Z;PHNC;EUR;2;9;N;P1Y;ACPR;E;F;A
ACPR.A.BQ.RISQUES.DERIV_PASSIF_GRE_GRE.49._Z.AUTRES.PHNC._Z.TOP6_AUT_GROUPES;2024;2024-01-01;2024-12-31;88,26;2025-10-22T14:00:29+00:00;ACPR;Montant au passif de dérivés de gré à gré avec autres contreparties;Passif de dérivés de gré à gré avec autres contreparties;DERIV_PASSIF_GRE_GRE;A;BQ;_Z;49;_Z;RISQUES;TOP6_AUT_GROUPES;AUTRES;PHNC;EUR;2;9;N;P1Y;ACPR;E;F;A
ACPR.A.BQ.RISQUES.TB_FIN_NEGO_DERIVE_CREDIT10017.469._Z._Z.PHNC._Z.TOP6_AUT_GROUPES;2024;2024-01-01;2024-12-31;1,47;2025-10-22T14:00:29+00:00;ACPR;Dérivés de crédit sur transfert de rendement (Total return swaps) à l'actif;Dérivés de crédit sur transfert de rendement (Total return swaps) à l'actif;TB_FIN_NEGO_DERIVE_CREDIT10017;A;BQ;_Z;469;_Z;RISQUES;TOP6_AUT_GROUPES;_Z;PHNC;EUR;2;9;N;P1Y;ACPR;E;F;A
ACPR.A.BQ.RISQUES.ACTFR_CLIENT_RE_TTES_DEV2360.43._Z.MENAGES.SOLO._Z.TOTAL_SECTEUR;2024;2024-01-01;2024-12-31;163,53;2025-10-22T14:00:31+00:00;ACPR;Comptes à terme des ménages;Comptes à terme des ménages;ACTFR_CLIENT_RE_TTES_DEV2360;A;BQ;_Z;43;_Z;RISQUES;TOTAL_SECTEUR;MENAGES;SOLO;EUR;2;9;N;P1Y;ACPR;E;F;A
ACPR.A.BQ.RISQUES.LOANS_PTF_NEGO.222._Z.EC.PHNC._Z.TOP6_AUT_GROUPES;2024;2024-01-01;2024-12-31;202,75;2025-10-22T14:00:29+00:00;ACPR;Prêts aux Établissements de crédit dans le portefeuille de négociation;Prêts aux Établissements de crédit dans le portefeuille de négociation;LOANS_PTF_NEGO;A;BQ;_Z;222;_Z;RISQUES;TOP6_AUT_GROUPES;EC;PHNC;EUR;2;9;N;P1Y;ACPR;E;F;A
ACPR.A.BQ.RISQUES.CRED_CLIENT.34._Z.NACE_R.PHNC._Z.TOP6_AUT_GROUPES;2024;2024-01-01;2024-12-31;9,67;2025-10-22T14:00:28+00:00;ACPR;Crédits au secteur des arts, spectacles et activités récréatives;Crédits au secteur des arts, spectacles et activités récréatives;CRED_CLIENT;A;BQ;_Z;34;_Z;RISQUES;TOP6_AUT_GROUPES;NACE_R;PHNC;EUR;2;9;N;P1Y;ACPR;E;F;A
ACPR.A.BQ.RISQUES.CRED_EQUIP.35._Z.MENAGES.SOLO._Z.TOTAL_SECTEUR;2024;2024-01-01;2024-12-31;36,92;2025-10-22T14:00:28+00:00;ACPR;Crédits à l'équipement aux Ménages;Crédits à l'équipement aux Ménages;CRED_EQUIP;A;BQ;_Z;35;_Z;RISQUES;TOTAL_SECTEUR;MENAGES;SOLO;EUR;2;9;N;P1Y;ACPR;E;F;A
ACPR.A.BQ.RISQUES.CREDITS_BRUTS.39._Z.NACE_D.PHNC._Z.TOP6_AUT_GROUPES;2024;2024-01-01;2024-12-31;94,5;2025-10-22T14:00:28+00:00;ACPR;Crédits bruts aux entreprises du secteur de l'électricité, gaz, vapeur et air conditionné;Crédits bruts aux entreprises du secteur de l'électricité, gaz, vapeur et air conditionné;CREDITS_BRUTS;A;BQ;_Z;39;_Z;RISQUES;TOP6_AUT_GROUPES;NACE_D;PHNC;EUR;2;9;N;P1Y;ACPR;E;F;A
ACPR.A.BQ.RISQUES.CREDITS_BRUTS_MENAGES_ENF_PAYS.40.FR.MENAGES_ENF.PHNC._Z.TOP6_AUT_GROUPES;2024;2024-01-01;2024-12-31;2589,81;2025-10-22T14:00:29+00:00;ACPR;Crédits bruts aux ménages et entreprises non financières en France;Crédits bruts aux ménages et entreprises non financières en France;CREDITS_BRUTS_MENAGES_ENF_PAYS;A;BQ;_Z;40;FR;RISQUES;TOP6_AUT_GROUPES;MENAGES_ENF;PHNC;EUR;2;9;N;P1Y;ACPR;E;F;A
ACPR.A.BQ.RISQUES.DEPOTS.43._Z.MENAGES_ENF.PHNC._Z.TOP6_AUT_GROUPES;2024;2024-01-01;2024-12-31;3893,85;2025-10-22T14:00:29+00:00;ACPR;Dépôts  aux entreprises non financières et aux ménages;Dépôts  aux entreprises non financières et aux ménages;DEPOTS;A;BQ;_Z;43;_Z;RISQUES;TOP6_AUT_GROUPES;MENAGES_ENF;PHNC;EUR;2;9;N;P1Y;ACPR;E;F;A
ACPR.A.BQ.RISQUES.DT_PL_PTF_NEGO.58._Z.MENAGES.PHNC._Z.TOP6_AUT_GROUPES;2024;2024-01-01;2024-12-31;0,0;2025-10-22T14:00:29+00:00;ACPR;Dépôts et titres des Ménages donnés en pension livrée du portefeuille de négociation;Dépôts et titres des Ménages donnés en pension livrée du portefeuille de négociation;DT_PL_PTF_NEGO;A;BQ;_Z;58;_Z;RISQUES;TOP6_AUT_GROUPES;MENAGES;PHNC;EUR;2;9;N;P1Y;ACPR;E;F;A
ACPR.A.BQ.RISQUES.GB_FIN_NEGO_PASSIF_9849.187._Z._Z.PHNC._Z.TOP6_AUT_GROUPES;2024;2024-01-01;2024-12-31;185,97;2025-10-22T14:00:29+00:00;ACPR;Positions courtes dans le portefeuille de négociation coté passif;Positions courtes dans le portefeuille de négociation coté passif;GB_FIN_NEGO_PASSIF_9849;A;BQ;_Z;187;_Z;RISQUES;TOP6_AUT_GROUPES;_Z;PHNC;EUR;2;9;N;P1Y;ACPR;E;F;A
ACPR.A.BQ.RISQUES.TX_NEGO_BILAN_PASSIF.568._Z._Z.PHNC._Z.TOP6_AUT_GROUPES;2024;2024-01-01;2024-12-31;17,0;2025-10-22T14:00:30+00:00;ACPR;Part du portefeuille de négociation au passif du bilan;Part du portefeuille de négociation au passif du bilan;TX_NEGO_BILAN_PASSIF;A;BQ;_Z;568;_Z;RISQUES;TOP6_AUT_GROUPES;_Z;PHNC;PC;2;0;N;P1Y;ACPR;E;F;A
ACPR.A.BQ.RISQUES.TX_NPL.569._Z.ENF.PHNC._Z.TOP6_AUT_GROUPES;2024;2024-01-01;2024-12-31;3,74;2025-10-22T14:00:30+00:00;ACPR;Taux de prêts non performants aux entreprises non financières;Taux de prêts non performants aux entreprises non financières;TX_NPL;A;BQ;_Z;569;_Z;RISQUES;TOP6_AUT_GROUPES;ENF;PHNC;PC;2;0;N;P1Y;ACPR;E;F;A
ACPR.A.BQ.RISQUES.TX_NPL.569.GB.MENAGES_ENF.PHNC._Z.TOP6_AUT_GROUPES;2024;2024-01-01;2024-12-31;1,44;2025-10-22T14:00:30+00:00;ACPR;Taux de prêts non performants au Royaume uni;Taux de prêts non performants au Royaume uni;TX_NPL;A;BQ;_Z;569;GB;RISQUES;TOP6_AUT_GROUPES;MENAGES_ENF;PHNC;PC;2;0;N;P1Y;ACPR;E;F;A
ACPR.A.BQ.RISQUES.TX_NPL.569.LU.MENAGES_ENF.PHNC._Z.TOP6_AUT_GROUPES;2024;2024-01-01;2024-12-31;1,86;2025-10-22T14:00:30+00:00;ACPR;Taux de prêts non performants au Luxembourg;Taux de prêts non performants au Luxembourg;TX_NPL;A;BQ;_Z;569;LU;RISQUES;TOP6_AUT_GROUPES;MENAGES_ENF;PHNC;PC;2;0;N;P1Y;ACPR;E;F;A
ACPR.A.BQ.RISQUES.TX_PROV.572._Z.GE.PHNC._Z.TOP6_AUT_GROUPES;2024;2024-01-01;2024-12-31;44,14;2025-10-22T14:00:30+00:00;ACPR;Taux de provisionnement aux grandes entreprises;Taux de provisionnement aux grandes entreprises;TX_PROV;A;BQ;_Z;572;_Z;RISQUES;TOP6_AUT_GROUPES;GE;PHNC;PC;2;0;N;P1Y;ACPR;E;F;A
ACPR.A.BQ.RISQUES.TX_PROV.572._Z.NACE_H.PHNC._Z.TOP6_AUT_GROUPES;2024;2024-01-01;2024-12-31;54,76;2025-10-22T14:00:31+00:00;ACPR;Taux de provisionnement du secteur du transports et entreposage;Taux de provisionnement du secteur du transports et entreposage;TX_PROV;A;BQ;_Z;572;_Z;RISQUES;TOP6_AUT_GROUPES;NACE_H;PHNC;PC;2;0;N;P1Y;ACPR;E;F;A
ACPR.A.BQ.RISQUES.TX_PROV.572._Z.PME.PHNC._Z.TOP6_AUT_GROUPES;2024;2024-01-01;2024-12-31;42,46;2025-10-22T14:00:31+00:00;ACPR;Taux de provisionnement aux PME;Taux de provisionnement aux PME;TX_PROV;A;BQ;_Z;572;_Z;RISQUES;TOP6_AUT_GROUPES;PME;PHNC;PC;2;0;N;P1Y;ACPR;E;F;A
ACPR.A.BQ.RISQUES.TX_PROV.572.NL.MENAGES_ENF.PHNC._Z.TOP6_AUT_GROUPES;2024;2024-01-01;2024-12-31;69,28;2025-10-22T14:00:31+00:00;ACPR;Taux de provisionnement aux Pays-Bas;Taux de provisionnement aux Pays-Bas;TX_PROV;A;BQ;_Z;572;NL;RISQUES;TOP6_AUT_GROUPES;MENAGES_ENF;PHNC;PC;2;0;N;P1Y;ACPR;E;F;A
ACPR.A.BQ.RISQUES.S1_ENFCA.660._Z.ENF.PHNC._Z.TOP6_AUT_GROUPES;2024;2024-01-01;2024-12-31;1603,96;2025-10-22T14:00:31+00:00;ACPR;Encours de prêts et avances (brut comptable) aux entreprises non financières en stade 1 - coût amorti;Encours de prêts et avances (brut comptable) aux entreprises non financières en stade 1 - coût amorti;S1_ENFCA;A;BQ;_Z;660;_Z;RISQUES;TOP6_AUT_GROUPES;ENF;PHNC;EUR;2;9;N;P1Y;ACPR;E;F;A
ACPR.A.BQ.RISQUES.S1_ENFCA_BASE100.660._Z.ENF.PHNC._Z.TOP6_AUT_GROUPES;2024;2024-01-01;2024-12-31;118,28;2025-10-22T14:00:31+00:00;ACPR;Encours de prêts et avances (brut comptable) aux entreprises non financières en stade 1 - coût amorti - base 100;Encours de prêts et avances (brut comptable) aux entreprises non financières en stade 1 - coût amorti - base 100;S1_ENFCA_BASE100;A;BQ;_Z;660;_Z;RISQUES;TOP6_AUT_GROUPES;ENF;PHNC;PC;2;0;N;P1Y;ACPR;E;F;A
ACPR.A.BQ.RISQUES.S3_ENFCA.662._Z.ENF.PHNC._Z.TOP6_AUT_GROUPES;2024;2024-01-01;2024-12-31;72,67;2025-10-22T14:00:31+00:00;ACPR;Encours de prêts et avances (brut comptable) aux entreprises non financières en stade 3 - coût amorti;Encours de prêts et avances (brut comptable) aux entreprises non financières en stade 3 - coût amorti;S3_ENFCA;A;BQ;_Z;662;_Z;RISQUES;TOP6_AUT_GROUPES;ENF;PHNC;EUR;2;9;N;P1Y;ACPR;E;F;A
ACPR.A.BQ.RISQUES.TB_FIN_NEGO_DERIVES_CIES9943.51._Z._Z.PHNC._Z._Z;2024;2024-01-01;2024-12-31;110502,85;2025-10-22T14:00:31+00:00;ACPR;Total des dérivés (montants notionnels);Total des dérivés (montants notionnels);TB_FIN_NEGO_DERIVES_CIES9943;A;BQ;_Z;51;_Z;RISQUES;_Z;_Z;PHNC;EUR;2;9;N;P1Y;ACPR;E;F;A
ACPR.A.BQ.RISQUES.TX_NPL.569._Z.NACE_P.PHNC._Z.TOP6_AUT_GROUPES;2024;2024-01-01;2024-12-31;4,68;2025-10-22T14:00:30+00:00;ACPR;Taux de prêts non performants du secteur de l'enseignement;Taux de prêts non performants du secteur de l'enseignement;TX_NPL;A;BQ;_Z;569;_Z;RISQUES;TOP6_AUT_GROUPES;NACE_P;PHNC;PC;2;0;N;P1Y;ACPR;E;F;A
ACPR.A.BQ.RISQUES.DERIV_NOTIONNEL_GRE_GRE.47._Z.EC.PHNC._Z.TOP6_AUT_GROUPES;2024;2024-01-01;2024-12-31;31350,04;2025-10-22T14:00:29+00:00;ACPR;Montant notionnels de dérivés de gré à gré avec établissements de crédit;Montant notionnels de dérivés de gré à gré avec établissements de crédit;DERIV_NOTIONNEL_GRE_GRE;A;BQ;_Z;47;_Z;RISQUES;TOP6_AUT_GROUPES;EC;PHNC;EUR;2;9;N;P1Y;ACPR;E;F;A
ACPR.A.BQ.RISQUES.CRED_CLIENT.34._Z.EF.PHNC._Z.TOP6_AUT_GROUPES;2024;2024-01-01;2024-12-31;299,97;2025-10-22T14:00:28+00:00;ACPR;Entreprises financières (crédits nets);Entreprises financières (crédits nets);CRED_CLIENT;A;BQ;_Z;34;_Z;RISQUES;TOP6_AUT_GROUPES;EF;PHNC;EUR;2;9;N;P1Y;ACPR;E;F;A
ACPR.A.BQ.RISQUES.CRED_BAIL.33._Z.SNF.SOLO._Z.TOTAL_SECTEUR;2024;2024-01-01;2024-12-31;88,58;2025-10-22T14:00:28+00:00;ACPR;Crédit-bail et opérations assimilées aux sociétés non financières;Crédit-bail et opérations assimilées aux sociétés non financières;CRED_BAIL;A;BQ;_Z;33;_Z;RISQUES;TOTAL_SECTEUR;SNF;SOLO;EUR;2;9;N;P1Y;ACPR;E;F;A
ACPR.A.BQ.RISQUES.CREDITS_BRUTS_MENAGES_ENF_PAYS.40.NL.MENAGES_ENF.PHNC._Z.TOP6_AUT_GROUPES;2024;2024-01-01;2024-12-31;37,89;2025-10-22T14:00:29+00:00;ACPR;Crédits bruts aux ménages et entreprises non financières aux Pays bas;Crédits bruts aux ménages et entreprises non financières aux Pays bas;CREDITS_BRUTS_MENAGES_ENF_PAYS;A;BQ;_Z;40;NL;RISQUES;TOP6_AUT_GROUPES;MENAGES_ENF;PHNC;EUR;2;9;N;P1Y;ACPR;E;F;A
ACPR.A.BQ.RISQUES.OBLIG_PTF_NEGO.238._Z.BC.PHNC._Z.TOP6_AUT_GROUPES;2024;2024-01-01;2024-12-31;0,75;2025-10-22T14:00:29+00:00;ACPR;Titre de créances émis par les banques centrales dans le portefeuille de négociation;Titre de créances émis par les banques centrales dans le portefeuille de négociation;OBLIG_PTF_NEGO;A;BQ;_Z;238;_Z;RISQUES;TOP6_AUT_GROUPES;BC;PHNC;EUR;2;9;N;P1Y;ACPR;E;F;A
ACPR.A.BQ.RISQUES.CRED_CLIENT.34._Z.NACE_B.PHNC._Z.TOP6_AUT_GROUPES;2024;2024-01-01;2024-12-31;22,86;2025-10-22T14:00:28+00:00;ACPR;Crédits au secteur des industries extractives;Crédits au secteur des industries extractives;CRED_CLIENT;A;BQ;_Z;34;_Z;RISQUES;TOP6_AUT_GROUPES;NACE_B;PHNC;EUR;2;9;N;P1Y;ACPR;E;F;A
ACPR.A.BQ.RISQUES.CRED_CLIENT.34._Z.NACE_O.PHNC._Z.TOP6_AUT_GROUPES;2024;2024-01-01;2024-12-31;4,13;2025-10-22T14:00:28+00:00;ACPR;Crédits au secteur de l'administration publique;Crédits au secteur de l'administration publique;CRED_CLIENT;A;BQ;_Z;34;_Z;RISQUES;TOP6_AUT_GROUPES;NACE_O;PHNC;EUR;2;9;N;P1Y;ACPR;E;F;A
ACPR.A.BQ.RISQUES.CRED_CLIENT.34._Z.NACE_Q.PHNC._Z.TOP6_AUT_GROUPES;2024;2024-01-01;2024-12-31;36,46;2025-10-22T14:00:28+00:00;ACPR;Crédits au secteur de la santé humaine et action sociale;Crédits au secteur de la santé humaine et action sociale;CRED_CLIENT;A;BQ;_Z;34;_Z;RISQUES;TOP6_AUT_GROUPES;NACE_Q;PHNC;EUR;2;9;N;P1Y;ACPR;E;F;A
ACPR.A.BQ.RISQUES.CRED_CLIENT.34.DE.ENF.PHNC._Z.TOP6_AUT_GROUPES;2024;2024-01-01;2024-12-31;55,69;2025-10-22T14:00:28+00:00;ACPR;Crédits aux entreprises non financières - Allemagne;Crédits aux entreprises non financières - Allemagne;CRED_CLIENT;A;BQ;_Z;34;DE;RISQUES;TOP6_AUT_GROUPES;ENF;PHNC;EUR;2;9;N;P1Y;ACPR;E;F;A
ACPR.A.BQ.RISQUES.CRED_CLIENT.34.PL.ENF.PHNC._Z.TOP6_AUT_GROUPES;2024;2024-01-01;2024-12-31;22,9;2025-10-22T14:00:28+00:00;ACPR;Crédits aux entreprises non financières - Pologne;Crédits aux entreprises non financières - Pologne;CRED_CLIENT;A;BQ;_Z;34;PL;RISQUES;TOP6_AUT_GROUPES;ENF;PHNC;EUR;2;9;N;P1Y;ACPR;E;F;A
ACPR.A.BQ.RISQUES.CRED_CLIENT.34.PL.MENAGES.PHNC._Z.TOP6_AUT_GROUPES;2024;2024-01-01;2024-12-31;12,44;2025-10-22T14:00:28+00:00;ACPR;Crédits aux ménages - Pologne;Crédits aux ménages - Pologne;CRED_CLIENT;A;BQ;_Z;34;PL;RISQUES;TOP6_AUT_GROUPES;MENAGES;PHNC;EUR;2;9;N;P1Y;ACPR;E;F;A
ACPR.A.BQ.RISQUES.CRED_CLIENT.34.US.MENAGES.PHNC._Z.TOP6_AUT_GROUPES;2024;2024-01-01;2024-12-31;1,94;2025-10-22T14:00:28+00:00;ACPR;Crédits aux ménages - États-Unis;Crédits aux ménages - États-Unis;CRED_CLIENT;A;BQ;_Z;34;US;RISQUES;TOP6_AUT_GROUPES;MENAGES;PHNC;EUR;2;9;N;P1Y;ACPR;E;F;A
ACPR.A.BQ.RISQUES.CRED_TOTAL.37._Z.SNF.SOLO._Z.TOTAL_SECTEUR;2024;2024-01-01;2024-12-31;1127,47;2025-10-22T14:00:28+00:00;ACPR;Crédits aux sociétés non financières résidentes;Crédits aux sociétés non financières résidentes;CRED_TOTAL;A;BQ;_Z;37;_Z;RISQUES;TOTAL_SECTEUR;SNF;SOLO;EUR;2;9;N;P1Y;ACPR;E;F;A
ACPR.A.BQ.RISQUES.CRED_TRESO.38._Z._Z.SOLO._Z.TOTAL_SECTEUR;2024;2024-01-01;2024-12-31;391,68;2025-10-22T14:00:28+00:00;ACPR;Crédits de trésorerie à l'ensemble de la clientèle non financière;Crédits de trésorerie à l'ensemble de la clientèle non financière;CRED_TRESO;A;BQ;_Z;38;_Z;RISQUES;TOTAL_SECTEUR;_Z;SOLO;EUR;2;9;N;P1Y;ACPR;E;F;A
ACPR.A.BQ.RISQUES.CREDITS_BRUTS.39._Z.NACE_H.PHNC._Z.TOP6_AUT_GROUPES;2024;2024-01-01;2024-12-31;105,19;2025-10-22T14:00:28+00:00;ACPR;Crédits bruts aux entreprises du secteur du transports et entreposage;Crédits bruts aux entreprises du secteur du transports et entreposage;CREDITS_BRUTS;A;BQ;_Z;39;_Z;RISQUES;TOP6_AUT_GROUPES;NACE_H;PHNC;EUR;2;9;N;P1Y;ACPR;E;F;A
ACPR.A.BQ.RISQUES.CREDITS_BRUTS.39._Z.NACE_M.PHNC._Z.TOP6_AUT_GROUPES;2024;2024-01-01;2024-12-31;121,23;2025-10-22T14:00:28+00:00;ACPR;Crédits bruts aux entreprises du secteur des activités spécialisées, scientifiques et techniques;Crédits bruts aux entreprises du secteur des activités spécialisées, scientifiques et techniques;CREDITS_BRUTS;A;BQ;_Z;39;_Z;RISQUES;TOP6_AUT_GROUPES;NACE_M;PHNC;EUR;2;9;N;P1Y;ACPR;E;F;A
ACPR.A.BQ.RISQUES.CREDITS_BRUTS.39._Z.NACE_P.PHNC._Z.TOP6_AUT_GROUPES;2024;2024-01-01;2024-12-31;6,96;2025-10-22T14:00:29+00:00;ACPR;Crédits bruts aux entreprises du secteur de l'enseignement;Crédits bruts aux entreprises du secteur de l'enseignement;CREDITS_BRUTS;A;BQ;_Z;39;_Z;RISQUES;TOP6_AUT_GROUPES;NACE_P;PHNC;EUR;2;9;N;P1Y;ACPR;E;F;A
ACPR.A.BQ.RISQUES.DERIV_NOTIONNEL_ORGA.48._Z._Z.PHNC._Z.TOP6_AUT_GROUPES;2024;2024-01-01;2024-12-31;4650,6;2025-10-22T14:00:29+00:00;ACPR;Montant notionnels de dérivés sur marchés organisés;Montant notionnels de dérivés sur marchés organisés;DERIV_NOTIONNEL_ORGA;A;BQ;_Z;48;_Z;RISQUES;TOP6_AUT_GROUPES;_Z;PHNC;EUR;2;9;N;P1Y;ACPR;E;F;A
ACPR.A.BQ.RISQUES.LOANS_PTF_NEGO.222._Z.MENAGES.PHNC._Z.TOP6_AUT_GROUPES;2024;2024-01-01;2024-12-31;0,0;2025-10-22T14:00:29+00:00;ACPR;Prêts aux Ménages dans le portefeuille de négociation;Prêts aux Ménages dans le portefeuille de négociation;LOANS_PTF_NEGO;A;BQ;_Z;222;_Z;RISQUES;TOP6_AUT_GROUPES;MENAGES;PHNC;EUR;2;9;N;P1Y;ACPR;E;F;A
ACPR.A.BQ.RISQUES.OBLIG_PTF_NEGO.238._Z.EF.PHNC._Z.TOP6_AUT_GROUPES;2024;2024-01-01;2024-12-31;23,66;2025-10-22T14:00:29+00:00;ACPR;Titre de créances émis par les autres entreprises financières dans le portefeuille de négociation;Titre de créances émis par les autres entreprises financières dans le portefeuille de négociation;OBLIG_PTF_NEGO;A;BQ;_Z;238;_Z;RISQUES;TOP6_AUT_GROUPES;EF;PHNC;EUR;2;9;N;P1Y;ACPR;E;F;A
ACPR.A.BQ.RISQUES.RATIO_CREDEP.363._Z.MENAGES_ENF.PHNC._Z.TOP6_AUT_GROUPES;2024;2024-01-01;2024-12-31;102,31;2025-10-22T14:00:29+00:00;ACPR;Ratio crédits / Dépôts  aux entreprises non financières et aux ménages;Ratio crédits / Dépôts  aux entreprises non financières et aux ménages;RATIO_CREDEP;A;BQ;_Z;363;_Z;RISQUES;TOP6_AUT_GROUPES;MENAGES_ENF;PHNC;PC;2;9;N;P1Y;ACPR;E;F;A
ACPR.A.BQ.RISQUES.TB_FIN_NEGO_DERIVE_CREDIT10006.462._Z._Z.PHNC._Z.TOP6_AUT_GROUPES;2024;2024-01-01;2024-12-31;10,83;2025-10-22T14:00:29+00:00;ACPR;Achats de dérivés de crédit sur transfert de rendement (Total return swaps) En notionnel;Achats de dérivés de crédit sur transfert de rendement (Total return swaps) En notionnel;TB_FIN_NEGO_DERIVE_CREDIT10006;A;BQ;_Z;462;_Z;RISQUES;TOP6_AUT_GROUPES;_Z;PHNC;EUR;2;9;N;P1Y;ACPR;E;F;A
ACPR.A.BQ.RISQUES.TB_FIN_NEGO_DERIVES9928.478._Z._Z.PHNC._Z.TOP6_AUT_GROUPES;2024;2024-01-01;2024-12-31;6,11;2025-10-22T14:00:30+00:00;ACPR;Montant à l'actif de dérivés sur matières premières;Montant à l'actif de dérivés sur matières premières;TB_FIN_NEGO_DERIVES9928;A;BQ;_Z;478;_Z;RISQUES;TOP6_AUT_GROUPES;_Z;PHNC;EUR;2;9;N;P1Y;ACPR;E;F;A
ACPR.A.BQ.RISQUES.TB_FIN_NEGO_VENTE_OPTION9993.503._Z._Z.PHNC._Z.TOP6_AUT_GROUPES;2024;2024-01-01;2024-12-31;15470,54;2025-10-22T14:00:30+00:00;ACPR;Options achats et ventes;Options achats et ventes;TB_FIN_NEGO_VENTE_OPTION9993;A;BQ;_Z;503;_Z;RISQUES;TOP6_AUT_GROUPES;_Z;PHNC;EUR;2;9;N;P1Y;ACPR;E;F;A
ACPR.A.BQ.RISQUES.TX_NPL.569._Z.NACE_F.PHNC._Z.TOP6_AUT_GROUPES;2024;2024-01-01;2024-12-31;8,11;2025-10-22T14:00:30+00:00;ACPR;Taux de prêts non performants du secteur de la construction;Taux de prêts non performants du secteur de la construction;TX_NPL;A;BQ;_Z;569;_Z;RISQUES;TOP6_AUT_GROUPES;NACE_F;PHNC;PC;2;0;N;P1Y;ACPR;E;F;A
ACPR.A.BQ.RISQUES.TX_NPL.569._Z.NACE_Q.PHNC._Z.TOP6_AUT_GROUPES;2024;2024-01-01;2024-12-31;3,0;2025-10-22T14:00:30+00:00;ACPR;Taux de prêts non performants du secteur de la santé humaine et action sociale;Taux de prêts non performants du secteur de la santé humaine et action sociale;TX_NPL;A;BQ;_Z;569;_Z;RISQUES;TOP6_AUT_GROUPES;NACE_Q;PHNC;PC;2;0;N;P1Y;ACPR;E;F;A
ACPR.A.BQ.RISQUES.TX_NPL.569.CH.MENAGES_ENF.PHNC._Z.TOP6_AUT_GROUPES;2024;2024-01-01;2024-12-31;2,01;2025-10-22T14:00:30+00:00;ACPR;Taux de prêts non performants en Suisse;Taux de prêts non performants en Suisse;TX_NPL;A;BQ;_Z;569;CH;RISQUES;TOP6_AUT_GROUPES;MENAGES_ENF;PHNC;PC;2;0;N;P1Y;ACPR;E;F;A
ACPR.A.BQ.RISQUES.TX_PROV.572._Z.NACE_I.PHNC._Z.TOP6_AUT_GROUPES;2024;2024-01-01;2024-12-31;63,93;2025-10-22T14:00:31+00:00;ACPR;Taux de provisionnement du secteur de l'hébergement et restauration;Taux de provisionnement du secteur de l'hébergement et restauration;TX_PROV;A;BQ;_Z;572;_Z;RISQUES;TOP6_AUT_GROUPES;NACE_I;PHNC;PC;2;0;N;P1Y;ACPR;E;F;A
ACPR.A.BQ.RISQUES.TX_PROV.572._Z.NACE_M.PHNC._Z.TOP6_AUT_GROUPES;2024;2024-01-01;2024-12-31;61,14;2025-10-22T14:00:31+00:00;ACPR;Taux de provisionnement du secteur des activités spécialisées, scientifiques et techniques;Taux de provisionnement du secteur des activités spécialisées, scientifiques et techniques;TX_PROV;A;BQ;_Z;572;_Z;RISQUES;TOP6_AUT_GROUPES;NACE_M;PHNC;PC;2;0;N;P1Y;ACPR;E;F;A
ACPR.A.BQ.RISQUES.TX_PROV.572.GB.MENAGES_ENF.PHNC._Z.TOP6_AUT_GROUPES;2024;2024-01-01;2024-12-31;76,59;2025-10-22T14:00:31+00:00;ACPR;Taux de provisionnement au Royaume-Uni;Taux de provisionnement au Royaume-Uni;TX_PROV;A;BQ;_Z;572;GB;RISQUES;TOP6_AUT_GROUPES;MENAGES_ENF;PHNC;PC;2;0;N;P1Y;ACPR;E;F;A
ACPR.A.BQ.RISQUES.DEPOTS.43._Z.MENAGES.SOLO._Z.TOTAL_SECTEUR;2024;2024-01-01;2024-12-31;1896,06;2025-10-22T14:00:31+00:00;ACPR;Dépôts des ménages;Dépôts des ménages;DEPOTS;A;BQ;_Z;43;_Z;RISQUES;TOTAL_SECTEUR;MENAGES;SOLO;EUR;2;9;N;P1Y;ACPR;E;F;A
ACPR.A.BQ.RISQUES.GB_FIN_TX_DOUT_MEN_ENF8964.39._Z.MENAGES.PHNC._Z.TOP6_AUT_GROUPES;2024;2024-01-01;2024-12-31;2116,42;2025-10-22T14:00:31+00:00;ACPR;Prêts et avances bruts au coût amorti du secteur bancaire français (IFRS) - ménages;Prêts et avances bruts au coût amorti du secteur bancaire français (IFRS) - ménages;GB_FIN_TX_DOUT_MEN_ENF8964;A;BQ;_Z;39;_Z;RISQUES;TOP6_AUT_GROUPES;MENAGES;PHNC;EUR;2;9;N;P1Y;ACPR;E;F;A
ACPR.A.BQ.RISQUES.GB_FIN_TX_DOUT_MEN_ENF8998.39._Z.MENAGES.PHNC._Z.TOP6_AUT_GROUPES;2024;2024-01-01;2024-12-31;52,27;2025-10-22T14:00:31+00:00;ACPR;Part des ménages dans les prêts et avances bruts au coût amorti aux ménages et aux entreprises non financières - secteur bancaire français (IFRS);Part des ménages dans les prêts et avances bruts au coût amorti aux ménages et aux entreprises non financières - secteur bancaire français (IFRS);GB_FIN_TX_DOUT_MEN_ENF8998;A;BQ;_Z;39;_Z;RISQUES;TOP6_AUT_GROUPES;MENAGES;PHNC;PC;2;0;N;P1Y;ACPR;E;F;A
ACPR.A.BQ.RISQUES.S3_MCA.662._Z.MENAGES.PHNC._Z.TOP6_AUT_GROUPES;2024;2024-01-01;2024-12-31;45,95;2025-10-22T14:00:31+00:00;ACPR;Encours de prêts et avances (brut comptable) aux ménages en stade 3 - coût amorti;Encours de prêts et avances (brut comptable) aux ménages en stade 3 - coût amorti;S3_MCA;A;BQ;_Z;662;_Z;RISQUES;TOP6_AUT_GROUPES;MENAGES;PHNC;EUR;2;9;N;P1Y;ACPR;E;F;A
ACPR.A.BQ.RISQUES.CRED_CLIENT.34._Z.NACE_A.PHNC._Z.TOP6_AUT_GROUPES;2024;2024-01-01;2024-12-31;69,65;2025-10-22T14:00:28+00:00;ACPR;Crédits au secteur de l'agriculture, sylviculture et pêche;Crédits au secteur de l'agriculture, sylviculture et pêche;CRED_CLIENT;A;BQ;_Z;34;_Z;RISQUES;TOP6_AUT_GROUPES;NACE_A;PHNC;EUR;2;9;N;P1Y;ACPR;E;F;A
ACPR.A.BQ.RISQUES.S1_MCA_BASE100.660._Z.MENAGES.PHNC._Z.TOP6_AUT_GROUPES;2024;2024-01-01;2024-12-31;110,62;2025-10-22T14:00:31+00:00;ACPR;Encours de prêts et avances (brut comptable) aux ménages en stade 1 - coût amorti - base 100;Encours de prêts et avances (brut comptable) aux ménages en stade 1 - coût amorti - base 100;S1_MCA_BASE100;A;BQ;_Z;660;_Z;RISQUES;TOP6_AUT_GROUPES;MENAGES;PHNC;PC;2;0;N;P1Y;ACPR;E;F;A
ACPR.A.BQ.RISQUES.TX_PROV.572.ES.MENAGES_ENF.PHNC._Z.TOP6_AUT_GROUPES;2024;2024-01-01;2024-12-31;78,26;2025-10-22T14:00:31+00:00;ACPR;Taux de provisionnement en Espagne;Taux de provisionnement en Espagne;TX_PROV;A;BQ;_Z;572;ES;RISQUES;TOP6_AUT_GROUPES;MENAGES_ENF;PHNC;PC;2;0;N;P1Y;ACPR;E;F;A
ACPR.A.BQ.RISQUES.CRED_CLIENT.34.GB.MENAGES.PHNC._Z.TOP6_AUT_GROUPES;2024;2024-01-01;2024-12-31;21,79;2025-10-22T14:00:28+00:00;ACPR;Crédits aux ménages - Royaume-Uni;Crédits aux ménages - Royaume-Uni;CRED_CLIENT;A;BQ;_Z;34;GB;RISQUES;TOP6_AUT_GROUPES;MENAGES;PHNC;EUR;2;9;N;P1Y;ACPR;E;F;A
ACPR.A.BQ.RISQUES.GB_FIN_NEGO_ACTIF_9846.182._Z._Z.PHNC._Z.TOP6_AUT_GROUPES;2024;2024-01-01;2024-12-31;285,34;2025-10-22T14:00:29+00:00;ACPR;Titres de créances dans le portefeuille de négociation coté actif;Titres de créances dans le portefeuille de négociation coté actif;GB_FIN_NEGO_ACTIF_9846;A;BQ;_Z;182;_Z;RISQUES;TOP6_AUT_GROUPES;_Z;PHNC;EUR;2;9;N;P1Y;ACPR;E;F;A
ACPR.A.BQ.RISQUES.TB_FIN_NEGO_DERIVES9924.474._Z._Z.PHNC._Z.TOP6_AUT_GROUPES;2024;2024-01-01;2024-12-31;284,93;2025-10-22T14:00:30+00:00;ACPR;Montant à l'actif de dérivés sur taux d'intérêt;Montant à l'actif de dérivés sur taux d'intérêt;TB_FIN_NEGO_DERIVES9924;A;BQ;_Z;474;_Z;RISQUES;TOP6_AUT_GROUPES;_Z;PHNC;EUR;2;9;N;P1Y;ACPR;E;F;A
ACPR.A.BQ.RISQUES.CRED_COD.30._Z.APU.SOLO._Z.TOTAL_SECTEUR;2024;2024-01-01;2024-12-31;6,64;2025-10-22T14:00:28+00:00;ACPR;Comptes ordinaires débiteurs aux administrations publiques;Comptes ordinaires débiteurs aux administrations publiques;CRED_COD;A;BQ;_Z;30;_Z;RISQUES;TOTAL_SECTEUR;APU;SOLO;EUR;2;9;N;P1Y;ACPR;E;F;A
ACPR.A.BQ.RISQUES.TX_PROV.572._Z.NACE_E.PHNC._Z.TOP6_AUT_GROUPES;2024;2024-01-01;2024-12-31;78,97;2025-10-22T14:00:31+00:00;ACPR;Taux de provisionnement du secteur de la production et distribution d'eau;Taux de provisionnement du secteur de la production et distribution d'eau;TX_PROV;A;BQ;_Z;572;_Z;RISQUES;TOP6_AUT_GROUPES;NACE_E;PHNC;PC;2;0;N;P1Y;ACPR;E;F;A
ACPR.A.BQ.RISQUES.CRED_HAB.36._Z.SNF.SOLO._Z.TOTAL_SECTEUR;2024;2024-01-01;2024-12-31;166,24;2025-10-22T14:00:28+00:00;ACPR;Crédits à l'habitat aux sociétés non financières;Crédits à l'habitat aux sociétés non financières;CRED_HAB;A;BQ;_Z;36;_Z;RISQUES;TOTAL_SECTEUR;SNF;SOLO;EUR;2;9;N;P1Y;ACPR;E;F;A
ACPR.A.BQ.RISQUES.CRED_TOTAL.37._Z._Z.SOLO._Z.TOTAL_SECTEUR;2024;2024-01-01;2024-12-31;2829,48;2025-10-22T14:00:28+00:00;ACPR;Crédits à l'ensemble de la clientèle non financière résidente;Crédits à l'ensemble de la clientèle non financière résidente;CRED_TOTAL;A;BQ;_Z;37;_Z;RISQUES;TOTAL_SECTEUR;_Z;SOLO;EUR;2;9;N;P1Y;ACPR;E;F;A
ACPR.A.BQ.RISQUES.TB_FIN_NEGO_PART_BILAN9839.486._Z._Z.PHNC._Z.TOP6_AUT_GROUPES;2024;2024-01-01;2024-12-31;1965,58;2025-10-22T14:00:30+00:00;ACPR;Portefeuille de négociation - Actif;Portefeuille de négociation - Actif;TB_FIN_NEGO_PART_BILAN9839;A;BQ;_Z;486;_Z;RISQUES;TOP6_AUT_GROUPES;_Z;PHNC;EUR;2;9;N;P1Y;ACPR;E;F;A
ACPR.A.BQ.RISQUES.TX_NPL.569.DE.MENAGES_ENF.PHNC._Z.TOP6_AUT_GROUPES;2024;2024-01-01;2024-12-31;4,22;2025-10-22T14:00:30+00:00;ACPR;Taux de prêts non performants en Allemagne;Taux de prêts non performants en Allemagne;TX_NPL;A;BQ;_Z;569;DE;RISQUES;TOP6_AUT_GROUPES;MENAGES_ENF;PHNC;PC;2;0;N;P1Y;ACPR;E;F;A
ACPR.A.BQ.RISQUES.CREDITS_BRUTS_MENAGES_ENF_PAYS.40.IT.MENAGES_ENF.PHNC._Z.TOP6_AUT_GROUPES;2024;2024-01-01;2024-12-31;224,69;2025-10-22T14:00:29+00:00;ACPR;Crédits bruts aux ménages et entreprises non financières en Italie;Crédits bruts aux ménages et entreprises non financières en Italie;CREDITS_BRUTS_MENAGES_ENF_PAYS;A;BQ;_Z;40;IT;RISQUES;TOP6_AUT_GROUPES;MENAGES_ENF;PHNC;EUR;2;9;N;P1Y;ACPR;E;F;A
ACPR.A.BQ.RISQUES.DERIV_ACTIF_GRE_GRE.45._Z.EF.PHNC._Z.TOP6_AUT_GROUPES;2024;2024-01-01;2024-12-31;237,03;2025-10-22T14:00:29+00:00;ACPR;Montant à l'actif de dérivés de gré à gré avec autres entreprises financières;Dérivés de gré à gré (Actifs) avec autres entreprises financières;DERIV_ACTIF_GRE_GRE;A;BQ;_Z;45;_Z;RISQUES;TOP6_AUT_GROUPES;EF;PHNC;EUR;2;9;N;P1Y;ACPR;E;F;A
ACPR.A.BQ.RISQUES.DERIV_PASSIF_GRE_GRE.49._Z.EF.PHNC._Z.TOP6_AUT_GROUPES;2024;2024-01-01;2024-12-31;233,16;2025-10-22T14:00:29+00:00;ACPR;Montant au passif de dérivés de gré à gré avec autres entreprises financières;Passif de dérivés de gré à gré avec autres entreprises financières;DERIV_PASSIF_GRE_GRE;A;BQ;_Z;49;_Z;RISQUES;TOP6_AUT_GROUPES;EF;PHNC;EUR;2;9;N;P1Y;ACPR;E;F;A
ACPR.A.BQ.RISQUES.OBLIG_PTF_NEGO.238._Z.APU.PHNC._Z.TOP6_AUT_GROUPES;2024;2024-01-01;2024-12-31;222,28;2025-10-22T14:00:29+00:00;ACPR;Titre de créances émis par les administrations publiques dans le portefeuille de négociation;Titre de créances émis par les administrations publiques dans le portefeuille de négociation;OBLIG_PTF_NEGO;A;BQ;_Z;238;_Z;RISQUES;TOP6_AUT_GROUPES;APU;PHNC;EUR;2;9;N;P1Y;ACPR;E;F;A
ACPR.A.BQ.RISQUES.TB_FIN_NEGO_DERIVE_CREDIT10003.460._Z._Z.PHNC._Z.TOP6_AUT_GROUPES;2024;2024-01-01;2024-12-31;9,73;2025-10-22T14:00:29+00:00;ACPR;Achats de options sur écart de crédit (CDS) En notionnel;Achats de options sur écart de crédit (CDS) En notionnel;TB_FIN_NEGO_DERIVE_CREDIT10003;A;BQ;_Z;460;_Z;RISQUES;TOP6_AUT_GROUPES;_Z;PHNC;EUR;2;9;N;P1Y;ACPR;E;F;A
ACPR.A.BQ.RISQUES.TB_FIN_NEGO_DERIVE_CREDIT10016.468._Z._Z.PHNC._Z.TOP6_AUT_GROUPES;2024;2024-01-01;2024-12-31;0,01;2025-10-22T14:00:29+00:00;ACPR;Options sur écart de crédit (Credit spread options) au passif;Options sur écart de crédit (Credit spread options) au passif;TB_FIN_NEGO_DERIVE_CREDIT10016;A;BQ;_Z;468;_Z;RISQUES;TOP6_AUT_GROUPES;_Z;PHNC;EUR;2;9;N;P1Y;ACPR;E;F;A
ACPR.A.BQ.RISQUES.TB_FIN_NEGO_DERIVE_CREDIT10020.472._Z._Z.PHNC._Z.TOP6_AUT_GROUPES;2024;2024-01-01;2024-12-31;0,94;2025-10-22T14:00:29+00:00;ACPR;Autres dérivés de crédit au passif;Autres dérivés de crédit au passif;TB_FIN_NEGO_DERIVE_CREDIT10020;A;BQ;_Z;472;_Z;RISQUES;TOP6_AUT_GROUPES;_Z;PHNC;EUR;2;9;N;P1Y;ACPR;E;F;A
ACPR.A.BQ.RISQUES.TB_FIN_NEGO_PART_OPTION9958.488._Z._Z.PHNC._Z.TOP6_AUT_GROUPES;2024;2024-01-01;2024-12-31;77,28;2025-10-22T14:00:30+00:00;ACPR;Options de gré à gré sur Taux d'intérêt (somme actif et passif);Options de gré à gré sur Taux d'intérêt (somme actif et passif);TB_FIN_NEGO_PART_OPTION9958;A;BQ;_Z;488;_Z;RISQUES;TOP6_AUT_GROUPES;_Z;PHNC;EUR;2;9;N;P1Y;ACPR;E;F;A
ACPR.A.BQ.RISQUES.TB_FIN_NEGO_PART_OPTION9969.495._Z._Z.PHNC._Z.TOP6_AUT_GROUPES;2024;2024-01-01;2024-12-31;244,07;2025-10-22T14:00:30+00:00;ACPR;Options de gré à gré (somme actif et passif);Options de gré à gré (somme actif et passif);TB_FIN_NEGO_PART_OPTION9969;A;BQ;_Z;495;_Z;RISQUES;TOP6_AUT_GROUPES;_Z;PHNC;EUR;2;9;N;P1Y;ACPR;E;F;A
ACPR.A.BQ.RISQUES.TB_FIN_NEGO_VENTE_OPTION9981.497._Z._Z.PHNC._Z.TOP6_AUT_GROUPES;2024;2024-01-01;2024-12-31;1378,72;2025-10-22T14:00:30+00:00;ACPR;Ventes d'options sur Capitaux propres;Ventes d'options sur Capitaux propres;TB_FIN_NEGO_VENTE_OPTION9981;A;BQ;_Z;497;_Z;RISQUES;TOP6_AUT_GROUPES;_Z;PHNC;EUR;2;9;N;P1Y;ACPR;E;F;A
ACPR.A.BQ.RISQUES.TB_FIN_NEGO_VENTE_OPTION9990.500._Z._Z.PHNC._Z.TOP6_AUT_GROUPES;2024;2024-01-01;2024-12-31;7219,84;2025-10-22T14:00:30+00:00;ACPR;Options achats et ventes sur Taux d'intérêt;Options achats et ventes sur Taux d'intérêt;TB_FIN_NEGO_VENTE_OPTION9990;A;BQ;_Z;500;_Z;RISQUES;TOP6_AUT_GROUPES;_Z;PHNC;EUR;2;9;N;P1Y;ACPR;E;F;A
ACPR.A.BQ.RISQUES.TX_NEGO_BILAN_ACTIF.567._Z._Z.PHNC._Z.TOP6_AUT_GROUPES;2024;2024-01-01;2024-12-31;20,61;2025-10-22T14:00:30+00:00;ACPR;Part du portefeuille de négociation à l'actif du bilan;Part du portefeuille de négociation à l'actif du bilan;TX_NEGO_BILAN_ACTIF;A;BQ;_Z;567;_Z;RISQUES;TOP6_AUT_GROUPES;_Z;PHNC;PC;2;0;N;P1Y;ACPR;E;F;A
ACPR.A.BQ.RISQUES.TX_NPL.569._Z.NACE_B.PHNC._Z.TOP6_AUT_GROUPES;2024;2024-01-01;2024-12-31;3,8;2025-10-22T14:00:30+00:00;ACPR;Taux de prêts non performants du secteur des industries extractives;Taux de prêts non performants du secteur des industries extractives;TX_NPL;A;BQ;_Z;569;_Z;RISQUES;TOP6_AUT_GROUPES;NACE_B;PHNC;PC;2;0;N;P1Y;ACPR;E;F;A
ACPR.A.BQ.RISQUES.TX_NPL.569.PL.MENAGES_ENF.PHNC._Z.TOP6_AUT_GROUPES;2024;2024-01-01;2024-12-31;3,58;2025-10-22T14:00:30+00:00;ACPR;Taux de prêts non performants en Pologne;Taux de prêts non performants en Pologne;TX_NPL;A;BQ;_Z;569;PL;RISQUES;TOP6_AUT_GROUPES;MENAGES_ENF;PHNC;PC;2;0;N;P1Y;ACPR;E;F;A
ACPR.A.BQ.RISQUES.TX_PROV.572._Z.NACE_O.PHNC._Z.TOP6_AUT_GROUPES;2024;2024-01-01;2024-12-31;84,72;2025-10-22T14:00:31+00:00;ACPR;Taux de provisionnement du secteur de l'administration publique;Taux de provisionnement du secteur de l'administration publique;TX_PROV;A;BQ;_Z;572;_Z;RISQUES;TOP6_AUT_GROUPES;NACE_O;PHNC;PC;2;0;N;P1Y;ACPR;E;F;A
ACPR.A.BQ.RISQUES.TX_PROV.572.LU.MENAGES_ENF.PHNC._Z.TOP6_AUT_GROUPES;2024;2024-01-01;2024-12-31;46,17;2025-10-22T14:00:31+00:00;ACPR;Taux de provisionnement au Luxembourg;Taux de provisionnement au Luxembourg;TX_PROV;A;BQ;_Z;572;LU;RISQUES;TOP6_AUT_GROUPES;MENAGES_ENF;PHNC;PC;2;0;N;P1Y;ACPR;E;F;A
ACPR.A.BQ.RISQUES.ACTFR_CLIENT_RE_TTES_DEV2270.43._Z._Z.SOLO._Z.TOTAL_SECTEUR;2024;2024-01-01;2024-12-31;1194,48;2025-10-22T14:00:31+00:00;ACPR;Comptes d'épargne à régime spécial de la clientèle non financière;Comptes d'épargne à régime spécial de la clientèle non financière;ACTFR_CLIENT_RE_TTES_DEV2270;A;BQ;_Z;43;_Z;RISQUES;TOTAL_SECTEUR;_Z;SOLO;EUR;2;9;N;P1Y;ACPR;E;F;A
ACPR.A.BQ.RISQUES.CRED_AFF.31._Z.APU.SOLO._Z.TOTAL_SECTEUR;2024;2024-01-01;2024-12-31;2,78;2025-10-22T14:00:27+00:00;ACPR;Affacturage aux administrations publiques;Affacturage aux administrations publiques;CRED_AFF;A;BQ;_Z;31;_Z;RISQUES;TOTAL_SECTEUR;APU;SOLO;EUR;2;9;N;P1Y;ACPR;E;F;A
ACPR.A.BQ.RISQUES.CRED_AFF.31._Z.SNF.SOLO._Z.TOTAL_SECTEUR;2024;2024-01-01;2024-12-31;41,95;2025-10-22T14:00:27+00:00;ACPR;Affacturage aux sociétés non financières;Affacturage aux sociétés non financières;CRED_AFF;A;BQ;_Z;31;_Z;RISQUES;TOTAL_SECTEUR;SNF;SOLO;EUR;2;9;N;P1Y;ACPR;E;F;A
ACPR.A.BQ.RISQUES.CRED_BAIL.33._Z.APU.SOLO._Z.TOTAL_SECTEUR;2024;2024-01-01;2024-12-31;1,51;2025-10-22T14:00:28+00:00;ACPR;Crédit-bail et opérations assimilées aux administrations publiques;Crédit-bail et opérations assimilées aux administrations publiques;CRED_BAIL;A;BQ;_Z;33;_Z;RISQUES;TOTAL_SECTEUR;APU;SOLO;EUR;2;9;N;P1Y;ACPR;E;F;A
ACPR.A.BQ.RISQUES.CRED_CLIENT.34._Z.NACE_G.PHNC._Z.TOP6_AUT_GROUPES;2024;2024-01-01;2024-12-31;253,58;2025-10-22T14:00:28+00:00;ACPR;Crédits au secteur du commerce;Crédits au secteur du commerce;CRED_CLIENT;A;BQ;_Z;34;_Z;RISQUES;TOP6_AUT_GROUPES;NACE_G;PHNC;EUR;2;9;N;P1Y;ACPR;E;F;A
ACPR.A.BQ.RISQUES.CRED_CLIENT.34.GB.ENF.PHNC._Z.TOP6_AUT_GROUPES;2024;2024-01-01;2024-12-31;61,41;2025-10-22T14:00:28+00:00;ACPR;Crédits aux entreprises non financières - Royaume-Uni;Crédits aux entreprises non financières - Royaume-Uni;CRED_CLIENT;A;BQ;_Z;34;GB;RISQUES;TOP6_AUT_GROUPES;ENF;PHNC;EUR;2;9;N;P1Y;ACPR;E;F;A
ACPR.A.BQ.RISQUES.CRED_HAB.36._Z._Z.SOLO._Z.TOTAL_SECTEUR;2024;2024-01-01;2024-12-31;1444,14;2025-10-22T14:00:28+00:00;ACPR;Crédits à l'habitat à l'ensemble de la clientèle non financière;Crédits à l'habitat à l'ensemble de la clientèle non financière;CRED_HAB;A;BQ;_Z;36;_Z;RISQUES;TOTAL_SECTEUR;_Z;SOLO;EUR;2;9;N;P1Y;ACPR;E;F;A
ACPR.A.BQ.RISQUES.CREDITS_BRUTS.39._Z.NACE_R.PHNC._Z.TOP6_AUT_GROUPES;2024;2024-01-01;2024-12-31;9,99;2025-10-22T14:00:29+00:00;ACPR;Crédits bruts aux entreprises du secteur des arts, spectacles et activités récréatives;Crédits bruts aux entreprises du secteur des arts, spectacles et activités récréatives;CREDITS_BRUTS;A;BQ;_Z;39;_Z;RISQUES;TOP6_AUT_GROUPES;NACE_R;PHNC;EUR;2;9;N;P1Y;ACPR;E;F;A
ACPR.A.BQ.RISQUES.TX_PROV_NPL.573._Z.GE.PHNC._Z.TOP6_AUT_GROUPES;2024;2024-01-01;2024-12-31;1,26;2025-10-22T14:00:31+00:00;ACPR;Poids des provisions des prêts non performants aux grandes entreprises;Poids des provisions des prêts non performants aux grandes entreprises;TX_PROV_NPL;A;BQ;_Z;573;_Z;RISQUES;TOP6_AUT_GROUPES;GE;PHNC;PC;2;0;N;P1Y;ACPR;E;F;A
ACPR.A.BQ.RISQUES.TX_NPL_APRES_PROV.570._Z.MENAGES.PHNC._Z.TOP6_AUT_GROUPES;2024;2024-01-01;2024-12-31;1,19;2025-10-22T14:00:30+00:00;ACPR;Poids des prêts non performants nets des provisions aux ménages;Poids des prêts non performants nets des provisions aux ménages;TX_NPL_APRES_PROV;A;BQ;_Z;570;_Z;RISQUES;TOP6_AUT_GROUPES;MENAGES;PHNC;PC;2;0;N;P1Y;ACPR;E;F;A
ACPR.A.BQ.RISQUES.CREDITS_BRUTS_MENAGES_ENF_PAYS.40.LU.MENAGES_ENF.PHNC._Z.TOP6_AUT_GROUPES;2024;2024-01-01;2024-12-31;52,21;2025-10-22T14:00:29+00:00;ACPR;Crédits bruts aux ménages et entreprises non financières au Luxembourg;Crédits bruts aux ménages et entreprises non financières au Luxembourg;CREDITS_BRUTS_MENAGES_ENF_PAYS;A;BQ;_Z;40;LU;RISQUES;TOP6_AUT_GROUPES;MENAGES_ENF;PHNC;EUR;2;9;N;P1Y;ACPR;E;F;A
ACPR.A.BQ.RISQUES.TX_NPL.569._Z.NACE_I.PHNC._Z.TOP6_AUT_GROUPES;2024;2024-01-01;2024-12-31;8,32;2025-10-22T14:00:30+00:00;ACPR;Taux de prêts non performants du secteur de l'hébergement et restauration;Taux de prêts non performants du secteur de l'hébergement et restauration;TX_NPL;A;BQ;_Z;569;_Z;RISQUES;TOP6_AUT_GROUPES;NACE_I;PHNC;PC;2;0;N;P1Y;ACPR;E;F;A
ACPR.A.BQ.RISQUES.TX_NPL.569._Z.NACE_J.PHNC._Z.TOP6_AUT_GROUPES;2024;2024-01-01;2024-12-31;3,13;2025-10-22T14:00:30+00:00;ACPR;Taux de prêts non performants du secteur de l'information et communication;Taux de prêts non performants du secteur de l'information et communication;TX_NPL;A;BQ;_Z;569;_Z;RISQUES;TOP6_AUT_GROUPES;NACE_J;PHNC;PC;2;0;N;P1Y;ACPR;E;F;A
ACPR.A.BQ.RISQUES.GB_FIN_TX_DOUT_MEN_ENF8999.39._Z.ENF.PHNC._Z.TOP6_AUT_GROUPES;2024;2024-01-01;2024-12-31;47,73;2025-10-22T14:00:31+00:00;ACPR;Part des entreprises non financières dans les prêts et avances bruts au coût amorti aux ménages et aux entreprises non financières - secteur bancaire français (IFRS);Part des entreprises non financières dans les prêts et avances bruts au coût amorti aux ménages et aux entreprises non financières - secteur bancaire français (IFRS);GB_FIN_TX_DOUT_MEN_ENF8999;A;BQ;_Z;39;_Z;RISQUES;TOP6_AUT_GROUPES;ENF;PHNC;PC;2;0;N;P1Y;ACPR;E;F;A
ACPR.A.BQ.RISQUES.ACTFR_CLIENT_RE_TTES_DEV2222.43._Z.SNF.SOLO._Z.TOTAL_SECTEUR;2024;2024-01-01;2024-12-31;453,31;2025-10-22T14:00:31+00:00;ACPR;Comptes ordinaires créditeursdes sociétés non financières;Comptes ordinaires créditeurs des sociétés non financières;ACTFR_CLIENT_RE_TTES_DEV2222;A;BQ;_Z;43;_Z;RISQUES;TOTAL_SECTEUR;SNF;SOLO;EUR;2;9;N;P1Y;ACPR;E;F;A
ACPR.A.BQ.RISQUES.ACT_PTF_NEGO.3._Z.AUTRES.PHNC._Z.TOP6_AUT_GROUPES;2024;2024-01-01;2024-12-31;0,28;2025-10-22T14:00:27+00:00;ACPR;Instruments de capitaux propres des autres entités dans le portefeuille de négociation;Instruments de capitaux propres des autres entités dans le portefeuille de négociation;ACT_PTF_NEGO;A;BQ;_Z;3;_Z;RISQUES;TOP6_AUT_GROUPES;AUTRES;PHNC;EUR;2;9;N;P1Y;ACPR;E;F;A
ACPR.A.BQ.RISQUES.CRED_CLIENT.34._Z.NACE_J.PHNC._Z.TOP6_AUT_GROUPES;2024;2024-01-01;2024-12-31;67,03;2025-10-22T14:00:28+00:00;ACPR;Crédits au secteur de l'information et communication;Crédits au secteur de l'information et communication;CRED_CLIENT;A;BQ;_Z;34;_Z;RISQUES;TOP6_AUT_GROUPES;NACE_J;PHNC;EUR;2;9;N;P1Y;ACPR;E;F;A
ACPR.A.BQ.RISQUES.CRED_CLIENT.34.IT.MENAGES.PHNC._Z.TOP6_AUT_GROUPES;2024;2024-01-01;2024-12-31;96,95;2025-10-22T14:00:28+00:00;ACPR;Crédits aux ménages - Italie;Crédits aux ménages - Italie;CRED_CLIENT;A;BQ;_Z;34;IT;RISQUES;TOP6_AUT_GROUPES;MENAGES;PHNC;EUR;2;9;N;P1Y;ACPR;E;F;A
ACPR.A.BQ.RISQUES.CRED_CLIENT.34.US.ENF.PHNC._Z.TOP6_AUT_GROUPES;2024;2024-01-01;2024-12-31;131,58;2025-10-22T14:00:28+00:00;ACPR;Crédits aux entreprises non financières - États-Unis;Crédits aux entreprises non financières - États-Unis;CRED_CLIENT;A;BQ;_Z;34;US;RISQUES;TOP6_AUT_GROUPES;ENF;PHNC;EUR;2;9;N;P1Y;ACPR;E;F;A
ACPR.A.BQ.RISQUES.CRED_COD.30._Z.SNF.SOLO._Z.TOTAL_SECTEUR;2024;2024-01-01;2024-12-31;26,62;2025-10-22T14:00:28+00:00;ACPR;Comptes ordinaires débiteurs aux sociétés non financières;Comptes ordinaires débiteurs aux sociétés non financières;CRED_COD;A;BQ;_Z;30;_Z;RISQUES;TOTAL_SECTEUR;SNF;SOLO;EUR;2;9;N;P1Y;ACPR;E;F;A
ACPR.A.BQ.RISQUES.CREDITS_BRUTS.39._Z.NACE_B.PHNC._Z.TOP6_AUT_GROUPES;2024;2024-01-01;2024-12-31;23,36;2025-10-22T14:00:28+00:00;ACPR;Crédits bruts aux entreprises du secteur des industries extractives;Crédits bruts aux entreprises du secteur des industries extractives;CREDITS_BRUTS;A;BQ;_Z;39;_Z;RISQUES;TOP6_AUT_GROUPES;NACE_B;PHNC;EUR;2;9;N;P1Y;ACPR;E;F;A
ACPR.A.BQ.RISQUES.CREDITS_BRUTS.39._Z.NACE_Q.PHNC._Z.TOP6_AUT_GROUPES;2024;2024-01-01;2024-12-31;37,17;2025-10-22T14:00:29+00:00;ACPR;Crédits bruts aux entreprises du secteur de la santé humaine et action sociale;Crédits bruts aux entreprises du secteur de la santé humaine et action sociale;CREDITS_BRUTS;A;BQ;_Z;39;_Z;RISQUES;TOP6_AUT_GROUPES;NACE_Q;PHNC;EUR;2;9;N;P1Y;ACPR;E;F;A
ACPR.A.BQ.RISQUES.DERIV_ACTIF_GRE_GRE.45._Z.EC.PHNC._Z.TOP6_AUT_GROUPES;2024;2024-01-01;2024-12-31;356,95;2025-10-22T14:00:29+00:00;ACPR;Montant à l'actif de dérivés de gré à gré avec établissements de crédit;Dérivés de gré à gré (Actifs) avec établissements de crédit;DERIV_ACTIF_GRE_GRE;A;BQ;_Z;45;_Z;RISQUES;TOP6_AUT_GROUPES;EC;PHNC;EUR;2;9;N;P1Y;ACPR;E;F;A
ACPR.A.BQ.RISQUES.TB_FIN_NEGO_DERIVES9932.480._Z._Z.PHNC._Z.TOP6_AUT_GROUPES;2024;2024-01-01;2024-12-31;249,29;2025-10-22T14:00:30+00:00;ACPR;Montant au passif de dérivés sur taux d'intérêt;Montant au passif de dérivés sur taux d'intérêt;TB_FIN_NEGO_DERIVES9932;A;BQ;_Z;480;_Z;RISQUES;TOP6_AUT_GROUPES;_Z;PHNC;EUR;2;9;N;P1Y;ACPR;E;F;A
ACPR.A.BQ.RISQUES.TB_FIN_NEGO_DERIVES9936.484._Z._Z.PHNC._Z.TOP6_AUT_GROUPES;2024;2024-01-01;2024-12-31;5,3;2025-10-22T14:00:30+00:00;ACPR;Montant au passif de dérivés sur matières premières;Montant au passif de dérivés sur matières premières;TB_FIN_NEGO_DERIVES9936;A;BQ;_Z;484;_Z;RISQUES;TOP6_AUT_GROUPES;_Z;PHNC;EUR;2;9;N;P1Y;ACPR;E;F;A
ACPR.A.BQ.RISQUES.TX_NPL.569.BE.MENAGES_ENF.PHNC._Z.TOP6_AUT_GROUPES;2024;2024-01-01;2024-12-31;2,27;2025-10-22T14:00:30+00:00;ACPR;Taux de prêts non performants en Belgique;Taux de prêts non performants en Belgique;TX_NPL;A;BQ;_Z;569;BE;RISQUES;TOP6_AUT_GROUPES;MENAGES_ENF;PHNC;PC;2;0;N;P1Y;ACPR;E;F;A
ACPR.A.BQ.RISQUES.TX_NPL.569.ES.MENAGES_ENF.PHNC._Z.TOP6_AUT_GROUPES;2024;2024-01-01;2024-12-31;3,97;2025-10-22T14:00:30+00:00;ACPR;Taux de prêts non performants en Espagne;Taux de prêts non performants en Espagne;TX_NPL;A;BQ;_Z;569;ES;RISQUES;TOP6_AUT_GROUPES;MENAGES_ENF;PHNC;PC;2;0;N;P1Y;ACPR;E;F;A
ACPR.A.BQ.RISQUES.TX_NPL.569.IT.MENAGES_ENF.PHNC._Z.TOP6_AUT_GROUPES;2024;2024-01-01;2024-12-31;3,42;2025-10-22T14:00:30+00:00;ACPR;Taux de prêts non performants en Italie;Taux de prêts non performants en Italie;TX_NPL;A;BQ;_Z;569;IT;RISQUES;TOP6_AUT_GROUPES;MENAGES_ENF;PHNC;PC;2;0;N;P1Y;ACPR;E;F;A
ACPR.A.BQ.RISQUES.TX_NPL.569.NL.MENAGES_ENF.PHNC._Z.TOP6_AUT_GROUPES;2024;2024-01-01;2024-12-31;0,83;2025-10-22T14:00:30+00:00;ACPR;Taux de prêts non performants aux Pays-Bas;Taux de prêts non performants aux Pays-Bas;TX_NPL;A;BQ;_Z;569;NL;RISQUES;TOP6_AUT_GROUPES;MENAGES_ENF;PHNC;PC;2;0;N;P1Y;ACPR;E;F;A
ACPR.A.BQ.RISQUES.TX_PROV.572._Z.NACE_P.PHNC._Z.TOP6_AUT_GROUPES;2024;2024-01-01;2024-12-31;58,18;2025-10-22T14:00:31+00:00;ACPR;Taux de provisionnement du secteur de l'enseignement;Taux de provisionnement du secteur de l'enseignement;TX_PROV;A;BQ;_Z;572;_Z;RISQUES;TOP6_AUT_GROUPES;NACE_P;PHNC;PC;2;0;N;P1Y;ACPR;E;F;A
ACPR.A.BQ.RISQUES.TX_PROV.572.DE.MENAGES_ENF.PHNC._Z.TOP6_AUT_GROUPES;2024;2024-01-01;2024-12-31;76,81;2025-10-22T14:00:31+00:00;ACPR;Taux de provisionnement en Allemagne;Taux de provisionnement en Allemagne;TX_PROV;A;BQ;_Z;572;DE;RISQUES;TOP6_AUT_GROUPES;MENAGES_ENF;PHNC;PC;2;0;N;P1Y;ACPR;E;F;A
ACPR.A.BQ.RISQUES.TX_PROV_NPL.573._Z.ENF.PHNC._Z.TOP6_AUT_GROUPES;2024;2024-01-01;2024-12-31;1,61;2025-10-22T14:00:31+00:00;ACPR;Poids des provisions des prêts non performants aux entreprises non financières;Poids des provisions des prêts non performants aux entreprises non financières;TX_PROV_NPL;A;BQ;_Z;573;_Z;RISQUES;TOP6_AUT_GROUPES;ENF;PHNC;PC;2;0;N;P1Y;ACPR;E;F;A
ACPR.A.BQ.RISQUES.ACTFR_CLIENT_RE_TTES_DEV2360.43._Z._Z.SOLO._Z.TOTAL_SECTEUR;2024;2024-01-01;2024-12-31;457,53;2025-10-22T14:00:31+00:00;ACPR;Comptes à terme de la clientèle non financière;Comptes à terme de la clientèle non financière;ACTFR_CLIENT_RE_TTES_DEV2360;A;BQ;_Z;43;_Z;RISQUES;TOTAL_SECTEUR;_Z;SOLO;EUR;2;9;N;P1Y;ACPR;E;F;A
ACPR.A.BQ.RISQUES.GB_FIN_TX_DOUT_MEN_ENF8968.39._Z.MENAGES.PHNC._Z.TOP6_AUT_GROUPES;2024;2024-01-01;2024-12-31;45,9;2025-10-22T14:00:31+00:00;ACPR;Prêts et avances bruts non performants au coût amorti du secteur bancaire français (IFRS) - ménages;Prêts et avances bruts non performants au coût amorti du secteur bancaire français (IFRS) - ménages;GB_FIN_TX_DOUT_MEN_ENF8968;A;BQ;_Z;39;_Z;RISQUES;TOP6_AUT_GROUPES;MENAGES;PHNC;EUR;2;9;N;P1Y;ACPR;E;F;A
ACPR.A.BQ.RISQUES.TB_FIN_NEGO_DERIVES9917.491._Z._Z.PHNC._Z._Z;2024;2024-01-01;2024-12-31;79088,3;2025-10-22T14:00:31+00:00;ACPR;Montants notionnels de dérivés sur taux d'intérêt;Montants notionnels de dérivés sur taux d'intérêt;TB_FIN_NEGO_DERIVES9917;A;BQ;_Z;491;_Z;RISQUES;_Z;_Z;PHNC;EUR;2;9;N;P1Y;ACPR;E;F;A
ACPR.A.BQ.RISQUES.ACTFR_CLIENT_RE_TTES_DEV2222.43._Z.MENAGES.SOLO._Z.TOTAL_SECTEUR;2024;2024-01-01;2024-12-31;552,76;2025-10-22T14:00:31+00:00;ACPR;Comptes ordinaires créditeurs des ménages;Comptes ordinaires créditeurs des ménages;ACTFR_CLIENT_RE_TTES_DEV2222;A;BQ;_Z;43;_Z;RISQUES;TOTAL_SECTEUR;MENAGES;SOLO;EUR;2;9;N;P1Y;ACPR;E;F;A
ACPR.A.BQ.RISQUES.CRED_CLIENT.34._Z.NACE_S.PHNC._Z.TOP6_AUT_GROUPES;2024;2024-01-01;2024-12-31;73,49;2025-10-22T14:00:28+00:00;ACPR;Crédits au secteur des autres activités de services;Crédits au secteur des autres activités de services;CRED_CLIENT;A;BQ;_Z;34;_Z;RISQUES;TOP6_AUT_GROUPES;NACE_S;PHNC;EUR;2;9;N;P1Y;ACPR;E;F;A
ACPR.A.BQ.RISQUES.GB_FIN_NEGO_PASSIF_9851.189._Z._Z.PHNC._Z.TOP6_AUT_GROUPES;2024;2024-01-01;2024-12-31;0,0;2025-10-22T14:00:29+00:00;ACPR;Titres de créances émis dans le portefeuille de négociation coté passif;Titres de créances émis dans le portefeuille de négociation coté passif;GB_FIN_NEGO_PASSIF_9851;A;BQ;_Z;189;_Z;RISQUES;TOP6_AUT_GROUPES;_Z;PHNC;EUR;2;9;N;P1Y;ACPR;E;F;A
ACPR.A.BQ.RISQUES.CRED_COD.30._Z._Z.SOLO._Z.TOTAL_SECTEUR;2024;2024-01-01;2024-12-31;42,6;2025-10-22T14:00:28+00:00;ACPR;Comptes ordinaires débiteurs à l'ensemble de la clientèle non financière;Comptes ordinaires débiteurs à l'ensemble de la clientèle non financière;CRED_COD;A;BQ;_Z;30;_Z;RISQUES;TOTAL_SECTEUR;_Z;SOLO;EUR;2;9;N;P1Y;ACPR;E;F;A
ACPR.A.BQ.RISQUES.ACTFR_CLIENT_RE_TTES_DEV2270.43._Z.MENAGES.SOLO._Z.TOTAL_SECTEUR;2024;2024-01-01;2024-12-31;1179,77;2025-10-22T14:00:31+00:00;ACPR;Comptes d'épargne à régime spécial des ménages;Comptes d'épargne à régime spécial des ménages;ACTFR_CLIENT_RE_TTES_DEV2270;A;BQ;_Z;43;_Z;RISQUES;TOTAL_SECTEUR;MENAGES;SOLO;EUR;2;9;N;P1Y;ACPR;E;F;A
ACPR.A.BQ.RISQUES.ACT_PTF_NEGO.3._Z.ENF.PHNC._Z.TOP6_AUT_GROUPES;2024;2024-01-01;2024-12-31;227,57;2025-10-22T14:00:27+00:00;ACPR;Instruments de capitaux propres des entreprises non financières dans le portefeuille de négociation;Instruments de capitaux propres des entreprises non financières dans le portefeuille de négociation;ACT_PTF_NEGO;A;BQ;_Z;3;_Z;RISQUES;TOP6_AUT_GROUPES;ENF;PHNC;EUR;2;9;N;P1Y;ACPR;E;F;A
ACPR.A.BQ.RISQUES.CRED_CLIENT.34._Z.NACE_N.PHNC._Z.TOP6_AUT_GROUPES;2024;2024-01-01;2024-12-31;80,46;2025-10-22T14:00:28+00:00;ACPR;Crédits au secteur de l'activité de services administratifs et de soutien;Crédits au secteur de l'activité de services administratifs et de soutien;CRED_CLIENT;A;BQ;_Z;34;_Z;RISQUES;TOP6_AUT_GROUPES;NACE_N;PHNC;EUR;2;9;N;P1Y;ACPR;E;F;A
ACPR.A.BQ.RISQUES.CRED_TOTAL.37._Z.APU.SOLO._Z.TOTAL_SECTEUR;2024;2024-01-01;2024-12-31;184,71;2025-10-22T14:00:28+00:00;ACPR;Crédits aux administrations publiques résidentes;Crédits aux administrations publiques résidentes;CRED_TOTAL;A;BQ;_Z;37;_Z;RISQUES;TOTAL_SECTEUR;APU;SOLO;EUR;2;9;N;P1Y;ACPR;E;F;A
ACPR.A.BQ.RISQUES.CRED_TRESO.38._Z.MENAGES.SOLO._Z.TOTAL_SECTEUR;2024;2024-01-01;2024-12-31;165,23;2025-10-22T14:00:28+00:00;ACPR;Crédits de trésorerie aux Ménages;Crédits de trésorerie aux Ménages;CRED_TRESO;A;BQ;_Z;38;_Z;RISQUES;TOTAL_SECTEUR;MENAGES;SOLO;EUR;2;9;N;P1Y;ACPR;E;F;A
ACPR.A.BQ.RISQUES.CREDITS_BRUTS.39._Z.NACE_E.PHNC._Z.TOP6_AUT_GROUPES;2024;2024-01-01;2024-12-31;12,7;2025-10-22T14:00:28+00:00;ACPR;Crédits bruts aux entreprises du secteur de la production et distribution d'eau;Crédits bruts aux entreprises du secteur de la production et distribution d'eau;CREDITS_BRUTS;A;BQ;_Z;39;_Z;RISQUES;TOP6_AUT_GROUPES;NACE_E;PHNC;EUR;2;9;N;P1Y;ACPR;E;F;A
ACPR.A.BQ.RISQUES.CREDITS_BRUTS.39._Z.NACE_K.PHNC._Z.TOP6_AUT_GROUPES;2024;2024-01-01;2024-12-31;128,18;2025-10-22T14:00:28+00:00;ACPR;Crédits bruts aux entreprises du secteur des activité financières et d'assurance;Crédits bruts aux entreprises du secteur des activité financières et d'assurance;CREDITS_BRUTS;A;BQ;_Z;39;_Z;RISQUES;TOP6_AUT_GROUPES;NACE_K;PHNC;EUR;2;9;N;P1Y;ACPR;E;F;A
ACPR.A.BQ.RISQUES.CREDITS_BRUTS.39._Z.NACE_N.PHNC._Z.TOP6_AUT_GROUPES;2024;2024-01-01;2024-12-31;81,95;2025-10-22T14:00:29+00:00;ACPR;Crédits bruts aux entreprises du secteur de l'activité de services administratifs et de soutien;Crédits bruts aux entreprises du secteur de l'activité de services administratifs et de soutien;CREDITS_BRUTS;A;BQ;_Z;39;_Z;RISQUES;TOP6_AUT_GROUPES;NACE_N;PHNC;EUR;2;9;N;P1Y;ACPR;E;F;A
ACPR.A.BQ.RISQUES.DERIV_NOTIONNEL_GRE_GRE.47._Z._Z.PHNC._Z.TOP6_AUT_GROUPES;2024;2024-01-01;2024-12-31;105852,25;2025-10-22T14:00:29+00:00;ACPR;Montant notionnels de dérivés de gré à gré;Montant notionnels de dérivés de gré à gré;DERIV_NOTIONNEL_GRE_GRE;A;BQ;_Z;47;_Z;RISQUES;TOP6_AUT_GROUPES;_Z;PHNC;EUR;2;9;N;P1Y;ACPR;E;F;A
ACPR.A.BQ.RISQUES.TB_FIN_NEGO_DERIVE_CREDIT10005.461._Z._Z.PHNC._Z.TOP6_AUT_GROUPES;2024;2024-01-01;2024-12-31;23,45;2025-10-22T14:00:29+00:00;ACPR;Vente de dérivés de crédit sur transfert de rendement (Total return swaps) En notionnel;Vente de dérivés de crédit sur transfert de rendement (Total return swaps) En notionnel;TB_FIN_NEGO_DERIVE_CREDIT10005;A;BQ;_Z;461;_Z;RISQUES;TOP6_AUT_GROUPES;_Z;PHNC;EUR;2;9;N;P1Y;ACPR;E;F;A
ACPR.A.BQ.RISQUES.TB_FIN_NEGO_DERIVE_CREDIT10014.466._Z._Z.PHNC._Z.TOP6_AUT_GROUPES;2024;2024-01-01;2024-12-31;14,56;2025-10-22T14:00:29+00:00;ACPR;Contrats d'échange de risque de crédit (CDS) au passif;Contrats d'échange de risque de crédit (CDS) au passif;TB_FIN_NEGO_DERIVE_CREDIT10014;A;BQ;_Z;466;_Z;RISQUES;TOP6_AUT_GROUPES;_Z;PHNC;EUR;2;9;N;P1Y;ACPR;E;F;A
ACPR.A.BQ.RISQUES.TB_FIN_NEGO_PART_BILAN9840.487._Z._Z.PHNC._Z.TOP6_AUT_GROUPES;2024;2024-01-01;2024-12-31;1620,95;2025-10-22T14:00:30+00:00;ACPR;Portefeuille de négociation - Passif;Portefeuille de négociation - Passif;TB_FIN_NEGO_PART_BILAN9840;A;BQ;_Z;487;_Z;RISQUES;TOP6_AUT_GROUPES;_Z;PHNC;EUR;2;9;N;P1Y;ACPR;E;F;A
ACPR.A.BQ.RISQUES.TB_FIN_NEGO_PART_OPTION9961.489._Z._Z.PHNC._Z.TOP6_AUT_GROUPES;2024;2024-01-01;2024-12-31;100,29;2025-10-22T14:00:30+00:00;ACPR;Options de gré à gré sur Capitaux propres (somme actif et passif);Options de gré à gré sur Capitaux propres (somme actif et passif);TB_FIN_NEGO_PART_OPTION9961;A;BQ;_Z;489;_Z;RISQUES;TOP6_AUT_GROUPES;_Z;PHNC;EUR;2;9;N;P1Y;ACPR;E;F;A
ACPR.A.BQ.RISQUES.TX_NPL.569._Z.NACE_S.PHNC._Z.TOP6_AUT_GROUPES;2024;2024-01-01;2024-12-31;2,49;2025-10-22T14:00:30+00:00;ACPR;Taux de prêts non performants du secteur des autres activités de services;Taux de prêts non performants du secteur des autres activités de services;TX_NPL;A;BQ;_Z;569;_Z;RISQUES;TOP6_AUT_GROUPES;NACE_S;PHNC;PC;2;0;N;P1Y;ACPR;E;F;A
ACPR.A.BQ.RISQUES.TX_PROV.572._Z.NACE_G.PHNC._Z.TOP6_AUT_GROUPES;2024;2024-01-01;2024-12-31;67,4;2025-10-22T14:00:31+00:00;ACPR;Taux de provisionnement du secteur du commerce;Taux de provisionnement du secteur du commerce;TX_PROV;A;BQ;_Z;572;_Z;RISQUES;TOP6_AUT_GROUPES;NACE_G;PHNC;PC;2;0;N;P1Y;ACPR;E;F;A
ACPR.A.BQ.RISQUES.TX_PROV.572._Z.NACE_L.PHNC._Z.TOP6_AUT_GROUPES;2024;2024-01-01;2024-12-31;64,13;2025-10-22T14:00:31+00:00;ACPR;Taux de provisionnement du secteur des activités immobilières;Taux de provisionnement du secteur des activités immobilières;TX_PROV;A;BQ;_Z;572;_Z;RISQUES;TOP6_AUT_GROUPES;NACE_L;PHNC;PC;2;0;N;P1Y;ACPR;E;F;A
ACPR.A.BQ.RISQUES.TX_PROV_NPL.573._Z.MENAGES_ENF.PHNC._Z.TOP6_AUT_GROUPES;2024;2024-01-01;2024-12-31;1,28;2025-10-22T14:00:31+00:00;ACPR;Poids des provisions des prêts non performants aux ménages et aux entreprises non financières;Poids des provisions des prêts non performants aux ménages et aux entreprises non financières;TX_PROV_NPL;A;BQ;_Z;573;_Z;RISQUES;TOP6_AUT_GROUPES;MENAGES_ENF;PHNC;PC;2;0;N;P1Y;ACPR;E;F;A
ACPR.A.BQ.RISQUES.CREDITS_BRUTS_MENAGES_ENF_PAYS.40.ETR.MENAGES_ENF.PHNC._Z.TOP6_AUT_GROUPES;2024;2024-01-01;2024-12-31;1289,71;2025-10-22T14:00:31+00:00;ACPR;Prêts aux ménages et aux sociétés non financières à l'étranger (brut comptable) du secteur bancaire français (IFRS);Prêts aux ménages et aux sociétés non financières à l'étranger (brut comptable) du secteur bancaire français (IFRS);CREDITS_BRUTS_MENAGES_ENF_PAYS;A;BQ;_Z;40;ETR;RISQUES;TOP6_AUT_GROUPES;MENAGES_ENF;PHNC;EUR;2;9;N;P1Y;ACPR;E;F;A
ACPR.A.BQ.RISQUES.GB_FIN_TX_DOUT_MEN_ENF8961.39._Z.ENF.PHNC._Z.TOP6_AUT_GROUPES;2024;2024-01-01;2024-12-31;1932,22;2025-10-22T14:00:31+00:00;ACPR;Prêts et avances bruts au coût amorti du secteur bancaire français (IFRS) - entreprises non financières;Prêts et avances bruts au coût amorti du secteur bancaire français (IFRS) - entreprises non financières;GB_FIN_TX_DOUT_MEN_ENF8961;A;BQ;_Z;39;_Z;RISQUES;TOP6_AUT_GROUPES;ENF;PHNC;EUR;2;9;N;P1Y;ACPR;E;F;A
ACPR.A.BQ.RISQUES.GB_FIN_TX_DOUT_MEN_ENF8962.39._Z.PME.PHNC._Z.TOP6_AUT_GROUPES;2024;2024-01-01;2024-12-31;902,72;2025-10-22T14:00:31+00:00;ACPR;Prêts et avances bruts au coût amorti du secteur bancaire français (IFRS) - PME;Prêts et avances bruts au coût amorti du secteur bancaire français (IFRS) - PME;GB_FIN_TX_DOUT_MEN_ENF8962;A;BQ;_Z;39;_Z;RISQUES;TOP6_AUT_GROUPES;PME;PHNC;EUR;2;9;N;P1Y;ACPR;E;F;A
ACPR.A.BQ.RISQUES.GB_FIN_TX_DOUT_MEN_ENF8963.39._Z.GE.PHNC._Z.TOP6_AUT_GROUPES;2024;2024-01-01;2024-12-31;1029,5;2025-10-22T14:00:31+00:00;ACPR;Prêts et avances bruts au coût amorti du secteur bancaire français (IFRS) - grandes entreprises;Prêts et avances bruts au coût amorti du secteur bancaire français (IFRS) - grandes entreprises;GB_FIN_TX_DOUT_MEN_ENF8963;A;BQ;_Z;39;_Z;RISQUES;TOP6_AUT_GROUPES;GE;PHNC;EUR;2;9;N;P1Y;ACPR;E;F;A
ACPR.A.BQ.RISQUES.S1_MCA.660._Z.MENAGES.PHNC._Z.TOP6_AUT_GROUPES;2024;2024-01-01;2024-12-31;1877,1;2025-10-22T14:00:31+00:00;ACPR;Encours de prêts et avances (brut comptable) aux ménages en stade 1 - coût amorti;Encours de prêts et avances (brut comptable) aux ménages en stade 1 - coût amorti;S1_MCA;A;BQ;_Z;660;_Z;RISQUES;TOP6_AUT_GROUPES;MENAGES;PHNC;EUR;2;9;N;P1Y;ACPR;E;F;A
ACPR.A.BQ.RISQUES.S2_ENFCA_BASE100.661._Z.ENF.PHNC._Z.TOP6_AUT_GROUPES;2024;2024-01-01;2024-12-31;172,59;2025-10-22T14:00:31+00:00;ACPR;Encours de prêts et avances (brut comptable) aux entreprises non financières en stade 2 - coût amorti - base 100;Encours de prêts et avances (brut comptable) aux entreprises non financières en stade 2 - coût amorti - base 100;S2_ENFCA_BASE100;A;BQ;_Z;661;_Z;RISQUES;TOP6_AUT_GROUPES;ENF;PHNC;PC;2;0;N;P1Y;ACPR;E;F;A
ACPR.A.BQ.RISQUES.S2_MCA_BASE100.661._Z.MENAGES.PHNC._Z.TOP6_AUT_GROUPES;2024;2024-01-01;2024-12-31;1,67;2025-10-22T14:00:31+00:00;ACPR;Encours de prêts et avances (brut comptable) aux ménages en stade 2 - coût amorti - base 100;Encours de prêts et avances (brut comptable) aux ménages en stade 2 - coût amorti - base 100;S2_MCA_BASE100;A;BQ;_Z;661;_Z;RISQUES;TOP6_AUT_GROUPES;MENAGES;PHNC;PC;2;0;N;P1Y;ACPR;E;F;A
ACPR.A.BQ.RISQUES.CREDITS_BRUTS.39._Z.NACE_S.PHNC._Z.TOP6_AUT_GROUPES;2024;2024-01-01;2024-12-31;75,45;2025-10-22T14:00:29+00:00;ACPR;Crédits bruts aux entreprises du secteur des autres activités de services;Crédits bruts aux entreprises du secteur des autres activités de services;CREDITS_BRUTS;A;BQ;_Z;39;_Z;RISQUES;TOP6_AUT_GROUPES;NACE_S;PHNC;EUR;2;9;N;P1Y;ACPR;E;F;A
ACPR.A.BQ.RISQUES.CRED_CLIENT.34._Z.ENF.PHNC._Z.TOP6_AUT_GROUPES;2024;2024-01-01;2024-12-31;1897,95;2025-10-22T14:00:28+00:00;ACPR;Entreprises non financières (crédits nets);Entreprises non financières (crédits nets);CRED_CLIENT;A;BQ;_Z;34;_Z;RISQUES;TOP6_AUT_GROUPES;ENF;PHNC;EUR;2;9;N;P1Y;ACPR;E;F;A
ACPR.A.BQ.RISQUES.CRED_AUT.32._Z._Z.SOLO._Z.TOTAL_SECTEUR;2024;2024-01-01;2024-12-31;61,35;2025-10-22T14:00:27+00:00;ACPR;Autres crédits à l'ensemble de la clientèle non financière;Autres crédits à l'ensemble de la clientèle non financière;CRED_AUT;A;BQ;_Z;32;_Z;RISQUES;TOTAL_SECTEUR;_Z;SOLO;EUR;2;9;N;P1Y;ACPR;E;F;A
ACPR.A.BQ.RISQUES.CRED_AUT.32._Z.APU.SOLO._Z.TOTAL_SECTEUR;2024;2024-01-01;2024-12-31;11,19;2025-10-22T14:00:27+00:00;ACPR;Autres crédits aux administrations publiques;Autres crédits aux administrations publiques;CRED_AUT;A;BQ;_Z;32;_Z;RISQUES;TOTAL_SECTEUR;APU;SOLO;EUR;2;9;N;P1Y;ACPR;E;F;A
ACPR.A.BQ.RISQUES.CRED_CLIENT.34._Z.BC.PHNC._Z.TOP6_AUT_GROUPES;2024;2024-01-01;2024-12-31;914,14;2025-10-22T14:00:28+00:00;ACPR;Banques Centrales (crédits nets);Banques Centrales (crédits nets);CRED_CLIENT;A;BQ;_Z;34;_Z;RISQUES;TOP6_AUT_GROUPES;BC;PHNC;EUR;2;9;N;P1Y;ACPR;E;F;A
ACPR.A.BQ.RISQUES.CRED_CLIENT.34._Z.NACE_C.PHNC._Z.TOP6_AUT_GROUPES;2024;2024-01-01;2024-12-31;245,4;2025-10-22T14:00:28+00:00;ACPR;Crédits au secteur des industrie manufacturière;Crédits au secteur des industrie manufacturière;CRED_CLIENT;A;BQ;_Z;34;_Z;RISQUES;TOP6_AUT_GROUPES;NACE_C;PHNC;EUR;2;9;N;P1Y;ACPR;E;F;A
ACPR.A.BQ.RISQUES.CRED_CLIENT.34._Z.NACE_D.PHNC._Z.TOP6_AUT_GROUPES;2024;2024-01-01;2024-12-31;93,54;2025-10-22T14:00:28+00:00;ACPR;Crédits au secteur de l'électricité, gaz, vapeur et air conditionné;Crédits au secteur de l'électricité, gaz, vapeur et air conditionné;CRED_CLIENT;A;BQ;_Z;34;_Z;RISQUES;TOP6_AUT_GROUPES;NACE_D;PHNC;EUR;2;9;N;P1Y;ACPR;E;F;A
ACPR.A.BQ.RISQUES.CRED_CLIENT.34._Z.NACE_E.PHNC._Z.TOP6_AUT_GROUPES;2024;2024-01-01;2024-12-31;12,42;2025-10-22T14:00:28+00:00;ACPR;Crédits au secteur de la production et distribution d'eau;Crédits au secteur de la production et distribution d'eau;CRED_CLIENT;A;BQ;_Z;34;_Z;RISQUES;TOP6_AUT_GROUPES;NACE_E;PHNC;EUR;2;9;N;P1Y;ACPR;E;F;A
ACPR.A.BQ.RISQUES.CRED_CLIENT.34.LU.MENAGES.PHNC._Z.TOP6_AUT_GROUPES;2024;2024-01-01;2024-12-31;11,42;2025-10-22T14:00:28+00:00;ACPR;Crédits aux ménages - Luxembourg;Crédits aux ménages - Luxembourg;CRED_CLIENT;A;BQ;_Z;34;LU;RISQUES;TOP6_AUT_GROUPES;MENAGES;PHNC;EUR;2;9;N;P1Y;ACPR;E;F;A
ACPR.A.BQ.RISQUES.CREDITS_BRUTS.39._Z.NACE_I.PHNC._Z.TOP6_AUT_GROUPES;2024;2024-01-01;2024-12-31;46,53;2025-10-22T14:00:28+00:00;ACPR;Crédits bruts aux entreprises du secteur de l'hébergement et restauration;Crédits bruts aux entreprises du secteur de l'hébergement et restauration;CREDITS_BRUTS;A;BQ;_Z;39;_Z;RISQUES;TOP6_AUT_GROUPES;NACE_I;PHNC;EUR;2;9;N;P1Y;ACPR;E;F;A
ACPR.A.BQ.RISQUES.DEPOTS.43._Z.HORS_EC_BC.PHNC._Z.TOP6_AUT_GROUPES;2024;2024-01-01;2024-12-31;5067,84;2025-10-22T14:00:29+00:00;ACPR;Dépôts  hors EC et banques centrales;Dépôts  hors EC et banques centrales;DEPOTS;A;BQ;_Z;43;_Z;RISQUES;TOP6_AUT_GROUPES;HORS_EC_BC;PHNC;EUR;2;9;N;P1Y;ACPR;E;F;A
ACPR.A.BQ.RISQUES.GB_FIN_NEGO_COURT9873.185._Z._Z.PHNC._Z.TOP6_AUT_GROUPES;2024;2024-01-01;2024-12-31;149,82;2025-10-22T14:00:29+00:00;ACPR;Positions courtes sur Titres de créance;Positions courtes sur Titres de créance;GB_FIN_NEGO_COURT9873;A;BQ;_Z;185;_Z;RISQUES;TOP6_AUT_GROUPES;_Z;PHNC;EUR;2;9;N;P1Y;ACPR;E;F;A
ACPR.A.BQ.RISQUES.LOANS_PTF_NEGO.222._Z.APU.PHNC._Z.TOP6_AUT_GROUPES;2024;2024-01-01;2024-12-31;20,97;2025-10-22T14:00:29+00:00;ACPR;Prêts aux Administrations publiques dans le portefeuille de négociation;Prêts aux Administrations publiques dans le portefeuille de négociation;LOANS_PTF_NEGO;A;BQ;_Z;222;_Z;RISQUES;TOP6_AUT_GROUPES;APU;PHNC;EUR;2;9;N;P1Y;ACPR;E;F;A
ACPR.A.BQ.RISQUES.RATIO_CREDEP.363._Z._Z.PHNC._Z.TOP6_AUT_GROUPES;2024;2024-01-01;2024-12-31;105,28;2025-10-22T14:00:29+00:00;ACPR;Ratio Crédits/Dépôts du secteur bancaire français;Ratio Crédits/Dépôts du secteur bancaire français;RATIO_CREDEP;A;BQ;_Z;363;_Z;RISQUES;TOP6_AUT_GROUPES;_Z;PHNC;PC;2;0;N;P1Y;ACPR;E;F;A
ACPR.A.BQ.RISQUES.TB_FIN_NEGO_DERIVES9925.475._Z._Z.PHNC._Z.TOP6_AUT_GROUPES;2024;2024-01-01;2024-12-31;83,57;2025-10-22T14:00:30+00:00;ACPR;Montant à l'actif de dérivés sur actions;Montant à l'actif de dérivés sur actions;TB_FIN_NEGO_DERIVES9925;A;BQ;_Z;475;_Z;RISQUES;TOP6_AUT_GROUPES;_Z;PHNC;EUR;2;9;N;P1Y;ACPR;E;F;A
ACPR.A.BQ.RISQUES.TB_FIN_NEGO_PART_OPTION9965.491._Z._Z.PHNC._Z.TOP6_AUT_GROUPES;2024;2024-01-01;2024-12-31;534,22;2025-10-22T14:00:30+00:00;ACPR;Dérivés sur Taux d'intérêt (somme actif et passif);Dérivés sur Taux d'intérêt (somme actif et passif);TB_FIN_NEGO_PART_OPTION9965;A;BQ;_Z;491;_Z;RISQUES;TOP6_AUT_GROUPES;_Z;PHNC;EUR;2;9;N;P1Y;ACPR;E;F;A
ACPR.A.BQ.RISQUES.TB_FIN_NEGO_PART_OPTION9968.494._Z._Z.PHNC._Z.TOP6_AUT_GROUPES;2024;2024-01-01;2024-12-31;1344,6;2025-10-22T14:00:30+00:00;ACPR;Dérivés (somme actif et passif);Dérivés (somme actif et passif);TB_FIN_NEGO_PART_OPTION9968;A;BQ;_Z;494;_Z;RISQUES;TOP6_AUT_GROUPES;_Z;PHNC;EUR;2;9;N;P1Y;ACPR;E;F;A
ACPR.A.BQ.RISQUES.TX_NPL.569._Z.NACE_G.PHNC._Z.TOP6_AUT_GROUPES;2024;2024-01-01;2024-12-31;4,22;2025-10-22T14:00:30+00:00;ACPR;Taux de prêts non performants du secteur du commerce;Taux de prêts non performants du secteur du commerce;TX_NPL;A;BQ;_Z;569;_Z;RISQUES;TOP6_AUT_GROUPES;NACE_G;PHNC;PC;2;0;N;P1Y;ACPR;E;F;A
ACPR.A.BQ.RISQUES.TX_PROV.572._Z.NACE_D.PHNC._Z.TOP6_AUT_GROUPES;2024;2024-01-01;2024-12-31;54,54;2025-10-22T14:00:30+00:00;ACPR;Taux de provisionnement du secteur de l'électricité, gaz, vapeur et air conditionné;Taux de provisionnement du secteur de l'électricité, gaz, vapeur et air conditionné;TX_PROV;A;BQ;_Z;572;_Z;RISQUES;TOP6_AUT_GROUPES;NACE_D;PHNC;PC;2;0;N;P1Y;ACPR;E;F;A
ACPR.A.BQ.RISQUES.TX_PROV.572.US.MENAGES_ENF.PHNC._Z.TOP6_AUT_GROUPES;2024;2024-01-01;2024-12-31;43,06;2025-10-22T14:00:31+00:00;ACPR;Taux de provisionnement aux Etats-Unis;Taux de provisionnement aux Etats-Unis;TX_PROV;A;BQ;_Z;572;US;RISQUES;TOP6_AUT_GROUPES;MENAGES_ENF;PHNC;PC;2;0;N;P1Y;ACPR;E;F;A
ACPR.A.BQ.RISQUES.S3_MCA_BASE100.662._Z.MENAGES.PHNC._Z.TOP6_AUT_GROUPES;2024;2024-01-01;2024-12-31;92,29;2025-10-22T14:00:31+00:00;ACPR;Encours de prêts et avances (brut comptable) aux ménages en stade 3 - coût amorti - base 100;Encours de prêts et avances (brut comptable) aux ménages en stade 3 - coût amorti - base 100;S3_MCA_BASE100;A;BQ;_Z;662;_Z;RISQUES;TOP6_AUT_GROUPES;MENAGES;PHNC;PC;2;0;N;P1Y;ACPR;E;F;A
ACPR.A.BQ.RISQUES.TX_NPL.569._Z.PME.PHNC._Z.TOP6_AUT_GROUPES;2024;2024-01-01;2024-12-31;4,74;2025-10-22T14:00:30+00:00;ACPR;Taux de prêts non performants aux PME;Taux de prêts non performants aux PME;TX_NPL;A;BQ;_Z;569;_Z;RISQUES;TOP6_AUT_GROUPES;PME;PHNC;PC;2;0;N;P1Y;ACPR;E;F;A
ACPR.A.BQ.RISQUES.GB_FIN_NEGO_PASSIF_9848.186._Z._Z.PHNC._Z.TOP6_AUT_GROUPES;2024;2024-01-01;2024-12-31;679,31;2025-10-22T14:00:29+00:00;ACPR;Dérivés dans le portefeuille de négociation coté passif;Dérivés dans le portefeuille de négociation coté passif;GB_FIN_NEGO_PASSIF_9848;A;BQ;_Z;186;_Z;RISQUES;TOP6_AUT_GROUPES;_Z;PHNC;EUR;2;9;N;P1Y;ACPR;E;F;A
ACPR.A.BQ.RISQUES.LOANS_PTF_NEGO.222._Z.EF.PHNC._Z.TOP6_AUT_GROUPES;2024;2024-01-01;2024-12-31;351,43;2025-10-22T14:00:29+00:00;ACPR;Prêts aux autres entreprises financières dans le portefeuille de négociation;Prêts aux autres entreprises financières dans le portefeuille de négociation;LOANS_PTF_NEGO;A;BQ;_Z;222;_Z;RISQUES;TOP6_AUT_GROUPES;EF;PHNC;EUR;2;9;N;P1Y;ACPR;E;F;A
ACPR.A.BQ.RISQUES.S2_ENFCA.661._Z.ENF.PHNC._Z.TOP6_AUT_GROUPES;2024;2024-01-01;2024-12-31;255,59;2025-10-22T14:00:31+00:00;ACPR;Encours de prêts et avances (brut comptable) aux entreprises non financières en stade 2 - coût amorti;Encours de prêts et avances (brut comptable) aux entreprises non financières en stade 2 - coût amorti;S2_ENFCA;A;BQ;_Z;661;_Z;RISQUES;TOP6_AUT_GROUPES;ENF;PHNC;EUR;2;9;N;P1Y;ACPR;E;F;A
ACPR.A.BQ.RISQUES.CRED_BAIL.33._Z._Z.SOLO._Z.TOTAL_SECTEUR;2024;2024-01-01;2024-12-31;119,1;2025-10-22T14:00:28+00:00;ACPR;Crédit-bail et opérations assimilées à l'ensemble de la clientèle non financière;Crédit-bail et opérations assimilées à l'ensemble de la clientèle non financière;CRED_BAIL;A;BQ;_Z;33;_Z;RISQUES;TOTAL_SECTEUR;_Z;SOLO;EUR;2;9;N;P1Y;ACPR;E;F;A
ACPR.A.BQ.RISQUES.ACTFR_CLIENT_RE_TTES_DEV2222.43._Z._Z.SOLO._Z.TOTAL_SECTEUR;2024;2024-01-01;2024-12-31;1024,92;2025-10-22T14:00:31+00:00;ACPR;Comptes ordinaires créditeurs de la clientèle non financière;Comptes ordinaires créditeurs de la clientèle non financière;ACTFR_CLIENT_RE_TTES_DEV2222;A;BQ;_Z;43;_Z;RISQUES;TOTAL_SECTEUR;_Z;SOLO;EUR;2;9;N;P1Y;ACPR;E;F;A
ACPR.A.BQ.RISQUES.CRED_AFF.31._Z._Z.SOLO._Z.TOTAL_SECTEUR;2024;2024-01-01;2024-12-31;44,86;2025-10-22T14:00:27+00:00;ACPR;Affacturage à l'ensemble de la clientèle non financière;Affacturage à l'ensemble de la clientèle non financière;CRED_AFF;A;BQ;_Z;31;_Z;RISQUES;TOTAL_SECTEUR;_Z;SOLO;EUR;2;9;N;P1Y;ACPR;E;F;A
ACPR.A.BQ.RISQUES.CRED_CLIENT.34._Z.MENAGES.PHNC._Z.TOP6_AUT_GROUPES;2024;2024-01-01;2024-12-31;2085,74;2025-10-22T14:00:28+00:00;ACPR;Ménages (crédits nets);Ménages (crédits nets);CRED_CLIENT;A;BQ;_Z;34;_Z;RISQUES;TOP6_AUT_GROUPES;MENAGES;PHNC;EUR;2;9;N;P1Y;ACPR;E;F;A
ACPR.A.BQ.RISQUES.CRED_CLIENT.34._Z.NACE_K.PHNC._Z.TOP6_AUT_GROUPES;2024;2024-01-01;2024-12-31;126,07;2025-10-22T14:00:28+00:00;ACPR;Crédits au secteur de l'activité financières et d'assurance;Crédits au secteur de l'activité financières et d'assurance;CRED_CLIENT;A;BQ;_Z;34;_Z;RISQUES;TOP6_AUT_GROUPES;NACE_K;PHNC;EUR;2;9;N;P1Y;ACPR;E;F;A
ACPR.A.BQ.RISQUES.CRED_CLIENT.34.LU.ENF.PHNC._Z.TOP6_AUT_GROUPES;2024;2024-01-01;2024-12-31;40,79;2025-10-22T14:00:28+00:00;ACPR;Crédits aux entreprises non financières - Luxembourg;Crédits aux entreprises non financières - Luxembourg;CRED_CLIENT;A;BQ;_Z;34;LU;RISQUES;TOP6_AUT_GROUPES;ENF;PHNC;EUR;2;9;N;P1Y;ACPR;E;F;A
ACPR.A.BQ.RISQUES.CREDITS_BRUTS.39._Z.NACE_C.PHNC._Z.TOP6_AUT_GROUPES;2024;2024-01-01;2024-12-31;251,65;2025-10-22T14:00:28+00:00;ACPR;Crédits bruts aux entreprises du secteur des industrie manufacturière;Crédits bruts aux entreprises du secteur des industrie manufacturière;CREDITS_BRUTS;A;BQ;_Z;39;_Z;RISQUES;TOP6_AUT_GROUPES;NACE_C;PHNC;EUR;2;9;N;P1Y;ACPR;E;F;A
ACPR.A.BQ.RISQUES.CREDITS_BRUTS.39._Z.NACE_O.PHNC._Z.TOP6_AUT_GROUPES;2024;2024-01-01;2024-12-31;4,16;2025-10-22T14:00:29+00:00;ACPR;Crédits bruts aux entreprises du secteur de l'administration publique;Crédits bruts aux entreprises du secteur de l'administration publique;CREDITS_BRUTS;A;BQ;_Z;39;_Z;RISQUES;TOP6_AUT_GROUPES;NACE_O;PHNC;EUR;2;9;N;P1Y;ACPR;E;F;A
ACPR.A.BQ.RISQUES.CREDITS_BRUTS_MENAGES_ENF_PAYS.40.ES.MENAGES_ENF.PHNC._Z.TOP6_AUT_GROUPES;2024;2024-01-01;2024-12-31;47,38;2025-10-22T14:00:29+00:00;ACPR;Crédits bruts aux ménages et entreprises non financières en Espagne;Crédits bruts aux ménages et entreprises non financières en Espagne;CREDITS_BRUTS_MENAGES_ENF_PAYS;A;BQ;_Z;40;ES;RISQUES;TOP6_AUT_GROUPES;MENAGES_ENF;PHNC;EUR;2;9;N;P1Y;ACPR;E;F;A
ACPR.A.BQ.RISQUES.DEPOTS.43._Z._Z.PHNC._Z.TOP6_AUT_GROUPES;2024;2024-01-01;2024-12-31;5686,6;2025-10-22T14:00:29+00:00;ACPR;Dépôts du secteur bancaire français;Dépôts du secteur bancaire français;DEPOTS;A;BQ;_Z;43;_Z;RISQUES;TOP6_AUT_GROUPES;_Z;PHNC;EUR;2;9;N;P1Y;ACPR;E;F;A
ACPR.A.BQ.RISQUES.TB_FIN_NEGO_DERIVE_CREDIT10018.470._Z._Z.PHNC._Z.TOP6_AUT_GROUPES;2024;2024-01-01;2024-12-31;1,11;2025-10-22T14:00:29+00:00;ACPR;Dérivés de crédit sur transfert de rendement (Total return swaps) au passif;Dérivés de crédit sur transfert de rendement (Total return swaps) au passif;TB_FIN_NEGO_DERIVE_CREDIT10018;A;BQ;_Z;470;_Z;RISQUES;TOP6_AUT_GROUPES;_Z;PHNC;EUR;2;9;N;P1Y;ACPR;E;F;A
ACPR.A.BQ.RISQUES.TX_NPL.569._Z.NACE_C.PHNC._Z.TOP6_AUT_GROUPES;2024;2024-01-01;2024-12-31;4,27;2025-10-22T14:00:30+00:00;ACPR;Taux de prêts non performants du secteur des industrie manufacturière;Taux de prêts non performants du secteur des industrie manufacturière;TX_NPL;A;BQ;_Z;569;_Z;RISQUES;TOP6_AUT_GROUPES;NACE_C;PHNC;PC;2;0;N;P1Y;ACPR;E;F;A
ACPR.A.BQ.RISQUES.TX_NPL.569._Z.NACE_M.PHNC._Z.TOP6_AUT_GROUPES;2024;2024-01-01;2024-12-31;4,99;2025-10-22T14:00:30+00:00;ACPR;Taux de prêts non performants du secteur des activités spécialisées, scientifiques et techniques;Taux de prêts non performants du secteur des activités spécialisées, scientifiques et techniques;TX_NPL;A;BQ;_Z;569;_Z;RISQUES;TOP6_AUT_GROUPES;NACE_M;PHNC;PC;2;0;N;P1Y;ACPR;E;F;A
ACPR.A.BQ.RISQUES.TX_NPL.569.FR.MENAGES_ENF.PHNC._Z.TOP6_AUT_GROUPES;2024;2024-01-01;2024-12-31;2,75;2025-10-22T14:00:30+00:00;ACPR;Taux de prêts non performants en France;Taux de prêts non performants en France;TX_NPL;A;BQ;_Z;569;FR;RISQUES;TOP6_AUT_GROUPES;MENAGES_ENF;PHNC;PC;2;0;N;P1Y;ACPR;E;F;A
ACPR.A.BQ.RISQUES.TX_PROV.572._Z.ENF.PHNC._Z.TOP6_AUT_GROUPES;2024;2024-01-01;2024-12-31;43,15;2025-10-22T14:00:30+00:00;ACPR;Taux de provisionnement aux entreprises non financières;Taux de provisionnement aux entreprises non financières;TX_PROV;A;BQ;_Z;572;_Z;RISQUES;TOP6_AUT_GROUPES;ENF;PHNC;PC;2;0;N;P1Y;ACPR;E;F;A
ACPR.A.BQ.RISQUES.TX_PROV.572._Z.NACE_N.PHNC._Z.TOP6_AUT_GROUPES;2024;2024-01-01;2024-12-31;59,48;2025-10-22T14:00:31+00:00;ACPR;Taux de provisionnement du secteur de l'activité de services administratifs et de soutien;Taux de provisionnement du secteur de l'activité de services administratifs et de soutien;TX_PROV;A;BQ;_Z;572;_Z;RISQUES;TOP6_AUT_GROUPES;NACE_N;PHNC;PC;2;0;N;P1Y;ACPR;E;F;A
ACPR.A.BQ.RISQUES.TB_FIN_NEGO_DERIVES9919.493._Z._Z.PHNC._Z._Z;2024;2024-01-01;2024-12-31;25294,19;2025-10-22T14:00:31+00:00;ACPR;Montants notionnels de dérivés sur change et or;Montants notionnels de dérivés sur change et or;TB_FIN_NEGO_DERIVES9919;A;BQ;_Z;493;_Z;RISQUES;_Z;_Z;PHNC;EUR;2;9;N;P1Y;ACPR;E;F;A
ACPR.A.BQ.RISQUES.TB_FIN_NEGO_DERIVES9921.587._Z._Z.PHNC._Z._Z;2024;2024-01-01;2024-12-31;382,9;2025-10-22T14:00:31+00:00;ACPR;Montants notionnels de dérivés sur matières premières;Montants notionnels de dérivés sur matières premières;TB_FIN_NEGO_DERIVES9921;A;BQ;_Z;587;_Z;RISQUES;_Z;_Z;PHNC;EUR;2;9;N;P1Y;ACPR;E;F;A
ACPR.A.BQ.RISQUES.TX_NPL.569._Z.MENAGES.PHNC._Z.TOP6_AUT_GROUPES;2024;2024-01-01;2024-12-31;2,17;2025-10-22T14:00:30+00:00;ACPR;Taux de prêts non performants aux ménages;Taux de prêts non performants aux ménages;TX_NPL;A;BQ;_Z;569;_Z;RISQUES;TOP6_AUT_GROUPES;MENAGES;PHNC;PC;2;0;N;P1Y;ACPR;E;F;A
ACPR.A.BQ.RISQUES.DERIV_NOTIONNEL_GRE_GRE.47._Z.AUTRES.PHNC._Z.TOP6_AUT_GROUPES;2024;2024-01-01;2024-12-31;4997,25;2025-10-22T14:00:29+00:00;ACPR;Montant notionnels de dérivés de gré à gré avec autres contreparties;Montant notionnels de dérivés de gré à gré avec autres contreparties;DERIV_NOTIONNEL_GRE_GRE;A;BQ;_Z;47;_Z;RISQUES;TOP6_AUT_GROUPES;AUTRES;PHNC;EUR;2;9;N;P1Y;ACPR;E;F;A
ACPR.A.BQ.RISQUES.LOANS_PTF_NEGO.222._Z.ENF.PHNC._Z.TOP6_AUT_GROUPES;2024;2024-01-01;2024-12-31;64,75;2025-10-22T14:00:29+00:00;ACPR;Prêts aux Entreprises non financières dans le portefeuille de négociation;Prêts aux Entreprises non financières dans le portefeuille de négociation;LOANS_PTF_NEGO;A;BQ;_Z;222;_Z;RISQUES;TOP6_AUT_GROUPES;ENF;PHNC;EUR;2;9;N;P1Y;ACPR;E;F;A
ACPR.A.BQ.RISQUES.ACT_PTF_NEGO.3._Z._Z.PHNC._Z.TOP6_AUT_GROUPES;2024;2024-01-01;2024-12-31;298,3;2025-10-22T14:00:27+00:00;ACPR;Instruments de capitaux propres dans le portefeuille de négociation;Instruments de capitaux propres dans le portefeuille de négociation;ACT_PTF_NEGO;A;BQ;_Z;3;_Z;RISQUES;TOP6_AUT_GROUPES;_Z;PHNC;EUR;2;9;N;P1Y;ACPR;E;F;A
ACPR.A.BQ.RISQUES.CRED_AUT.32._Z.MENAGES.SOLO._Z.TOTAL_SECTEUR;2024;2024-01-01;2024-12-31;3,68;2025-10-22T14:00:27+00:00;ACPR;Autres crédits aux Ménages;Autres crédits aux Ménages;CRED_AUT;A;BQ;_Z;32;_Z;RISQUES;TOTAL_SECTEUR;MENAGES;SOLO;EUR;2;9;N;P1Y;ACPR;E;F;A
ACPR.A.BQ.RISQUES.CRED_CLIENT.34._Z.APU.PHNC._Z.TOP6_AUT_GROUPES;2024;2024-01-01;2024-12-31;421,87;2025-10-22T14:00:28+00:00;ACPR;Administrations publiques (crédits nets);Administrations publiques (crédits nets);CRED_CLIENT;A;BQ;_Z;34;_Z;RISQUES;TOP6_AUT_GROUPES;APU;PHNC;EUR;2;9;N;P1Y;ACPR;E;F;A
ACPR.A.BQ.RISQUES.CRED_CLIENT.34._Z.NACE_H.PHNC._Z.TOP6_AUT_GROUPES;2024;2024-01-01;2024-12-31;103,49;2025-10-22T14:00:28+00:00;ACPR;Crédits au secteur du transports et entreposage;Crédits au secteur du transports et entreposage;CRED_CLIENT;A;BQ;_Z;34;_Z;RISQUES;TOP6_AUT_GROUPES;NACE_H;PHNC;EUR;2;9;N;P1Y;ACPR;E;F;A
ACPR.A.BQ.RISQUES.CRED_CLIENT.34._Z.NACE_M.PHNC._Z.TOP6_AUT_GROUPES;2024;2024-01-01;2024-12-31;117,53;2025-10-22T14:00:28+00:00;ACPR;Crédits au secteur des activités spécialisées, scientifiques et techniques;Crédits au secteur des activités spécialisées, scientifiques et techniques;CRED_CLIENT;A;BQ;_Z;34;_Z;RISQUES;TOP6_AUT_GROUPES;NACE_M;PHNC;EUR;2;9;N;P1Y;ACPR;E;F;A
ACPR.A.BQ.RISQUES.CRED_CLIENT.34.BE.MENAGES.PHNC._Z.TOP6_AUT_GROUPES;2024;2024-01-01;2024-12-31;93,46;2025-10-22T14:00:28+00:00;ACPR;Crédits aux ménages - Belgique;Crédits aux ménages - Belgique;CRED_CLIENT;A;BQ;_Z;34;BE;RISQUES;TOP6_AUT_GROUPES;MENAGES;PHNC;EUR;2;9;N;P1Y;ACPR;E;F;A
ACPR.A.BQ.RISQUES.CRED_TOTAL.37._Z.MENAGES.SOLO._Z.TOTAL_SECTEUR;2024;2024-01-01;2024-12-31;1517,3;2025-10-22T14:00:28+00:00;ACPR;Crédits aux ménages résidents;Crédits aux ménages résidents;CRED_TOTAL;A;BQ;_Z;37;_Z;RISQUES;TOTAL_SECTEUR;MENAGES;SOLO;EUR;2;9;N;P1Y;ACPR;E;F;A
ACPR.A.BQ.RISQUES.CREDITS_BRUTS_MENAGES_ENF_PAYS.40.CH.MENAGES_ENF.PHNC._Z.TOP6_AUT_GROUPES;2024;2024-01-01;2024-12-31;41,98;2025-10-22T14:00:29+00:00;ACPR;Crédits bruts aux ménages et entreprises non financières en Suisse;Crédits bruts aux ménages et entreprises non financières en Suisse;CREDITS_BRUTS_MENAGES_ENF_PAYS;A;BQ;_Z;40;CH;RISQUES;TOP6_AUT_GROUPES;MENAGES_ENF;PHNC;EUR;2;9;N;P1Y;ACPR;E;F;A
ACPR.A.BQ.RISQUES.CREDITS_BRUTS_MENAGES_ENF_PAYS.40.DE.MENAGES_ENF.PHNC._Z.TOP6_AUT_GROUPES;2024;2024-01-01;2024-12-31;119,43;2025-10-22T14:00:29+00:00;ACPR;Crédits bruts aux ménages et entreprises non financières en Allemagne;Crédits bruts aux ménages et entreprises non financières en Allemagne;CREDITS_BRUTS_MENAGES_ENF_PAYS;A;BQ;_Z;40;DE;RISQUES;TOP6_AUT_GROUPES;MENAGES_ENF;PHNC;EUR;2;9;N;P1Y;ACPR;E;F;A
ACPR.A.BQ.RISQUES.DERIV_ACTIF_GRE_GRE.45._Z.AUTRES.PHNC._Z.TOP6_AUT_GROUPES;2024;2024-01-01;2024-12-31;102,91;2025-10-22T14:00:29+00:00;ACPR;Montant à l'actif de dérivés de gré à gré avec autres contreparties;Dérivés de gré à gré (Actifs) avec autres contreparties;DERIV_ACTIF_GRE_GRE;A;BQ;_Z;45;_Z;RISQUES;TOP6_AUT_GROUPES;AUTRES;PHNC;EUR;2;9;N;P1Y;ACPR;E;F;A
ACPR.A.BQ.RISQUES.GB_FIN_NEGO_COURT9872.184._Z._Z.PHNC._Z.TOP6_AUT_GROUPES;2024;2024-01-01;2024-12-31;36,15;2025-10-22T14:00:29+00:00;ACPR;Positions courtes sur Instruments de capitaux propres;Positions courtes sur Instruments de capitaux propres;GB_FIN_NEGO_COURT9872;A;BQ;_Z;184;_Z;RISQUES;TOP6_AUT_GROUPES;_Z;PHNC;EUR;2;9;N;P1Y;ACPR;E;F;A
ACPR.A.BQ.RISQUES.TB_FIN_NEGO_DERIVE_CREDIT10002.459._Z._Z.PHNC._Z.TOP6_AUT_GROUPES;2024;2024-01-01;2024-12-31;6,45;2025-10-22T14:00:29+00:00;ACPR;Vente de options sur écart de crédit (CDS) En notionnel;Vente de options sur écart de crédit (CDS) En notionnel;TB_FIN_NEGO_DERIVE_CREDIT10002;A;BQ;_Z;459;_Z;RISQUES;TOP6_AUT_GROUPES;_Z;PHNC;EUR;2;9;N;P1Y;ACPR;E;F;A
ACPR.A.BQ.RISQUES.TB_FIN_NEGO_DERIVE_CREDIT10008.463._Z._Z.PHNC._Z.TOP6_AUT_GROUPES;2024;2024-01-01;2024-12-31;19,66;2025-10-22T14:00:29+00:00;ACPR;Vente de autres dérivés de crédit En notionnel;Vente de autres dérivés de crédit En notionnel;TB_FIN_NEGO_DERIVE_CREDIT10008;A;BQ;_Z;463;_Z;RISQUES;TOP6_AUT_GROUPES;_Z;PHNC;EUR;2;9;N;P1Y;ACPR;E;F;A
ACPR.A.BQ.RISQUES.TB_FIN_NEGO_DERIVE_CREDIT9999.473._Z._Z.PHNC._Z.TOP6_AUT_GROUPES;2024;2024-01-01;2024-12-31;684,01;2025-10-22T14:00:29+00:00;ACPR;Vente de contrats d'échange de risque de crédit (CDS) En notionnel;Vente de contrats d'échange de risque de crédit (CDS) En notionnel;TB_FIN_NEGO_DERIVE_CREDIT9999;A;BQ;_Z;473;_Z;RISQUES;TOP6_AUT_GROUPES;_Z;PHNC;EUR;2;9;N;P1Y;ACPR;E;F;A
ACPR.A.BQ.RISQUES.TB_FIN_NEGO_DERIVES9934.482._Z._Z.PHNC._Z.TOP6_AUT_GROUPES;2024;2024-01-01;2024-12-31;306,1;2025-10-22T14:00:30+00:00;ACPR;Montant au passif de dérivés sur change et or;Montant au passif de dérivés sur change et or;TB_FIN_NEGO_DERIVES9934;A;BQ;_Z;482;_Z;RISQUES;TOP6_AUT_GROUPES;_Z;PHNC;EUR;2;9;N;P1Y;ACPR;E;F;A
ACPR.A.BQ.RISQUES.TB_FIN_NEGO_DERIVES9937.485._Z._Z.PHNC._Z.TOP6_AUT_GROUPES;2024;2024-01-01;2024-12-31;2,79;2025-10-22T14:00:30+00:00;ACPR;Montant au passif de dérivés sur autres produits;Montant au passif de dérivés sur autres produits;TB_FIN_NEGO_DERIVES9937;A;BQ;_Z;485;_Z;RISQUES;TOP6_AUT_GROUPES;_Z;PHNC;EUR;2;9;N;P1Y;ACPR;E;F;A
ACPR.A.BQ.RISQUES.TB_FIN_NEGO_PART_OPTION9967.493._Z._Z.PHNC._Z.TOP6_AUT_GROUPES;2024;2024-01-01;2024-12-31;627,58;2025-10-22T14:00:30+00:00;ACPR;Dérivés sur Change et or (somme actif et passif);Dérivés sur Change et or (somme actif et passif);TB_FIN_NEGO_PART_OPTION9967;A;BQ;_Z;493;_Z;RISQUES;TOP6_AUT_GROUPES;_Z;PHNC;EUR;2;9;N;P1Y;ACPR;E;F;A
ACPR.A.BQ.RISQUES.TB_FIN_NEGO_PART_OPTION9964.490._Z._Z.PHNC._Z.TOP6_AUT_GROUPES;2024;2024-01-01;2024-12-31;66,51;2025-10-22T14:00:30+00:00;ACPR;Options de gré à gré sur Change et or (somme actif et passif);Options de gré à gré sur Change et or (somme actif et passif);TB_FIN_NEGO_PART_OPTION9964;A;BQ;_Z;490;_Z;RISQUES;TOP6_AUT_GROUPES;_Z;PHNC;EUR;2;9;N;P1Y;ACPR;E;F;A
ACPR.A.BQ.RISQUES.TB_FIN_NEGO_VENTE_OPTION9983.499._Z._Z.PHNC._Z.TOP6_AUT_GROUPES;2024;2024-01-01;2024-12-31;8377,47;2025-10-22T14:00:30+00:00;ACPR;Ventes d'options;Ventes d'options;TB_FIN_NEGO_VENTE_OPTION9983;A;BQ;_Z;499;_Z;RISQUES;TOP6_AUT_GROUPES;_Z;PHNC;EUR;2;9;N;P1Y;ACPR;E;F;A
ACPR.A.BQ.RISQUES.TB_FIN_NEGO_VENTE_OPTION9991.501._Z._Z.PHNC._Z.TOP6_AUT_GROUPES;2024;2024-01-01;2024-12-31;2646,51;2025-10-22T14:00:30+00:00;ACPR;Options achats et ventes sur Capitaux propres;Options achats et ventes sur Capitaux propres;TB_FIN_NEGO_VENTE_OPTION9991;A;BQ;_Z;501;_Z;RISQUES;TOP6_AUT_GROUPES;_Z;PHNC;EUR;2;9;N;P1Y;ACPR;E;F;A
ACPR.A.BQ.RISQUES.TX_NPL.569._Z.NACE_A.PHNC._Z.TOP6_AUT_GROUPES;2024;2024-01-01;2024-12-31;3,98;2025-10-22T14:00:30+00:00;ACPR;Taux de prêts non performants du secteur de l'agriculture, sylviculture et pêche;Taux de prêts non performants du secteur de l'agriculture, sylviculture et pêche;TX_NPL;A;BQ;_Z;569;_Z;RISQUES;TOP6_AUT_GROUPES;NACE_A;PHNC;PC;2;0;N;P1Y;ACPR;E;F;A
ACPR.A.BQ.RISQUES.TX_PROV.572._Z.NACE_B.PHNC._Z.TOP6_AUT_GROUPES;2024;2024-01-01;2024-12-31;56,73;2025-10-22T14:00:30+00:00;ACPR;Taux de provisionnement du secteur des industries extractives;Taux de provisionnement du secteur des industries extractives;TX_PROV;A;BQ;_Z;572;_Z;RISQUES;TOP6_AUT_GROUPES;NACE_B;PHNC;PC;2;0;N;P1Y;ACPR;E;F;A
ACPR.A.BQ.RISQUES.TX_PROV.572._Z.NACE_J.PHNC._Z.TOP6_AUT_GROUPES;2024;2024-01-01;2024-12-31;49,11;2025-10-22T14:00:31+00:00;ACPR;Taux de provisionnement du secteur de l'information et communication;Taux de provisionnement du secteur de l'information et communication;TX_PROV;A;BQ;_Z;572;_Z;RISQUES;TOP6_AUT_GROUPES;NACE_J;PHNC;PC;2;0;N;P1Y;ACPR;E;F;A
ACPR.A.BQ.RISQUES.TX_PROV_NPL.573._Z.PME.PHNC._Z.TOP6_AUT_GROUPES;2024;2024-01-01;2024-12-31;2,01;2025-10-22T14:00:31+00:00;ACPR;Poids des provisions des prêts non performants aux PME;Poids des provisions des prêts non performants aux PME;TX_PROV_NPL;A;BQ;_Z;573;_Z;RISQUES;TOP6_AUT_GROUPES;PME;PHNC;PC;2;0;N;P1Y;ACPR;E;F;A
ACPR.A.BQ.RISQUES.GB_FIN_TX_DOUT_MEN_ENF8965.39._Z.ENF.PHNC._Z.TOP6_AUT_GROUPES;2024;2024-01-01;2024-12-31;72,26;2025-10-22T14:00:31+00:00;ACPR;Prêts et avances bruts non performants au coût amorti du secteur bancaire français (IFRS) - entreprises non financières;Prêts et avances bruts non performants au coût amorti du secteur bancaire français (IFRS) - entreprises non financières;GB_FIN_TX_DOUT_MEN_ENF8965;A;BQ;_Z;39;_Z;RISQUES;TOP6_AUT_GROUPES;ENF;PHNC;EUR;2;9;N;P1Y;ACPR;E;F;A
ACPR.A.BQ.RISQUES.GB_FIN_TX_DOUT_MEN_ENF8966.39._Z.PME.PHNC._Z.TOP6_AUT_GROUPES;2024;2024-01-01;2024-12-31;42,81;2025-10-22T14:00:31+00:00;ACPR;Prêts et avances bruts non performants au coût amorti du secteur bancaire français (IFRS) - PME;Prêts et avances bruts non performants au coût amorti du secteur bancaire français (IFRS) - PME;GB_FIN_TX_DOUT_MEN_ENF8966;A;BQ;_Z;39;_Z;RISQUES;TOP6_AUT_GROUPES;PME;PHNC;EUR;2;9;N;P1Y;ACPR;E;F;A
ACPR.A.BQ.RISQUES.S3_ENFCA_BASE100.662._Z.ENF.PHNC._Z.TOP6_AUT_GROUPES;2024;2024-01-01;2024-12-31;122,01;2025-10-22T14:00:31+00:00;ACPR;Encours de prêts et avances (brut comptable) aux entreprises non financières en stade 3 - coût amorti - base 100;Encours de prêts et avances (brut comptable) aux entreprises non financières en stade 3 - coût amorti - base 100;S3_ENFCA_BASE100;A;BQ;_Z;662;_Z;RISQUES;TOP6_AUT_GROUPES;ENF;PHNC;PC;2;0;N;P1Y;ACPR;E;F;A
ACPR.A.BQ.RISQUES.ACTFR_CLIENT_RE_TTES_DEV2270.43._Z.SNF.SOLO._Z.TOTAL_SECTEUR;2024;2024-01-01;2024-12-31;10,21;2025-10-22T14:00:31+00:00;ACPR;Comptes d'épargne à régime spécial des sociétés non financières;Comptes d'épargne à régime spécial des sociétés non financières;ACTFR_CLIENT_RE_TTES_DEV2270;A;BQ;_Z;43;_Z;RISQUES;TOTAL_SECTEUR;SNF;SOLO;EUR;2;9;N;P1Y;ACPR;E;F;A
ACPR.A.BQ.RISQUES.TX_PROV.572._Z.NACE_S.PHNC._Z.TOP6_AUT_GROUPES;2024;2024-01-01;2024-12-31;104,3;2025-10-22T14:00:31+00:00;ACPR;Taux de provisionnement du secteur des autres activités de services;Taux de provisionnement du secteur des autres activités de services;TX_PROV;A;BQ;_Z;572;_Z;RISQUES;TOP6_AUT_GROUPES;NACE_S;PHNC;PC;2;0;N;P1Y;ACPR;E;F;A
ACPR.A.BQ.RISQUES.CRED_CLIENT.34._Z._Z.PHNC._Z.TOP6_AUT_GROUPES;2024;2024-01-01;2024-12-31;5987,06;2025-10-22T14:00:28+00:00;ACPR;Crédits net du secteur bancaire français;Crédits net du secteur bancaire français;CRED_CLIENT;A;BQ;_Z;34;_Z;RISQUES;TOP6_AUT_GROUPES;_Z;PHNC;EUR;2;9;N;P1Y;ACPR;E;F;A
ACPR.A.BQ.RISQUES.CRED_CLIENT.34._Z.NACE_F.PHNC._Z.TOP6_AUT_GROUPES;2024;2024-01-01;2024-12-31;81,13;2025-10-22T14:00:28+00:00;ACPR;Crédits au secteur de la construction;Crédits au secteur de la construction;CRED_CLIENT;A;BQ;_Z;34;_Z;RISQUES;TOP6_AUT_GROUPES;NACE_F;PHNC;EUR;2;9;N;P1Y;ACPR;E;F;A
ACPR.A.BQ.RISQUES.CRED_TRESO.38._Z.APU.SOLO._Z.TOTAL_SECTEUR;2024;2024-01-01;2024-12-31;6,67;2025-10-22T14:00:28+00:00;ACPR;Crédits de trésorerie aux administrations publiques;Crédits de trésorerie aux administrations publiques;CRED_TRESO;A;BQ;_Z;38;_Z;RISQUES;TOTAL_SECTEUR;APU;SOLO;EUR;2;9;N;P1Y;ACPR;E;F;A
ACPR.A.BQ.RISQUES.CREDITS_BRUTS.39._Z.NACE_G.PHNC._Z.TOP6_AUT_GROUPES;2024;2024-01-01;2024-12-31;261,01;2025-10-22T14:00:28+00:00;ACPR;Crédits bruts aux entreprises du secteur du commerce;Crédits bruts aux entreprises du secteur du commerce;CREDITS_BRUTS;A;BQ;_Z;39;_Z;RISQUES;TOP6_AUT_GROUPES;NACE_G;PHNC;EUR;2;9;N;P1Y;ACPR;E;F;A
ACPR.A.BQ.RISQUES.DERIV_PASSIF_ORGA.50._Z._Z.PHNC._Z.TOP6_AUT_GROUPES;2024;2024-01-01;2024-12-31;21,37;2025-10-22T14:00:29+00:00;ACPR;Montant au passif de dérivés sur marchés organisés;Passif de dérivés sur marchés organisés;DERIV_PASSIF_ORGA;A;BQ;_Z;50;_Z;RISQUES;TOP6_AUT_GROUPES;_Z;PHNC;EUR;2;9;N;P1Y;ACPR;E;F;A
ACPR.A.BQ.RISQUES.GB_FIN_NEGO_ACTIF_9847.183._Z._Z.PHNC._Z.TOP6_AUT_GROUPES;2024;2024-01-01;2024-12-31;666,55;2025-10-22T14:00:29+00:00;ACPR;Prêts et avances yc les operations de pensions sur titres coté actif;Prêts et avances yc les operations de pensions sur titres coté actif;GB_FIN_NEGO_ACTIF_9847;A;BQ;_Z;183;_Z;RISQUES;TOP6_AUT_GROUPES;_Z;PHNC;EUR;2;9;N;P1Y;ACPR;E;F;A
ACPR.A.BQ.RISQUES.INDICATEUR9913.582._Z._Z.PHNC._Z.TOP6_AUT_GROUPES;2024;2024-01-01;2024-12-31;319,83;2025-10-22T14:00:29+00:00;ACPR;Value at Risk à 1 jour;Value at Risk à 1 jour;INDICATEUR9913;A;BQ;_Z;582;_Z;RISQUES;TOP6_AUT_GROUPES;_Z;PHNC;EUR;2;6;N;P1Y;ACPR;E;F;A
ACPR.A.BQ.RISQUES.OBLIG_PTF_NEGO.238._Z.EC.PHNC._Z.TOP6_AUT_GROUPES;2024;2024-01-01;2024-12-31;15,47;2025-10-22T14:00:29+00:00;ACPR;Titre de créances émis par les établissements de crédit dans le portefeuille de négociation;Titre de créances émis par les établissements de crédit dans le portefeuille de négociation;OBLIG_PTF_NEGO;A;BQ;_Z;238;_Z;RISQUES;TOP6_AUT_GROUPES;EC;PHNC;EUR;2;9;N;P1Y;ACPR;E;F;A
ACPR.A.BQ.RISQUES.RATIO_CREDEP.363._Z.HORS_EC_BC.PHNC._Z.TOP6_AUT_GROUPES;2024;2024-01-01;2024-12-31;92,85;2025-10-22T14:00:29+00:00;ACPR;Ratio crédits / Dépôts  hors EC et banques centrales;Ratio crédits / Dépôts  hors EC et banques centrales;RATIO_CREDEP;A;BQ;_Z;363;_Z;RISQUES;TOP6_AUT_GROUPES;HORS_EC_BC;PHNC;PC;2;9;N;P1Y;ACPR;E;F;A
ACPR.A.BQ.RISQUES.TB_FIN_NEGO_DERIVE_CREDIT10009.464._Z._Z.PHNC._Z.TOP6_AUT_GROUPES;2024;2024-01-01;2024-12-31;29,43;2025-10-22T14:00:29+00:00;ACPR;Achats de autres dérivés de crédit En notionnel;Achats de autres dérivés de crédit En notionnel;TB_FIN_NEGO_DERIVE_CREDIT10009;A;BQ;_Z;464;_Z;RISQUES;TOP6_AUT_GROUPES;_Z;PHNC;EUR;2;9;N;P1Y;ACPR;E;F;A
ACPR.A.BQ.RISQUES.TB_FIN_NEGO_DERIVES9926.476._Z._Z.PHNC._Z.TOP6_AUT_GROUPES;2024;2024-01-01;2024-12-31;321,48;2025-10-22T14:00:30+00:00;ACPR;Montant à l'actif de dérivés sur change et or;Montant à l'actif de dérivés sur change et or;TB_FIN_NEGO_DERIVES9926;A;BQ;_Z;476;_Z;RISQUES;TOP6_AUT_GROUPES;_Z;PHNC;EUR;2;9;N;P1Y;ACPR;E;F;A
ACPR.A.BQ.RISQUES.TB_FIN_NEGO_VENTE_OPTION9980.496._Z._Z.PHNC._Z.TOP6_AUT_GROUPES;2024;2024-01-01;2024-12-31;3640,47;2025-10-22T14:00:30+00:00;ACPR;Ventes d'options sur Taux d'intérêt;Ventes d'options sur Taux d'intérêt;TB_FIN_NEGO_VENTE_OPTION9980;A;BQ;_Z;496;_Z;RISQUES;TOP6_AUT_GROUPES;_Z;PHNC;EUR;2;9;N;P1Y;ACPR;E;F;A
ACPR.A.BQ.RISQUES.TX_NPL.569._Z.GE.PHNC._Z.TOP6_AUT_GROUPES;2024;2024-01-01;2024-12-31;2,86;2025-10-22T14:00:30+00:00;ACPR;Taux de prêts non performants aux grandes entreprises;Taux de prêts non performants aux grandes entreprises;TX_NPL;A;BQ;_Z;569;_Z;RISQUES;TOP6_AUT_GROUPES;GE;PHNC;PC;2;0;N;P1Y;ACPR;E;F;A
ACPR.A.BQ.RISQUES.TX_NPL.569._Z.NACE_L.PHNC._Z.TOP6_AUT_GROUPES;2024;2024-01-01;2024-12-31;2,9;2025-10-22T14:00:30+00:00;ACPR;Taux de prêts non performants du secteur des activités immobilières;Taux de prêts non performants du secteur des activités immobilières;TX_NPL;A;BQ;_Z;569;_Z;RISQUES;TOP6_AUT_GROUPES;NACE_L;PHNC;PC;2;0;N;P1Y;ACPR;E;F;A
ACPR.A.BQ.RISQUES.TX_NPL.569._Z.NACE_R.PHNC._Z.TOP6_AUT_GROUPES;2024;2024-01-01;2024-12-31;5,32;2025-10-22T14:00:30+00:00;ACPR;Taux de prêts non performants du secteur des arts, spectacles et activités récréatives;Taux de prêts non performants du secteur des arts, spectacles et activités récréatives;TX_NPL;A;BQ;_Z;569;_Z;RISQUES;TOP6_AUT_GROUPES;NACE_R;PHNC;PC;2;0;N;P1Y;ACPR;E;F;A
ACPR.A.BQ.RISQUES.TX_NPL.569.US.MENAGES_ENF.PHNC._Z.TOP6_AUT_GROUPES;2024;2024-01-01;2024-12-31;1,69;2025-10-22T14:00:30+00:00;ACPR;Taux de prêts non performants aux Etats-Unis;Taux de prêts non performants aux Etats-Unis;TX_NPL;A;BQ;_Z;569;US;RISQUES;TOP6_AUT_GROUPES;MENAGES_ENF;PHNC;PC;2;0;N;P1Y;ACPR;E;F;A
ACPR.A.BQ.RISQUES.TX_PROV.572._Z.MENAGES.PHNC._Z.TOP6_AUT_GROUPES;2024;2024-01-01;2024-12-31;43,87;2025-10-22T14:00:30+00:00;ACPR;Taux de provisionnement aux ménages;Taux de provisionnement aux ménages;TX_PROV;A;BQ;_Z;572;_Z;RISQUES;TOP6_AUT_GROUPES;MENAGES;PHNC;PC;2;0;N;P1Y;ACPR;E;F;A
ACPR.A.BQ.RISQUES.TX_PROV.572._Z.NACE_C.PHNC._Z.TOP6_AUT_GROUPES;2024;2024-01-01;2024-12-31;58,22;2025-10-22T14:00:30+00:00;ACPR;Taux de provisionnement du secteur des industrie manufacturière;Taux de provisionnement du secteur des industrie manufacturière;TX_PROV;A;BQ;_Z;572;_Z;RISQUES;TOP6_AUT_GROUPES;NACE_C;PHNC;PC;2;0;N;P1Y;ACPR;E;F;A
ACPR.A.BQ.RISQUES.TX_PROV.572._Z.NACE_F.PHNC._Z.TOP6_AUT_GROUPES;2024;2024-01-01;2024-12-31;59,46;2025-10-22T14:00:31+00:00;ACPR;Taux de provisionnement du secteur de la construction;Taux de provisionnement du secteur de la construction;TX_PROV;A;BQ;_Z;572;_Z;RISQUES;TOP6_AUT_GROUPES;NACE_F;PHNC;PC;2;0;N;P1Y;ACPR;E;F;A
ACPR.A.BQ.RISQUES.DEPOTS.43._Z._Z.SOLO._Z.TOTAL_SECTEUR;2024;2024-01-01;2024-12-31;2676,93;2025-10-22T14:00:31+00:00;ACPR;Dépôts de la clientèle non financière;Dépôts de la clientèle non financière;DEPOTS;A;BQ;_Z;43;_Z;RISQUES;TOTAL_SECTEUR;_Z;SOLO;EUR;2;9;N;P1Y;ACPR;E;F;A
ACPR.A.BQ.RISQUES.S2_MCA.661._Z.MENAGES.PHNC._Z.TOP6_AUT_GROUPES;2024;2024-01-01;2024-12-31;193,37;2025-10-22T14:00:31+00:00;ACPR;Encours de prêts et avances (brut comptable) aux ménages en stade 2 - coût amorti;Encours de prêts et avances (brut comptable) aux ménages en stade 2 - coût amorti;S2_MCA;A;BQ;_Z;661;_Z;RISQUES;TOP6_AUT_GROUPES;MENAGES;PHNC;EUR;2;9;N;P1Y;ACPR;E;F;A
ACPR.A.BQ.RISQUES.LOANS_PTF_NEGO.222._Z.BC.PHNC._Z.TOP6_AUT_GROUPES;2024;2024-01-01;2024-12-31;26,65;2025-10-22T14:00:29+00:00;ACPR;Prêts aux Banques centrales dans le portefeuille de négociation;Prêts aux Banques centrales dans le portefeuille de négociation;LOANS_PTF_NEGO;A;BQ;_Z;222;_Z;RISQUES;TOP6_AUT_GROUPES;BC;PHNC;EUR;2;9;N;P1Y;ACPR;E;F;A
ACPR.A.BQ.RISQUES.CREDITS_BRUTS_MENAGES_ENF_PAYS.40.GB.MENAGES_ENF.PHNC._Z.TOP6_AUT_GROUPES;2024;2024-01-01;2024-12-31;83,19;2025-10-22T14:00:29+00:00;ACPR;Crédits bruts aux ménages et entreprises non financières au Royaume uni;Crédits bruts aux ménages et entreprises non financières au Royaume uni;CREDITS_BRUTS_MENAGES_ENF_PAYS;A;BQ;_Z;40;GB;RISQUES;TOP6_AUT_GROUPES;MENAGES_ENF;PHNC;EUR;2;9;N;P1Y;ACPR;E;F;A
ACPR.A.BQ.RISQUES.CREDITS_BRUTS_MENAGES_ENF_PAYS.40.US.MENAGES_ENF.PHNC._Z.TOP6_AUT_GROUPES;2024;2024-01-01;2024-12-31;133,52;2025-10-22T14:00:29+00:00;ACPR;Crédits bruts aux ménages et entreprises non financières aux états unis;Crédits bruts aux ménages et entreprises non financières aux Etats unis;CREDITS_BRUTS_MENAGES_ENF_PAYS;A;BQ;_Z;40;US;RISQUES;TOP6_AUT_GROUPES;MENAGES_ENF;PHNC;EUR;2;9;N;P1Y;ACPR;E;F;A
ACPR.A.BQ.RISQUES.ACTFR_CLIENT_RE_TTES_DEV2360.43._Z.SNF.SOLO._Z.TOTAL_SECTEUR;2024;2024-01-01;2024-12-31;270,59;2025-10-22T14:00:31+00:00;ACPR;Comptes à terme des sociétés non financières;Comptes à terme des sociétés non financières;ACTFR_CLIENT_RE_TTES_DEV2360;A;BQ;_Z;43;_Z;RISQUES;TOTAL_SECTEUR;SNF;SOLO;EUR;2;9;N;P1Y;ACPR;E;F;A
ACPR.A.BQ.RISQUES.TB_FIN_NEGO_DERIVES9918.585._Z._Z.PHNC._Z._Z;2024;2024-01-01;2024-12-31;4092,7;2025-10-22T14:00:31+00:00;ACPR;Montants notionnels de dérivés sur actions;Montants notionnels de dérivés sur actions;TB_FIN_NEGO_DERIVES9918;A;BQ;_Z;585;_Z;RISQUES;_Z;_Z;PHNC;EUR;2;9;N;P1Y;ACPR;E;F;A
ACPR.A.BQ.RISQUES.TX_PROV.572._Z.NACE_Q.PHNC._Z.TOP6_AUT_GROUPES;2024;2024-01-01;2024-12-31;63,44;2025-10-22T14:00:31+00:00;ACPR;Taux de provisionnement du secteur de la santé humaine et action sociale;Taux de provisionnement du secteur de la santé humaine et action sociale;TX_PROV;A;BQ;_Z;572;_Z;RISQUES;TOP6_AUT_GROUPES;NACE_Q;PHNC;PC;2;0;N;P1Y;ACPR;E;F;A
ACPR.A.BQ.RISQUES.CRED_HAB.36._Z.MENAGES.SOLO._Z.TOTAL_SECTEUR;2024;2024-01-01;2024-12-31;1273,0;2025-10-22T14:00:28+00:00;ACPR;Crédits à l'habitat aux Ménages;Crédits à l'habitat aux Ménages;CRED_HAB;A;BQ;_Z;36;_Z;RISQUES;TOTAL_SECTEUR;MENAGES;SOLO;EUR;2;9;N;P1Y;ACPR;E;F;A
ACPR.A.BQ.RISQUES.DERIV_NOTIONNEL_GRE_GRE.47._Z.EF.PHNC._Z.TOP6_AUT_GROUPES;2024;2024-01-01;2024-12-31;69504,95;2025-10-22T14:00:29+00:00;ACPR;Montant notionnels de dérivés de gré à gré avec autres entreprises financières;Montant notionnels de dérivés de gré à gré avec autres entreprises financières;DERIV_NOTIONNEL_GRE_GRE;A;BQ;_Z;47;_Z;RISQUES;TOP6_AUT_GROUPES;EF;PHNC;EUR;2;9;N;P1Y;ACPR;E;F;A
ACPR.A.BQ.RISQUES.DT_PL_PTF_NEGO.58._Z.BC.PHNC._Z.TOP6_AUT_GROUPES;2024;2024-01-01;2024-12-31;27,34;2025-10-22T14:00:29+00:00;ACPR;Dépôts et titres des Banques Centrales donnés en pension livrée du portefeuille de négociation;Dépôts et titres des Banques Centrales donnés en pension livrée du portefeuille de négociation;DT_PL_PTF_NEGO;A;BQ;_Z;58;_Z;RISQUES;TOP6_AUT_GROUPES;BC;PHNC;EUR;2;9;N;P1Y;ACPR;E;F;A
ACPR.A.BQ.RISQUES.TB_FIN_NEGO_DERIVE_CREDIT10015.467._Z._Z.PHNC._Z.TOP6_AUT_GROUPES;2024;2024-01-01;2024-12-31;0,01;2025-10-22T14:00:29+00:00;ACPR;Options sur écart de crédit (Credit spread options) à l'actif;Options sur écart de crédit (Credit spread options) à l'actif;TB_FIN_NEGO_DERIVE_CREDIT10015;A;BQ;_Z;467;_Z;RISQUES;TOP6_AUT_GROUPES;_Z;PHNC;EUR;2;9;N;P1Y;ACPR;E;F;A
ACPR.A.BQ.RISQUES.CRED_HAB.36._Z.APU.SOLO._Z.TOTAL_SECTEUR;2024;2024-01-01;2024-12-31;4,9;2025-10-22T14:00:28+00:00;ACPR;Crédits à l'habitat aux administrations publiques;Crédits à l'habitat aux administrations publiques;CRED_HAB;A;BQ;_Z;36;_Z;RISQUES;TOTAL_SECTEUR;APU;SOLO;EUR;2;9;N;P1Y;ACPR;E;F;A
ACPR.A.BQ.RISQUES.GB_FIN_NEGO_ACTIF_9844.180._Z._Z.PHNC._Z.TOP6_AUT_GROUPES;2024;2024-01-01;2024-12-31;715,39;2025-10-22T14:00:29+00:00;ACPR;Dérivés dans le portefeuille de négociation coté actif;Dérivés dans le portefeuille de négociation coté actif;GB_FIN_NEGO_ACTIF_9844;A;BQ;_Z;180;_Z;RISQUES;TOP6_AUT_GROUPES;_Z;PHNC;EUR;2;9;N;P1Y;ACPR;E;F;A
ACPR.A.BQ.RISQUES.TX_PROV.572.BE.MENAGES_ENF.PHNC._Z.TOP6_AUT_GROUPES;2024;2024-01-01;2024-12-31;52,49;2025-10-22T14:00:31+00:00;ACPR;Taux de provisionnement en Belgique;Taux de provisionnement en Belgique;TX_PROV;A;BQ;_Z;572;BE;RISQUES;TOP6_AUT_GROUPES;MENAGES_ENF;PHNC;PC;2;0;N;P1Y;ACPR;E;F;A
ACPR.A.BQ.RISQUES.CRED_CLIENT.34._Z.NACE_I.PHNC._Z.TOP6_AUT_GROUPES;2024;2024-01-01;2024-12-31;44,06;2025-10-22T14:00:28+00:00;ACPR;Crédits au secteur de l'hébergement et restauration;Crédits au secteur de l'hébergement et restauration;CRED_CLIENT;A;BQ;_Z;34;_Z;RISQUES;TOP6_AUT_GROUPES;NACE_I;PHNC;EUR;2;9;N;P1Y;ACPR;E;F;A
ACPR.A.BQ.RISQUES.CREDITS_BRUTS.39._Z.NACE_A.PHNC._Z.TOP6_AUT_GROUPES;2024;2024-01-01;2024-12-31;72,22;2025-10-22T14:00:28+00:00;ACPR;Crédits bruts aux entreprises du secteur de l'agriculture, sylviculture et pêche;Crédits bruts aux entreprises du secteur de l'agriculture, sylviculture et pêche;CREDITS_BRUTS;A;BQ;_Z;39;_Z;RISQUES;TOP6_AUT_GROUPES;NACE_A;PHNC;EUR;2;9;N;P1Y;ACPR;E;F;A
ACPR.A.BQ.RISQUES.TB_FIN_NEGO_VENTE_OPTION9992.502._Z._Z.PHNC._Z.TOP6_AUT_GROUPES;2024;2024-01-01;2024-12-31;5604,18;2025-10-22T14:00:30+00:00;ACPR;Options achats et ventes sur Change et or;Options achats et ventes sur Change et or;TB_FIN_NEGO_VENTE_OPTION9992;A;BQ;_Z;502;_Z;RISQUES;TOP6_AUT_GROUPES;_Z;PHNC;EUR;2;9;N;P1Y;ACPR;E;F;A
ACPR.A.BQ.RISQUES.TX_PROV.572.FR.MENAGES_ENF.PHNC._Z.TOP6_AUT_GROUPES;2024;2024-01-01;2024-12-31;64,73;2025-10-22T14:00:31+00:00;ACPR;Taux de provisionnement en France;Taux de provisionnement en France;TX_PROV;A;BQ;_Z;572;FR;RISQUES;TOP6_AUT_GROUPES;MENAGES_ENF;PHNC;PC;2;0;N;P1Y;ACPR;E;F;A
ACPR.A.BQ.RISQUES.CRED_BAIL.33._Z.MENAGES.SOLO._Z.TOTAL_SECTEUR;2024;2024-01-01;2024-12-31;29,0;2025-10-22T14:00:28+00:00;ACPR;Crédit-bail et opérations assimilées aux Ménages;Crédit-bail et opérations assimilées aux Ménages;CRED_BAIL;A;BQ;_Z;33;_Z;RISQUES;TOTAL_SECTEUR;MENAGES;SOLO;EUR;2;9;N;P1Y;ACPR;E;F;A
ACPR.A.BQ.RISQUES.CRED_CLIENT.34._Z.NACE_L.PHNC._Z.TOP6_AUT_GROUPES;2024;2024-01-01;2024-12-31;450,22;2025-10-22T14:00:28+00:00;ACPR;Crédits au secteur des activités immobilières;Crédits au secteur des activités immobilières;CRED_CLIENT;A;BQ;_Z;34;_Z;RISQUES;TOP6_AUT_GROUPES;NACE_L;PHNC;EUR;2;9;N;P1Y;ACPR;E;F;A
ACPR.A.BQ.RISQUES.CRED_EQUIP.35._Z.APU.SOLO._Z.TOTAL_SECTEUR;2024;2024-01-01;2024-12-31;151,01;2025-10-22T14:00:28+00:00;ACPR;Crédits à l'équipement aux administrations publiques;Crédits à l'équipement aux administrations publiques;CRED_EQUIP;A;BQ;_Z;35;_Z;RISQUES;TOTAL_SECTEUR;APU;SOLO;EUR;2;9;N;P1Y;ACPR;E;F;A
ACPR.A.BQ.RISQUES.CRED_TRESO.38._Z.SNF.SOLO._Z.TOTAL_SECTEUR;2024;2024-01-01;2024-12-31;219,78;2025-10-22T14:00:28+00:00;ACPR;Crédits de trésorerie aux sociétés non financières;Crédits de trésorerie aux sociétés non financières;CRED_TRESO;A;BQ;_Z;38;_Z;RISQUES;TOTAL_SECTEUR;SNF;SOLO;EUR;2;9;N;P1Y;ACPR;E;F;A
ACPR.A.BQ.RISQUES.CREDITS_BRUTS_MENAGES_ENF_PAYS.40.PL.MENAGES_ENF.PHNC._Z.TOP6_AUT_GROUPES;2024;2024-01-01;2024-12-31;35,34;2025-10-22T14:00:29+00:00;ACPR;Crédits bruts aux ménages et entreprises non financières en Pologne;Crédits bruts aux ménages et entreprises non financières en Pologne;CREDITS_BRUTS_MENAGES_ENF_PAYS;A;BQ;_Z;40;PL;RISQUES;TOP6_AUT_GROUPES;MENAGES_ENF;PHNC;EUR;2;9;N;P1Y;ACPR;E;F;A
ACPR.A.BQ.RISQUES.DT_PL_PTF_NEGO.58._Z.APU.PHNC._Z.TOP6_AUT_GROUPES;2024;2024-01-01;2024-12-31;52,25;2025-10-22T14:00:29+00:00;ACPR;Dépôts et titres des Administrations Publiques donnés en pension livrée du portefeuille de négociation;Dépôts et titres des Administrations Publiques donnés en pension livrée du portefeuille de négociation;DT_PL_PTF_NEGO;A;BQ;_Z;58;_Z;RISQUES;TOP6_AUT_GROUPES;APU;PHNC;EUR;2;9;N;P1Y;ACPR;E;F;A
ACPR.A.BQ.RISQUES.DT_PL_PTF_NEGO.58._Z.EF.PHNC._Z.TOP6_AUT_GROUPES;2024;2024-01-01;2024-12-31;369,22;2025-10-22T14:00:29+00:00;ACPR;Dépôts et titres des autres entreprises financières donnés en pension livrée du portefeuille de négociation;Dépôts et titres des autres entreprises financières donnés en pension livrée du portefeuille de négociation;DT_PL_PTF_NEGO;A;BQ;_Z;58;_Z;RISQUES;TOP6_AUT_GROUPES;EF;PHNC;EUR;2;9;N;P1Y;ACPR;E;F;A
ACPR.A.BQ.RISQUES.TB_FIN_NEGO_DERIVES9927.477._Z._Z.PHNC._Z.TOP6_AUT_GROUPES;2024;2024-01-01;2024-12-31;15,93;2025-10-22T14:00:30+00:00;ACPR;Montant à l'actif de dérivés sur crédit;Montant à l'actif de dérivés sur crédit;TB_FIN_NEGO_DERIVES9927;A;BQ;_Z;477;_Z;RISQUES;TOP6_AUT_GROUPES;_Z;PHNC;EUR;2;9;N;P1Y;ACPR;E;F;A
ACPR.A.BQ.RISQUES.TB_FIN_NEGO_DERIVES9935.483._Z._Z.PHNC._Z.TOP6_AUT_GROUPES;2024;2024-01-01;2024-12-31;16,61;2025-10-22T14:00:30+00:00;ACPR;Montant au passif de dérivés sur crédit;Montant au passif de dérivés sur crédit;TB_FIN_NEGO_DERIVES9935;A;BQ;_Z;483;_Z;RISQUES;TOP6_AUT_GROUPES;_Z;PHNC;EUR;2;9;N;P1Y;ACPR;E;F;A
ACPR.A.BQ.RISQUES.TB_FIN_NEGO_VENTE_OPTION9982.498._Z._Z.PHNC._Z.TOP6_AUT_GROUPES;2024;2024-01-01;2024-12-31;3358,27;2025-10-22T14:00:30+00:00;ACPR;Ventes d'options sur Change et or;Ventes d'options sur Change et or;TB_FIN_NEGO_VENTE_OPTION9982;A;BQ;_Z;498;_Z;RISQUES;TOP6_AUT_GROUPES;_Z;PHNC;EUR;2;9;N;P1Y;ACPR;E;F;A
ACPR.A.BQ.RISQUES.TX_NPL.569._Z.NACE_D.PHNC._Z.TOP6_AUT_GROUPES;2024;2024-01-01;2024-12-31;1,86;2025-10-22T14:00:30+00:00;ACPR;Taux de prêts non performants du secteur de l'électricité, gaz, vapeur et air conditionné;Taux de prêts non performants du secteur de l'électricité, gaz, vapeur et air conditionné;TX_NPL;A;BQ;_Z;569;_Z;RISQUES;TOP6_AUT_GROUPES;NACE_D;PHNC;PC;2;0;N;P1Y;ACPR;E;F;A
ACPR.A.BQ.RISQUES.TX_NPL.569._Z.NACE_K.PHNC._Z.TOP6_AUT_GROUPES;2024;2024-01-01;2024-12-31;2,25;2025-10-22T14:00:30+00:00;ACPR;Taux de prêts non performants du secteur des activité financières et d'assurance;Taux de prêts non performants du secteur des activité financières et d'assurance;TX_NPL;A;BQ;_Z;569;_Z;RISQUES;TOP6_AUT_GROUPES;NACE_K;PHNC;PC;2;0;N;P1Y;ACPR;E;F;A
ACPR.A.BQ.RISQUES.TX_NPL_APRES_PROV.570._Z.MENAGES_ENF.PHNC._Z.TOP6_AUT_GROUPES;2024;2024-01-01;2024-12-31;1,64;2025-10-22T14:00:30+00:00;ACPR;Poids des prêts non performants nets des provisions aux ménages et aux entreprises non financières;Poids des prêts non performants nets des provisions aux ménages et aux entreprises non financières;TX_NPL_APRES_PROV;A;BQ;_Z;570;_Z;RISQUES;TOP6_AUT_GROUPES;MENAGES_ENF;PHNC;PC;2;0;N;P1Y;ACPR;E;F;A
ACPR.A.BQ.RISQUES.TX_PROV.572._Z.NACE_K.PHNC._Z.TOP6_AUT_GROUPES;2024;2024-01-01;2024-12-31;72,88;2025-10-22T14:00:31+00:00;ACPR;Taux de provisionnement du secteur des activité financières et d'assurance;Taux de provisionnement du secteur des activité financières et d'assurance;TX_PROV;A;BQ;_Z;572;_Z;RISQUES;TOP6_AUT_GROUPES;NACE_K;PHNC;PC;2;0;N;P1Y;ACPR;E;F;A
ACPR.A.BQ.RISQUES.TX_PROV.572._Z.NACE_R.PHNC._Z.TOP6_AUT_GROUPES;2024;2024-01-01;2024-12-31;59,57;2025-10-22T14:00:31+00:00;ACPR;Taux de provisionnement du secteur des arts, spectacles et activités récréatives;Taux de provisionnement du secteur des arts, spectacles et activités récréatives;TX_PROV;A;BQ;_Z;572;_Z;RISQUES;TOP6_AUT_GROUPES;NACE_R;PHNC;PC;2;0;N;P1Y;ACPR;E;F;A
ACPR.A.BQ.RISQUES.TX_PROV.572.PL.MENAGES_ENF.PHNC._Z.TOP6_AUT_GROUPES;2024;2024-01-01;2024-12-31;76,31;2025-10-22T14:00:31+00:00;ACPR;Taux de provisionnement en Pologne;Taux de provisionnement en Pologne;TX_PROV;A;BQ;_Z;572;PL;RISQUES;TOP6_AUT_GROUPES;MENAGES_ENF;PHNC;PC;2;0;N;P1Y;ACPR;E;F;A
ACPR.A.BQ.RISQUES.DEPOTS.43._Z.APU.SOLO._Z.TOTAL_SECTEUR;2024;2024-01-01;2024-12-31;46,75;2025-10-22T14:00:31+00:00;ACPR;Dépôts des administrations publiques;Dépôts des administrations publiques;DEPOTS;A;BQ;_Z;43;_Z;RISQUES;TOTAL_SECTEUR;APU;SOLO;EUR;2;9;N;P1Y;ACPR;E;F;A
ACPR.A.BQ.RISQUES.DEPOTS.43._Z.SNF.SOLO._Z.TOTAL_SECTEUR;2024;2024-01-01;2024-12-31;734,11;2025-10-22T14:00:31+00:00;ACPR;Dépôts des sociétés non financières;Dépôts des sociétés non financières;DEPOTS;A;BQ;_Z;43;_Z;RISQUES;TOTAL_SECTEUR;SNF;SOLO;EUR;2;9;N;P1Y;ACPR;E;F;A
ACPR.A.BQ.RISQUES.GB_FIN_TX_DOUT_MEN_ENF8967.39._Z.GE.PHNC._Z.TOP6_AUT_GROUPES;2024;2024-01-01;2024-12-31;29,46;2025-10-22T14:00:31+00:00;ACPR;Prêts et avances bruts non performants au coût amorti du secteur bancaire français (IFRS) - grandes entreprises;Prêts et avances bruts non performants au coût amorti du secteur bancaire français (IFRS) - grandes entreprises;GB_FIN_TX_DOUT_MEN_ENF8967;A;BQ;_Z;39;_Z;RISQUES;TOP6_AUT_GROUPES;GE;PHNC;EUR;2;9;N;P1Y;ACPR;E;F;A
ACPR.A.BQ.RISQUES.TB_FIN_NEGO_DERIVES9920.586._Z._Z.PHNC._Z._Z;2024;2024-01-01;2024-12-31;1471,57;2025-10-22T14:00:31+00:00;ACPR;Montants notionnels de dérivés sur crédit;Montants notionnels de dérivés sur crédit;TB_FIN_NEGO_DERIVES9920;A;BQ;_Z;586;_Z;RISQUES;_Z;_Z;PHNC;EUR;2;9;N;P1Y;ACPR;E;F;A
ACPR.A.BQ.RISQUES.DERIV_ACTIF_ORGA.46._Z._Z.PHNC._Z.TOP6_AUT_GROUPES;2024;2024-01-01;2024-12-31;18,5;2025-10-22T14:00:29+00:00;ACPR;Montant à l'actif de dérivés sur marchés organisés;Dérivés sur marchés organisés (Actif);DERIV_ACTIF_ORGA;A;BQ;_Z;46;_Z;RISQUES;TOP6_AUT_GROUPES;_Z;PHNC;EUR;2;9;N;P1Y;ACPR;E;F;A
ACPR.A.BQ.RISQUES.CRED_AUT.32._Z.SNF.SOLO._Z.TOTAL_SECTEUR;2024;2024-01-01;2024-12-31;46,48;2025-10-22T14:00:28+00:00;ACPR;Autres crédits aux sociétés non financières;Autres crédits aux sociétés non financières;CRED_AUT;A;BQ;_Z;32;_Z;RISQUES;TOTAL_SECTEUR;SNF;SOLO;EUR;2;9;N;P1Y;ACPR;E;F;A
ACPR.A.BQ.RISQUES.CRED_CLIENT.34.ES.MENAGES.PHNC._Z.TOP6_AUT_GROUPES;2024;2024-01-01;2024-12-31;21,5;2025-10-22T14:00:28+00:00;ACPR;Crédits aux ménages - Espagne;Crédits aux ménages - Espagne;CRED_CLIENT;A;BQ;_Z;34;ES;RISQUES;TOP6_AUT_GROUPES;MENAGES;PHNC;EUR;2;9;N;P1Y;ACPR;E;F;A
ACPR.A.BQ.RISQUES.GB_FIN_NEGO_PASSIF_9850.188._Z._Z.PHNC._Z.TOP6_AUT_GROUPES;2024;2024-01-01;2024-12-31;710,13;2025-10-22T14:00:29+00:00;ACPR;Dépôts yc les opérations de pensions livrés sur titres dans le portefeuille de négociation coté passif;Dépôts yc les opérations de pensions livrés sur titres dans le portefeuille de négociation coté passif;GB_FIN_NEGO_PASSIF_9850;A;BQ;_Z;188;_Z;RISQUES;TOP6_AUT_GROUPES;_Z;PHNC;EUR;2;9;N;P1Y;ACPR;E;F;A
ACPR.A.BQ.RISQUES.GB_FIN_NEGO_PASSIF_9852.190._Z._Z.PHNC._Z.TOP6_AUT_GROUPES;2024;2024-01-01;2024-12-31;45,54;2025-10-22T14:00:29+00:00;ACPR;Autres passifs financiers dans le portefeuille de négociation coté passif;Autres passifs financiers dans le portefeuille de négociation coté passif;GB_FIN_NEGO_PASSIF_9852;A;BQ;_Z;190;_Z;RISQUES;TOP6_AUT_GROUPES;_Z;PHNC;EUR;2;9;N;P1Y;ACPR;E;F;A
ACPR.A.BQ.RISQUES.CRED_BAIL.33._Z.APU.SOLO._Z.TOTAL_SECTEUR;2023;2023-01-01;2023-12-31;1,56;2025-03-18T17:10:26+00:00;ACPR;Crédit-bail et opérations assimilées aux administrations publiques;Crédit-bail et opérations assimilées aux administrations publiques;CRED_BAIL;A;BQ;_Z;33;_Z;RISQUES;TOTAL_SECTEUR;APU;SOLO;EUR;2;9;N;P1Y;ACPR;E;F;A
ACPR.A.BQ.RISQUES.ACT_PTF_NEGO.3._Z.ENF.PHNC._Z.TOP6_AUT_GROUPES;2023;2023-01-01;2023-12-31;154,61;2025-03-18T17:10:26+00:00;ACPR;Instruments de capitaux propres des entreprises non financières dans le portefeuille de négociation;Instruments de capitaux propres des entreprises non financières dans le portefeuille de négociation;ACT_PTF_NEGO;A;BQ;_Z;3;_Z;RISQUES;TOP6_AUT_GROUPES;ENF;PHNC;EUR;2;9;N;P1Y;ACPR;E;F;A
ACPR.A.BQ.RISQUES.CRED_COD.30._Z._Z.SOLO._Z.TOTAL_SECTEUR;2023;2023-01-01;2023-12-31;43,62;2025-03-18T17:10:27+00:00;ACPR;Comptes ordinaires débiteurs à l'ensemble de la clientèle non financière;Comptes ordinaires débiteurs à l'ensemble de la clientèle non financière;CRED_COD;A;BQ;_Z;30;_Z;RISQUES;TOTAL_SECTEUR;_Z;SOLO;EUR;2;9;N;P1Y;ACPR;E;F;A
ACPR.A.BQ.RISQUES.CREDITS_BRUTS.39._Z.NACE_O.PHNC._Z.TOP6_AUT_GROUPES;2023;2023-01-01;2023-12-31;3,55;2025-03-18T17:10:27+00:00;ACPR;Crédits bruts aux entreprises du secteur de l'administration publique;Crédits bruts aux entreprises du secteur de l'administration publique;CREDITS_BRUTS;A;BQ;_Z;39;_Z;RISQUES;TOP6_AUT_GROUPES;NACE_O;PHNC;EUR;2;9;N;P1Y;ACPR;E;F;A
ACPR.A.BQ.RISQUES.TX_PROV.572.CH.MENAGES_ENF.PHNC._Z.TOP6_AUT_GROUPES;2023;2023-01-01;2023-12-31;37,92;2025-03-18T17:10:29+00:00;ACPR;Taux de provisionnement en Suisse;Taux de provisionnement en Suisse;TX_PROV;A;BQ;_Z;572;CH;RISQUES;TOP6_AUT_GROUPES;MENAGES_ENF;PHNC;PC;2;0;N;P1Y;ACPR;E;F;A
ACPR.A.BQ.RISQUES.TX_PROV_NPL.573._Z.MENAGES_ENF.PHNC._Z.TOP6_AUT_GROUPES;2023;2023-01-01;2023-12-31;1,26;2025-03-18T17:10:29+00:00;ACPR;Poids des provisions des prêts non performants aux ménages et aux entreprises non financières;Poids des provisions des prêts non performants aux ménages et aux entreprises non financières;TX_PROV_NPL;A;BQ;_Z;573;_Z;RISQUES;TOP6_AUT_GROUPES;MENAGES_ENF;PHNC;PC;2;0;N;P1Y;ACPR;E;F;A
ACPR.A.BQ.RISQUES.CREDITS_BRUTS.39._Z.NACE_N.PHNC._Z.TOP6_AUT_GROUPES;2023;2023-01-01;2023-12-31;103,08;2025-03-18T17:10:27+00:00;ACPR;Crédits bruts aux entreprises du secteur de l'activité de services administratifs et de soutien;Crédits bruts aux entreprises du secteur de l'activité de services administratifs et de soutien;CREDITS_BRUTS;A;BQ;_Z;39;_Z;RISQUES;TOP6_AUT_GROUPES;NACE_N;PHNC;EUR;2;9;N;P1Y;ACPR;E;F;A
ACPR.A.BQ.RISQUES.DERIV_PASSIF_GRE_GRE.49._Z._Z.PHNC._Z.TOP6_AUT_GROUPES;2023;2023-01-01;2023-12-31;586,36;2025-03-18T17:10:27+00:00;ACPR;Montant au passif de dérivés de gré à gré;Passif de dérivés de gré à gré;DERIV_PASSIF_GRE_GRE;A;BQ;_Z;49;_Z;RISQUES;TOP6_AUT_GROUPES;_Z;PHNC;EUR;2;9;N;P1Y;ACPR;E;F;A
ACPR.A.BQ.RISQUES.GB_FIN_NEGO_ACTIF_9847.183._Z._Z.PHNC._Z.TOP6_AUT_GROUPES;2023;2023-01-01;2023-12-31;701,38;2025-03-18T17:10:28+00:00;ACPR;Prêts et avances yc les operations de pensions sur titres coté actif;Prêts et avances yc les operations de pensions sur titres coté actif;GB_FIN_NEGO_ACTIF_9847;A;BQ;_Z;183;_Z;RISQUES;TOP6_AUT_GROUPES;_Z;PHNC;EUR;2;9;N;P1Y;ACPR;E;F;A
ACPR.A.BQ.RISQUES.CRED_CLIENT.34._Z.APU.PHNC._Z.TOP6_AUT_GROUPES;2023;2023-01-01;2023-12-31;418,37;2025-03-18T17:10:26+00:00;ACPR;Administrations publiques (crédits nets);Administrations publiques (crédits nets);CRED_CLIENT;A;BQ;_Z;34;_Z;RISQUES;TOP6_AUT_GROUPES;APU;PHNC;EUR;2;9;N;P1Y;ACPR;E;F;A
ACPR.A.BQ.RISQUES.OBLIG_PTF_NEGO.238._Z.EF.PHNC._Z.TOP6_AUT_GROUPES;2023;2023-01-01;2023-12-31;15,02;2025-03-18T17:10:28+00:00;ACPR;Titre de créances émis par les autres entreprises financières dans le portefeuille de négociation;Titre de créances émis par les autres entreprises financières dans le portefeuille de négociation;OBLIG_PTF_NEGO;A;BQ;_Z;238;_Z;RISQUES;TOP6_AUT_GROUPES;EF;PHNC;EUR;2;9;N;P1Y;ACPR;E;F;A
ACPR.A.BQ.RISQUES.GB_FIN_TX_DOUT_MEN_ENF8961.39._Z.ENF.PHNC._Z.TOP6_AUT_GROUPES;2023;2023-01-01;2023-12-31;1947,36;2025-03-31T08:10:37+00:00;ACPR;Prêts et avances bruts au coût amorti du secteur bancaire français (IFRS) - entreprises non financières;Prêts et avances bruts au coût amorti du secteur bancaire français (IFRS) - entreprises non financières;GB_FIN_TX_DOUT_MEN_ENF8961;A;BQ;_Z;39;_Z;RISQUES;TOP6_AUT_GROUPES;ENF;PHNC;EUR;2;9;N;P1Y;ACPR;E;F;A
ACPR.A.BQ.RISQUES.GB_FIN_TX_DOUT_MEN_ENF8962.39._Z.PME.PHNC._Z.TOP6_AUT_GROUPES;2023;2023-01-01;2023-12-31;909,08;2025-03-31T08:10:37+00:00;ACPR;Prêts et avances bruts au coût amorti du secteur bancaire français (IFRS) - PME;Prêts et avances bruts au coût amorti du secteur bancaire français (IFRS) - PME;GB_FIN_TX_DOUT_MEN_ENF8962;A;BQ;_Z;39;_Z;RISQUES;TOP6_AUT_GROUPES;PME;PHNC;EUR;2;9;N;P1Y;ACPR;E;F;A
ACPR.A.BQ.RISQUES.DT_PL_PTF_NEGO.58._Z.MENAGES.PHNC._Z.TOP6_AUT_GROUPES;2023;2023-01-01;2023-12-31;0,0;2025-03-18T17:10:28+00:00;ACPR;Dépôts et titres des Ménages donnés en pension livrée du portefeuille de négociation;Dépôts et titres des Ménages donnés en pension livrée du portefeuille de négociation;DT_PL_PTF_NEGO;A;BQ;_Z;58;_Z;RISQUES;TOP6_AUT_GROUPES;MENAGES;PHNC;EUR;2;9;N;P1Y;ACPR;E;F;A
ACPR.A.BQ.RISQUES.LOANS_PTF_NEGO.222._Z.EC.PHNC._Z.TOP6_AUT_GROUPES;2023;2023-01-01;2023-12-31;217,1;2025-03-18T17:10:28+00:00;ACPR;Prêts aux Établissements de crédit dans le portefeuille de négociation;Prêts aux Établissements de crédit dans le portefeuille de négociation;LOANS_PTF_NEGO;A;BQ;_Z;222;_Z;RISQUES;TOP6_AUT_GROUPES;EC;PHNC;EUR;2;9;N;P1Y;ACPR;E;F;A
ACPR.A.BQ.RISQUES.OBLIG_PTF_NEGO.238._Z.EC.PHNC._Z.TOP6_AUT_GROUPES;2023;2023-01-01;2023-12-31;14,71;2025-03-18T17:10:28+00:00;ACPR;Titre de créances émis par les établissements de crédit dans le portefeuille de négociation;Titre de créances émis par les établissements de crédit dans le portefeuille de négociation;OBLIG_PTF_NEGO;A;BQ;_Z;238;_Z;RISQUES;TOP6_AUT_GROUPES;EC;PHNC;EUR;2;9;N;P1Y;ACPR;E;F;A
ACPR.A.BQ.RISQUES.TB_FIN_NEGO_DERIVE_CREDIT10017.469._Z._Z.PHNC._Z.TOP6_AUT_GROUPES;2023;2023-01-01;2023-12-31;0,42;2025-03-18T17:10:28+00:00;ACPR;Dérivés de crédit sur transfert de rendement (Total return swaps) à l'actif;Dérivés de crédit sur transfert de rendement (Total return swaps) à l'actif;TB_FIN_NEGO_DERIVE_CREDIT10017;A;BQ;_Z;469;_Z;RISQUES;TOP6_AUT_GROUPES;_Z;PHNC;EUR;2;9;N;P1Y;ACPR;E;F;A
ACPR.A.BQ.RISQUES.TB_FIN_NEGO_DERIVES9932.480._Z._Z.PHNC._Z.TOP6_AUT_GROUPES;2023;2023-01-01;2023-12-31;276,21;2025-03-18T17:10:28+00:00;ACPR;Montant au passif de dérivés sur taux d'intérêt;Montant au passif de dérivés sur taux d'intérêt;TB_FIN_NEGO_DERIVES9932;A;BQ;_Z;480;_Z;RISQUES;TOP6_AUT_GROUPES;_Z;PHNC;EUR;2;9;N;P1Y;ACPR;E;F;A
ACPR.A.BQ.RISQUES.TX_NPL.569._Z.NACE_L.PHNC._Z.TOP6_AUT_GROUPES;2023;2023-01-01;2023-12-31;2,44;2025-03-18T17:10:28+00:00;ACPR;Taux de prêts non performants du secteur des activités immobilières;Taux de prêts non performants du secteur des activités immobilières;TX_NPL;A;BQ;_Z;569;_Z;RISQUES;TOP6_AUT_GROUPES;NACE_L;PHNC;PC;2;0;N;P1Y;ACPR;E;F;A
ACPR.A.BQ.RISQUES.TX_NPL.569._Z.NACE_R.PHNC._Z.TOP6_AUT_GROUPES;2023;2023-01-01;2023-12-31;5,8;2025-03-18T17:10:29+00:00;ACPR;Taux de prêts non performants du secteur des arts, spectacles et activités récréatives;Taux de prêts non performants du secteur des arts, spectacles et activités récréatives;TX_NPL;A;BQ;_Z;569;_Z;RISQUES;TOP6_AUT_GROUPES;NACE_R;PHNC;PC;2;0;N;P1Y;ACPR;E;F;A
ACPR.A.BQ.RISQUES.TX_NPL.569.LU.MENAGES_ENF.PHNC._Z.TOP6_AUT_GROUPES;2023;2023-01-01;2023-12-31;1,17;2025-03-18T17:10:29+00:00;ACPR;Taux de prêts non performants au Luxembourg;Taux de prêts non performants au Luxembourg;TX_NPL;A;BQ;_Z;569;LU;RISQUES;TOP6_AUT_GROUPES;MENAGES_ENF;PHNC;PC;2;0;N;P1Y;ACPR;E;F;A
ACPR.A.BQ.RISQUES.TX_NPL.569.US.MENAGES_ENF.PHNC._Z.TOP6_AUT_GROUPES;2023;2023-01-01;2023-12-31;1,67;2025-03-18T17:10:29+00:00;ACPR;Taux de prêts non performants aux Etats-Unis;Taux de prêts non performants aux Etats-Unis;TX_NPL;A;BQ;_Z;569;US;RISQUES;TOP6_AUT_GROUPES;MENAGES_ENF;PHNC;PC;2;0;N;P1Y;ACPR;E;F;A
ACPR.A.BQ.RISQUES.TB_FIN_NEGO_DERIVES9920.586._Z._Z.PHNC._Z._Z;2023;2023-01-01;2023-12-31;1273,19;2025-09-17T10:00:30+00:00;ACPR;Montants notionnels de dérivés sur crédit;Montants notionnels de dérivés sur crédit;TB_FIN_NEGO_DERIVES9920;A;BQ;_Z;586;_Z;RISQUES;_Z;_Z;PHNC;EUR;2;9;N;P1Y;ACPR;E;F;A
ACPR.A.BQ.RISQUES.TB_FIN_NEGO_DERIVES9922.588._Z._Z.PHNC._Z._Z;2023;2023-01-01;2023-12-31;408,47;2025-09-17T10:00:30+00:00;ACPR;Montants notionnels de dérivés (autres y compris matières premières);Montants notionnels de dérivés (autres y compris matières premières);TB_FIN_NEGO_DERIVES9922;A;BQ;_Z;588;_Z;RISQUES;_Z;_Z;PHNC;EUR;2;9;N;P1Y;ACPR;E;F;A
ACPR.A.BQ.RISQUES.OBLIG_PTF_NEGO.238._Z.BC.PHNC._Z.TOP6_AUT_GROUPES;2023;2023-01-01;2023-12-31;0,77;2025-03-18T17:10:28+00:00;ACPR;Titre de créances émis par les banques centrales dans le portefeuille de négociation;Titre de créances émis par les banques centrales dans le portefeuille de négociation;OBLIG_PTF_NEGO;A;BQ;_Z;238;_Z;RISQUES;TOP6_AUT_GROUPES;BC;PHNC;EUR;2;9;N;P1Y;ACPR;E;F;A
ACPR.A.BQ.RISQUES.TB_FIN_NEGO_DERIVE_CREDIT10015.467._Z._Z.PHNC._Z.TOP6_AUT_GROUPES;2023;2023-01-01;2023-12-31;0,03;2025-03-18T17:10:28+00:00;ACPR;Options sur écart de crédit (Credit spread options) à l'actif;Options sur écart de crédit (Credit spread options) à l'actif;TB_FIN_NEGO_DERIVE_CREDIT10015;A;BQ;_Z;467;_Z;RISQUES;TOP6_AUT_GROUPES;_Z;PHNC;EUR;2;9;N;P1Y;ACPR;E;F;A
ACPR.A.BQ.RISQUES.TX_NPL_APRES_PROV.570._Z.GE.PHNC._Z.TOP6_AUT_GROUPES;2023;2023-01-01;2023-12-31;1,72;2025-03-18T17:10:29+00:00;ACPR;Poids des prêts non performants nets des provisions aux grandes entreprises;Poids des prêts non performants nets des provisions aux grandes entreprises;TX_NPL_APRES_PROV;A;BQ;_Z;570;_Z;RISQUES;TOP6_AUT_GROUPES;GE;PHNC;PC;2;0;N;P1Y;ACPR;E;F;A
ACPR.A.BQ.RISQUES.TX_PROV.572._Z.NACE_A.PHNC._Z.TOP6_AUT_GROUPES;2023;2023-01-01;2023-12-31;95,11;2025-03-18T17:10:29+00:00;ACPR;Taux de provisionnement du secteur de l'agriculture, sylviculture et pêche;Taux de provisionnement du secteur de l'agriculture, sylviculture et pêche;TX_PROV;A;BQ;_Z;572;_Z;RISQUES;TOP6_AUT_GROUPES;NACE_A;PHNC;PC;2;0;N;P1Y;ACPR;E;F;A
ACPR.A.BQ.RISQUES.TX_PROV.572._Z.NACE_G.PHNC._Z.TOP6_AUT_GROUPES;2023;2023-01-01;2023-12-31;67,25;2025-03-18T17:10:29+00:00;ACPR;Taux de provisionnement du secteur du commerce;Taux de provisionnement du secteur du commerce;TX_PROV;A;BQ;_Z;572;_Z;RISQUES;TOP6_AUT_GROUPES;NACE_G;PHNC;PC;2;0;N;P1Y;ACPR;E;F;A
ACPR.A.BQ.RISQUES.TX_PROV_NPL.573._Z.MENAGES.PHNC._Z.TOP6_AUT_GROUPES;2023;2023-01-01;2023-12-31;0,96;2025-03-18T17:10:29+00:00;ACPR;Poids des provisions des prêts non performants aux ménages;Poids des provisions des prêts non performants aux ménages;TX_PROV_NPL;A;BQ;_Z;573;_Z;RISQUES;TOP6_AUT_GROUPES;MENAGES;PHNC;PC;2;0;N;P1Y;ACPR;E;F;A
ACPR.A.BQ.RISQUES.DEPOTS.43._Z.SNF.SOLO._Z.TOTAL_SECTEUR;2023;2023-01-01;2023-12-31;753,32;2025-03-20T09:10:29+00:00;ACPR;Dépôts des sociétés non financières;Dépôts des sociétés non financières;DEPOTS;A;BQ;_Z;43;_Z;RISQUES;TOTAL_SECTEUR;SNF;SOLO;EUR;2;9;N;P1Y;ACPR;E;F;A
ACPR.A.BQ.RISQUES.CRED_CLIENT.34.LU.MENAGES.PHNC._Z.TOP6_AUT_GROUPES;2023;2023-01-01;2023-12-31;10,04;2025-03-18T17:10:27+00:00;ACPR;Crédits aux ménages - Luxembourg;Crédits aux ménages - Luxembourg;CRED_CLIENT;A;BQ;_Z;34;LU;RISQUES;TOP6_AUT_GROUPES;MENAGES;PHNC;EUR;2;9;N;P1Y;ACPR;E;F;A
ACPR.A.BQ.RISQUES.CREDITS_BRUTS.39._Z.NACE_A.PHNC._Z.TOP6_AUT_GROUPES;2023;2023-01-01;2023-12-31;72,79;2025-03-18T17:10:27+00:00;ACPR;Crédits bruts aux entreprises du secteur de l'agriculture, sylviculture et pêche;Crédits bruts aux entreprises du secteur de l'agriculture, sylviculture et pêche;CREDITS_BRUTS;A;BQ;_Z;39;_Z;RISQUES;TOP6_AUT_GROUPES;NACE_A;PHNC;EUR;2;9;N;P1Y;ACPR;E;F;A
ACPR.A.BQ.RISQUES.CREDITS_BRUTS.39._Z.NACE_F.PHNC._Z.TOP6_AUT_GROUPES;2023;2023-01-01;2023-12-31;88,96;2025-03-18T17:10:27+00:00;ACPR;Crédits bruts aux entreprises du secteur de la construction;Crédits bruts aux entreprises du secteur de la construction;CREDITS_BRUTS;A;BQ;_Z;39;_Z;RISQUES;TOP6_AUT_GROUPES;NACE_F;PHNC;EUR;2;9;N;P1Y;ACPR;E;F;A
ACPR.A.BQ.RISQUES.TX_PROV.572._Z.NACE_Q.PHNC._Z.TOP6_AUT_GROUPES;2023;2023-01-01;2023-12-31;25,98;2025-03-18T17:10:29+00:00;ACPR;Taux de provisionnement du secteur de la santé humaine et action sociale;Taux de provisionnement du secteur de la santé humaine et action sociale;TX_PROV;A;BQ;_Z;572;_Z;RISQUES;TOP6_AUT_GROUPES;NACE_Q;PHNC;PC;2;0;N;P1Y;ACPR;E;F;A
ACPR.A.BQ.RISQUES.TX_PROV.572.FR.MENAGES_ENF.PHNC._Z.TOP6_AUT_GROUPES;2023;2023-01-01;2023-12-31;65,88;2025-03-18T17:10:29+00:00;ACPR;Taux de provisionnement en France;Taux de provisionnement en France;TX_PROV;A;BQ;_Z;572;FR;RISQUES;TOP6_AUT_GROUPES;MENAGES_ENF;PHNC;PC;2;0;N;P1Y;ACPR;E;F;A
ACPR.A.BQ.RISQUES.TX_PROV.572.PL.MENAGES_ENF.PHNC._Z.TOP6_AUT_GROUPES;2023;2023-01-01;2023-12-31;82,37;2025-03-18T17:10:29+00:00;ACPR;Taux de provisionnement en Pologne;Taux de provisionnement en Pologne;TX_PROV;A;BQ;_Z;572;PL;RISQUES;TOP6_AUT_GROUPES;MENAGES_ENF;PHNC;PC;2;0;N;P1Y;ACPR;E;F;A
ACPR.A.BQ.RISQUES.GB_FIN_TX_DOUT_MEN_ENF8968.39._Z.MENAGES.PHNC._Z.TOP6_AUT_GROUPES;2023;2023-01-01;2023-12-31;43,52;2025-03-31T08:10:37+00:00;ACPR;Prêts et avances bruts non performants au coût amorti du secteur bancaire français (IFRS) - ménages;Prêts et avances bruts non performants au coût amorti du secteur bancaire français (IFRS) - ménages;GB_FIN_TX_DOUT_MEN_ENF8968;A;BQ;_Z;39;_Z;RISQUES;TOP6_AUT_GROUPES;MENAGES;PHNC;EUR;2;9;N;P1Y;ACPR;E;F;A
ACPR.A.BQ.RISQUES.ACT_PTF_NEGO.3._Z.EC.PHNC._Z.TOP6_AUT_GROUPES;2023;2023-01-01;2023-12-31;20,36;2025-10-22T14:00:27+00:00;ACPR;Instruments de capitaux propres des établissements de crédit dans le portefeuille de négociation;Instruments de capitaux propres des établissements de crédit dans le portefeuille de négociation;ACT_PTF_NEGO;A;BQ;_Z;3;_Z;RISQUES;TOP6_AUT_GROUPES;EC;PHNC;EUR;2;9;N;P1Y;ACPR;E;F;A
ACPR.A.BQ.RISQUES.CRED_CLIENT.34._Z.NACE_I.PHNC._Z.TOP6_AUT_GROUPES;2023;2023-01-01;2023-12-31;45,48;2025-03-18T17:10:26+00:00;ACPR;Crédits au secteur de l'hébergement et restauration;Crédits au secteur de l'hébergement et restauration;CRED_CLIENT;A;BQ;_Z;34;_Z;RISQUES;TOP6_AUT_GROUPES;NACE_I;PHNC;EUR;2;9;N;P1Y;ACPR;E;F;A
ACPR.A.BQ.RISQUES.CRED_CLIENT.34._Z.NACE_S.PHNC._Z.TOP6_AUT_GROUPES;2023;2023-01-01;2023-12-31;77,38;2025-03-18T17:10:27+00:00;ACPR;Crédits au secteur des autres activités de services;Crédits au secteur des autres activités de services;CRED_CLIENT;A;BQ;_Z;34;_Z;RISQUES;TOP6_AUT_GROUPES;NACE_S;PHNC;EUR;2;9;N;P1Y;ACPR;E;F;A
ACPR.A.BQ.RISQUES.S1_ENFCA.660._Z.ENF.PHNC._Z.TOP6_AUT_GROUPES;2023;2023-01-01;2023-12-31;1625,02;2025-03-31T08:10:38+00:00;ACPR;Encours de prêts et avances (brut comptable) aux entreprises non financières en stade 1 - coût amorti;Encours de prêts et avances (brut comptable) aux entreprises non financières en stade 1 - coût amorti;S1_ENFCA;A;BQ;_Z;660;_Z;RISQUES;TOP6_AUT_GROUPES;ENF;PHNC;EUR;2;9;N;P1Y;ACPR;E;F;A
ACPR.A.BQ.RISQUES.TX_NPL_APRES_PROV.570._Z.MENAGES_ENF.PHNC._Z.TOP6_AUT_GROUPES;2023;2023-01-01;2023-12-31;1,57;2025-03-18T17:10:29+00:00;ACPR;Poids des prêts non performants nets des provisions aux ménages et aux entreprises non financières;Poids des prêts non performants nets des provisions aux ménages et aux entreprises non financières;TX_NPL_APRES_PROV;A;BQ;_Z;570;_Z;RISQUES;TOP6_AUT_GROUPES;MENAGES_ENF;PHNC;PC;2;0;N;P1Y;ACPR;E;F;A
ACPR.A.BQ.RISQUES.DT_PL_PTF_NEGO.58._Z.APU.PHNC._Z.TOP6_AUT_GROUPES;2023;2023-01-01;2023-12-31;46,51;2025-03-18T17:10:27+00:00;ACPR;Dépôts et titres des Administrations Publiques donnés en pension livrée du portefeuille de négociation;Dépôts et titres des Administrations Publiques donnés en pension livrée du portefeuille de négociation;DT_PL_PTF_NEGO;A;BQ;_Z;58;_Z;RISQUES;TOP6_AUT_GROUPES;APU;PHNC;EUR;2;9;N;P1Y;ACPR;E;F;A
ACPR.A.BQ.RISQUES.DT_PL_PTF_NEGO.58._Z.EF.PHNC._Z.TOP6_AUT_GROUPES;2023;2023-01-01;2023-12-31;361,66;2025-03-18T17:10:27+00:00;ACPR;Dépôts et titres des autres entreprises financières donnés en pension livrée du portefeuille de négociation;Dépôts et titres des autres entreprises financières donnés en pension livrée du portefeuille de négociation;DT_PL_PTF_NEGO;A;BQ;_Z;58;_Z;RISQUES;TOP6_AUT_GROUPES;EF;PHNC;EUR;2;9;N;P1Y;ACPR;E;F;A
ACPR.A.BQ.RISQUES.TB_FIN_NEGO_DERIVE_CREDIT10000.458._Z._Z.PHNC._Z.TOP6_AUT_GROUPES;2023;2023-01-01;2023-12-31;615,11;2025-03-18T17:10:28+00:00;ACPR;Achats de contrats d'échange de risque de crédit (CDS) En notionnel;Achats de contrats d'échange de risque de crédit (CDS) En notionnel;TB_FIN_NEGO_DERIVE_CREDIT10000;A;BQ;_Z;458;_Z;RISQUES;TOP6_AUT_GROUPES;_Z;PHNC;EUR;2;9;N;P1Y;ACPR;E;F;A
ACPR.A.BQ.RISQUES.TX_PROV.572.US.MENAGES_ENF.PHNC._Z.TOP6_AUT_GROUPES;2023;2023-01-01;2023-12-31;42,17;2025-03-18T17:10:29+00:00;ACPR;Taux de provisionnement aux Etats-Unis;Taux de provisionnement aux Etats-Unis;TX_PROV;A;BQ;_Z;572;US;RISQUES;TOP6_AUT_GROUPES;MENAGES_ENF;PHNC;PC;2;0;N;P1Y;ACPR;E;F;A
ACPR.A.BQ.RISQUES.CREDITS_BRUTS_MENAGES_ENF_PAYS.40.GB.MENAGES_ENF.PHNC._Z.TOP6_AUT_GROUPES;2023;2023-01-01;2023-12-31;86,3;2025-03-18T17:10:27+00:00;ACPR;Crédits bruts aux ménages et entreprises non financières au Royaume uni;Crédits bruts aux ménages et entreprises non financières au Royaume uni;CREDITS_BRUTS_MENAGES_ENF_PAYS;A;BQ;_Z;40;GB;RISQUES;TOP6_AUT_GROUPES;MENAGES_ENF;PHNC;EUR;2;9;N;P1Y;ACPR;E;F;A
ACPR.A.BQ.RISQUES.TB_FIN_NEGO_DERIVE_CREDIT10013.465._Z._Z.PHNC._Z.TOP6_AUT_GROUPES;2023;2023-01-01;2023-12-31;12,81;2025-03-18T17:10:28+00:00;ACPR;Contrats d'échange de risque de crédit (CDS) à l'actif;Contrats d'échange de risque de crédit (CDS) à l'actif;TB_FIN_NEGO_DERIVE_CREDIT10013;A;BQ;_Z;465;_Z;RISQUES;TOP6_AUT_GROUPES;_Z;PHNC;EUR;2;9;N;P1Y;ACPR;E;F;A
ACPR.A.BQ.RISQUES.TX_NPL.569.IT.MENAGES_ENF.PHNC._Z.TOP6_AUT_GROUPES;2023;2023-01-01;2023-12-31;3,68;2025-03-18T17:10:29+00:00;ACPR;Taux de prêts non performants en Italie;Taux de prêts non performants en Italie;TX_NPL;A;BQ;_Z;569;IT;RISQUES;TOP6_AUT_GROUPES;MENAGES_ENF;PHNC;PC;2;0;N;P1Y;ACPR;E;F;A
ACPR.A.BQ.RISQUES.GB_FIN_NEGO_PASSIF_9852.190._Z._Z.PHNC._Z.TOP6_AUT_GROUPES;2023;2023-01-01;2023-12-31;45,05;2025-03-18T17:10:28+00:00;ACPR;Autres passifs financiers dans le portefeuille de négociation coté passif;Autres passifs financiers dans le portefeuille de négociation coté passif;GB_FIN_NEGO_PASSIF_9852;A;BQ;_Z;190;_Z;RISQUES;TOP6_AUT_GROUPES;_Z;PHNC;EUR;2;9;N;P1Y;ACPR;E;F;A
ACPR.A.BQ.RISQUES.CRED_CLIENT.34._Z.EF.PHNC._Z.TOP6_AUT_GROUPES;2023;2023-01-01;2023-12-31;230,23;2025-03-18T17:10:26+00:00;ACPR;Entreprises financières (crédits nets);Entreprises financières (crédits nets);CRED_CLIENT;A;BQ;_Z;34;_Z;RISQUES;TOP6_AUT_GROUPES;EF;PHNC;EUR;2;9;N;P1Y;ACPR;E;F;A
ACPR.A.BQ.RISQUES.CRED_CLIENT.34._Z.NACE_J.PHNC._Z.TOP6_AUT_GROUPES;2023;2023-01-01;2023-12-31;63,19;2025-03-18T17:10:26+00:00;ACPR;Crédits au secteur de l'information et communication;Crédits au secteur de l'information et communication;CRED_CLIENT;A;BQ;_Z;34;_Z;RISQUES;TOP6_AUT_GROUPES;NACE_J;PHNC;EUR;2;9;N;P1Y;ACPR;E;F;A
ACPR.A.BQ.RISQUES.CRED_CLIENT.34.US.ENF.PHNC._Z.TOP6_AUT_GROUPES;2023;2023-01-01;2023-12-31;114,92;2025-03-18T17:10:27+00:00;ACPR;Crédits aux entreprises non financières - États-Unis;Crédits aux entreprises non financières - États-Unis;CRED_CLIENT;A;BQ;_Z;34;US;RISQUES;TOP6_AUT_GROUPES;ENF;PHNC;EUR;2;9;N;P1Y;ACPR;E;F;A
ACPR.A.BQ.RISQUES.TX_PROV.572._Z.NACE_P.PHNC._Z.TOP6_AUT_GROUPES;2023;2023-01-01;2023-12-31;56,76;2025-03-18T17:10:29+00:00;ACPR;Taux de provisionnement du secteur de l'enseignement;Taux de provisionnement du secteur de l'enseignement;TX_PROV;A;BQ;_Z;572;_Z;RISQUES;TOP6_AUT_GROUPES;NACE_P;PHNC;PC;2;0;N;P1Y;ACPR;E;F;A
ACPR.A.BQ.RISQUES.TX_PROV.572._Z.NACE_S.PHNC._Z.TOP6_AUT_GROUPES;2023;2023-01-01;2023-12-31;106,07;2025-03-18T17:10:29+00:00;ACPR;Taux de provisionnement du secteur des autres activités de services;Taux de provisionnement du secteur des autres activités de services;TX_PROV;A;BQ;_Z;572;_Z;RISQUES;TOP6_AUT_GROUPES;NACE_S;PHNC;PC;2;0;N;P1Y;ACPR;E;F;A
ACPR.A.BQ.RISQUES.DERIV_ACTIF_GRE_GRE.45._Z.EC.PHNC._Z.TOP6_AUT_GROUPES;2023;2023-01-01;2023-12-31;298,86;2025-10-22T14:00:29+00:00;ACPR;Montant à l'actif de dérivés de gré à gré avec établissements de crédit;Dérivés de gré à gré (Actifs) avec établissements de crédit;DERIV_ACTIF_GRE_GRE;A;BQ;_Z;45;_Z;RISQUES;TOP6_AUT_GROUPES;EC;PHNC;EUR;2;9;N;P1Y;ACPR;E;F;A
ACPR.A.BQ.RISQUES.ACT_PTF_NEGO.3._Z.AUTRES.PHNC._Z.TOP6_AUT_GROUPES;2023;2023-01-01;2023-12-31;0,98;2025-03-18T17:10:26+00:00;ACPR;Instruments de capitaux propres des autres entités dans le portefeuille de négociation;Instruments de capitaux propres des autres entités dans le portefeuille de négociation;ACT_PTF_NEGO;A;BQ;_Z;3;_Z;RISQUES;TOP6_AUT_GROUPES;AUTRES;PHNC;EUR;2;9;N;P1Y;ACPR;E;F;A
ACPR.A.BQ.RISQUES.CRED_CLIENT.34.IT.MENAGES.PHNC._Z.TOP6_AUT_GROUPES;2023;2023-01-01;2023-12-31;122,46;2025-03-18T17:10:27+00:00;ACPR;Crédits aux ménages - Italie;Crédits aux ménages - Italie;CRED_CLIENT;A;BQ;_Z;34;IT;RISQUES;TOP6_AUT_GROUPES;MENAGES;PHNC;EUR;2;9;N;P1Y;ACPR;E;F;A
ACPR.A.BQ.RISQUES.CRED_CLIENT.34._Z.NACE_C.PHNC._Z.TOP6_AUT_GROUPES;2023;2023-01-01;2023-12-31;247,71;2025-03-18T17:10:26+00:00;ACPR;Crédits au secteur des industrie manufacturière;Crédits au secteur des industrie manufacturière;CRED_CLIENT;A;BQ;_Z;34;_Z;RISQUES;TOP6_AUT_GROUPES;NACE_C;PHNC;EUR;2;9;N;P1Y;ACPR;E;F;A
ACPR.A.BQ.RISQUES.CREDITS_BRUTS.39._Z.NACE_Q.PHNC._Z.TOP6_AUT_GROUPES;2023;2023-01-01;2023-12-31;39,25;2025-03-18T17:10:27+00:00;ACPR;Crédits bruts aux entreprises du secteur de la santé humaine et action sociale;Crédits bruts aux entreprises du secteur de la santé humaine et action sociale;CREDITS_BRUTS;A;BQ;_Z;39;_Z;RISQUES;TOP6_AUT_GROUPES;NACE_Q;PHNC;EUR;2;9;N;P1Y;ACPR;E;F;A
ACPR.A.BQ.RISQUES.CREDITS_BRUTS_MENAGES_ENF_PAYS.40.US.MENAGES_ENF.PHNC._Z.TOP6_AUT_GROUPES;2023;2023-01-01;2023-12-31;117,59;2025-03-18T17:10:27+00:00;ACPR;Crédits bruts aux ménages et entreprises non financières aux états unis;Crédits bruts aux ménages et entreprises non financières aux Etats unis;CREDITS_BRUTS_MENAGES_ENF_PAYS;A;BQ;_Z;40;US;RISQUES;TOP6_AUT_GROUPES;MENAGES_ENF;PHNC;EUR;2;9;N;P1Y;ACPR;E;F;A
ACPR.A.BQ.RISQUES.S3_ENFCA.662._Z.ENF.PHNC._Z.TOP6_AUT_GROUPES;2023;2023-01-01;2023-12-31;71,4;2025-10-22T14:00:31+00:00;ACPR;Encours de prêts et avances (brut comptable) aux entreprises non financières en stade 3 - coût amorti;Encours de prêts et avances (brut comptable) aux entreprises non financières en stade 3 - coût amorti;S3_ENFCA;A;BQ;_Z;662;_Z;RISQUES;TOP6_AUT_GROUPES;ENF;PHNC;EUR;2;9;N;P1Y;ACPR;E;F;A
ACPR.A.BQ.RISQUES.ACTFR_CLIENT_RE_TTES_DEV2222.43._Z.SNF.SOLO._Z.TOTAL_SECTEUR;2023;2023-01-01;2023-12-31;472,49;2025-10-22T14:00:31+00:00;ACPR;Comptes ordinaires créditeursdes sociétés non financières;Comptes ordinaires créditeurs des sociétés non financières;ACTFR_CLIENT_RE_TTES_DEV2222;A;BQ;_Z;43;_Z;RISQUES;TOTAL_SECTEUR;SNF;SOLO;EUR;2;9;N;P1Y;ACPR;E;F;A
ACPR.A.BQ.RISQUES.ACTFR_CLIENT_RE_TTES_DEV2360.43._Z.MENAGES.SOLO._Z.TOTAL_SECTEUR;2023;2023-01-01;2023-12-31;134,71;2025-10-22T14:00:31+00:00;ACPR;Comptes à terme des ménages;Comptes à terme des ménages;ACTFR_CLIENT_RE_TTES_DEV2360;A;BQ;_Z;43;_Z;RISQUES;TOTAL_SECTEUR;MENAGES;SOLO;EUR;2;9;N;P1Y;ACPR;E;F;A
ACPR.A.BQ.RISQUES.TB_FIN_NEGO_DERIVES9931.479._Z._Z.PHNC._Z.TOP6_AUT_GROUPES;2023;2023-01-01;2023-12-31;2,62;2025-03-18T17:10:28+00:00;ACPR;Montant à l'actif de dérivés sur autres produits;Montant à l'actif de dérivés sur autres produits;TB_FIN_NEGO_DERIVES9931;A;BQ;_Z;479;_Z;RISQUES;TOP6_AUT_GROUPES;_Z;PHNC;EUR;2;9;N;P1Y;ACPR;E;F;A
ACPR.A.BQ.RISQUES.TX_PROV.572.DE.MENAGES_ENF.PHNC._Z.TOP6_AUT_GROUPES;2023;2023-01-01;2023-12-31;85,16;2025-03-18T17:10:29+00:00;ACPR;Taux de provisionnement en Allemagne;Taux de provisionnement en Allemagne;TX_PROV;A;BQ;_Z;572;DE;RISQUES;TOP6_AUT_GROUPES;MENAGES_ENF;PHNC;PC;2;0;N;P1Y;ACPR;E;F;A
ACPR.A.BQ.RISQUES.S2_ENFCA.661._Z.ENF.PHNC._Z.TOP6_AUT_GROUPES;2023;2023-01-01;2023-12-31;250,94;2025-03-31T08:10:38+00:00;ACPR;Encours de prêts et avances (brut comptable) aux entreprises non financières en stade 2 - coût amorti;Encours de prêts et avances (brut comptable) aux entreprises non financières en stade 2 - coût amorti;S2_ENFCA;A;BQ;_Z;661;_Z;RISQUES;TOP6_AUT_GROUPES;ENF;PHNC;EUR;2;9;N;P1Y;ACPR;E;F;A
ACPR.A.BQ.RISQUES.TX_NPL.569._Z.GE.PHNC._Z.TOP6_AUT_GROUPES;2023;2023-01-01;2023-12-31;3,01;2025-03-18T17:10:28+00:00;ACPR;Taux de prêts non performants aux grandes entreprises;Taux de prêts non performants aux grandes entreprises;TX_NPL;A;BQ;_Z;569;_Z;RISQUES;TOP6_AUT_GROUPES;GE;PHNC;PC;2;0;N;P1Y;ACPR;E;F;A
ACPR.A.BQ.RISQUES.DEPOTS.43._Z.HORS_EC_BC.PHNC._Z.TOP6_AUT_GROUPES;2023;2023-01-01;2023-12-31;4897,31;2025-10-22T14:00:29+00:00;ACPR;Dépôts  hors EC et banques centrales;Dépôts  hors EC et banques centrales;DEPOTS;A;BQ;_Z;43;_Z;RISQUES;TOP6_AUT_GROUPES;HORS_EC_BC;PHNC;EUR;2;9;N;P1Y;ACPR;E;F;A
ACPR.A.BQ.RISQUES.GB_FIN_NEGO_ACTIF_9845.181._Z._Z.PHNC._Z.TOP6_AUT_GROUPES;2023;2023-01-01;2023-12-31;209,21;2025-03-18T17:10:28+00:00;ACPR;Instruments de capitaux propres dans le portefeuille de négociation coté actif;Instruments de capitaux propres dans le portefeuille de négociation coté actif;GB_FIN_NEGO_ACTIF_9845;A;BQ;_Z;181;_Z;RISQUES;TOP6_AUT_GROUPES;_Z;PHNC;EUR;2;9;N;P1Y;ACPR;E;F;A
ACPR.A.BQ.RISQUES.TB_FIN_NEGO_DERIVES9935.483._Z._Z.PHNC._Z.TOP6_AUT_GROUPES;2023;2023-01-01;2023-12-31;14,78;2025-03-18T17:10:28+00:00;ACPR;Montant au passif de dérivés sur crédit;Montant au passif de dérivés sur crédit;TB_FIN_NEGO_DERIVES9935;A;BQ;_Z;483;_Z;RISQUES;TOP6_AUT_GROUPES;_Z;PHNC;EUR;2;9;N;P1Y;ACPR;E;F;A
ACPR.A.BQ.RISQUES.TB_FIN_NEGO_VENTE_OPTION9992.502._Z._Z.PHNC._Z.TOP6_AUT_GROUPES;2023;2023-01-01;2023-12-31;3515,9;2025-03-18T17:10:28+00:00;ACPR;Options achats et ventes sur Change et or;Options achats et ventes sur Change et or;TB_FIN_NEGO_VENTE_OPTION9992;A;BQ;_Z;502;_Z;RISQUES;TOP6_AUT_GROUPES;_Z;PHNC;EUR;2;9;N;P1Y;ACPR;E;F;A
ACPR.A.BQ.RISQUES.CRED_CLIENT.34._Z.BC.PHNC._Z.TOP6_AUT_GROUPES;2023;2023-01-01;2023-12-31;1118,9;2025-03-18T17:10:26+00:00;ACPR;Banques Centrales (crédits nets);Banques Centrales (crédits nets);CRED_CLIENT;A;BQ;_Z;34;_Z;RISQUES;TOP6_AUT_GROUPES;BC;PHNC;EUR;2;9;N;P1Y;ACPR;E;F;A
ACPR.A.BQ.RISQUES.ACTFR_CLIENT_RE_TTES_DEV2222.43._Z._Z.SOLO._Z.TOTAL_SECTEUR;2023;2023-01-01;2023-12-31;1060,15;2025-03-20T09:10:29+00:00;ACPR;Comptes ordinaires créditeurs de la clientèle non financière;Comptes ordinaires créditeurs de la clientèle non financière;ACTFR_CLIENT_RE_TTES_DEV2222;A;BQ;_Z;43;_Z;RISQUES;TOTAL_SECTEUR;_Z;SOLO;EUR;2;9;N;P1Y;ACPR;E;F;A
ACPR.A.BQ.RISQUES.CREDITS_BRUTS_MENAGES_ENF_PAYS.40.ETR.MENAGES_ENF.PHNC._Z.TOP6_AUT_GROUPES;2023;2023-01-01;2023-12-31;1296,09;2025-04-11T16:10:31+00:00;ACPR;Prêts aux ménages et aux sociétés non financières à l'étranger (brut comptable) du secteur bancaire français (IFRS);Prêts aux ménages et aux sociétés non financières à l'étranger (brut comptable) du secteur bancaire français (IFRS);CREDITS_BRUTS_MENAGES_ENF_PAYS;A;BQ;_Z;40;ETR;RISQUES;TOP6_AUT_GROUPES;MENAGES_ENF;PHNC;EUR;2;9;N;P1Y;ACPR;E;F;A
ACPR.A.BQ.RISQUES.S3_MCA_BASE100.662._Z.MENAGES.PHNC._Z.TOP6_AUT_GROUPES;2023;2023-01-01;2023-12-31;87,41;2025-10-22T14:00:31+00:00;ACPR;Encours de prêts et avances (brut comptable) aux ménages en stade 3 - coût amorti - base 100;Encours de prêts et avances (brut comptable) aux ménages en stade 3 - coût amorti - base 100;S3_MCA_BASE100;A;BQ;_Z;662;_Z;RISQUES;TOP6_AUT_GROUPES;MENAGES;PHNC;PC;2;0;N;P1Y;ACPR;E;F;A
ACPR.A.BQ.RISQUES.CRED_TRESO.38._Z.MENAGES.SOLO._Z.TOTAL_SECTEUR;2023;2023-01-01;2023-12-31;165,16;2025-03-18T17:10:27+00:00;ACPR;Crédits de trésorerie aux Ménages;Crédits de trésorerie aux Ménages;CRED_TRESO;A;BQ;_Z;38;_Z;RISQUES;TOTAL_SECTEUR;MENAGES;SOLO;EUR;2;9;N;P1Y;ACPR;E;F;A
ACPR.A.BQ.RISQUES.TX_PROV.572._Z.NACE_L.PHNC._Z.TOP6_AUT_GROUPES;2023;2023-01-01;2023-12-31;69,48;2025-03-18T17:10:29+00:00;ACPR;Taux de provisionnement du secteur des activités immobilières;Taux de provisionnement du secteur des activités immobilières;TX_PROV;A;BQ;_Z;572;_Z;RISQUES;TOP6_AUT_GROUPES;NACE_L;PHNC;PC;2;0;N;P1Y;ACPR;E;F;A
ACPR.A.BQ.RISQUES.GB_FIN_TX_DOUT_MEN_ENF8965.39._Z.ENF.PHNC._Z.TOP6_AUT_GROUPES;2023;2023-01-01;2023-12-31;71,01;2025-03-31T08:10:37+00:00;ACPR;Prêts et avances bruts non performants au coût amorti du secteur bancaire français (IFRS) - entreprises non financières;Prêts et avances bruts non performants au coût amorti du secteur bancaire français (IFRS) - entreprises non financières;GB_FIN_TX_DOUT_MEN_ENF8965;A;BQ;_Z;39;_Z;RISQUES;TOP6_AUT_GROUPES;ENF;PHNC;EUR;2;9;N;P1Y;ACPR;E;F;A
ACPR.A.BQ.RISQUES.CRED_HAB.36._Z._Z.SOLO._Z.TOTAL_SECTEUR;2023;2023-01-01;2023-12-31;1481,96;2025-03-18T17:10:27+00:00;ACPR;Crédits à l'habitat à l'ensemble de la clientèle non financière;Crédits à l'habitat à l'ensemble de la clientèle non financière;CRED_HAB;A;BQ;_Z;36;_Z;RISQUES;TOTAL_SECTEUR;_Z;SOLO;EUR;2;9;N;P1Y;ACPR;E;F;A
ACPR.A.BQ.RISQUES.TX_NPL.569._Z.NACE_Q.PHNC._Z.TOP6_AUT_GROUPES;2023;2023-01-01;2023-12-31;8,88;2025-03-18T17:10:29+00:00;ACPR;Taux de prêts non performants du secteur de la santé humaine et action sociale;Taux de prêts non performants du secteur de la santé humaine et action sociale;TX_NPL;A;BQ;_Z;569;_Z;RISQUES;TOP6_AUT_GROUPES;NACE_Q;PHNC;PC;2;0;N;P1Y;ACPR;E;F;A
ACPR.A.BQ.RISQUES.CRED_CLIENT.34._Z.NACE_A.PHNC._Z.TOP6_AUT_GROUPES;2023;2023-01-01;2023-12-31;70,24;2025-03-18T17:10:26+00:00;ACPR;Crédits au secteur de l'agriculture, sylviculture et pêche;Crédits au secteur de l'agriculture, sylviculture et pêche;CRED_CLIENT;A;BQ;_Z;34;_Z;RISQUES;TOP6_AUT_GROUPES;NACE_A;PHNC;EUR;2;9;N;P1Y;ACPR;E;F;A
ACPR.A.BQ.RISQUES.S1_MCA_BASE100.660._Z.MENAGES.PHNC._Z.TOP6_AUT_GROUPES;2023;2023-01-01;2023-12-31;110,05;2025-10-22T14:00:31+00:00;ACPR;Encours de prêts et avances (brut comptable) aux ménages en stade 1 - coût amorti - base 100;Encours de prêts et avances (brut comptable) aux ménages en stade 1 - coût amorti - base 100;S1_MCA_BASE100;A;BQ;_Z;660;_Z;RISQUES;TOP6_AUT_GROUPES;MENAGES;PHNC;PC;2;0;N;P1Y;ACPR;E;F;A
ACPR.A.BQ.RISQUES.CRED_CLIENT.34._Z.NACE_G.PHNC._Z.TOP6_AUT_GROUPES;2023;2023-01-01;2023-12-31;247,44;2025-03-18T17:10:26+00:00;ACPR;Crédits au secteur du commerce;Crédits au secteur du commerce;CRED_CLIENT;A;BQ;_Z;34;_Z;RISQUES;TOP6_AUT_GROUPES;NACE_G;PHNC;EUR;2;9;N;P1Y;ACPR;E;F;A
ACPR.A.BQ.RISQUES.CREDITS_BRUTS_MENAGES_ENF_PAYS.40.DE.MENAGES_ENF.PHNC._Z.TOP6_AUT_GROUPES;2023;2023-01-01;2023-12-31;125,8;2025-03-18T17:10:27+00:00;ACPR;Crédits bruts aux ménages et entreprises non financières en Allemagne;Crédits bruts aux ménages et entreprises non financières en Allemagne;CREDITS_BRUTS_MENAGES_ENF_PAYS;A;BQ;_Z;40;DE;RISQUES;TOP6_AUT_GROUPES;MENAGES_ENF;PHNC;EUR;2;9;N;P1Y;ACPR;E;F;A
ACPR.A.BQ.RISQUES.TB_FIN_NEGO_DERIVE_CREDIT10002.459._Z._Z.PHNC._Z.TOP6_AUT_GROUPES;2023;2023-01-01;2023-12-31;9,76;2025-03-18T17:10:28+00:00;ACPR;Vente de options sur écart de crédit (CDS) En notionnel;Vente de options sur écart de crédit (CDS) En notionnel;TB_FIN_NEGO_DERIVE_CREDIT10002;A;BQ;_Z;459;_Z;RISQUES;TOP6_AUT_GROUPES;_Z;PHNC;EUR;2;9;N;P1Y;ACPR;E;F;A
ACPR.A.BQ.RISQUES.ACTFR_CLIENT_RE_TTES_DEV2270.43._Z._Z.SOLO._Z.TOTAL_SECTEUR;2023;2023-01-01;2023-12-31;1192,46;2025-03-20T09:10:29+00:00;ACPR;Comptes d'épargne à régime spécial de la clientèle non financière;Comptes d'épargne à régime spécial de la clientèle non financière;ACTFR_CLIENT_RE_TTES_DEV2270;A;BQ;_Z;43;_Z;RISQUES;TOTAL_SECTEUR;_Z;SOLO;EUR;2;9;N;P1Y;ACPR;E;F;A
ACPR.A.BQ.RISQUES.CREDITS_BRUTS.39._Z.NACE_H.PHNC._Z.TOP6_AUT_GROUPES;2023;2023-01-01;2023-12-31;106,0;2025-03-18T17:10:27+00:00;ACPR;Crédits bruts aux entreprises du secteur du transports et entreposage;Crédits bruts aux entreprises du secteur du transports et entreposage;CREDITS_BRUTS;A;BQ;_Z;39;_Z;RISQUES;TOP6_AUT_GROUPES;NACE_H;PHNC;EUR;2;9;N;P1Y;ACPR;E;F;A
ACPR.A.BQ.RISQUES.S3_ENFCA_BASE100.662._Z.ENF.PHNC._Z.TOP6_AUT_GROUPES;2023;2023-01-01;2023-12-31;119,88;2025-10-22T14:00:31+00:00;ACPR;Encours de prêts et avances (brut comptable) aux entreprises non financières en stade 3 - coût amorti - base 100;Encours de prêts et avances (brut comptable) aux entreprises non financières en stade 3 - coût amorti - base 100;S3_ENFCA_BASE100;A;BQ;_Z;662;_Z;RISQUES;TOP6_AUT_GROUPES;ENF;PHNC;PC;2;0;N;P1Y;ACPR;E;F;A
ACPR.A.BQ.RISQUES.CRED_TOTAL.37._Z.SNF.SOLO._Z.TOTAL_SECTEUR;2023;2023-01-01;2023-12-31;1119,77;2025-03-18T17:10:27+00:00;ACPR;Crédits aux sociétés non financières résidentes;Crédits aux sociétés non financières résidentes;CRED_TOTAL;A;BQ;_Z;37;_Z;RISQUES;TOTAL_SECTEUR;SNF;SOLO;EUR;2;9;N;P1Y;ACPR;E;F;A
ACPR.A.BQ.RISQUES.TX_PROV.572._Z.NACE_J.PHNC._Z.TOP6_AUT_GROUPES;2023;2023-01-01;2023-12-31;42,46;2025-03-18T17:10:29+00:00;ACPR;Taux de provisionnement du secteur de l'information et communication;Taux de provisionnement du secteur de l'information et communication;TX_PROV;A;BQ;_Z;572;_Z;RISQUES;TOP6_AUT_GROUPES;NACE_J;PHNC;PC;2;0;N;P1Y;ACPR;E;F;A
ACPR.A.BQ.RISQUES.CRED_CLIENT.34._Z.NACE_H.PHNC._Z.TOP6_AUT_GROUPES;2023;2023-01-01;2023-12-31;104,12;2025-03-18T17:10:26+00:00;ACPR;Crédits au secteur du transports et entreposage;Crédits au secteur du transports et entreposage;CRED_CLIENT;A;BQ;_Z;34;_Z;RISQUES;TOP6_AUT_GROUPES;NACE_H;PHNC;EUR;2;9;N;P1Y;ACPR;E;F;A
ACPR.A.BQ.RISQUES.ACT_PTF_NEGO.3._Z._Z.PHNC._Z.TOP6_AUT_GROUPES;2023;2023-01-01;2023-12-31;209,21;2025-03-18T17:10:26+00:00;ACPR;Instruments de capitaux propres dans le portefeuille de négociation;Instruments de capitaux propres dans le portefeuille de négociation;ACT_PTF_NEGO;A;BQ;_Z;3;_Z;RISQUES;TOP6_AUT_GROUPES;_Z;PHNC;EUR;2;9;N;P1Y;ACPR;E;F;A
ACPR.A.BQ.RISQUES.CRED_CLIENT.34.GB.MENAGES.PHNC._Z.TOP6_AUT_GROUPES;2023;2023-01-01;2023-12-31;22,09;2025-03-18T17:10:27+00:00;ACPR;Crédits aux ménages - Royaume-Uni;Crédits aux ménages - Royaume-Uni;CRED_CLIENT;A;BQ;_Z;34;GB;RISQUES;TOP6_AUT_GROUPES;MENAGES;PHNC;EUR;2;9;N;P1Y;ACPR;E;F;A
ACPR.A.BQ.RISQUES.CREDITS_BRUTS.39._Z.NACE_R.PHNC._Z.TOP6_AUT_GROUPES;2023;2023-01-01;2023-12-31;9,71;2025-03-18T17:10:27+00:00;ACPR;Crédits bruts aux entreprises du secteur des arts, spectacles et activités récréatives;Crédits bruts aux entreprises du secteur des arts, spectacles et activités récréatives;CREDITS_BRUTS;A;BQ;_Z;39;_Z;RISQUES;TOP6_AUT_GROUPES;NACE_R;PHNC;EUR;2;9;N;P1Y;ACPR;E;F;A
ACPR.A.BQ.RISQUES.TB_FIN_NEGO_DERIVES9928.478._Z._Z.PHNC._Z.TOP6_AUT_GROUPES;2023;2023-01-01;2023-12-31;8,68;2025-03-18T17:10:28+00:00;ACPR;Montant à l'actif de dérivés sur matières premières;Montant à l'actif de dérivés sur matières premières;TB_FIN_NEGO_DERIVES9928;A;BQ;_Z;478;_Z;RISQUES;TOP6_AUT_GROUPES;_Z;PHNC;EUR;2;9;N;P1Y;ACPR;E;F;A
ACPR.A.BQ.RISQUES.DERIV_ACTIF_GRE_GRE.45._Z.AUTRES.PHNC._Z.TOP6_AUT_GROUPES;2023;2023-01-01;2023-12-31;96,62;2025-10-22T14:00:29+00:00;ACPR;Montant à l'actif de dérivés de gré à gré avec autres contreparties;Dérivés de gré à gré (Actifs) avec autres contreparties;DERIV_ACTIF_GRE_GRE;A;BQ;_Z;45;_Z;RISQUES;TOP6_AUT_GROUPES;AUTRES;PHNC;EUR;2;9;N;P1Y;ACPR;E;F;A
ACPR.A.BQ.RISQUES.TX_PROV.572.LU.MENAGES_ENF.PHNC._Z.TOP6_AUT_GROUPES;2023;2023-01-01;2023-12-31;67,24;2025-03-18T17:10:29+00:00;ACPR;Taux de provisionnement au Luxembourg;Taux de provisionnement au Luxembourg;TX_PROV;A;BQ;_Z;572;LU;RISQUES;TOP6_AUT_GROUPES;MENAGES_ENF;PHNC;PC;2;0;N;P1Y;ACPR;E;F;A
ACPR.A.BQ.RISQUES.LOANS_PTF_NEGO.222._Z.MENAGES.PHNC._Z.TOP6_AUT_GROUPES;2023;2023-01-01;2023-12-31;0,0;2025-03-18T17:10:28+00:00;ACPR;Prêts aux Ménages dans le portefeuille de négociation;Prêts aux Ménages dans le portefeuille de négociation;LOANS_PTF_NEGO;A;BQ;_Z;222;_Z;RISQUES;TOP6_AUT_GROUPES;MENAGES;PHNC;EUR;2;9;N;P1Y;ACPR;E;F;A
ACPR.A.BQ.RISQUES.TB_FIN_NEGO_DERIVES9934.482._Z._Z.PHNC._Z.TOP6_AUT_GROUPES;2023;2023-01-01;2023-12-31;219,78;2025-03-18T17:10:28+00:00;ACPR;Montant au passif de dérivés sur change et or;Montant au passif de dérivés sur change et or;TB_FIN_NEGO_DERIVES9934;A;BQ;_Z;482;_Z;RISQUES;TOP6_AUT_GROUPES;_Z;PHNC;EUR;2;9;N;P1Y;ACPR;E;F;A
ACPR.A.BQ.RISQUES.TB_FIN_NEGO_PART_OPTION9964.490._Z._Z.PHNC._Z.TOP6_AUT_GROUPES;2023;2023-01-01;2023-12-31;37,55;2025-03-18T17:10:28+00:00;ACPR;Options de gré à gré sur Change et or (somme actif et passif);Options de gré à gré sur Change et or (somme actif et passif);TB_FIN_NEGO_PART_OPTION9964;A;BQ;_Z;490;_Z;RISQUES;TOP6_AUT_GROUPES;_Z;PHNC;EUR;2;9;N;P1Y;ACPR;E;F;A
ACPR.A.BQ.RISQUES.TB_FIN_NEGO_PART_OPTION9967.493._Z._Z.PHNC._Z.TOP6_AUT_GROUPES;2023;2023-01-01;2023-12-31;441,74;2025-03-18T17:10:28+00:00;ACPR;Dérivés sur Change et or (somme actif et passif);Dérivés sur Change et or (somme actif et passif);TB_FIN_NEGO_PART_OPTION9967;A;BQ;_Z;493;_Z;RISQUES;TOP6_AUT_GROUPES;_Z;PHNC;EUR;2;9;N;P1Y;ACPR;E;F;A
ACPR.A.BQ.RISQUES.TB_FIN_NEGO_VENTE_OPTION9981.497._Z._Z.PHNC._Z.TOP6_AUT_GROUPES;2023;2023-01-01;2023-12-31;1275,96;2025-03-18T17:10:28+00:00;ACPR;Ventes d'options sur Capitaux propres;Ventes d'options sur Capitaux propres;TB_FIN_NEGO_VENTE_OPTION9981;A;BQ;_Z;497;_Z;RISQUES;TOP6_AUT_GROUPES;_Z;PHNC;EUR;2;9;N;P1Y;ACPR;E;F;A
ACPR.A.BQ.RISQUES.TB_FIN_NEGO_VENTE_OPTION9983.499._Z._Z.PHNC._Z.TOP6_AUT_GROUPES;2023;2023-01-01;2023-12-31;7200,0;2025-03-18T17:10:28+00:00;ACPR;Ventes d'options;Ventes d'options;TB_FIN_NEGO_VENTE_OPTION9983;A;BQ;_Z;499;_Z;RISQUES;TOP6_AUT_GROUPES;_Z;PHNC;EUR;2;9;N;P1Y;ACPR;E;F;A
ACPR.A.BQ.RISQUES.TX_NPL.569.CH.MENAGES_ENF.PHNC._Z.TOP6_AUT_GROUPES;2023;2023-01-01;2023-12-31;2,44;2025-03-18T17:10:29+00:00;ACPR;Taux de prêts non performants en Suisse;Taux de prêts non performants en Suisse;TX_NPL;A;BQ;_Z;569;CH;RISQUES;TOP6_AUT_GROUPES;MENAGES_ENF;PHNC;PC;2;0;N;P1Y;ACPR;E;F;A
ACPR.A.BQ.RISQUES.CREDITS_BRUTS_MENAGES_ENF_PAYS.40.IT.MENAGES_ENF.PHNC._Z.TOP6_AUT_GROUPES;2023;2023-01-01;2023-12-31;236,15;2025-03-18T17:10:27+00:00;ACPR;Crédits bruts aux ménages et entreprises non financières en Italie;Crédits bruts aux ménages et entreprises non financières en Italie;CREDITS_BRUTS_MENAGES_ENF_PAYS;A;BQ;_Z;40;IT;RISQUES;TOP6_AUT_GROUPES;MENAGES_ENF;PHNC;EUR;2;9;N;P1Y;ACPR;E;F;A
ACPR.A.BQ.RISQUES.TX_PROV_NPL.573._Z.GE.PHNC._Z.TOP6_AUT_GROUPES;2023;2023-01-01;2023-12-31;1,3;2025-03-18T17:10:29+00:00;ACPR;Poids des provisions des prêts non performants aux grandes entreprises;Poids des provisions des prêts non performants aux grandes entreprises;TX_PROV_NPL;A;BQ;_Z;573;_Z;RISQUES;TOP6_AUT_GROUPES;GE;PHNC;PC;2;0;N;P1Y;ACPR;E;F;A
ACPR.A.BQ.RISQUES.GB_FIN_NEGO_ACTIF_9846.182._Z._Z.PHNC._Z.TOP6_AUT_GROUPES;2023;2023-01-01;2023-12-31;253,78;2025-03-18T17:10:28+00:00;ACPR;Titres de créances dans le portefeuille de négociation coté actif;Titres de créances dans le portefeuille de négociation coté actif;GB_FIN_NEGO_ACTIF_9846;A;BQ;_Z;182;_Z;RISQUES;TOP6_AUT_GROUPES;_Z;PHNC;EUR;2;9;N;P1Y;ACPR;E;F;A
ACPR.A.BQ.RISQUES.CRED_HAB.36._Z.SNF.SOLO._Z.TOTAL_SECTEUR;2023;2023-01-01;2023-12-31;169,14;2025-03-18T17:10:27+00:00;ACPR;Crédits à l'habitat aux sociétés non financières;Crédits à l'habitat aux sociétés non financières;CRED_HAB;A;BQ;_Z;36;_Z;RISQUES;TOTAL_SECTEUR;SNF;SOLO;EUR;2;9;N;P1Y;ACPR;E;F;A
ACPR.A.BQ.RISQUES.TB_FIN_NEGO_DERIVES9927.477._Z._Z.PHNC._Z.TOP6_AUT_GROUPES;2023;2023-01-01;2023-12-31;13,69;2025-03-18T17:10:28+00:00;ACPR;Montant à l'actif de dérivés sur crédit;Montant à l'actif de dérivés sur crédit;TB_FIN_NEGO_DERIVES9927;A;BQ;_Z;477;_Z;RISQUES;TOP6_AUT_GROUPES;_Z;PHNC;EUR;2;9;N;P1Y;ACPR;E;F;A
ACPR.A.BQ.RISQUES.TB_FIN_NEGO_DERIVE_CREDIT10003.460._Z._Z.PHNC._Z.TOP6_AUT_GROUPES;2023;2023-01-01;2023-12-31;9,33;2025-03-18T17:10:28+00:00;ACPR;Achats de options sur écart de crédit (CDS) En notionnel;Achats de options sur écart de crédit (CDS) En notionnel;TB_FIN_NEGO_DERIVE_CREDIT10003;A;BQ;_Z;460;_Z;RISQUES;TOP6_AUT_GROUPES;_Z;PHNC;EUR;2;9;N;P1Y;ACPR;E;F;A
ACPR.A.BQ.RISQUES.TX_NPL.569._Z.NACE_B.PHNC._Z.TOP6_AUT_GROUPES;2023;2023-01-01;2023-12-31;4,01;2025-03-18T17:10:28+00:00;ACPR;Taux de prêts non performants du secteur des industries extractives;Taux de prêts non performants du secteur des industries extractives;TX_NPL;A;BQ;_Z;569;_Z;RISQUES;TOP6_AUT_GROUPES;NACE_B;PHNC;PC;2;0;N;P1Y;ACPR;E;F;A
ACPR.A.BQ.RISQUES.TX_PROV.572._Z.NACE_O.PHNC._Z.TOP6_AUT_GROUPES;2023;2023-01-01;2023-12-31;62,77;2025-03-18T17:10:29+00:00;ACPR;Taux de provisionnement du secteur de l'administration publique;Taux de provisionnement du secteur de l'administration publique;TX_PROV;A;BQ;_Z;572;_Z;RISQUES;TOP6_AUT_GROUPES;NACE_O;PHNC;PC;2;0;N;P1Y;ACPR;E;F;A
ACPR.A.BQ.RISQUES.CRED_AUT.32._Z.MENAGES.SOLO._Z.TOTAL_SECTEUR;2023;2023-01-01;2023-12-31;3,87;2025-03-18T17:10:26+00:00;ACPR;Autres crédits aux Ménages;Autres crédits aux Ménages;CRED_AUT;A;BQ;_Z;32;_Z;RISQUES;TOTAL_SECTEUR;MENAGES;SOLO;EUR;2;9;N;P1Y;ACPR;E;F;A
ACPR.A.BQ.RISQUES.TB_FIN_NEGO_VENTE_OPTION9991.501._Z._Z.PHNC._Z.TOP6_AUT_GROUPES;2023;2023-01-01;2023-12-31;2391,77;2025-03-18T17:10:28+00:00;ACPR;Options achats et ventes sur Capitaux propres;Options achats et ventes sur Capitaux propres;TB_FIN_NEGO_VENTE_OPTION9991;A;BQ;_Z;501;_Z;RISQUES;TOP6_AUT_GROUPES;_Z;PHNC;EUR;2;9;N;P1Y;ACPR;E;F;A
ACPR.A.BQ.RISQUES.DERIV_NOTIONNEL_ORGA.48._Z._Z.PHNC._Z.TOP6_AUT_GROUPES;2023;2023-01-01;2023-12-31;4871,83;2025-03-18T17:10:27+00:00;ACPR;Montant notionnels de dérivés sur marchés organisés;Montant notionnels de dérivés sur marchés organisés;DERIV_NOTIONNEL_ORGA;A;BQ;_Z;48;_Z;RISQUES;TOP6_AUT_GROUPES;_Z;PHNC;EUR;2;9;N;P1Y;ACPR;E;F;A
ACPR.A.BQ.RISQUES.TB_FIN_NEGO_DERIVE_CREDIT10008.463._Z._Z.PHNC._Z.TOP6_AUT_GROUPES;2023;2023-01-01;2023-12-31;50,61;2025-10-22T14:00:29+00:00;ACPR;Vente de autres dérivés de crédit En notionnel;Vente de autres dérivés de crédit En notionnel;TB_FIN_NEGO_DERIVE_CREDIT10008;A;BQ;_Z;463;_Z;RISQUES;TOP6_AUT_GROUPES;_Z;PHNC;EUR;2;9;N;P1Y;ACPR;E;F;A
ACPR.A.BQ.RISQUES.TB_FIN_NEGO_DERIVE_CREDIT10016.468._Z._Z.PHNC._Z.TOP6_AUT_GROUPES;2023;2023-01-01;2023-12-31;0,02;2025-03-18T17:10:28+00:00;ACPR;Options sur écart de crédit (Credit spread options) au passif;Options sur écart de crédit (Credit spread options) au passif;TB_FIN_NEGO_DERIVE_CREDIT10016;A;BQ;_Z;468;_Z;RISQUES;TOP6_AUT_GROUPES;_Z;PHNC;EUR;2;9;N;P1Y;ACPR;E;F;A
ACPR.A.BQ.RISQUES.CRED_AFF.31._Z.SNF.SOLO._Z.TOTAL_SECTEUR;2023;2023-01-01;2023-12-31;40,5;2025-03-18T17:10:26+00:00;ACPR;Affacturage aux sociétés non financières;Affacturage aux sociétés non financières;CRED_AFF;A;BQ;_Z;31;_Z;RISQUES;TOTAL_SECTEUR;SNF;SOLO;EUR;2;9;N;P1Y;ACPR;E;F;A
ACPR.A.BQ.RISQUES.CRED_CLIENT.34._Z.NACE_B.PHNC._Z.TOP6_AUT_GROUPES;2023;2023-01-01;2023-12-31;26,95;2025-03-18T17:10:26+00:00;ACPR;Crédits au secteur des industries extractives;Crédits au secteur des industries extractives;CRED_CLIENT;A;BQ;_Z;34;_Z;RISQUES;TOP6_AUT_GROUPES;NACE_B;PHNC;EUR;2;9;N;P1Y;ACPR;E;F;A
ACPR.A.BQ.RISQUES.CRED_CLIENT.34.PL.ENF.PHNC._Z.TOP6_AUT_GROUPES;2023;2023-01-01;2023-12-31;23,45;2025-03-18T17:10:27+00:00;ACPR;Crédits aux entreprises non financières - Pologne;Crédits aux entreprises non financières - Pologne;CRED_CLIENT;A;BQ;_Z;34;PL;RISQUES;TOP6_AUT_GROUPES;ENF;PHNC;EUR;2;9;N;P1Y;ACPR;E;F;A
ACPR.A.BQ.RISQUES.CRED_TOTAL.37._Z.MENAGES.SOLO._Z.TOTAL_SECTEUR;2023;2023-01-01;2023-12-31;1549,27;2025-03-18T17:10:27+00:00;ACPR;Crédits aux ménages résidents;Crédits aux ménages résidents;CRED_TOTAL;A;BQ;_Z;37;_Z;RISQUES;TOTAL_SECTEUR;MENAGES;SOLO;EUR;2;9;N;P1Y;ACPR;E;F;A
ACPR.A.BQ.RISQUES.CREDITS_BRUTS.39._Z.NACE_M.PHNC._Z.TOP6_AUT_GROUPES;2023;2023-01-01;2023-12-31;116,58;2025-03-18T17:10:27+00:00;ACPR;Crédits bruts aux entreprises du secteur des activités spécialisées, scientifiques et techniques;Crédits bruts aux entreprises du secteur des activités spécialisées, scientifiques et techniques;CREDITS_BRUTS;A;BQ;_Z;39;_Z;RISQUES;TOP6_AUT_GROUPES;NACE_M;PHNC;EUR;2;9;N;P1Y;ACPR;E;F;A
ACPR.A.BQ.RISQUES.CRED_CLIENT.34._Z.NACE_Q.PHNC._Z.TOP6_AUT_GROUPES;2023;2023-01-01;2023-12-31;38,35;2025-03-18T17:10:27+00:00;ACPR;Crédits au secteur de la santé humaine et action sociale;Crédits au secteur de la santé humaine et action sociale;CRED_CLIENT;A;BQ;_Z;34;_Z;RISQUES;TOP6_AUT_GROUPES;NACE_Q;PHNC;EUR;2;9;N;P1Y;ACPR;E;F;A
ACPR.A.BQ.RISQUES.CRED_CLIENT.34.DE.ENF.PHNC._Z.TOP6_AUT_GROUPES;2023;2023-01-01;2023-12-31;61,48;2025-03-18T17:10:27+00:00;ACPR;Crédits aux entreprises non financières - Allemagne;Crédits aux entreprises non financières - Allemagne;CRED_CLIENT;A;BQ;_Z;34;DE;RISQUES;TOP6_AUT_GROUPES;ENF;PHNC;EUR;2;9;N;P1Y;ACPR;E;F;A
ACPR.A.BQ.RISQUES.CRED_CLIENT.34.GB.ENF.PHNC._Z.TOP6_AUT_GROUPES;2023;2023-01-01;2023-12-31;63,27;2025-03-18T17:10:27+00:00;ACPR;Crédits aux entreprises non financières - Royaume-Uni;Crédits aux entreprises non financières - Royaume-Uni;CRED_CLIENT;A;BQ;_Z;34;GB;RISQUES;TOP6_AUT_GROUPES;ENF;PHNC;EUR;2;9;N;P1Y;ACPR;E;F;A
ACPR.A.BQ.RISQUES.TX_PROV_NPL.573._Z.PME.PHNC._Z.TOP6_AUT_GROUPES;2023;2023-01-01;2023-12-31;1,93;2025-03-18T17:10:29+00:00;ACPR;Poids des provisions des prêts non performants aux PME;Poids des provisions des prêts non performants aux PME;TX_PROV_NPL;A;BQ;_Z;573;_Z;RISQUES;TOP6_AUT_GROUPES;PME;PHNC;PC;2;0;N;P1Y;ACPR;E;F;A
ACPR.A.BQ.RISQUES.DEPOTS.43._Z.MENAGES.SOLO._Z.TOTAL_SECTEUR;2023;2023-01-01;2023-12-31;1879,9;2025-03-20T09:10:29+00:00;ACPR;Dépôts des ménages;Dépôts des ménages;DEPOTS;A;BQ;_Z;43;_Z;RISQUES;TOTAL_SECTEUR;MENAGES;SOLO;EUR;2;9;N;P1Y;ACPR;E;F;A
ACPR.A.BQ.RISQUES.ACTFR_CLIENT_RE_TTES_DEV2270.43._Z.SNF.SOLO._Z.TOTAL_SECTEUR;2023;2023-01-01;2023-12-31;10,6;2025-10-22T14:00:31+00:00;ACPR;Comptes d'épargne à régime spécial des sociétés non financières;Comptes d'épargne à régime spécial des sociétés non financières;ACTFR_CLIENT_RE_TTES_DEV2270;A;BQ;_Z;43;_Z;RISQUES;TOTAL_SECTEUR;SNF;SOLO;EUR;2;9;N;P1Y;ACPR;E;F;A
ACPR.A.BQ.RISQUES.TX_NPL.569.PL.MENAGES_ENF.PHNC._Z.TOP6_AUT_GROUPES;2023;2023-01-01;2023-12-31;3,33;2025-03-18T17:10:29+00:00;ACPR;Taux de prêts non performants en Pologne;Taux de prêts non performants en Pologne;TX_NPL;A;BQ;_Z;569;PL;RISQUES;TOP6_AUT_GROUPES;MENAGES_ENF;PHNC;PC;2;0;N;P1Y;ACPR;E;F;A
ACPR.A.BQ.RISQUES.TX_NPL_APRES_PROV.570._Z.MENAGES.PHNC._Z.TOP6_AUT_GROUPES;2023;2023-01-01;2023-12-31;1,11;2025-03-18T17:10:29+00:00;ACPR;Poids des prêts non performants nets des provisions aux ménages;Poids des prêts non performants nets des provisions aux ménages;TX_NPL_APRES_PROV;A;BQ;_Z;570;_Z;RISQUES;TOP6_AUT_GROUPES;MENAGES;PHNC;PC;2;0;N;P1Y;ACPR;E;F;A
ACPR.A.BQ.RISQUES.TX_PROV.572._Z.NACE_E.PHNC._Z.TOP6_AUT_GROUPES;2023;2023-01-01;2023-12-31;71,2;2025-03-18T17:10:29+00:00;ACPR;Taux de provisionnement du secteur de la production et distribution d'eau;Taux de provisionnement du secteur de la production et distribution d'eau;TX_PROV;A;BQ;_Z;572;_Z;RISQUES;TOP6_AUT_GROUPES;NACE_E;PHNC;PC;2;0;N;P1Y;ACPR;E;F;A
ACPR.A.BQ.RISQUES.DERIV_PASSIF_GRE_GRE.49._Z.EF.PHNC._Z.TOP6_AUT_GROUPES;2023;2023-01-01;2023-12-31;213,05;2025-10-22T14:00:29+00:00;ACPR;Montant au passif de dérivés de gré à gré avec autres entreprises financières;Passif de dérivés de gré à gré avec autres entreprises financières;DERIV_PASSIF_GRE_GRE;A;BQ;_Z;49;_Z;RISQUES;TOP6_AUT_GROUPES;EF;PHNC;EUR;2;9;N;P1Y;ACPR;E;F;A
ACPR.A.BQ.RISQUES.GB_FIN_NEGO_COURT9872.184._Z._Z.PHNC._Z.TOP6_AUT_GROUPES;2023;2023-01-01;2023-12-31;46,98;2025-03-18T17:10:28+00:00;ACPR;Positions courtes sur Instruments de capitaux propres;Positions courtes sur Instruments de capitaux propres;GB_FIN_NEGO_COURT9872;A;BQ;_Z;184;_Z;RISQUES;TOP6_AUT_GROUPES;_Z;PHNC;EUR;2;9;N;P1Y;ACPR;E;F;A
ACPR.A.BQ.RISQUES.LOANS_PTF_NEGO.222._Z.ENF.PHNC._Z.TOP6_AUT_GROUPES;2023;2023-01-01;2023-12-31;57,8;2025-03-18T17:10:28+00:00;ACPR;Prêts aux Entreprises non financières dans le portefeuille de négociation;Prêts aux Entreprises non financières dans le portefeuille de négociation;LOANS_PTF_NEGO;A;BQ;_Z;222;_Z;RISQUES;TOP6_AUT_GROUPES;ENF;PHNC;EUR;2;9;N;P1Y;ACPR;E;F;A
ACPR.A.BQ.RISQUES.RATIO_CREDEP.363._Z.MENAGES_ENF.PHNC._Z.TOP6_AUT_GROUPES;2023;2023-01-01;2023-12-31;105,32;2025-10-22T14:00:29+00:00;ACPR;Ratio crédits / Dépôts  aux entreprises non financières et aux ménages;Ratio crédits / Dépôts  aux entreprises non financières et aux ménages;RATIO_CREDEP;A;BQ;_Z;363;_Z;RISQUES;TOP6_AUT_GROUPES;MENAGES_ENF;PHNC;PC;2;9;N;P1Y;ACPR;E;F;A
ACPR.A.BQ.RISQUES.TB_FIN_NEGO_DERIVE_CREDIT9999.473._Z._Z.PHNC._Z.TOP6_AUT_GROUPES;2023;2023-01-01;2023-12-31;531,9;2025-03-18T17:10:28+00:00;ACPR;Vente de contrats d'échange de risque de crédit (CDS) En notionnel;Vente de contrats d'échange de risque de crédit (CDS) En notionnel;TB_FIN_NEGO_DERIVE_CREDIT9999;A;BQ;_Z;473;_Z;RISQUES;TOP6_AUT_GROUPES;_Z;PHNC;EUR;2;9;N;P1Y;ACPR;E;F;A
ACPR.A.BQ.RISQUES.TB_FIN_NEGO_PART_OPTION9958.488._Z._Z.PHNC._Z.TOP6_AUT_GROUPES;2023;2023-01-01;2023-12-31;94,49;2025-03-18T17:10:28+00:00;ACPR;Options de gré à gré sur Taux d'intérêt (somme actif et passif);Options de gré à gré sur Taux d'intérêt (somme actif et passif);TB_FIN_NEGO_PART_OPTION9958;A;BQ;_Z;488;_Z;RISQUES;TOP6_AUT_GROUPES;_Z;PHNC;EUR;2;9;N;P1Y;ACPR;E;F;A
ACPR.A.BQ.RISQUES.TB_FIN_NEGO_VENTE_OPTION9990.500._Z._Z.PHNC._Z.TOP6_AUT_GROUPES;2023;2023-01-01;2023-12-31;7341,66;2025-03-18T17:10:28+00:00;ACPR;Options achats et ventes sur Taux d'intérêt;Options achats et ventes sur Taux d'intérêt;TB_FIN_NEGO_VENTE_OPTION9990;A;BQ;_Z;500;_Z;RISQUES;TOP6_AUT_GROUPES;_Z;PHNC;EUR;2;9;N;P1Y;ACPR;E;F;A
ACPR.A.BQ.RISQUES.CREDITS_BRUTS_MENAGES_ENF_PAYS.40.LU.MENAGES_ENF.PHNC._Z.TOP6_AUT_GROUPES;2023;2023-01-01;2023-12-31;53,81;2025-03-18T17:10:27+00:00;ACPR;Crédits bruts aux ménages et entreprises non financières au Luxembourg;Crédits bruts aux ménages et entreprises non financières au Luxembourg;CREDITS_BRUTS_MENAGES_ENF_PAYS;A;BQ;_Z;40;LU;RISQUES;TOP6_AUT_GROUPES;MENAGES_ENF;PHNC;EUR;2;9;N;P1Y;ACPR;E;F;A
ACPR.A.BQ.RISQUES.TX_PROV.572._Z.PME.PHNC._Z.TOP6_AUT_GROUPES;2023;2023-01-01;2023-12-31;44,07;2025-03-18T17:10:29+00:00;ACPR;Taux de provisionnement aux PME;Taux de provisionnement aux PME;TX_PROV;A;BQ;_Z;572;_Z;RISQUES;TOP6_AUT_GROUPES;PME;PHNC;PC;2;0;N;P1Y;ACPR;E;F;A
ACPR.A.BQ.RISQUES.CREDITS_BRUTS.39._Z.NACE_G.PHNC._Z.TOP6_AUT_GROUPES;2023;2023-01-01;2023-12-31;254,44;2025-03-18T17:10:27+00:00;ACPR;Crédits bruts aux entreprises du secteur du commerce;Crédits bruts aux entreprises du secteur du commerce;CREDITS_BRUTS;A;BQ;_Z;39;_Z;RISQUES;TOP6_AUT_GROUPES;NACE_G;PHNC;EUR;2;9;N;P1Y;ACPR;E;F;A
ACPR.A.BQ.RISQUES.DERIV_PASSIF_GRE_GRE.49._Z.AUTRES.PHNC._Z.TOP6_AUT_GROUPES;2023;2023-01-01;2023-12-31;81,61;2025-10-22T14:00:29+00:00;ACPR;Montant au passif de dérivés de gré à gré avec autres contreparties;Passif de dérivés de gré à gré avec autres contreparties;DERIV_PASSIF_GRE_GRE;A;BQ;_Z;49;_Z;RISQUES;TOP6_AUT_GROUPES;AUTRES;PHNC;EUR;2;9;N;P1Y;ACPR;E;F;A
ACPR.A.BQ.RISQUES.TB_FIN_NEGO_DERIVE_CREDIT10009.464._Z._Z.PHNC._Z.TOP6_AUT_GROUPES;2023;2023-01-01;2023-12-31;57,65;2025-10-22T14:00:29+00:00;ACPR;Achats de autres dérivés de crédit En notionnel;Achats de autres dérivés de crédit En notionnel;TB_FIN_NEGO_DERIVE_CREDIT10009;A;BQ;_Z;464;_Z;RISQUES;TOP6_AUT_GROUPES;_Z;PHNC;EUR;2;9;N;P1Y;ACPR;E;F;A
ACPR.A.BQ.RISQUES.TX_PROV.572._Z.MENAGES.PHNC._Z.TOP6_AUT_GROUPES;2023;2023-01-01;2023-12-31;44,63;2025-10-22T14:00:30+00:00;ACPR;Taux de provisionnement aux ménages;Taux de provisionnement aux ménages;TX_PROV;A;BQ;_Z;572;_Z;RISQUES;TOP6_AUT_GROUPES;MENAGES;PHNC;PC;2;0;N;P1Y;ACPR;E;F;A
ACPR.A.BQ.RISQUES.TB_FIN_NEGO_DERIVES_CIES9943.51._Z._Z.PHNC._Z._Z;2023;2023-01-01;2023-12-31;93013,99;2025-09-17T10:00:30+00:00;ACPR;Total des dérivés (montants notionnels);Total des dérivés (montants notionnels);TB_FIN_NEGO_DERIVES_CIES9943;A;BQ;_Z;51;_Z;RISQUES;_Z;_Z;PHNC;EUR;2;9;N;P1Y;ACPR;E;F;A
ACPR.A.BQ.RISQUES.CREDITS_BRUTS.39._Z.NACE_D.PHNC._Z.TOP6_AUT_GROUPES;2023;2023-01-01;2023-12-31;88,7;2025-03-18T17:10:27+00:00;ACPR;Crédits bruts aux entreprises du secteur de l'électricité, gaz, vapeur et air conditionné;Crédits bruts aux entreprises du secteur de l'électricité, gaz, vapeur et air conditionné;CREDITS_BRUTS;A;BQ;_Z;39;_Z;RISQUES;TOP6_AUT_GROUPES;NACE_D;PHNC;EUR;2;9;N;P1Y;ACPR;E;F;A
ACPR.A.BQ.RISQUES.CREDITS_BRUTS_MENAGES_ENF_PAYS.40.ES.MENAGES_ENF.PHNC._Z.TOP6_AUT_GROUPES;2023;2023-01-01;2023-12-31;49,33;2025-03-18T17:10:27+00:00;ACPR;Crédits bruts aux ménages et entreprises non financières en Espagne;Crédits bruts aux ménages et entreprises non financières en Espagne;CREDITS_BRUTS_MENAGES_ENF_PAYS;A;BQ;_Z;40;ES;RISQUES;TOP6_AUT_GROUPES;MENAGES_ENF;PHNC;EUR;2;9;N;P1Y;ACPR;E;F;A
ACPR.A.BQ.RISQUES.TB_FIN_NEGO_DERIVE_CREDIT10005.461._Z._Z.PHNC._Z.TOP6_AUT_GROUPES;2023;2023-01-01;2023-12-31;5,43;2025-03-18T17:10:28+00:00;ACPR;Vente de dérivés de crédit sur transfert de rendement (Total return swaps) En notionnel;Vente de dérivés de crédit sur transfert de rendement (Total return swaps) En notionnel;TB_FIN_NEGO_DERIVE_CREDIT10005;A;BQ;_Z;461;_Z;RISQUES;TOP6_AUT_GROUPES;_Z;PHNC;EUR;2;9;N;P1Y;ACPR;E;F;A
ACPR.A.BQ.RISQUES.TX_NPL.569.FR.MENAGES_ENF.PHNC._Z.TOP6_AUT_GROUPES;2023;2023-01-01;2023-12-31;2,59;2025-03-18T17:10:29+00:00;ACPR;Taux de prêts non performants en France;Taux de prêts non performants en France;TX_NPL;A;BQ;_Z;569;FR;RISQUES;TOP6_AUT_GROUPES;MENAGES_ENF;PHNC;PC;2;0;N;P1Y;ACPR;E;F;A
ACPR.A.BQ.RISQUES.CREDITS_BRUTS_MENAGES_ENF_PAYS.40.PL.MENAGES_ENF.PHNC._Z.TOP6_AUT_GROUPES;2023;2023-01-01;2023-12-31;36,86;2025-03-18T17:10:27+00:00;ACPR;Crédits bruts aux ménages et entreprises non financières en Pologne;Crédits bruts aux ménages et entreprises non financières en Pologne;CREDITS_BRUTS_MENAGES_ENF_PAYS;A;BQ;_Z;40;PL;RISQUES;TOP6_AUT_GROUPES;MENAGES_ENF;PHNC;EUR;2;9;N;P1Y;ACPR;E;F;A
ACPR.A.BQ.RISQUES.GB_FIN_NEGO_COURT9873.185._Z._Z.PHNC._Z.TOP6_AUT_GROUPES;2023;2023-01-01;2023-12-31;177,1;2025-03-18T17:10:28+00:00;ACPR;Positions courtes sur Titres de créance;Positions courtes sur Titres de créance;GB_FIN_NEGO_COURT9873;A;BQ;_Z;185;_Z;RISQUES;TOP6_AUT_GROUPES;_Z;PHNC;EUR;2;9;N;P1Y;ACPR;E;F;A
ACPR.A.BQ.RISQUES.GB_FIN_NEGO_PASSIF_9851.189._Z._Z.PHNC._Z.TOP6_AUT_GROUPES;2023;2023-01-01;2023-12-31;0,0;2025-03-18T17:10:28+00:00;ACPR;Titres de créances émis dans le portefeuille de négociation coté passif;Titres de créances émis dans le portefeuille de négociation coté passif;GB_FIN_NEGO_PASSIF_9851;A;BQ;_Z;189;_Z;RISQUES;TOP6_AUT_GROUPES;_Z;PHNC;EUR;2;9;N;P1Y;ACPR;E;F;A
ACPR.A.BQ.RISQUES.RATIO_CREDEP.363._Z._Z.PHNC._Z.TOP6_AUT_GROUPES;2023;2023-01-01;2023-12-31;108,79;2025-03-18T17:10:28+00:00;ACPR;Ratio Crédits/Dépôts du secteur bancaire français;Ratio Crédits/Dépôts du secteur bancaire français;RATIO_CREDEP;A;BQ;_Z;363;_Z;RISQUES;TOP6_AUT_GROUPES;_Z;PHNC;PC;2;0;N;P1Y;ACPR;E;F;A
ACPR.A.BQ.RISQUES.TB_FIN_NEGO_PART_BILAN9839.486._Z._Z.PHNC._Z.TOP6_AUT_GROUPES;2023;2023-01-01;2023-12-31;1793,51;2025-03-18T17:10:28+00:00;ACPR;Portefeuille de négociation - Actif;Portefeuille de négociation - Actif;TB_FIN_NEGO_PART_BILAN9839;A;BQ;_Z;486;_Z;RISQUES;TOP6_AUT_GROUPES;_Z;PHNC;EUR;2;9;N;P1Y;ACPR;E;F;A
ACPR.A.BQ.RISQUES.TB_FIN_NEGO_PART_OPTION9965.491._Z._Z.PHNC._Z.TOP6_AUT_GROUPES;2023;2023-01-01;2023-12-31;583,94;2025-03-18T17:10:28+00:00;ACPR;Dérivés sur Taux d'intérêt (somme actif et passif);Dérivés sur Taux d'intérêt (somme actif et passif);TB_FIN_NEGO_PART_OPTION9965;A;BQ;_Z;491;_Z;RISQUES;TOP6_AUT_GROUPES;_Z;PHNC;EUR;2;9;N;P1Y;ACPR;E;F;A
ACPR.A.BQ.RISQUES.TX_NPL.569._Z.MENAGES.PHNC._Z.TOP6_AUT_GROUPES;2023;2023-01-01;2023-12-31;2,07;2025-03-18T17:10:28+00:00;ACPR;Taux de prêts non performants aux ménages;Taux de prêts non performants aux ménages;TX_NPL;A;BQ;_Z;569;_Z;RISQUES;TOP6_AUT_GROUPES;MENAGES;PHNC;PC;2;0;N;P1Y;ACPR;E;F;A
ACPR.A.BQ.RISQUES.TX_NPL.569._Z.MENAGES_ENF.PHNC._Z.TOP6_AUT_GROUPES;2023;2023-01-01;2023-12-31;2,83;2025-03-18T17:10:28+00:00;ACPR;Taux de prêts non performants aux ménages et aux entreprises non financières;Taux de prêts non performants aux ménages et aux entreprises non financières;TX_NPL;A;BQ;_Z;569;_Z;RISQUES;TOP6_AUT_GROUPES;MENAGES_ENF;PHNC;PC;2;0;N;P1Y;ACPR;E;F;A
ACPR.A.BQ.RISQUES.TX_NPL.569._Z.NACE_H.PHNC._Z.TOP6_AUT_GROUPES;2023;2023-01-01;2023-12-31;3,15;2025-03-18T17:10:28+00:00;ACPR;Taux de prêts non performants du secteur du transports et entreposage;Taux de prêts non performants du secteur du transports et entreposage;TX_NPL;A;BQ;_Z;569;_Z;RISQUES;TOP6_AUT_GROUPES;NACE_H;PHNC;PC;2;0;N;P1Y;ACPR;E;F;A
ACPR.A.BQ.RISQUES.TX_NPL.569._Z.NACE_K.PHNC._Z.TOP6_AUT_GROUPES;2023;2023-01-01;2023-12-31;2,76;2025-03-18T17:10:28+00:00;ACPR;Taux de prêts non performants du secteur des activité financières et d'assurance;Taux de prêts non performants du secteur des activité financières et d'assurance;TX_NPL;A;BQ;_Z;569;_Z;RISQUES;TOP6_AUT_GROUPES;NACE_K;PHNC;PC;2;0;N;P1Y;ACPR;E;F;A
ACPR.A.BQ.RISQUES.TX_NPL.569._Z.NACE_N.PHNC._Z.TOP6_AUT_GROUPES;2023;2023-01-01;2023-12-31;2,18;2025-03-18T17:10:29+00:00;ACPR;Taux de prêts non performants du secteur de l'activité de services administratifs et de soutien;Taux de prêts non performants du secteur de l'activité de services administratifs et de soutien;TX_NPL;A;BQ;_Z;569;_Z;RISQUES;TOP6_AUT_GROUPES;NACE_N;PHNC;PC;2;0;N;P1Y;ACPR;E;F;A
ACPR.A.BQ.RISQUES.TX_NPL.569._Z.NACE_O.PHNC._Z.TOP6_AUT_GROUPES;2023;2023-01-01;2023-12-31;3,25;2025-03-18T17:10:29+00:00;ACPR;Taux de prêts non performants du secteur de l'administration publique;Taux de prêts non performants du secteur de l'administration publique;TX_NPL;A;BQ;_Z;569;_Z;RISQUES;TOP6_AUT_GROUPES;NACE_O;PHNC;PC;2;0;N;P1Y;ACPR;E;F;A
ACPR.A.BQ.RISQUES.TX_NPL.569._Z.NACE_P.PHNC._Z.TOP6_AUT_GROUPES;2023;2023-01-01;2023-12-31;4,52;2025-03-18T17:10:29+00:00;ACPR;Taux de prêts non performants du secteur de l'enseignement;Taux de prêts non performants du secteur de l'enseignement;TX_NPL;A;BQ;_Z;569;_Z;RISQUES;TOP6_AUT_GROUPES;NACE_P;PHNC;PC;2;0;N;P1Y;ACPR;E;F;A
ACPR.A.BQ.RISQUES.TX_PROV.572._Z.NACE_D.PHNC._Z.TOP6_AUT_GROUPES;2023;2023-01-01;2023-12-31;54,77;2025-03-18T17:10:29+00:00;ACPR;Taux de provisionnement du secteur de l'électricité, gaz, vapeur et air conditionné;Taux de provisionnement du secteur de l'électricité, gaz, vapeur et air conditionné;TX_PROV;A;BQ;_Z;572;_Z;RISQUES;TOP6_AUT_GROUPES;NACE_D;PHNC;PC;2;0;N;P1Y;ACPR;E;F;A
ACPR.A.BQ.RISQUES.CRED_CLIENT.34._Z.NACE_D.PHNC._Z.TOP6_AUT_GROUPES;2023;2023-01-01;2023-12-31;87,75;2025-03-18T17:10:26+00:00;ACPR;Crédits au secteur de l'électricité, gaz, vapeur et air conditionné;Crédits au secteur de l'électricité, gaz, vapeur et air conditionné;CRED_CLIENT;A;BQ;_Z;34;_Z;RISQUES;TOP6_AUT_GROUPES;NACE_D;PHNC;EUR;2;9;N;P1Y;ACPR;E;F;A
ACPR.A.BQ.RISQUES.LOANS_PTF_NEGO.222._Z.APU.PHNC._Z.TOP6_AUT_GROUPES;2023;2023-01-01;2023-12-31;21,52;2025-03-18T17:10:28+00:00;ACPR;Prêts aux Administrations publiques dans le portefeuille de négociation;Prêts aux Administrations publiques dans le portefeuille de négociation;LOANS_PTF_NEGO;A;BQ;_Z;222;_Z;RISQUES;TOP6_AUT_GROUPES;APU;PHNC;EUR;2;9;N;P1Y;ACPR;E;F;A
ACPR.A.BQ.RISQUES.DEPOTS.43._Z.MENAGES_ENF.PHNC._Z.TOP6_AUT_GROUPES;2023;2023-01-01;2023-12-31;3783,26;2025-10-22T14:00:29+00:00;ACPR;Dépôts  aux entreprises non financières et aux ménages;Dépôts  aux entreprises non financières et aux ménages;DEPOTS;A;BQ;_Z;43;_Z;RISQUES;TOP6_AUT_GROUPES;MENAGES_ENF;PHNC;EUR;2;9;N;P1Y;ACPR;E;F;A
ACPR.A.BQ.RISQUES.DERIV_NOTIONNEL_GRE_GRE.47._Z.EC.PHNC._Z.TOP6_AUT_GROUPES;2023;2023-01-01;2023-12-31;26697,08;2025-10-22T14:00:29+00:00;ACPR;Montant notionnels de dérivés de gré à gré avec établissements de crédit;Montant notionnels de dérivés de gré à gré avec établissements de crédit;DERIV_NOTIONNEL_GRE_GRE;A;BQ;_Z;47;_Z;RISQUES;TOP6_AUT_GROUPES;EC;PHNC;EUR;2;9;N;P1Y;ACPR;E;F;A
ACPR.A.BQ.RISQUES.DERIV_PASSIF_GRE_GRE.49._Z.EC.PHNC._Z.TOP6_AUT_GROUPES;2023;2023-01-01;2023-12-31;291,7;2025-10-22T14:00:29+00:00;ACPR;Montant au passif de dérivés de gré à gré avec établissements de crédit;Passif de dérivés de gré à gré avec établissements de crédit;DERIV_PASSIF_GRE_GRE;A;BQ;_Z;49;_Z;RISQUES;TOP6_AUT_GROUPES;EC;PHNC;EUR;2;9;N;P1Y;ACPR;E;F;A
ACPR.A.BQ.RISQUES.CRED_TOTAL.37._Z.APU.SOLO._Z.TOTAL_SECTEUR;2023;2023-01-01;2023-12-31;184,73;2025-03-18T17:10:27+00:00;ACPR;Crédits aux administrations publiques résidentes;Crédits aux administrations publiques résidentes;CRED_TOTAL;A;BQ;_Z;37;_Z;RISQUES;TOTAL_SECTEUR;APU;SOLO;EUR;2;9;N;P1Y;ACPR;E;F;A
ACPR.A.BQ.RISQUES.DERIV_NOTIONNEL_GRE_GRE.47._Z.EF.PHNC._Z.TOP6_AUT_GROUPES;2023;2023-01-01;2023-12-31;57070,5;2025-10-22T14:00:29+00:00;ACPR;Montant notionnels de dérivés de gré à gré avec autres entreprises financières;Montant notionnels de dérivés de gré à gré avec autres entreprises financières;DERIV_NOTIONNEL_GRE_GRE;A;BQ;_Z;47;_Z;RISQUES;TOP6_AUT_GROUPES;EF;PHNC;EUR;2;9;N;P1Y;ACPR;E;F;A
ACPR.A.BQ.RISQUES.CREDITS_BRUTS.39._Z.NACE_C.PHNC._Z.TOP6_AUT_GROUPES;2023;2023-01-01;2023-12-31;253,91;2025-03-18T17:10:27+00:00;ACPR;Crédits bruts aux entreprises du secteur des industrie manufacturière;Crédits bruts aux entreprises du secteur des industrie manufacturière;CREDITS_BRUTS;A;BQ;_Z;39;_Z;RISQUES;TOP6_AUT_GROUPES;NACE_C;PHNC;EUR;2;9;N;P1Y;ACPR;E;F;A
ACPR.A.BQ.RISQUES.CRED_CLIENT.34._Z.MENAGES_ENF.PHNC._Z.TOP6_AUT_GROUPES;2023;2023-01-01;2023-12-31;3984,54;2025-03-18T17:10:26+00:00;ACPR;Crédits nets  aux entreprises non financières et aux ménages;Crédits nets  aux entreprises non financières et aux ménages;CRED_CLIENT;A;BQ;_Z;34;_Z;RISQUES;TOP6_AUT_GROUPES;MENAGES_ENF;PHNC;EUR;2;9;N;P1Y;ACPR;E;F;A
ACPR.A.BQ.RISQUES.CRED_CLIENT.34.ES.MENAGES.PHNC._Z.TOP6_AUT_GROUPES;2023;2023-01-01;2023-12-31;21,26;2025-03-18T17:10:27+00:00;ACPR;Crédits aux ménages - Espagne;Crédits aux ménages - Espagne;CRED_CLIENT;A;BQ;_Z;34;ES;RISQUES;TOP6_AUT_GROUPES;MENAGES;PHNC;EUR;2;9;N;P1Y;ACPR;E;F;A
ACPR.A.BQ.RISQUES.CRED_CLIENT.34.IT.ENF.PHNC._Z.TOP6_AUT_GROUPES;2023;2023-01-01;2023-12-31;106,76;2025-03-18T17:10:27+00:00;ACPR;Crédits aux entreprises non financières - Italie;Crédits aux entreprises non financières - Italie;CRED_CLIENT;A;BQ;_Z;34;IT;RISQUES;TOP6_AUT_GROUPES;ENF;PHNC;EUR;2;9;N;P1Y;ACPR;E;F;A
ACPR.A.BQ.RISQUES.DEPOTS.43._Z.APU.SOLO._Z.TOTAL_SECTEUR;2023;2023-01-01;2023-12-31;46,97;2025-03-20T09:10:29+00:00;ACPR;Dépôts des administrations publiques;Dépôts des administrations publiques;DEPOTS;A;BQ;_Z;43;_Z;RISQUES;TOTAL_SECTEUR;APU;SOLO;EUR;2;9;N;P1Y;ACPR;E;F;A
ACPR.A.BQ.RISQUES.CREDITS_BRUTS.39._Z.NACE_I.PHNC._Z.TOP6_AUT_GROUPES;2023;2023-01-01;2023-12-31;48,22;2025-03-18T17:10:27+00:00;ACPR;Crédits bruts aux entreprises du secteur de l'hébergement et restauration;Crédits bruts aux entreprises du secteur de l'hébergement et restauration;CREDITS_BRUTS;A;BQ;_Z;39;_Z;RISQUES;TOP6_AUT_GROUPES;NACE_I;PHNC;EUR;2;9;N;P1Y;ACPR;E;F;A
ACPR.A.BQ.RISQUES.TX_PROV.572.BE.MENAGES_ENF.PHNC._Z.TOP6_AUT_GROUPES;2023;2023-01-01;2023-12-31;61,52;2025-03-18T17:10:29+00:00;ACPR;Taux de provisionnement en Belgique;Taux de provisionnement en Belgique;TX_PROV;A;BQ;_Z;572;BE;RISQUES;TOP6_AUT_GROUPES;MENAGES_ENF;PHNC;PC;2;0;N;P1Y;ACPR;E;F;A
ACPR.A.BQ.RISQUES.DT_PL_PTF_NEGO.58._Z.BC.PHNC._Z.TOP6_AUT_GROUPES;2023;2023-01-01;2023-12-31;30,56;2025-03-18T17:10:27+00:00;ACPR;Dépôts et titres des Banques Centrales donnés en pension livrée du portefeuille de négociation;Dépôts et titres des Banques Centrales donnés en pension livrée du portefeuille de négociation;DT_PL_PTF_NEGO;A;BQ;_Z;58;_Z;RISQUES;TOP6_AUT_GROUPES;BC;PHNC;EUR;2;9;N;P1Y;ACPR;E;F;A
ACPR.A.BQ.RISQUES.S1_MCA.660._Z.MENAGES.PHNC._Z.TOP6_AUT_GROUPES;2023;2023-01-01;2023-12-31;1867,34;2025-10-22T14:00:31+00:00;ACPR;Encours de prêts et avances (brut comptable) aux ménages en stade 1 - coût amorti;Encours de prêts et avances (brut comptable) aux ménages en stade 1 - coût amorti;S1_MCA;A;BQ;_Z;660;_Z;RISQUES;TOP6_AUT_GROUPES;MENAGES;PHNC;EUR;2;9;N;P1Y;ACPR;E;F;A
ACPR.A.BQ.RISQUES.ACTFR_CLIENT_RE_TTES_DEV2360.43._Z._Z.SOLO._Z.TOTAL_SECTEUR;2023;2023-01-01;2023-12-31;427,58;2025-03-20T09:10:29+00:00;ACPR;Comptes à terme de la clientèle non financière;Comptes à terme de la clientèle non financière;ACTFR_CLIENT_RE_TTES_DEV2360;A;BQ;_Z;43;_Z;RISQUES;TOTAL_SECTEUR;_Z;SOLO;EUR;2;9;N;P1Y;ACPR;E;F;A
ACPR.A.BQ.RISQUES.DERIV_NOTIONNEL_GRE_GRE.47._Z._Z.PHNC._Z.TOP6_AUT_GROUPES;2023;2023-01-01;2023-12-31;88142,15;2025-03-18T17:10:27+00:00;ACPR;Montant notionnels de dérivés de gré à gré;Montant notionnels de dérivés de gré à gré;DERIV_NOTIONNEL_GRE_GRE;A;BQ;_Z;47;_Z;RISQUES;TOP6_AUT_GROUPES;_Z;PHNC;EUR;2;9;N;P1Y;ACPR;E;F;A
ACPR.A.BQ.RISQUES.CRED_CLIENT.34._Z._Z.PHNC._Z.TOP6_AUT_GROUPES;2023;2023-01-01;2023-12-31;6079,1;2025-03-18T17:10:26+00:00;ACPR;Crédits net du secteur bancaire français;Crédits net du secteur bancaire français;CRED_CLIENT;A;BQ;_Z;34;_Z;RISQUES;TOP6_AUT_GROUPES;_Z;PHNC;EUR;2;9;N;P1Y;ACPR;E;F;A
ACPR.A.BQ.RISQUES.TX_PROV.572.NL.MENAGES_ENF.PHNC._Z.TOP6_AUT_GROUPES;2023;2023-01-01;2023-12-31;71,85;2025-03-18T17:10:29+00:00;ACPR;Taux de provisionnement aux Pays-Bas;Taux de provisionnement aux Pays-Bas;TX_PROV;A;BQ;_Z;572;NL;RISQUES;TOP6_AUT_GROUPES;MENAGES_ENF;PHNC;PC;2;0;N;P1Y;ACPR;E;F;A
ACPR.A.BQ.RISQUES.TX_PROV_NPL.573._Z.ENF.PHNC._Z.TOP6_AUT_GROUPES;2023;2023-01-01;2023-12-31;1,59;2025-03-18T17:10:29+00:00;ACPR;Poids des provisions des prêts non performants aux entreprises non financières;Poids des provisions des prêts non performants aux entreprises non financières;TX_PROV_NPL;A;BQ;_Z;573;_Z;RISQUES;TOP6_AUT_GROUPES;ENF;PHNC;PC;2;0;N;P1Y;ACPR;E;F;A
ACPR.A.BQ.RISQUES.GB_FIN_NEGO_ACTIF_9844.180._Z._Z.PHNC._Z.TOP6_AUT_GROUPES;2023;2023-01-01;2023-12-31;629,14;2025-03-18T17:10:28+00:00;ACPR;Dérivés dans le portefeuille de négociation coté actif;Dérivés dans le portefeuille de négociation coté actif;GB_FIN_NEGO_ACTIF_9844;A;BQ;_Z;180;_Z;RISQUES;TOP6_AUT_GROUPES;_Z;PHNC;EUR;2;9;N;P1Y;ACPR;E;F;A
ACPR.A.BQ.RISQUES.CRED_CLIENT.34._Z.ENF.PHNC._Z.TOP6_AUT_GROUPES;2023;2023-01-01;2023-12-31;1911,71;2025-03-18T17:10:26+00:00;ACPR;Entreprises non financières (crédits nets);Entreprises non financières (crédits nets);CRED_CLIENT;A;BQ;_Z;34;_Z;RISQUES;TOP6_AUT_GROUPES;ENF;PHNC;EUR;2;9;N;P1Y;ACPR;E;F;A
ACPR.A.BQ.RISQUES.CRED_HAB.36._Z.APU.SOLO._Z.TOTAL_SECTEUR;2023;2023-01-01;2023-12-31;4,8;2025-03-18T17:10:27+00:00;ACPR;Crédits à l'habitat aux administrations publiques;Crédits à l'habitat aux administrations publiques;CRED_HAB;A;BQ;_Z;36;_Z;RISQUES;TOTAL_SECTEUR;APU;SOLO;EUR;2;9;N;P1Y;ACPR;E;F;A
ACPR.A.BQ.RISQUES.CREDITS_BRUTS.39._Z.NACE_B.PHNC._Z.TOP6_AUT_GROUPES;2023;2023-01-01;2023-12-31;27,6;2025-03-18T17:10:27+00:00;ACPR;Crédits bruts aux entreprises du secteur des industries extractives;Crédits bruts aux entreprises du secteur des industries extractives;CREDITS_BRUTS;A;BQ;_Z;39;_Z;RISQUES;TOP6_AUT_GROUPES;NACE_B;PHNC;EUR;2;9;N;P1Y;ACPR;E;F;A
ACPR.A.BQ.RISQUES.DERIV_PASSIF_ORGA.50._Z._Z.PHNC._Z.TOP6_AUT_GROUPES;2023;2023-01-01;2023-12-31;23,05;2025-03-18T17:10:27+00:00;ACPR;Montant au passif de dérivés sur marchés organisés;Passif de dérivés sur marchés organisés;DERIV_PASSIF_ORGA;A;BQ;_Z;50;_Z;RISQUES;TOP6_AUT_GROUPES;_Z;PHNC;EUR;2;9;N;P1Y;ACPR;E;F;A
ACPR.A.BQ.RISQUES.S2_MCA_BASE100.661._Z.MENAGES.PHNC._Z.TOP6_AUT_GROUPES;2023;2023-01-01;2023-12-31;1,66;2025-10-22T14:00:31+00:00;ACPR;Encours de prêts et avances (brut comptable) aux ménages en stade 2 - coût amorti - base 100;Encours de prêts et avances (brut comptable) aux ménages en stade 2 - coût amorti - base 100;S2_MCA_BASE100;A;BQ;_Z;661;_Z;RISQUES;TOP6_AUT_GROUPES;MENAGES;PHNC;PC;2;0;N;P1Y;ACPR;E;F;A
ACPR.A.BQ.RISQUES.CRED_AUT.32._Z.SNF.SOLO._Z.TOTAL_SECTEUR;2023;2023-01-01;2023-12-31;63,04;2025-10-22T14:00:28+00:00;ACPR;Autres crédits aux sociétés non financières;Autres crédits aux sociétés non financières;CRED_AUT;A;BQ;_Z;32;_Z;RISQUES;TOTAL_SECTEUR;SNF;SOLO;EUR;2;9;N;P1Y;ACPR;E;F;A
ACPR.A.BQ.RISQUES.TX_NPL.569._Z.PME.PHNC._Z.TOP6_AUT_GROUPES;2023;2023-01-01;2023-12-31;4,37;2025-03-18T17:10:29+00:00;ACPR;Taux de prêts non performants aux PME;Taux de prêts non performants aux PME;TX_NPL;A;BQ;_Z;569;_Z;RISQUES;TOP6_AUT_GROUPES;PME;PHNC;PC;2;0;N;P1Y;ACPR;E;F;A
ACPR.A.BQ.RISQUES.GB_FIN_NEGO_PASSIF_9849.187._Z._Z.PHNC._Z.TOP6_AUT_GROUPES;2023;2023-01-01;2023-12-31;224,08;2025-03-18T17:10:28+00:00;ACPR;Positions courtes dans le portefeuille de négociation coté passif;Positions courtes dans le portefeuille de négociation coté passif;GB_FIN_NEGO_PASSIF_9849;A;BQ;_Z;187;_Z;RISQUES;TOP6_AUT_GROUPES;_Z;PHNC;EUR;2;9;N;P1Y;ACPR;E;F;A
ACPR.A.BQ.RISQUES.RATIO_CREDEP.363._Z.HORS_EC_BC.PHNC._Z.TOP6_AUT_GROUPES;2023;2023-01-01;2023-12-31;94,61;2025-10-22T14:00:29+00:00;ACPR;Ratio crédits / Dépôts  hors EC et banques centrales;Ratio crédits / Dépôts  hors EC et banques centrales;RATIO_CREDEP;A;BQ;_Z;363;_Z;RISQUES;TOP6_AUT_GROUPES;HORS_EC_BC;PHNC;PC;2;9;N;P1Y;ACPR;E;F;A
ACPR.A.BQ.RISQUES.TB_FIN_NEGO_VENTE_OPTION9980.496._Z._Z.PHNC._Z.TOP6_AUT_GROUPES;2023;2023-01-01;2023-12-31;3647,94;2025-03-18T17:10:28+00:00;ACPR;Ventes d'options sur Taux d'intérêt;Ventes d'options sur Taux d'intérêt;TB_FIN_NEGO_VENTE_OPTION9980;A;BQ;_Z;496;_Z;RISQUES;TOP6_AUT_GROUPES;_Z;PHNC;EUR;2;9;N;P1Y;ACPR;E;F;A
ACPR.A.BQ.RISQUES.TX_NEGO_BILAN_PASSIF.568._Z._Z.PHNC._Z.TOP6_AUT_GROUPES;2023;2023-01-01;2023-12-31;16,72;2025-03-18T17:10:28+00:00;ACPR;Part du portefeuille de négociation au passif du bilan;Part du portefeuille de négociation au passif du bilan;TX_NEGO_BILAN_PASSIF;A;BQ;_Z;568;_Z;RISQUES;TOP6_AUT_GROUPES;_Z;PHNC;PC;2;0;N;P1Y;ACPR;E;F;A
ACPR.A.BQ.RISQUES.TX_NPL.569._Z.ENF.PHNC._Z.TOP6_AUT_GROUPES;2023;2023-01-01;2023-12-31;3,65;2025-03-18T17:10:28+00:00;ACPR;Taux de prêts non performants aux entreprises non financières;Taux de prêts non performants aux entreprises non financières;TX_NPL;A;BQ;_Z;569;_Z;RISQUES;TOP6_AUT_GROUPES;ENF;PHNC;PC;2;0;N;P1Y;ACPR;E;F;A
ACPR.A.BQ.RISQUES.TX_NPL.569._Z.NACE_I.PHNC._Z.TOP6_AUT_GROUPES;2023;2023-01-01;2023-12-31;8,74;2025-03-18T17:10:28+00:00;ACPR;Taux de prêts non performants du secteur de l'hébergement et restauration;Taux de prêts non performants du secteur de l'hébergement et restauration;TX_NPL;A;BQ;_Z;569;_Z;RISQUES;TOP6_AUT_GROUPES;NACE_I;PHNC;PC;2;0;N;P1Y;ACPR;E;F;A
ACPR.A.BQ.RISQUES.TX_NPL.569._Z.NACE_J.PHNC._Z.TOP6_AUT_GROUPES;2023;2023-01-01;2023-12-31;3,12;2025-03-18T17:10:28+00:00;ACPR;Taux de prêts non performants du secteur de l'information et communication;Taux de prêts non performants du secteur de l'information et communication;TX_NPL;A;BQ;_Z;569;_Z;RISQUES;TOP6_AUT_GROUPES;NACE_J;PHNC;PC;2;0;N;P1Y;ACPR;E;F;A
ACPR.A.BQ.RISQUES.TX_NPL.569.GB.MENAGES_ENF.PHNC._Z.TOP6_AUT_GROUPES;2023;2023-01-01;2023-12-31;1,32;2025-03-18T17:10:29+00:00;ACPR;Taux de prêts non performants au Royaume uni;Taux de prêts non performants au Royaume uni;TX_NPL;A;BQ;_Z;569;GB;RISQUES;TOP6_AUT_GROUPES;MENAGES_ENF;PHNC;PC;2;0;N;P1Y;ACPR;E;F;A
ACPR.A.BQ.RISQUES.TX_NPL.569.NL.MENAGES_ENF.PHNC._Z.TOP6_AUT_GROUPES;2023;2023-01-01;2023-12-31;1,08;2025-03-18T17:10:29+00:00;ACPR;Taux de prêts non performants aux Pays-Bas;Taux de prêts non performants aux Pays-Bas;TX_NPL;A;BQ;_Z;569;NL;RISQUES;TOP6_AUT_GROUPES;MENAGES_ENF;PHNC;PC;2;0;N;P1Y;ACPR;E;F;A
ACPR.A.BQ.RISQUES.TX_PROV.572._Z.NACE_C.PHNC._Z.TOP6_AUT_GROUPES;2023;2023-01-01;2023-12-31;62,56;2025-03-18T17:10:29+00:00;ACPR;Taux de provisionnement du secteur des industrie manufacturière;Taux de provisionnement du secteur des industrie manufacturière;TX_PROV;A;BQ;_Z;572;_Z;RISQUES;TOP6_AUT_GROUPES;NACE_C;PHNC;PC;2;0;N;P1Y;ACPR;E;F;A
ACPR.A.BQ.RISQUES.CRED_CLIENT.34.PL.MENAGES.PHNC._Z.TOP6_AUT_GROUPES;2023;2023-01-01;2023-12-31;12,4;2025-03-18T17:10:27+00:00;ACPR;Crédits aux ménages - Pologne;Crédits aux ménages - Pologne;CRED_CLIENT;A;BQ;_Z;34;PL;RISQUES;TOP6_AUT_GROUPES;MENAGES;PHNC;EUR;2;9;N;P1Y;ACPR;E;F;A
ACPR.A.BQ.RISQUES.TB_FIN_NEGO_DERIVES9937.485._Z._Z.PHNC._Z.TOP6_AUT_GROUPES;2023;2023-01-01;2023-12-31;2,64;2025-03-18T17:10:28+00:00;ACPR;Montant au passif de dérivés sur autres produits;Montant au passif de dérivés sur autres produits;TB_FIN_NEGO_DERIVES9937;A;BQ;_Z;485;_Z;RISQUES;TOP6_AUT_GROUPES;_Z;PHNC;EUR;2;9;N;P1Y;ACPR;E;F;A
ACPR.A.BQ.RISQUES.CRED_BAIL.33._Z._Z.SOLO._Z.TOTAL_SECTEUR;2023;2023-01-01;2023-12-31;110,88;2025-03-18T17:10:26+00:00;ACPR;Crédit-bail et opérations assimilées à l'ensemble de la clientèle non financière;Crédit-bail et opérations assimilées à l'ensemble de la clientèle non financière;CRED_BAIL;A;BQ;_Z;33;_Z;RISQUES;TOTAL_SECTEUR;_Z;SOLO;EUR;2;9;N;P1Y;ACPR;E;F;A
ACPR.A.BQ.RISQUES.CRED_CLIENT.34.ES.ENF.PHNC._Z.TOP6_AUT_GROUPES;2023;2023-01-01;2023-12-31;26,42;2025-03-18T17:10:27+00:00;ACPR;Crédits aux entreprises non financières - Espagne;Crédits aux entreprises non financières - Espagne;CRED_CLIENT;A;BQ;_Z;34;ES;RISQUES;TOP6_AUT_GROUPES;ENF;PHNC;EUR;2;9;N;P1Y;ACPR;E;F;A
ACPR.A.BQ.RISQUES.GB_FIN_TX_DOUT_MEN_ENF8998.39._Z.MENAGES.PHNC._Z.TOP6_AUT_GROUPES;2023;2023-01-01;2023-12-31;51,93;2025-10-22T14:00:31+00:00;ACPR;Part des ménages dans les prêts et avances bruts au coût amorti aux ménages et aux entreprises non financières - secteur bancaire français (IFRS);Part des ménages dans les prêts et avances bruts au coût amorti aux ménages et aux entreprises non financières - secteur bancaire français (IFRS);GB_FIN_TX_DOUT_MEN_ENF8998;A;BQ;_Z;39;_Z;RISQUES;TOP6_AUT_GROUPES;MENAGES;PHNC;PC;2;0;N;P1Y;ACPR;E;F;A
ACPR.A.BQ.RISQUES.CRED_COD.30._Z.MENAGES.SOLO._Z.TOTAL_SECTEUR;2023;2023-01-01;2023-12-31;9,67;2025-03-18T17:10:27+00:00;ACPR;Comptes ordinaires débiteurs aux Ménages;Comptes ordinaires débiteurs aux Ménages;CRED_COD;A;BQ;_Z;30;_Z;RISQUES;TOTAL_SECTEUR;MENAGES;SOLO;EUR;2;9;N;P1Y;ACPR;E;F;A
ACPR.A.BQ.RISQUES.CRED_EQUIP.35._Z._Z.SOLO._Z.TOTAL_SECTEUR;2023;2023-01-01;2023-12-31;711,16;2025-03-18T17:10:27+00:00;ACPR;Crédits à l'équipement à l'ensemble de la clientèle non financière;Crédits à l'équipement à l'ensemble de la clientèle non financière;CRED_EQUIP;A;BQ;_Z;35;_Z;RISQUES;TOTAL_SECTEUR;_Z;SOLO;EUR;2;9;N;P1Y;ACPR;E;F;A
ACPR.A.BQ.RISQUES.CRED_EQUIP.35._Z.SNF.SOLO._Z.TOTAL_SECTEUR;2023;2023-01-01;2023-12-31;521,05;2025-03-18T17:10:27+00:00;ACPR;Crédits à l'équipement aux sociétés non financières;Crédits à l'équipement aux sociétés non financières;CRED_EQUIP;A;BQ;_Z;35;_Z;RISQUES;TOTAL_SECTEUR;SNF;SOLO;EUR;2;9;N;P1Y;ACPR;E;F;A
ACPR.A.BQ.RISQUES.CREDITS_BRUTS.39._Z.NACE_E.PHNC._Z.TOP6_AUT_GROUPES;2023;2023-01-01;2023-12-31;11,71;2025-03-18T17:10:27+00:00;ACPR;Crédits bruts aux entreprises du secteur de la production et distribution d'eau;Crédits bruts aux entreprises du secteur de la production et distribution d'eau;CREDITS_BRUTS;A;BQ;_Z;39;_Z;RISQUES;TOP6_AUT_GROUPES;NACE_E;PHNC;EUR;2;9;N;P1Y;ACPR;E;F;A
ACPR.A.BQ.RISQUES.TX_PROV.572._Z.NACE_N.PHNC._Z.TOP6_AUT_GROUPES;2023;2023-01-01;2023-12-31;60,55;2025-03-18T17:10:29+00:00;ACPR;Taux de provisionnement du secteur de l'activité de services administratifs et de soutien;Taux de provisionnement du secteur de l'activité de services administratifs et de soutien;TX_PROV;A;BQ;_Z;572;_Z;RISQUES;TOP6_AUT_GROUPES;NACE_N;PHNC;PC;2;0;N;P1Y;ACPR;E;F;A
ACPR.A.BQ.RISQUES.CRED_CLIENT.34._Z.HORS_EC_BC.PHNC._Z.TOP6_AUT_GROUPES;2023;2023-01-01;2023-12-31;4633,14;2025-03-18T17:10:26+00:00;ACPR;Crédits nets  hors EC et banques centrales;Crédits nets  hors EC et banques centrales;CRED_CLIENT;A;BQ;_Z;34;_Z;RISQUES;TOP6_AUT_GROUPES;HORS_EC_BC;PHNC;EUR;2;9;N;P1Y;ACPR;E;F;A
ACPR.A.BQ.RISQUES.CRED_CLIENT.34._Z.NACE_K.PHNC._Z.TOP6_AUT_GROUPES;2023;2023-01-01;2023-12-31;123,42;2025-03-18T17:10:27+00:00;ACPR;Crédits au secteur de l'activité financières et d'assurance;Crédits au secteur de l'activité financières et d'assurance;CRED_CLIENT;A;BQ;_Z;34;_Z;RISQUES;TOP6_AUT_GROUPES;NACE_K;PHNC;EUR;2;9;N;P1Y;ACPR;E;F;A
ACPR.A.BQ.RISQUES.S3_MCA.662._Z.MENAGES.PHNC._Z.TOP6_AUT_GROUPES;2023;2023-01-01;2023-12-31;43,52;2025-10-22T14:00:31+00:00;ACPR;Encours de prêts et avances (brut comptable) aux ménages en stade 3 - coût amorti;Encours de prêts et avances (brut comptable) aux ménages en stade 3 - coût amorti;S3_MCA;A;BQ;_Z;662;_Z;RISQUES;TOP6_AUT_GROUPES;MENAGES;PHNC;EUR;2;9;N;P1Y;ACPR;E;F;A
ACPR.A.BQ.RISQUES.GB_FIN_TX_DOUT_MEN_ENF8966.39._Z.PME.PHNC._Z.TOP6_AUT_GROUPES;2023;2023-01-01;2023-12-31;39,72;2025-03-31T08:10:37+00:00;ACPR;Prêts et avances bruts non performants au coût amorti du secteur bancaire français (IFRS) - PME;Prêts et avances bruts non performants au coût amorti du secteur bancaire français (IFRS) - PME;GB_FIN_TX_DOUT_MEN_ENF8966;A;BQ;_Z;39;_Z;RISQUES;TOP6_AUT_GROUPES;PME;PHNC;EUR;2;9;N;P1Y;ACPR;E;F;A
ACPR.A.BQ.RISQUES.ACT_PTF_NEGO.3._Z.EF.PHNC._Z.TOP6_AUT_GROUPES;2023;2023-01-01;2023-12-31;34,24;2025-03-18T17:10:26+00:00;ACPR;Instruments de capitaux propres des autres entreprises financières dans le portefeuille de négociation;Instruments de capitaux propres des autres entreprises financières dans le portefeuille de négociation;ACT_PTF_NEGO;A;BQ;_Z;3;_Z;RISQUES;TOP6_AUT_GROUPES;EF;PHNC;EUR;2;9;N;P1Y;ACPR;E;F;A
ACPR.A.BQ.RISQUES.CRED_CLIENT.34.DE.MENAGES.PHNC._Z.TOP6_AUT_GROUPES;2023;2023-01-01;2023-12-31;60,64;2025-03-18T17:10:27+00:00;ACPR;Crédits aux ménages - Allemagne;Crédits aux ménages - Allemagne;CRED_CLIENT;A;BQ;_Z;34;DE;RISQUES;TOP6_AUT_GROUPES;MENAGES;PHNC;EUR;2;9;N;P1Y;ACPR;E;F;A
ACPR.A.BQ.RISQUES.GB_FIN_NEGO_PASSIF_9850.188._Z._Z.PHNC._Z.TOP6_AUT_GROUPES;2023;2023-01-01;2023-12-31;674,62;2025-03-18T17:10:28+00:00;ACPR;Dépôts yc les opérations de pensions livrés sur titres dans le portefeuille de négociation coté passif;Dépôts yc les opérations de pensions livrés sur titres dans le portefeuille de négociation coté passif;GB_FIN_NEGO_PASSIF_9850;A;BQ;_Z;188;_Z;RISQUES;TOP6_AUT_GROUPES;_Z;PHNC;EUR;2;9;N;P1Y;ACPR;E;F;A
ACPR.A.BQ.RISQUES.TB_FIN_NEGO_PART_OPTION9969.495._Z._Z.PHNC._Z.TOP6_AUT_GROUPES;2023;2023-01-01;2023-12-31;206,05;2025-03-18T17:10:28+00:00;ACPR;Options de gré à gré (somme actif et passif);Options de gré à gré (somme actif et passif);TB_FIN_NEGO_PART_OPTION9969;A;BQ;_Z;495;_Z;RISQUES;TOP6_AUT_GROUPES;_Z;PHNC;EUR;2;9;N;P1Y;ACPR;E;F;A
ACPR.A.BQ.RISQUES.S2_ENFCA_BASE100.661._Z.ENF.PHNC._Z.TOP6_AUT_GROUPES;2023;2023-01-01;2023-12-31;169,45;2025-10-22T14:00:31+00:00;ACPR;Encours de prêts et avances (brut comptable) aux entreprises non financières en stade 2 - coût amorti - base 100;Encours de prêts et avances (brut comptable) aux entreprises non financières en stade 2 - coût amorti - base 100;S2_ENFCA_BASE100;A;BQ;_Z;661;_Z;RISQUES;TOP6_AUT_GROUPES;ENF;PHNC;PC;2;0;N;P1Y;ACPR;E;F;A
ACPR.A.BQ.RISQUES.CRED_BAIL.33._Z.MENAGES.SOLO._Z.TOTAL_SECTEUR;2023;2023-01-01;2023-12-31;24,25;2025-03-18T17:10:26+00:00;ACPR;Crédit-bail et opérations assimilées aux Ménages;Crédit-bail et opérations assimilées aux Ménages;CRED_BAIL;A;BQ;_Z;33;_Z;RISQUES;TOTAL_SECTEUR;MENAGES;SOLO;EUR;2;9;N;P1Y;ACPR;E;F;A
ACPR.A.BQ.RISQUES.CRED_CLIENT.34.FR.ENF.PHNC._Z.TOP6_AUT_GROUPES;2023;2023-01-01;2023-12-31;1076,24;2025-03-18T17:10:27+00:00;ACPR;Crédits aux entreprises non financières - France;Crédits aux entreprises non financières - France;CRED_CLIENT;A;BQ;_Z;34;FR;RISQUES;TOP6_AUT_GROUPES;ENF;PHNC;EUR;2;9;N;P1Y;ACPR;E;F;A
ACPR.A.BQ.RISQUES.CREDITS_BRUTS.39._Z.NACE_L.PHNC._Z.TOP6_AUT_GROUPES;2023;2023-01-01;2023-12-31;456,73;2025-03-18T17:10:27+00:00;ACPR;Crédits bruts aux entreprises du secteur des activités immobilières;Crédits bruts aux entreprises du secteur des activités immobilières;CREDITS_BRUTS;A;BQ;_Z;39;_Z;RISQUES;TOP6_AUT_GROUPES;NACE_L;PHNC;EUR;2;9;N;P1Y;ACPR;E;F;A
ACPR.A.BQ.RISQUES.TB_FIN_NEGO_PART_OPTION9966.492._Z._Z.PHNC._Z.TOP6_AUT_GROUPES;2023;2023-01-01;2023-12-31;161,54;2025-03-18T17:10:28+00:00;ACPR;Dérivés sur Capitaux propres (somme actif et passif);Dérivés sur Capitaux propres (somme actif et passif);TB_FIN_NEGO_PART_OPTION9966;A;BQ;_Z;492;_Z;RISQUES;TOP6_AUT_GROUPES;_Z;PHNC;EUR;2;9;N;P1Y;ACPR;E;F;A
ACPR.A.BQ.RISQUES.CRED_CLIENT.34.BE.ENF.PHNC._Z.TOP6_AUT_GROUPES;2023;2023-01-01;2023-12-31;60,51;2025-03-18T17:10:27+00:00;ACPR;Crédits aux entreprises non financières - Belgique;Crédits aux entreprises non financières - Belgique;CRED_CLIENT;A;BQ;_Z;34;BE;RISQUES;TOP6_AUT_GROUPES;ENF;PHNC;EUR;2;9;N;P1Y;ACPR;E;F;A
ACPR.A.BQ.RISQUES.CRED_EQUIP.35._Z.APU.SOLO._Z.TOTAL_SECTEUR;2023;2023-01-01;2023-12-31;151,98;2025-03-18T17:10:27+00:00;ACPR;Crédits à l'équipement aux administrations publiques;Crédits à l'équipement aux administrations publiques;CRED_EQUIP;A;BQ;_Z;35;_Z;RISQUES;TOTAL_SECTEUR;APU;SOLO;EUR;2;9;N;P1Y;ACPR;E;F;A
ACPR.A.BQ.RISQUES.TX_PROV.572._Z.NACE_R.PHNC._Z.TOP6_AUT_GROUPES;2023;2023-01-01;2023-12-31;61,95;2025-03-18T17:10:29+00:00;ACPR;Taux de provisionnement du secteur des arts, spectacles et activités récréatives;Taux de provisionnement du secteur des arts, spectacles et activités récréatives;TX_PROV;A;BQ;_Z;572;_Z;RISQUES;TOP6_AUT_GROUPES;NACE_R;PHNC;PC;2;0;N;P1Y;ACPR;E;F;A
ACPR.A.BQ.RISQUES.GB_FIN_TX_DOUT_MEN_ENF8999.39._Z.ENF.PHNC._Z.TOP6_AUT_GROUPES;2023;2023-01-01;2023-12-31;48,07;2025-10-22T14:00:31+00:00;ACPR;Part des entreprises non financières dans les prêts et avances bruts au coût amorti aux ménages et aux entreprises non financières - secteur bancaire français (IFRS);Part des entreprises non financières dans les prêts et avances bruts au coût amorti aux ménages et aux entreprises non financières - secteur bancaire français (IFRS);GB_FIN_TX_DOUT_MEN_ENF8999;A;BQ;_Z;39;_Z;RISQUES;TOP6_AUT_GROUPES;ENF;PHNC;PC;2;0;N;P1Y;ACPR;E;F;A
ACPR.A.BQ.RISQUES.S1_ENFCA_BASE100.660._Z.ENF.PHNC._Z.TOP6_AUT_GROUPES;2023;2023-01-01;2023-12-31;119,83;2025-10-22T14:00:31+00:00;ACPR;Encours de prêts et avances (brut comptable) aux entreprises non financières en stade 1 - coût amorti - base 100;Encours de prêts et avances (brut comptable) aux entreprises non financières en stade 1 - coût amorti - base 100;S1_ENFCA_BASE100;A;BQ;_Z;660;_Z;RISQUES;TOP6_AUT_GROUPES;ENF;PHNC;PC;2;0;N;P1Y;ACPR;E;F;A
ACPR.A.BQ.RISQUES.CRED_AUT.32._Z.APU.SOLO._Z.TOTAL_SECTEUR;2023;2023-01-01;2023-12-31;10,62;2025-03-18T17:10:26+00:00;ACPR;Autres crédits aux administrations publiques;Autres crédits aux administrations publiques;CRED_AUT;A;BQ;_Z;32;_Z;RISQUES;TOTAL_SECTEUR;APU;SOLO;EUR;2;9;N;P1Y;ACPR;E;F;A
ACPR.A.BQ.RISQUES.CRED_CLIENT.34.FR.MENAGES.PHNC._Z.TOP6_AUT_GROUPES;2023;2023-01-01;2023-12-31;1523,0;2025-03-18T17:10:27+00:00;ACPR;Crédits aux ménages - France;Crédits aux ménages - France;CRED_CLIENT;A;BQ;_Z;34;FR;RISQUES;TOP6_AUT_GROUPES;MENAGES;PHNC;EUR;2;9;N;P1Y;ACPR;E;F;A
ACPR.A.BQ.RISQUES.TX_NPL.569._Z.NACE_M.PHNC._Z.TOP6_AUT_GROUPES;2023;2023-01-01;2023-12-31;4,62;2025-03-18T17:10:29+00:00;ACPR;Taux de prêts non performants du secteur des activités spécialisées, scientifiques et techniques;Taux de prêts non performants du secteur des activités spécialisées, scientifiques et techniques;TX_NPL;A;BQ;_Z;569;_Z;RISQUES;TOP6_AUT_GROUPES;NACE_M;PHNC;PC;2;0;N;P1Y;ACPR;E;F;A
ACPR.A.BQ.RISQUES.ACTFR_CLIENT_RE_TTES_DEV2270.43._Z.MENAGES.SOLO._Z.TOTAL_SECTEUR;2023;2023-01-01;2023-12-31;1176,26;2025-10-22T14:00:31+00:00;ACPR;Comptes d'épargne à régime spécial des ménages;Comptes d'épargne à régime spécial des ménages;ACTFR_CLIENT_RE_TTES_DEV2270;A;BQ;_Z;43;_Z;RISQUES;TOTAL_SECTEUR;MENAGES;SOLO;EUR;2;9;N;P1Y;ACPR;E;F;A
ACPR.A.BQ.RISQUES.TB_FIN_NEGO_PART_BILAN9840.487._Z._Z.PHNC._Z.TOP6_AUT_GROUPES;2023;2023-01-01;2023-12-31;1553,17;2025-03-18T17:10:28+00:00;ACPR;Portefeuille de négociation - Passif;Portefeuille de négociation - Passif;TB_FIN_NEGO_PART_BILAN9840;A;BQ;_Z;487;_Z;RISQUES;TOP6_AUT_GROUPES;_Z;PHNC;EUR;2;9;N;P1Y;ACPR;E;F;A
ACPR.A.BQ.RISQUES.CRED_AUT.32._Z._Z.SOLO._Z.TOTAL_SECTEUR;2023;2023-01-01;2023-12-31;63,04;2025-03-18T17:10:26+00:00;ACPR;Autres crédits à l'ensemble de la clientèle non financière;Autres crédits à l'ensemble de la clientèle non financière;CRED_AUT;A;BQ;_Z;32;_Z;RISQUES;TOTAL_SECTEUR;_Z;SOLO;EUR;2;9;N;P1Y;ACPR;E;F;A
ACPR.A.BQ.RISQUES.DT_PL_PTF_NEGO.58._Z.ENF.PHNC._Z.TOP6_AUT_GROUPES;2023;2023-01-01;2023-12-31;68,33;2025-03-18T17:10:27+00:00;ACPR;Dépôts et titres des entreprises non financières donnés en pension livrée du portefeuille de négociation;Dépôts et titres des entreprises non financières donnés en pension livrée du portefeuille de négociation;DT_PL_PTF_NEGO;A;BQ;_Z;58;_Z;RISQUES;TOP6_AUT_GROUPES;ENF;PHNC;EUR;2;9;N;P1Y;ACPR;E;F;A
ACPR.A.BQ.RISQUES.CREDITS_BRUTS.39._Z.NACE_J.PHNC._Z.TOP6_AUT_GROUPES;2023;2023-01-01;2023-12-31;64,04;2025-03-18T17:10:27+00:00;ACPR;Crédits bruts aux entreprises du secteur de l'information et communication;Crédits bruts aux entreprises du secteur de l'information et communication;CREDITS_BRUTS;A;BQ;_Z;39;_Z;RISQUES;TOP6_AUT_GROUPES;NACE_J;PHNC;EUR;2;9;N;P1Y;ACPR;E;F;A
ACPR.A.BQ.RISQUES.CREDITS_BRUTS.39._Z.NACE_K.PHNC._Z.TOP6_AUT_GROUPES;2023;2023-01-01;2023-12-31;125,82;2025-03-18T17:10:27+00:00;ACPR;Crédits bruts aux entreprises du secteur des activité financières et d'assurance;Crédits bruts aux entreprises du secteur des activité financières et d'assurance;CREDITS_BRUTS;A;BQ;_Z;39;_Z;RISQUES;TOP6_AUT_GROUPES;NACE_K;PHNC;EUR;2;9;N;P1Y;ACPR;E;F;A
ACPR.A.BQ.RISQUES.TX_NPL_APRES_PROV.570._Z.PME.PHNC._Z.TOP6_AUT_GROUPES;2023;2023-01-01;2023-12-31;2,44;2025-03-18T17:10:29+00:00;ACPR;Poids des prêts non performants nets des provisions aux PME;Poids des prêts non performants nets des provisions aux PME;TX_NPL_APRES_PROV;A;BQ;_Z;570;_Z;RISQUES;TOP6_AUT_GROUPES;PME;PHNC;PC;2;0;N;P1Y;ACPR;E;F;A
ACPR.A.BQ.RISQUES.TB_FIN_NEGO_DERIVES9936.484._Z._Z.PHNC._Z.TOP6_AUT_GROUPES;2023;2023-01-01;2023-12-31;8,93;2025-03-18T17:10:28+00:00;ACPR;Montant au passif de dérivés sur matières premières;Montant au passif de dérivés sur matières premières;TB_FIN_NEGO_DERIVES9936;A;BQ;_Z;484;_Z;RISQUES;TOP6_AUT_GROUPES;_Z;PHNC;EUR;2;9;N;P1Y;ACPR;E;F;A
ACPR.A.BQ.RISQUES.DEPOTS.43._Z._Z.PHNC._Z.TOP6_AUT_GROUPES;2023;2023-01-01;2023-12-31;5588,17;2025-03-18T17:10:27+00:00;ACPR;Dépôts du secteur bancaire français;Dépôts du secteur bancaire français;DEPOTS;A;BQ;_Z;43;_Z;RISQUES;TOP6_AUT_GROUPES;_Z;PHNC;EUR;2;9;N;P1Y;ACPR;E;F;A
ACPR.A.BQ.RISQUES.TB_FIN_NEGO_DERIVE_CREDIT10018.470._Z._Z.PHNC._Z.TOP6_AUT_GROUPES;2023;2023-01-01;2023-12-31;0,72;2025-03-18T17:10:28+00:00;ACPR;Dérivés de crédit sur transfert de rendement (Total return swaps) au passif;Dérivés de crédit sur transfert de rendement (Total return swaps) au passif;TB_FIN_NEGO_DERIVE_CREDIT10018;A;BQ;_Z;470;_Z;RISQUES;TOP6_AUT_GROUPES;_Z;PHNC;EUR;2;9;N;P1Y;ACPR;E;F;A
ACPR.A.BQ.RISQUES.TB_FIN_NEGO_DERIVES9933.481._Z._Z.PHNC._Z.TOP6_AUT_GROUPES;2023;2023-01-01;2023-12-31;87,08;2025-03-18T17:10:28+00:00;ACPR;Montant au passif de dérivés sur actions;Montant au passif de dérivés sur actions;TB_FIN_NEGO_DERIVES9933;A;BQ;_Z;481;_Z;RISQUES;TOP6_AUT_GROUPES;_Z;PHNC;EUR;2;9;N;P1Y;ACPR;E;F;A
ACPR.A.BQ.RISQUES.TB_FIN_NEGO_PART_OPTION9961.489._Z._Z.PHNC._Z.TOP6_AUT_GROUPES;2023;2023-01-01;2023-12-31;74,01;2025-03-18T17:10:28+00:00;ACPR;Options de gré à gré sur Capitaux propres (somme actif et passif);Options de gré à gré sur Capitaux propres (somme actif et passif);TB_FIN_NEGO_PART_OPTION9961;A;BQ;_Z;489;_Z;RISQUES;TOP6_AUT_GROUPES;_Z;PHNC;EUR;2;9;N;P1Y;ACPR;E;F;A
ACPR.A.BQ.RISQUES.TX_NPL.569._Z.NACE_S.PHNC._Z.TOP6_AUT_GROUPES;2023;2023-01-01;2023-12-31;2,72;2025-03-18T17:10:29+00:00;ACPR;Taux de prêts non performants du secteur des autres activités de services;Taux de prêts non performants du secteur des autres activités de services;TX_NPL;A;BQ;_Z;569;_Z;RISQUES;TOP6_AUT_GROUPES;NACE_S;PHNC;PC;2;0;N;P1Y;ACPR;E;F;A
ACPR.A.BQ.RISQUES.TX_NPL_APRES_PROV.570._Z.ENF.PHNC._Z.TOP6_AUT_GROUPES;2023;2023-01-01;2023-12-31;2,06;2025-03-18T17:10:29+00:00;ACPR;Poids des prêts non performants nets des provisions aux entreprises non financières;Poids des prêts non performants nets des provisions aux entreprises non financières;TX_NPL_APRES_PROV;A;BQ;_Z;570;_Z;RISQUES;TOP6_AUT_GROUPES;ENF;PHNC;PC;2;0;N;P1Y;ACPR;E;F;A
ACPR.A.BQ.RISQUES.TX_PROV.572._Z.ENF.PHNC._Z.TOP6_AUT_GROUPES;2023;2023-01-01;2023-12-31;43,6;2025-03-18T17:10:29+00:00;ACPR;Taux de provisionnement aux entreprises non financières;Taux de provisionnement aux entreprises non financières;TX_PROV;A;BQ;_Z;572;_Z;RISQUES;TOP6_AUT_GROUPES;ENF;PHNC;PC;2;0;N;P1Y;ACPR;E;F;A
ACPR.A.BQ.RISQUES.DEPOTS.43._Z._Z.SOLO._Z.TOTAL_SECTEUR;2023;2023-01-01;2023-12-31;2680,19;2025-03-20T09:10:29+00:00;ACPR;Dépôts de la clientèle non financière;Dépôts de la clientèle non financière;DEPOTS;A;BQ;_Z;43;_Z;RISQUES;TOTAL_SECTEUR;_Z;SOLO;EUR;2;9;N;P1Y;ACPR;E;F;A
ACPR.A.BQ.RISQUES.TX_NPL.569._Z.NACE_C.PHNC._Z.TOP6_AUT_GROUPES;2023;2023-01-01;2023-12-31;3,91;2025-03-18T17:10:28+00:00;ACPR;Taux de prêts non performants du secteur des industrie manufacturière;Taux de prêts non performants du secteur des industrie manufacturière;TX_NPL;A;BQ;_Z;569;_Z;RISQUES;TOP6_AUT_GROUPES;NACE_C;PHNC;PC;2;0;N;P1Y;ACPR;E;F;A
ACPR.A.BQ.RISQUES.TB_FIN_NEGO_DERIVES9918.585._Z._Z.PHNC._Z._Z;2023;2023-01-01;2023-12-31;3532,79;2025-09-17T10:00:30+00:00;ACPR;Montants notionnels de dérivés sur actions;Montants notionnels de dérivés sur actions;TB_FIN_NEGO_DERIVES9918;A;BQ;_Z;585;_Z;RISQUES;_Z;_Z;PHNC;EUR;2;9;N;P1Y;ACPR;E;F;A
ACPR.A.BQ.RISQUES.TX_PROV.572._Z.NACE_H.PHNC._Z.TOP6_AUT_GROUPES;2023;2023-01-01;2023-12-31;56,26;2025-03-18T17:10:29+00:00;ACPR;Taux de provisionnement du secteur du transports et entreposage;Taux de provisionnement du secteur du transports et entreposage;TX_PROV;A;BQ;_Z;572;_Z;RISQUES;TOP6_AUT_GROUPES;NACE_H;PHNC;PC;2;0;N;P1Y;ACPR;E;F;A
ACPR.A.BQ.RISQUES.TB_FIN_NEGO_DERIVE_CREDIT10006.462._Z._Z.PHNC._Z.TOP6_AUT_GROUPES;2023;2023-01-01;2023-12-31;12,5;2025-03-18T17:10:28+00:00;ACPR;Achats de dérivés de crédit sur transfert de rendement (Total return swaps) En notionnel;Achats de dérivés de crédit sur transfert de rendement (Total return swaps) En notionnel;TB_FIN_NEGO_DERIVE_CREDIT10006;A;BQ;_Z;462;_Z;RISQUES;TOP6_AUT_GROUPES;_Z;PHNC;EUR;2;9;N;P1Y;ACPR;E;F;A
ACPR.A.BQ.RISQUES.TB_FIN_NEGO_DERIVE_CREDIT10020.472._Z._Z.PHNC._Z.TOP6_AUT_GROUPES;2023;2023-01-01;2023-12-31;0,84;2025-10-22T14:00:29+00:00;ACPR;Autres dérivés de crédit au passif;Autres dérivés de crédit au passif;TB_FIN_NEGO_DERIVE_CREDIT10020;A;BQ;_Z;472;_Z;RISQUES;TOP6_AUT_GROUPES;_Z;PHNC;EUR;2;9;N;P1Y;ACPR;E;F;A
ACPR.A.BQ.RISQUES.TB_FIN_NEGO_DERIVES9924.474._Z._Z.PHNC._Z.TOP6_AUT_GROUPES;2023;2023-01-01;2023-12-31;307,74;2025-03-18T17:10:28+00:00;ACPR;Montant à l'actif de dérivés sur taux d'intérêt;Montant à l'actif de dérivés sur taux d'intérêt;TB_FIN_NEGO_DERIVES9924;A;BQ;_Z;474;_Z;RISQUES;TOP6_AUT_GROUPES;_Z;PHNC;EUR;2;9;N;P1Y;ACPR;E;F;A
ACPR.A.BQ.RISQUES.TB_FIN_NEGO_VENTE_OPTION9993.503._Z._Z.PHNC._Z.TOP6_AUT_GROUPES;2023;2023-01-01;2023-12-31;13249,34;2025-03-18T17:10:28+00:00;ACPR;Options achats et ventes;Options achats et ventes;TB_FIN_NEGO_VENTE_OPTION9993;A;BQ;_Z;503;_Z;RISQUES;TOP6_AUT_GROUPES;_Z;PHNC;EUR;2;9;N;P1Y;ACPR;E;F;A
ACPR.A.BQ.RISQUES.TX_NEGO_BILAN_ACTIF.567._Z._Z.PHNC._Z.TOP6_AUT_GROUPES;2023;2023-01-01;2023-12-31;19,31;2025-03-18T17:10:28+00:00;ACPR;Part du portefeuille de négociation à l'actif du bilan;Part du portefeuille de négociation à l'actif du bilan;TX_NEGO_BILAN_ACTIF;A;BQ;_Z;567;_Z;RISQUES;TOP6_AUT_GROUPES;_Z;PHNC;PC;2;0;N;P1Y;ACPR;E;F;A
ACPR.A.BQ.RISQUES.TX_NPL.569._Z.NACE_A.PHNC._Z.TOP6_AUT_GROUPES;2023;2023-01-01;2023-12-31;3,69;2025-03-18T17:10:28+00:00;ACPR;Taux de prêts non performants du secteur de l'agriculture, sylviculture et pêche;Taux de prêts non performants du secteur de l'agriculture, sylviculture et pêche;TX_NPL;A;BQ;_Z;569;_Z;RISQUES;TOP6_AUT_GROUPES;NACE_A;PHNC;PC;2;0;N;P1Y;ACPR;E;F;A
ACPR.A.BQ.RISQUES.TX_NPL.569._Z.NACE_F.PHNC._Z.TOP6_AUT_GROUPES;2023;2023-01-01;2023-12-31;7,68;2025-03-18T17:10:28+00:00;ACPR;Taux de prêts non performants du secteur de la construction;Taux de prêts non performants du secteur de la construction;TX_NPL;A;BQ;_Z;569;_Z;RISQUES;TOP6_AUT_GROUPES;NACE_F;PHNC;PC;2;0;N;P1Y;ACPR;E;F;A
ACPR.A.BQ.RISQUES.TX_PROV.572._Z.NACE_B.PHNC._Z.TOP6_AUT_GROUPES;2023;2023-01-01;2023-12-31;58,32;2025-03-18T17:10:29+00:00;ACPR;Taux de provisionnement du secteur des industries extractives;Taux de provisionnement du secteur des industries extractives;TX_PROV;A;BQ;_Z;572;_Z;RISQUES;TOP6_AUT_GROUPES;NACE_B;PHNC;PC;2;0;N;P1Y;ACPR;E;F;A
ACPR.A.BQ.RISQUES.TB_FIN_NEGO_DERIVES9925.475._Z._Z.PHNC._Z.TOP6_AUT_GROUPES;2023;2023-01-01;2023-12-31;74,46;2025-03-18T17:10:28+00:00;ACPR;Montant à l'actif de dérivés sur actions;Montant à l'actif de dérivés sur actions;TB_FIN_NEGO_DERIVES9925;A;BQ;_Z;475;_Z;RISQUES;TOP6_AUT_GROUPES;_Z;PHNC;EUR;2;9;N;P1Y;ACPR;E;F;A
ACPR.A.BQ.RISQUES.CRED_CLIENT.34._Z.NACE_P.PHNC._Z.TOP6_AUT_GROUPES;2023;2023-01-01;2023-12-31;6,89;2025-03-18T17:10:27+00:00;ACPR;Crédits au secteur de l'enseignement;Crédits au secteur de l'enseignement;CRED_CLIENT;A;BQ;_Z;34;_Z;RISQUES;TOP6_AUT_GROUPES;NACE_P;PHNC;EUR;2;9;N;P1Y;ACPR;E;F;A
ACPR.A.BQ.RISQUES.GB_FIN_TX_DOUT_MEN_ENF8964.39._Z.MENAGES.PHNC._Z.TOP6_AUT_GROUPES;2023;2023-01-01;2023-12-31;2103,57;2025-03-31T08:10:37+00:00;ACPR;Prêts et avances bruts au coût amorti du secteur bancaire français (IFRS) - ménages;Prêts et avances bruts au coût amorti du secteur bancaire français (IFRS) - ménages;GB_FIN_TX_DOUT_MEN_ENF8964;A;BQ;_Z;39;_Z;RISQUES;TOP6_AUT_GROUPES;MENAGES;PHNC;EUR;2;9;N;P1Y;ACPR;E;F;A
ACPR.A.BQ.RISQUES.CRED_AFF.31._Z._Z.SOLO._Z.TOTAL_SECTEUR;2023;2023-01-01;2023-12-31;43,81;2025-03-18T17:10:26+00:00;ACPR;Affacturage à l'ensemble de la clientèle non financière;Affacturage à l'ensemble de la clientèle non financière;CRED_AFF;A;BQ;_Z;31;_Z;RISQUES;TOTAL_SECTEUR;_Z;SOLO;EUR;2;9;N;P1Y;ACPR;E;F;A
ACPR.A.BQ.RISQUES.TB_FIN_NEGO_DERIVES9919.493._Z._Z.PHNC._Z._Z;2023;2023-01-01;2023-12-31;20499,42;2025-09-17T10:00:30+00:00;ACPR;Montants notionnels de dérivés sur change et or;Montants notionnels de dérivés sur change et or;TB_FIN_NEGO_DERIVES9919;A;BQ;_Z;493;_Z;RISQUES;_Z;_Z;PHNC;EUR;2;9;N;P1Y;ACPR;E;F;A
ACPR.A.BQ.RISQUES.TB_FIN_NEGO_DERIVES9921.587._Z._Z.PHNC._Z._Z;2023;2023-01-01;2023-12-31;271,74;2025-09-17T10:00:30+00:00;ACPR;Montants notionnels de dérivés sur matières premières;Montants notionnels de dérivés sur matières premières;TB_FIN_NEGO_DERIVES9921;A;BQ;_Z;587;_Z;RISQUES;_Z;_Z;PHNC;EUR;2;9;N;P1Y;ACPR;E;F;A
ACPR.A.BQ.RISQUES.TX_NPL.569._Z.NACE_G.PHNC._Z.TOP6_AUT_GROUPES;2023;2023-01-01;2023-12-31;4,09;2025-03-18T17:10:28+00:00;ACPR;Taux de prêts non performants du secteur du commerce;Taux de prêts non performants du secteur du commerce;TX_NPL;A;BQ;_Z;569;_Z;RISQUES;TOP6_AUT_GROUPES;NACE_G;PHNC;PC;2;0;N;P1Y;ACPR;E;F;A
ACPR.A.BQ.RISQUES.GB_FIN_TX_DOUT_MEN_ENF8967.39._Z.GE.PHNC._Z.TOP6_AUT_GROUPES;2023;2023-01-01;2023-12-31;31,29;2025-03-31T08:10:37+00:00;ACPR;Prêts et avances bruts non performants au coût amorti du secteur bancaire français (IFRS) - grandes entreprises;Prêts et avances bruts non performants au coût amorti du secteur bancaire français (IFRS) - grandes entreprises;GB_FIN_TX_DOUT_MEN_ENF8967;A;BQ;_Z;39;_Z;RISQUES;TOP6_AUT_GROUPES;GE;PHNC;EUR;2;9;N;P1Y;ACPR;E;F;A
ACPR.A.BQ.RISQUES.DERIV_NOTIONNEL_GRE_GRE.47._Z.AUTRES.PHNC._Z.TOP6_AUT_GROUPES;2023;2023-01-01;2023-12-31;4374,58;2025-10-22T14:00:29+00:00;ACPR;Montant notionnels de dérivés de gré à gré avec autres contreparties;Montant notionnels de dérivés de gré à gré avec autres contreparties;DERIV_NOTIONNEL_GRE_GRE;A;BQ;_Z;47;_Z;RISQUES;TOP6_AUT_GROUPES;AUTRES;PHNC;EUR;2;9;N;P1Y;ACPR;E;F;A
ACPR.A.BQ.RISQUES.CRED_CLIENT.34._Z.MENAGES.PHNC._Z.TOP6_AUT_GROUPES;2023;2023-01-01;2023-12-31;2072,83;2025-03-18T17:10:26+00:00;ACPR;Ménages (crédits nets);Ménages (crédits nets);CRED_CLIENT;A;BQ;_Z;34;_Z;RISQUES;TOP6_AUT_GROUPES;MENAGES;PHNC;EUR;2;9;N;P1Y;ACPR;E;F;A
ACPR.A.BQ.RISQUES.CRED_CLIENT.34._Z.NACE_N.PHNC._Z.TOP6_AUT_GROUPES;2023;2023-01-01;2023-12-31;101,72;2025-03-18T17:10:27+00:00;ACPR;Crédits au secteur de l'activité de services administratifs et de soutien;Crédits au secteur de l'activité de services administratifs et de soutien;CRED_CLIENT;A;BQ;_Z;34;_Z;RISQUES;TOP6_AUT_GROUPES;NACE_N;PHNC;EUR;2;9;N;P1Y;ACPR;E;F;A
ACPR.A.BQ.RISQUES.CRED_CLIENT.34.LU.ENF.PHNC._Z.TOP6_AUT_GROUPES;2023;2023-01-01;2023-12-31;43,35;2025-03-18T17:10:27+00:00;ACPR;Crédits aux entreprises non financières - Luxembourg;Crédits aux entreprises non financières - Luxembourg;CRED_CLIENT;A;BQ;_Z;34;LU;RISQUES;TOP6_AUT_GROUPES;ENF;PHNC;EUR;2;9;N;P1Y;ACPR;E;F;A
ACPR.A.BQ.RISQUES.TX_PROV.572._Z.NACE_M.PHNC._Z.TOP6_AUT_GROUPES;2023;2023-01-01;2023-12-31;59,37;2025-03-18T17:10:29+00:00;ACPR;Taux de provisionnement du secteur des activités spécialisées, scientifiques et techniques;Taux de provisionnement du secteur des activités spécialisées, scientifiques et techniques;TX_PROV;A;BQ;_Z;572;_Z;RISQUES;TOP6_AUT_GROUPES;NACE_M;PHNC;PC;2;0;N;P1Y;ACPR;E;F;A
ACPR.A.BQ.RISQUES.CRED_AFF.31._Z.APU.SOLO._Z.TOTAL_SECTEUR;2023;2023-01-01;2023-12-31;3,12;2025-03-18T17:10:26+00:00;ACPR;Affacturage aux administrations publiques;Affacturage aux administrations publiques;CRED_AFF;A;BQ;_Z;31;_Z;RISQUES;TOTAL_SECTEUR;APU;SOLO;EUR;2;9;N;P1Y;ACPR;E;F;A
ACPR.A.BQ.RISQUES.CRED_CLIENT.34.US.MENAGES.PHNC._Z.TOP6_AUT_GROUPES;2023;2023-01-01;2023-12-31;1,85;2025-03-18T17:10:27+00:00;ACPR;Crédits aux ménages - États-Unis;Crédits aux ménages - États-Unis;CRED_CLIENT;A;BQ;_Z;34;US;RISQUES;TOP6_AUT_GROUPES;MENAGES;PHNC;EUR;2;9;N;P1Y;ACPR;E;F;A
ACPR.A.BQ.RISQUES.CRED_TRESO.38._Z._Z.SOLO._Z.TOTAL_SECTEUR;2023;2023-01-01;2023-12-31;399,32;2025-03-18T17:10:27+00:00;ACPR;Crédits de trésorerie à l'ensemble de la clientèle non financière;Crédits de trésorerie à l'ensemble de la clientèle non financière;CRED_TRESO;A;BQ;_Z;38;_Z;RISQUES;TOTAL_SECTEUR;_Z;SOLO;EUR;2;9;N;P1Y;ACPR;E;F;A
ACPR.A.BQ.RISQUES.CREDITS_BRUTS_MENAGES_ENF_PAYS.40.CH.MENAGES_ENF.PHNC._Z.TOP6_AUT_GROUPES;2023;2023-01-01;2023-12-31;37,38;2025-03-18T17:10:27+00:00;ACPR;Crédits bruts aux ménages et entreprises non financières en Suisse;Crédits bruts aux ménages et entreprises non financières en Suisse;CREDITS_BRUTS_MENAGES_ENF_PAYS;A;BQ;_Z;40;CH;RISQUES;TOP6_AUT_GROUPES;MENAGES_ENF;PHNC;EUR;2;9;N;P1Y;ACPR;E;F;A
ACPR.A.BQ.RISQUES.TX_PROV.572.ES.MENAGES_ENF.PHNC._Z.TOP6_AUT_GROUPES;2023;2023-01-01;2023-12-31;70,09;2025-03-18T17:10:29+00:00;ACPR;Taux de provisionnement en Espagne;Taux de provisionnement en Espagne;TX_PROV;A;BQ;_Z;572;ES;RISQUES;TOP6_AUT_GROUPES;MENAGES_ENF;PHNC;PC;2;0;N;P1Y;ACPR;E;F;A
ACPR.A.BQ.RISQUES.TX_PROV.572.GB.MENAGES_ENF.PHNC._Z.TOP6_AUT_GROUPES;2023;2023-01-01;2023-12-31;82,83;2025-03-18T17:10:29+00:00;ACPR;Taux de provisionnement au Royaume-Uni;Taux de provisionnement au Royaume-Uni;TX_PROV;A;BQ;_Z;572;GB;RISQUES;TOP6_AUT_GROUPES;MENAGES_ENF;PHNC;PC;2;0;N;P1Y;ACPR;E;F;A
ACPR.A.BQ.RISQUES.CRED_CLIENT.34.BE.MENAGES.PHNC._Z.TOP6_AUT_GROUPES;2023;2023-01-01;2023-12-31;90,3;2025-03-18T17:10:27+00:00;ACPR;Crédits aux ménages - Belgique;Crédits aux ménages - Belgique;CRED_CLIENT;A;BQ;_Z;34;BE;RISQUES;TOP6_AUT_GROUPES;MENAGES;PHNC;EUR;2;9;N;P1Y;ACPR;E;F;A
ACPR.A.BQ.RISQUES.CRED_COD.30._Z.APU.SOLO._Z.TOTAL_SECTEUR;2023;2023-01-01;2023-12-31;7,09;2025-03-18T17:10:27+00:00;ACPR;Comptes ordinaires débiteurs aux administrations publiques;Comptes ordinaires débiteurs aux administrations publiques;CRED_COD;A;BQ;_Z;30;_Z;RISQUES;TOTAL_SECTEUR;APU;SOLO;EUR;2;9;N;P1Y;ACPR;E;F;A
ACPR.A.BQ.RISQUES.DERIV_ACTIF_GRE_GRE.45._Z.EF.PHNC._Z.TOP6_AUT_GROUPES;2023;2023-01-01;2023-12-31;214,47;2025-10-22T14:00:29+00:00;ACPR;Montant à l'actif de dérivés de gré à gré avec autres entreprises financières;Dérivés de gré à gré (Actifs) avec autres entreprises financières;DERIV_ACTIF_GRE_GRE;A;BQ;_Z;45;_Z;RISQUES;TOP6_AUT_GROUPES;EF;PHNC;EUR;2;9;N;P1Y;ACPR;E;F;A
ACPR.A.BQ.RISQUES.TX_PROV.572._Z.NACE_I.PHNC._Z.TOP6_AUT_GROUPES;2023;2023-01-01;2023-12-31;65,2;2025-03-18T17:10:29+00:00;ACPR;Taux de provisionnement du secteur de l'hébergement et restauration;Taux de provisionnement du secteur de l'hébergement et restauration;TX_PROV;A;BQ;_Z;572;_Z;RISQUES;TOP6_AUT_GROUPES;NACE_I;PHNC;PC;2;0;N;P1Y;ACPR;E;F;A
ACPR.A.BQ.RISQUES.CRED_CLIENT.34._Z.NACE_M.PHNC._Z.TOP6_AUT_GROUPES;2023;2023-01-01;2023-12-31;113,38;2025-03-18T17:10:27+00:00;ACPR;Crédits au secteur des activités spécialisées, scientifiques et techniques;Crédits au secteur des activités spécialisées, scientifiques et techniques;CRED_CLIENT;A;BQ;_Z;34;_Z;RISQUES;TOP6_AUT_GROUPES;NACE_M;PHNC;EUR;2;9;N;P1Y;ACPR;E;F;A
ACPR.A.BQ.RISQUES.CRED_CLIENT.34._Z.NACE_O.PHNC._Z.TOP6_AUT_GROUPES;2023;2023-01-01;2023-12-31;3,48;2025-03-18T17:10:27+00:00;ACPR;Crédits au secteur de l'administration publique;Crédits au secteur de l'administration publique;CRED_CLIENT;A;BQ;_Z;34;_Z;RISQUES;TOP6_AUT_GROUPES;NACE_O;PHNC;EUR;2;9;N;P1Y;ACPR;E;F;A
ACPR.A.BQ.RISQUES.TX_NPL.569.DE.MENAGES_ENF.PHNC._Z.TOP6_AUT_GROUPES;2023;2023-01-01;2023-12-31;3,44;2025-03-18T17:10:29+00:00;ACPR;Taux de prêts non performants en Allemagne;Taux de prêts non performants en Allemagne;TX_NPL;A;BQ;_Z;569;DE;RISQUES;TOP6_AUT_GROUPES;MENAGES_ENF;PHNC;PC;2;0;N;P1Y;ACPR;E;F;A
ACPR.A.BQ.RISQUES.CREDITS_BRUTS.39._Z.NACE_P.PHNC._Z.TOP6_AUT_GROUPES;2023;2023-01-01;2023-12-31;7,07;2025-03-18T17:10:27+00:00;ACPR;Crédits bruts aux entreprises du secteur de l'enseignement;Crédits bruts aux entreprises du secteur de l'enseignement;CREDITS_BRUTS;A;BQ;_Z;39;_Z;RISQUES;TOP6_AUT_GROUPES;NACE_P;PHNC;EUR;2;9;N;P1Y;ACPR;E;F;A
ACPR.A.BQ.RISQUES.CRED_CLIENT.34._Z.NACE_R.PHNC._Z.TOP6_AUT_GROUPES;2023;2023-01-01;2023-12-31;9,36;2025-03-18T17:10:27+00:00;ACPR;Crédits au secteur des arts, spectacles et activités récréatives;Crédits au secteur des arts, spectacles et activités récréatives;CRED_CLIENT;A;BQ;_Z;34;_Z;RISQUES;TOP6_AUT_GROUPES;NACE_R;PHNC;EUR;2;9;N;P1Y;ACPR;E;F;A
ACPR.A.BQ.RISQUES.S2_MCA.661._Z.MENAGES.PHNC._Z.TOP6_AUT_GROUPES;2023;2023-01-01;2023-12-31;192,7;2025-03-31T08:10:38+00:00;ACPR;Encours de prêts et avances (brut comptable) aux ménages en stade 2 - coût amorti;Encours de prêts et avances (brut comptable) aux ménages en stade 2 - coût amorti;S2_MCA;A;BQ;_Z;661;_Z;RISQUES;TOP6_AUT_GROUPES;MENAGES;PHNC;EUR;2;9;N;P1Y;ACPR;E;F;A
ACPR.A.BQ.RISQUES.TB_FIN_NEGO_DERIVES9917.491._Z._Z.PHNC._Z._Z;2023;2023-01-01;2023-12-31;67300,11;2025-09-17T10:00:30+00:00;ACPR;Montants notionnels de dérivés sur taux d'intérêt;Montants notionnels de dérivés sur taux d'intérêt;TB_FIN_NEGO_DERIVES9917;A;BQ;_Z;491;_Z;RISQUES;_Z;_Z;PHNC;EUR;2;9;N;P1Y;ACPR;E;F;A
ACPR.A.BQ.RISQUES.ACTFR_CLIENT_RE_TTES_DEV2222.43._Z.MENAGES.SOLO._Z.TOTAL_SECTEUR;2023;2023-01-01;2023-12-31;568,93;2025-10-22T14:00:31+00:00;ACPR;Comptes ordinaires créditeurs des ménages;Comptes ordinaires créditeurs des ménages;ACTFR_CLIENT_RE_TTES_DEV2222;A;BQ;_Z;43;_Z;RISQUES;TOTAL_SECTEUR;MENAGES;SOLO;EUR;2;9;N;P1Y;ACPR;E;F;A
ACPR.A.BQ.RISQUES.TX_NPL.569.BE.MENAGES_ENF.PHNC._Z.TOP6_AUT_GROUPES;2023;2023-01-01;2023-12-31;2,0;2025-03-18T17:10:29+00:00;ACPR;Taux de prêts non performants en Belgique;Taux de prêts non performants en Belgique;TX_NPL;A;BQ;_Z;569;BE;RISQUES;TOP6_AUT_GROUPES;MENAGES_ENF;PHNC;PC;2;0;N;P1Y;ACPR;E;F;A
ACPR.A.BQ.RISQUES.ACTFR_CLIENT_RE_TTES_DEV2360.43._Z.SNF.SOLO._Z.TOTAL_SECTEUR;2023;2023-01-01;2023-12-31;270,24;2025-10-22T14:00:31+00:00;ACPR;Comptes à terme des sociétés non financières;Comptes à terme des sociétés non financières;ACTFR_CLIENT_RE_TTES_DEV2360;A;BQ;_Z;43;_Z;RISQUES;TOTAL_SECTEUR;SNF;SOLO;EUR;2;9;N;P1Y;ACPR;E;F;A
ACPR.A.BQ.RISQUES.GB_FIN_TX_DOUT_MEN_ENF8963.39._Z.GE.PHNC._Z.TOP6_AUT_GROUPES;2023;2023-01-01;2023-12-31;1038,28;2025-03-31T08:10:37+00:00;ACPR;Prêts et avances bruts au coût amorti du secteur bancaire français (IFRS) - grandes entreprises;Prêts et avances bruts au coût amorti du secteur bancaire français (IFRS) - grandes entreprises;GB_FIN_TX_DOUT_MEN_ENF8963;A;BQ;_Z;39;_Z;RISQUES;TOP6_AUT_GROUPES;GE;PHNC;EUR;2;9;N;P1Y;ACPR;E;F;A
ACPR.A.BQ.RISQUES.CRED_CLIENT.34._Z.NACE_F.PHNC._Z.TOP6_AUT_GROUPES;2023;2023-01-01;2023-12-31;84,42;2025-03-18T17:10:26+00:00;ACPR;Crédits au secteur de la construction;Crédits au secteur de la construction;CRED_CLIENT;A;BQ;_Z;34;_Z;RISQUES;TOP6_AUT_GROUPES;NACE_F;PHNC;EUR;2;9;N;P1Y;ACPR;E;F;A
ACPR.A.BQ.RISQUES.CRED_TRESO.38._Z.APU.SOLO._Z.TOTAL_SECTEUR;2023;2023-01-01;2023-12-31;5,56;2025-03-18T17:10:27+00:00;ACPR;Crédits de trésorerie aux administrations publiques;Crédits de trésorerie aux administrations publiques;CRED_TRESO;A;BQ;_Z;38;_Z;RISQUES;TOTAL_SECTEUR;APU;SOLO;EUR;2;9;N;P1Y;ACPR;E;F;A
ACPR.A.BQ.RISQUES.INDICATEUR9913.582._Z._Z.PHNC._Z.TOP6_AUT_GROUPES;2023;2023-01-01;2023-12-31;277,58;2025-03-18T17:10:28+00:00;ACPR;Value at Risk à 1 jour;Value at Risk à 1 jour;INDICATEUR9913;A;BQ;_Z;582;_Z;RISQUES;TOP6_AUT_GROUPES;_Z;PHNC;EUR;2;6;N;P1Y;ACPR;E;F;A
ACPR.A.BQ.RISQUES.CRED_TOTAL.37._Z._Z.SOLO._Z.TOTAL_SECTEUR;2023;2023-01-01;2023-12-31;2853,78;2025-03-18T17:10:27+00:00;ACPR;Crédits à l'ensemble de la clientèle non financière résidente;Crédits à l'ensemble de la clientèle non financière résidente;CRED_TOTAL;A;BQ;_Z;37;_Z;RISQUES;TOTAL_SECTEUR;_Z;SOLO;EUR;2;9;N;P1Y;ACPR;E;F;A
ACPR.A.BQ.RISQUES.CRED_BAIL.33._Z.SNF.SOLO._Z.TOTAL_SECTEUR;2023;2023-01-01;2023-12-31;85,07;2025-03-18T17:10:26+00:00;ACPR;Crédit-bail et opérations assimilées aux sociétés non financières;Crédit-bail et opérations assimilées aux sociétés non financières;CRED_BAIL;A;BQ;_Z;33;_Z;RISQUES;TOTAL_SECTEUR;SNF;SOLO;EUR;2;9;N;P1Y;ACPR;E;F;A
ACPR.A.BQ.RISQUES.CREDITS_BRUTS.39._Z.NACE_S.PHNC._Z.TOP6_AUT_GROUPES;2023;2023-01-01;2023-12-31;79,69;2025-03-18T17:10:27+00:00;ACPR;Crédits bruts aux entreprises du secteur des autres activités de services;Crédits bruts aux entreprises du secteur des autres activités de services;CREDITS_BRUTS;A;BQ;_Z;39;_Z;RISQUES;TOP6_AUT_GROUPES;NACE_S;PHNC;EUR;2;9;N;P1Y;ACPR;E;F;A
ACPR.A.BQ.RISQUES.LOANS_PTF_NEGO.222._Z.EF.PHNC._Z.TOP6_AUT_GROUPES;2023;2023-01-01;2023-12-31;374,91;2025-03-18T17:10:28+00:00;ACPR;Prêts aux autres entreprises financières dans le portefeuille de négociation;Prêts aux autres entreprises financières dans le portefeuille de négociation;LOANS_PTF_NEGO;A;BQ;_Z;222;_Z;RISQUES;TOP6_AUT_GROUPES;EF;PHNC;EUR;2;9;N;P1Y;ACPR;E;F;A
ACPR.A.BQ.RISQUES.TB_FIN_NEGO_DERIVES9926.476._Z._Z.PHNC._Z.TOP6_AUT_GROUPES;2023;2023-01-01;2023-12-31;221,96;2025-03-18T17:10:28+00:00;ACPR;Montant à l'actif de dérivés sur change et or;Montant à l'actif de dérivés sur change et or;TB_FIN_NEGO_DERIVES9926;A;BQ;_Z;476;_Z;RISQUES;TOP6_AUT_GROUPES;_Z;PHNC;EUR;2;9;N;P1Y;ACPR;E;F;A
ACPR.A.BQ.RISQUES.TX_NPL.569.ES.MENAGES_ENF.PHNC._Z.TOP6_AUT_GROUPES;2023;2023-01-01;2023-12-31;4,79;2025-03-18T17:10:29+00:00;ACPR;Taux de prêts non performants en Espagne;Taux de prêts non performants en Espagne;TX_NPL;A;BQ;_Z;569;ES;RISQUES;TOP6_AUT_GROUPES;MENAGES_ENF;PHNC;PC;2;0;N;P1Y;ACPR;E;F;A
ACPR.A.BQ.RISQUES.TX_PROV.572._Z.GE.PHNC._Z.TOP6_AUT_GROUPES;2023;2023-01-01;2023-12-31;42,99;2025-03-18T17:10:29+00:00;ACPR;Taux de provisionnement aux grandes entreprises;Taux de provisionnement aux grandes entreprises;TX_PROV;A;BQ;_Z;572;_Z;RISQUES;TOP6_AUT_GROUPES;GE;PHNC;PC;2;0;N;P1Y;ACPR;E;F;A
ACPR.A.BQ.RISQUES.TX_PROV.572._Z.NACE_F.PHNC._Z.TOP6_AUT_GROUPES;2023;2023-01-01;2023-12-31;66,51;2025-03-18T17:10:29+00:00;ACPR;Taux de provisionnement du secteur de la construction;Taux de provisionnement du secteur de la construction;TX_PROV;A;BQ;_Z;572;_Z;RISQUES;TOP6_AUT_GROUPES;NACE_F;PHNC;PC;2;0;N;P1Y;ACPR;E;F;A
ACPR.A.BQ.RISQUES.CREDITS_BRUTS_MENAGES_ENF_PAYS.40.FR.MENAGES_ENF.PHNC._Z.TOP6_AUT_GROUPES;2023;2023-01-01;2023-12-31;2644,42;2025-03-18T17:10:27+00:00;ACPR;Crédits bruts aux ménages et entreprises non financières en France;Crédits bruts aux ménages et entreprises non financières en France;CREDITS_BRUTS_MENAGES_ENF_PAYS;A;BQ;_Z;40;FR;RISQUES;TOP6_AUT_GROUPES;MENAGES_ENF;PHNC;EUR;2;9;N;P1Y;ACPR;E;F;A
ACPR.A.BQ.RISQUES.GB_FIN_NEGO_PASSIF_9848.186._Z._Z.PHNC._Z.TOP6_AUT_GROUPES;2023;2023-01-01;2023-12-31;609,42;2025-03-18T17:10:28+00:00;ACPR;Dérivés dans le portefeuille de négociation coté passif;Dérivés dans le portefeuille de négociation coté passif;GB_FIN_NEGO_PASSIF_9848;A;BQ;_Z;186;_Z;RISQUES;TOP6_AUT_GROUPES;_Z;PHNC;EUR;2;9;N;P1Y;ACPR;E;F;A
ACPR.A.BQ.RISQUES.CRED_HAB.36._Z.MENAGES.SOLO._Z.TOTAL_SECTEUR;2023;2023-01-01;2023-12-31;1308,02;2025-03-18T17:10:27+00:00;ACPR;Crédits à l'habitat aux Ménages;Crédits à l'habitat aux Ménages;CRED_HAB;A;BQ;_Z;36;_Z;RISQUES;TOTAL_SECTEUR;MENAGES;SOLO;EUR;2;9;N;P1Y;ACPR;E;F;A
ACPR.A.BQ.RISQUES.TB_FIN_NEGO_PART_OPTION9968.494._Z._Z.PHNC._Z.TOP6_AUT_GROUPES;2023;2023-01-01;2023-12-31;1187,22;2025-03-18T17:10:28+00:00;ACPR;Dérivés (somme actif et passif);Dérivés (somme actif et passif);TB_FIN_NEGO_PART_OPTION9968;A;BQ;_Z;494;_Z;RISQUES;TOP6_AUT_GROUPES;_Z;PHNC;EUR;2;9;N;P1Y;ACPR;E;F;A
ACPR.A.BQ.RISQUES.CREDITS_BRUTS_MENAGES_ENF_PAYS.40.NL.MENAGES_ENF.PHNC._Z.TOP6_AUT_GROUPES;2023;2023-01-01;2023-12-31;35,86;2025-03-18T17:10:27+00:00;ACPR;Crédits bruts aux ménages et entreprises non financières aux Pays bas;Crédits bruts aux ménages et entreprises non financières aux Pays bas;CREDITS_BRUTS_MENAGES_ENF_PAYS;A;BQ;_Z;40;NL;RISQUES;TOP6_AUT_GROUPES;MENAGES_ENF;PHNC;EUR;2;9;N;P1Y;ACPR;E;F;A
ACPR.A.BQ.RISQUES.TB_FIN_NEGO_DERIVE_CREDIT10014.466._Z._Z.PHNC._Z.TOP6_AUT_GROUPES;2023;2023-01-01;2023-12-31;13,21;2025-03-18T17:10:28+00:00;ACPR;Contrats d'échange de risque de crédit (CDS) au passif;Contrats d'échange de risque de crédit (CDS) au passif;TB_FIN_NEGO_DERIVE_CREDIT10014;A;BQ;_Z;466;_Z;RISQUES;TOP6_AUT_GROUPES;_Z;PHNC;EUR;2;9;N;P1Y;ACPR;E;F;A
ACPR.A.BQ.RISQUES.CRED_AFF.31._Z.MENAGES.SOLO._Z.TOTAL_SECTEUR;2023;2023-01-01;2023-12-31;0,19;2025-03-18T17:10:26+00:00;ACPR;Affacturage aux Ménages;Affacturage aux Ménages;CRED_AFF;A;BQ;_Z;31;_Z;RISQUES;TOTAL_SECTEUR;MENAGES;SOLO;EUR;2;9;N;P1Y;ACPR;E;F;A
ACPR.A.BQ.RISQUES.TX_NPL.569._Z.NACE_D.PHNC._Z.TOP6_AUT_GROUPES;2023;2023-01-01;2023-12-31;1,95;2025-03-18T17:10:28+00:00;ACPR;Taux de prêts non performants du secteur de l'électricité, gaz, vapeur et air conditionné;Taux de prêts non performants du secteur de l'électricité, gaz, vapeur et air conditionné;TX_NPL;A;BQ;_Z;569;_Z;RISQUES;TOP6_AUT_GROUPES;NACE_D;PHNC;PC;2;0;N;P1Y;ACPR;E;F;A
ACPR.A.BQ.RISQUES.CRED_CLIENT.34._Z.NACE_L.PHNC._Z.TOP6_AUT_GROUPES;2023;2023-01-01;2023-12-31;448,99;2025-03-18T17:10:27+00:00;ACPR;Crédits au secteur des activités immobilières;Crédits au secteur des activités immobilières;CRED_CLIENT;A;BQ;_Z;34;_Z;RISQUES;TOP6_AUT_GROUPES;NACE_L;PHNC;EUR;2;9;N;P1Y;ACPR;E;F;A
ACPR.A.BQ.RISQUES.CREDITS_BRUTS_MENAGES_ENF_PAYS.40.BE.MENAGES_ENF.PHNC._Z.TOP6_AUT_GROUPES;2023;2023-01-01;2023-12-31;152,7;2025-03-18T17:10:27+00:00;ACPR;Crédits bruts aux ménages et entreprises non financières en Belgique;Crédits bruts aux ménages et entreprises non financières en Belgique;CREDITS_BRUTS_MENAGES_ENF_PAYS;A;BQ;_Z;40;BE;RISQUES;TOP6_AUT_GROUPES;MENAGES_ENF;PHNC;EUR;2;9;N;P1Y;ACPR;E;F;A
ACPR.A.BQ.RISQUES.TB_FIN_NEGO_DERIVE_CREDIT10019.471._Z._Z.PHNC._Z.TOP6_AUT_GROUPES;2023;2023-01-01;2023-12-31;0,46;2025-10-22T14:00:29+00:00;ACPR;Autres dérivés de crédit à l'actif;Autres dérivés de crédit à l'actif;TB_FIN_NEGO_DERIVE_CREDIT10019;A;BQ;_Z;471;_Z;RISQUES;TOP6_AUT_GROUPES;_Z;PHNC;EUR;2;9;N;P1Y;ACPR;E;F;A
ACPR.A.BQ.RISQUES.TX_NPL.569._Z.NACE_E.PHNC._Z.TOP6_AUT_GROUPES;2023;2023-01-01;2023-12-31;2,69;2025-03-18T17:10:28+00:00;ACPR;Taux de prêts non performants du secteur de la production et distribution d'eau;Taux de prêts non performants du secteur de la production et distribution d'eau;TX_NPL;A;BQ;_Z;569;_Z;RISQUES;TOP6_AUT_GROUPES;NACE_E;PHNC;PC;2;0;N;P1Y;ACPR;E;F;A
ACPR.A.BQ.RISQUES.TX_PROV.572._Z.MENAGES_ENF.PHNC._Z.TOP6_AUT_GROUPES;2023;2023-01-01;2023-12-31;46,31;2025-10-22T14:00:30+00:00;ACPR;Taux de provisionnement aux ménages et aux entreprises non financières;Taux de provisionnement aux ménages et aux entreprises non financières;TX_PROV;A;BQ;_Z;572;_Z;RISQUES;TOP6_AUT_GROUPES;MENAGES_ENF;PHNC;PC;2;0;N;P1Y;ACPR;E;F;A
ACPR.A.BQ.RISQUES.DT_PL_PTF_NEGO.58._Z.EC.PHNC._Z.TOP6_AUT_GROUPES;2023;2023-01-01;2023-12-31;167,56;2025-03-18T17:10:27+00:00;ACPR;Dépôts et titres des établissements de crédit donnés en pension livrée du portefeuille de négociation;Dépôts et titres des établissements de crédit donnés en pension livrée du portefeuille de négociation;DT_PL_PTF_NEGO;A;BQ;_Z;58;_Z;RISQUES;TOP6_AUT_GROUPES;EC;PHNC;EUR;2;9;N;P1Y;ACPR;E;F;A
ACPR.A.BQ.RISQUES.CRED_CLIENT.34._Z.NACE_E.PHNC._Z.TOP6_AUT_GROUPES;2023;2023-01-01;2023-12-31;11,49;2025-03-18T17:10:26+00:00;ACPR;Crédits au secteur de la production et distribution d'eau;Crédits au secteur de la production et distribution d'eau;CRED_CLIENT;A;BQ;_Z;34;_Z;RISQUES;TOP6_AUT_GROUPES;NACE_E;PHNC;EUR;2;9;N;P1Y;ACPR;E;F;A
ACPR.A.BQ.RISQUES.CRED_COD.30._Z.SNF.SOLO._Z.TOTAL_SECTEUR;2023;2023-01-01;2023-12-31;26,87;2025-03-18T17:10:27+00:00;ACPR;Comptes ordinaires débiteurs aux sociétés non financières;Comptes ordinaires débiteurs aux sociétés non financières;CRED_COD;A;BQ;_Z;30;_Z;RISQUES;TOTAL_SECTEUR;SNF;SOLO;EUR;2;9;N;P1Y;ACPR;E;F;A
ACPR.A.BQ.RISQUES.CRED_EQUIP.35._Z.MENAGES.SOLO._Z.TOTAL_SECTEUR;2023;2023-01-01;2023-12-31;38,12;2025-03-18T17:10:27+00:00;ACPR;Crédits à l'équipement aux Ménages;Crédits à l'équipement aux Ménages;CRED_EQUIP;A;BQ;_Z;35;_Z;RISQUES;TOTAL_SECTEUR;MENAGES;SOLO;EUR;2;9;N;P1Y;ACPR;E;F;A
ACPR.A.BQ.RISQUES.LOANS_PTF_NEGO.222._Z.BC.PHNC._Z.TOP6_AUT_GROUPES;2023;2023-01-01;2023-12-31;30,06;2025-03-18T17:10:28+00:00;ACPR;Prêts aux Banques centrales dans le portefeuille de négociation;Prêts aux Banques centrales dans le portefeuille de négociation;LOANS_PTF_NEGO;A;BQ;_Z;222;_Z;RISQUES;TOP6_AUT_GROUPES;BC;PHNC;EUR;2;9;N;P1Y;ACPR;E;F;A
ACPR.A.BQ.RISQUES.DERIV_ACTIF_GRE_GRE.45._Z._Z.PHNC._Z.TOP6_AUT_GROUPES;2023;2023-01-01;2023-12-31;609,95;2025-03-18T17:10:27+00:00;ACPR;Montant à l'actif de dérivés de gré à gré;Dérivés de gré à gré (Actifs);DERIV_ACTIF_GRE_GRE;A;BQ;_Z;45;_Z;RISQUES;TOP6_AUT_GROUPES;_Z;PHNC;EUR;2;9;N;P1Y;ACPR;E;F;A
ACPR.A.BQ.RISQUES.DERIV_ACTIF_ORGA.46._Z._Z.PHNC._Z.TOP6_AUT_GROUPES;2023;2023-01-01;2023-12-31;19,19;2025-03-18T17:10:27+00:00;ACPR;Montant à l'actif de dérivés sur marchés organisés;Dérivés sur marchés organisés (Actif);DERIV_ACTIF_ORGA;A;BQ;_Z;46;_Z;RISQUES;TOP6_AUT_GROUPES;_Z;PHNC;EUR;2;9;N;P1Y;ACPR;E;F;A
ACPR.A.BQ.RISQUES.OBLIG_PTF_NEGO.238._Z.ENF.PHNC._Z.TOP6_AUT_GROUPES;2023;2023-01-01;2023-12-31;27,16;2025-03-18T17:10:28+00:00;ACPR;Titre de créances émis par les entreprises non financières dans le portefeuille de négociation;Titre de créances émis par les entreprises non financières dans le portefeuille de négociation;OBLIG_PTF_NEGO;A;BQ;_Z;238;_Z;RISQUES;TOP6_AUT_GROUPES;ENF;PHNC;EUR;2;9;N;P1Y;ACPR;E;F;A
ACPR.A.BQ.RISQUES.TB_FIN_NEGO_VENTE_OPTION9982.498._Z._Z.PHNC._Z.TOP6_AUT_GROUPES;2023;2023-01-01;2023-12-31;2276,11;2025-03-18T17:10:28+00:00;ACPR;Ventes d'options sur Change et or;Ventes d'options sur Change et or;TB_FIN_NEGO_VENTE_OPTION9982;A;BQ;_Z;498;_Z;RISQUES;TOP6_AUT_GROUPES;_Z;PHNC;EUR;2;9;N;P1Y;ACPR;E;F;A
ACPR.A.BQ.RISQUES.TX_PROV.572.IT.MENAGES_ENF.PHNC._Z.TOP6_AUT_GROUPES;2023;2023-01-01;2023-12-31;79,9;2025-03-18T17:10:29+00:00;ACPR;Taux de provisionnement en Italie;Taux de provisionnement en Italie;TX_PROV;A;BQ;_Z;572;IT;RISQUES;TOP6_AUT_GROUPES;MENAGES_ENF;PHNC;PC;2;0;N;P1Y;ACPR;E;F;A
ACPR.A.BQ.RISQUES.TX_PROV.572._Z.NACE_K.PHNC._Z.TOP6_AUT_GROUPES;2023;2023-01-01;2023-12-31;69,09;2025-03-18T17:10:29+00:00;ACPR;Taux de provisionnement du secteur des activité financières et d'assurance;Taux de provisionnement du secteur des activité financières et d'assurance;TX_PROV;A;BQ;_Z;572;_Z;RISQUES;TOP6_AUT_GROUPES;NACE_K;PHNC;PC;2;0;N;P1Y;ACPR;E;F;A
ACPR.A.BQ.RISQUES.CRED_TRESO.38._Z.SNF.SOLO._Z.TOTAL_SECTEUR;2023;2023-01-01;2023-12-31;228,6;2025-03-18T17:10:27+00:00;ACPR;Crédits de trésorerie aux sociétés non financières;Crédits de trésorerie aux sociétés non financières;CRED_TRESO;A;BQ;_Z;38;_Z;RISQUES;TOTAL_SECTEUR;SNF;SOLO;EUR;2;9;N;P1Y;ACPR;E;F;A
ACPR.A.BQ.RISQUES.OBLIG_PTF_NEGO.238._Z.APU.PHNC._Z.TOP6_AUT_GROUPES;2023;2023-01-01;2023-12-31;196,13;2025-03-18T17:10:28+00:00;ACPR;Titre de créances émis par les administrations publiques dans le portefeuille de négociation;Titre de créances émis par les administrations publiques dans le portefeuille de négociation;OBLIG_PTF_NEGO;A;BQ;_Z;238;_Z;RISQUES;TOP6_AUT_GROUPES;APU;PHNC;EUR;2;9;N;P1Y;ACPR;E;F;A
ACPR.A.BQ.RISQUES.CRED_CLIENT.34._Z.EC.PHNC._Z.TOP6_AUT_GROUPES;2023;2023-01-01;2023-12-31;327,06;2025-03-18T17:10:26+00:00;ACPR;Établissements de crédit (crédits nets);Établissements de crédit (crédits nets);CRED_CLIENT;A;BQ;_Z;34;_Z;RISQUES;TOP6_AUT_GROUPES;EC;PHNC;EUR;2;9;N;P1Y;ACPR;E;F;A
ACPR.A.BQ.RISQUES.TX_PROV.572.IT.MENAGES_ENF.PHNC._Z.TOP6_AUT_GROUPES;2022;2022-01-01;2022-12-31;72,9;2025-03-18T17:10:29+00:00;ACPR;Taux de provisionnement en Italie;Taux de provisionnement en Italie;TX_PROV;A;BQ;_Z;572;IT;RISQUES;TOP6_AUT_GROUPES;MENAGES_ENF;PHNC;PC;2;0;N;P1Y;ACPR;E;F;A
ACPR.A.BQ.RISQUES.TX_NPL.569._Z.NACE_M.PHNC._Z.TOP6_AUT_GROUPES;2022;2022-01-01;2022-12-31;3,81;2025-03-18T17:10:29+00:00;ACPR;Taux de prêts non performants du secteur des activités spécialisées, scientifiques et techniques;Taux de prêts non performants du secteur des activités spécialisées, scientifiques et techniques;TX_NPL;A;BQ;_Z;569;_Z;RISQUES;TOP6_AUT_GROUPES;NACE_M;PHNC;PC;2;0;N;P1Y;ACPR;E;F;A
ACPR.A.BQ.RISQUES.TX_PROV_NPL.573._Z.MENAGES_ENF.PHNC._Z.TOP6_AUT_GROUPES;2022;2022-01-01;2022-12-31;1,3;2025-03-18T17:10:29+00:00;ACPR;Poids des provisions des prêts non performants aux ménages et aux entreprises non financières;Poids des provisions des prêts non performants aux ménages et aux entreprises non financières;TX_PROV_NPL;A;BQ;_Z;573;_Z;RISQUES;TOP6_AUT_GROUPES;MENAGES_ENF;PHNC;PC;2;0;N;P1Y;ACPR;E;F;A
ACPR.A.BQ.RISQUES.CRED_AUT.32._Z.MENAGES.SOLO._Z.TOTAL_SECTEUR;2022;2022-01-01;2022-12-31;3,87;2025-10-22T14:00:28+00:00;ACPR;Autres crédits aux Ménages;Autres crédits aux Ménages;CRED_AUT;A;BQ;_Z;32;_Z;RISQUES;TOTAL_SECTEUR;MENAGES;SOLO;EUR;2;9;N;P1Y;ACPR;E;F;A
ACPR.A.BQ.RISQUES.CRED_BAIL.33._Z.APU.SOLO._Z.TOTAL_SECTEUR;2022;2022-01-01;2022-12-31;2,21;2025-03-18T17:10:26+00:00;ACPR;Crédit-bail et opérations assimilées aux administrations publiques;Crédit-bail et opérations assimilées aux administrations publiques;CRED_BAIL;A;BQ;_Z;33;_Z;RISQUES;TOTAL_SECTEUR;APU;SOLO;EUR;2;9;N;P1Y;ACPR;E;F;A
ACPR.A.BQ.RISQUES.CRED_EQUIP.35._Z._Z.SOLO._Z.TOTAL_SECTEUR;2022;2022-01-01;2022-12-31;707,48;2025-03-18T17:10:27+00:00;ACPR;Crédits à l'équipement à l'ensemble de la clientèle non financière;Crédits à l'équipement à l'ensemble de la clientèle non financière;CRED_EQUIP;A;BQ;_Z;35;_Z;RISQUES;TOTAL_SECTEUR;_Z;SOLO;EUR;2;9;N;P1Y;ACPR;E;F;A
ACPR.A.BQ.RISQUES.CRED_EQUIP.35._Z.SNF.SOLO._Z.TOTAL_SECTEUR;2022;2022-01-01;2022-12-31;515,09;2025-03-18T17:10:27+00:00;ACPR;Crédits à l'équipement aux sociétés non financières;Crédits à l'équipement aux sociétés non financières;CRED_EQUIP;A;BQ;_Z;35;_Z;RISQUES;TOTAL_SECTEUR;SNF;SOLO;EUR;2;9;N;P1Y;ACPR;E;F;A
ACPR.A.BQ.RISQUES.CRED_HAB.36._Z.MENAGES.SOLO._Z.TOTAL_SECTEUR;2022;2022-01-01;2022-12-31;1316,67;2025-03-18T17:10:27+00:00;ACPR;Crédits à l'habitat aux Ménages;Crédits à l'habitat aux Ménages;CRED_HAB;A;BQ;_Z;36;_Z;RISQUES;TOTAL_SECTEUR;MENAGES;SOLO;EUR;2;9;N;P1Y;ACPR;E;F;A
ACPR.A.BQ.RISQUES.CRED_CLIENT.34.BE.ENF.PHNC._Z.TOP6_AUT_GROUPES;2022;2022-01-01;2022-12-31;58,99;2025-03-18T17:10:27+00:00;ACPR;Crédits aux entreprises non financières - Belgique;Crédits aux entreprises non financières - Belgique;CRED_CLIENT;A;BQ;_Z;34;BE;RISQUES;TOP6_AUT_GROUPES;ENF;PHNC;EUR;2;9;N;P1Y;ACPR;E;F;A
ACPR.A.BQ.RISQUES.CREDITS_BRUTS.39._Z.NACE_N.PHNC._Z.TOP6_AUT_GROUPES;2022;2022-01-01;2022-12-31;105,5;2025-03-18T17:10:27+00:00;ACPR;Crédits bruts aux entreprises du secteur de l'activité de services administratifs et de soutien;Crédits bruts aux entreprises du secteur de l'activité de services administratifs et de soutien;CREDITS_BRUTS;A;BQ;_Z;39;_Z;RISQUES;TOP6_AUT_GROUPES;NACE_N;PHNC;EUR;2;9;N;P1Y;ACPR;E;F;A
ACPR.A.BQ.RISQUES.TX_PROV.572.DE.MENAGES_ENF.PHNC._Z.TOP6_AUT_GROUPES;2022;2022-01-01;2022-12-31;87,3;2025-03-18T17:10:29+00:00;ACPR;Taux de provisionnement en Allemagne;Taux de provisionnement en Allemagne;TX_PROV;A;BQ;_Z;572;DE;RISQUES;TOP6_AUT_GROUPES;MENAGES_ENF;PHNC;PC;2;0;N;P1Y;ACPR;E;F;A
ACPR.A.BQ.RISQUES.DERIV_NOTIONNEL_GRE_GRE.47._Z.AUTRES.PHNC._Z.TOP6_AUT_GROUPES;2022;2022-01-01;2022-12-31;4340,97;2025-03-18T17:10:27+00:00;ACPR;Montant notionnels de dérivés de gré à gré avec autres contreparties;Montant notionnels de dérivés de gré à gré avec autres contreparties;DERIV_NOTIONNEL_GRE_GRE;A;BQ;_Z;47;_Z;RISQUES;TOP6_AUT_GROUPES;AUTRES;PHNC;EUR;2;9;N;P1Y;ACPR;E;F;A
ACPR.A.BQ.RISQUES.S3_MCA.662._Z.MENAGES.PHNC._Z.TOP6_AUT_GROUPES;2022;2022-01-01;2022-12-31;42,37;2025-10-22T14:00:31+00:00;ACPR;Encours de prêts et avances (brut comptable) aux ménages en stade 3 - coût amorti;Encours de prêts et avances (brut comptable) aux ménages en stade 3 - coût amorti;S3_MCA;A;BQ;_Z;662;_Z;RISQUES;TOP6_AUT_GROUPES;MENAGES;PHNC;EUR;2;9;N;P1Y;ACPR;E;F;A
ACPR.A.BQ.RISQUES.CRED_CLIENT.34._Z.NACE_A.PHNC._Z.TOP6_AUT_GROUPES;2022;2022-01-01;2022-12-31;67,72;2025-03-18T17:10:26+00:00;ACPR;Crédits au secteur de l'agriculture, sylviculture et pêche;Crédits au secteur de l'agriculture, sylviculture et pêche;CRED_CLIENT;A;BQ;_Z;34;_Z;RISQUES;TOP6_AUT_GROUPES;NACE_A;PHNC;EUR;2;9;N;P1Y;ACPR;E;F;A
ACPR.A.BQ.RISQUES.OBLIG_PTF_NEGO.238._Z.EF.PHNC._Z.TOP6_AUT_GROUPES;2022;2022-01-01;2022-12-31;15,99;2025-03-18T17:10:28+00:00;ACPR;Titre de créances émis par les autres entreprises financières dans le portefeuille de négociation;Titre de créances émis par les autres entreprises financières dans le portefeuille de négociation;OBLIG_PTF_NEGO;A;BQ;_Z;238;_Z;RISQUES;TOP6_AUT_GROUPES;EF;PHNC;EUR;2;9;N;P1Y;ACPR;E;F;A
ACPR.A.BQ.RISQUES.GB_FIN_TX_DOUT_MEN_ENF8963.39._Z.GE.PHNC._Z.TOP6_AUT_GROUPES;2022;2022-01-01;2022-12-31;1064,41;2025-03-31T08:10:37+00:00;ACPR;Prêts et avances bruts au coût amorti du secteur bancaire français (IFRS) - grandes entreprises;Prêts et avances bruts au coût amorti du secteur bancaire français (IFRS) - grandes entreprises;GB_FIN_TX_DOUT_MEN_ENF8963;A;BQ;_Z;39;_Z;RISQUES;TOP6_AUT_GROUPES;GE;PHNC;EUR;2;9;N;P1Y;ACPR;E;F;A
ACPR.A.BQ.RISQUES.DERIV_ACTIF_GRE_GRE.45._Z.EC.PHNC._Z.TOP6_AUT_GROUPES;2022;2022-01-01;2022-12-31;346,9;2025-03-18T17:10:27+00:00;ACPR;Montant à l'actif de dérivés de gré à gré avec établissements de crédit;Dérivés de gré à gré (Actifs) avec établissements de crédit;DERIV_ACTIF_GRE_GRE;A;BQ;_Z;45;_Z;RISQUES;TOP6_AUT_GROUPES;EC;PHNC;EUR;2;9;N;P1Y;ACPR;E;F;A
ACPR.A.BQ.RISQUES.DERIV_PASSIF_ORGA.50._Z._Z.PHNC._Z.TOP6_AUT_GROUPES;2022;2022-01-01;2022-12-31;21,56;2025-03-18T17:10:27+00:00;ACPR;Montant au passif de dérivés sur marchés organisés;Passif de dérivés sur marchés organisés;DERIV_PASSIF_ORGA;A;BQ;_Z;50;_Z;RISQUES;TOP6_AUT_GROUPES;_Z;PHNC;EUR;2;9;N;P1Y;ACPR;E;F;A
ACPR.A.BQ.RISQUES.TX_NPL.569._Z.PME.PHNC._Z.TOP6_AUT_GROUPES;2022;2022-01-01;2022-12-31;4,0;2025-03-18T17:10:29+00:00;ACPR;Taux de prêts non performants aux PME;Taux de prêts non performants aux PME;TX_NPL;A;BQ;_Z;569;_Z;RISQUES;TOP6_AUT_GROUPES;PME;PHNC;PC;2;0;N;P1Y;ACPR;E;F;A
ACPR.A.BQ.RISQUES.TX_PROV.572._Z.NACE_F.PHNC._Z.TOP6_AUT_GROUPES;2022;2022-01-01;2022-12-31;67,15;2025-03-18T17:10:29+00:00;ACPR;Taux de provisionnement du secteur de la construction;Taux de provisionnement du secteur de la construction;TX_PROV;A;BQ;_Z;572;_Z;RISQUES;TOP6_AUT_GROUPES;NACE_F;PHNC;PC;2;0;N;P1Y;ACPR;E;F;A
ACPR.A.BQ.RISQUES.DEPOTS.43._Z._Z.PHNC._Z.TOP6_AUT_GROUPES;2022;2022-01-01;2022-12-31;5554,2;2025-03-18T17:10:27+00:00;ACPR;Dépôts du secteur bancaire français;Dépôts du secteur bancaire français;DEPOTS;A;BQ;_Z;43;_Z;RISQUES;TOP6_AUT_GROUPES;_Z;PHNC;EUR;2;9;N;P1Y;ACPR;E;F;A
ACPR.A.BQ.RISQUES.TB_FIN_NEGO_DERIVES9922.588._Z._Z.PHNC._Z._Z;2022;2022-01-01;2022-12-31;433,58;2025-09-17T10:00:30+00:00;ACPR;Montants notionnels de dérivés (autres y compris matières premières);Montants notionnels de dérivés (autres y compris matières premières);TB_FIN_NEGO_DERIVES9922;A;BQ;_Z;588;_Z;RISQUES;_Z;_Z;PHNC;EUR;2;9;N;P1Y;ACPR;E;F;A
ACPR.A.BQ.RISQUES.TB_FIN_NEGO_DERIVES9933.481._Z._Z.PHNC._Z.TOP6_AUT_GROUPES;2022;2022-01-01;2022-12-31;67,54;2025-03-18T17:10:28+00:00;ACPR;Montant au passif de dérivés sur actions;Montant au passif de dérivés sur actions;TB_FIN_NEGO_DERIVES9933;A;BQ;_Z;481;_Z;RISQUES;TOP6_AUT_GROUPES;_Z;PHNC;EUR;2;9;N;P1Y;ACPR;E;F;A
ACPR.A.BQ.RISQUES.TX_NPL_APRES_PROV.570._Z.ENF.PHNC._Z.TOP6_AUT_GROUPES;2022;2022-01-01;2022-12-31;1,9;2025-03-18T17:10:29+00:00;ACPR;Poids des prêts non performants nets des provisions aux entreprises non financières;Poids des prêts non performants nets des provisions aux entreprises non financières;TX_NPL_APRES_PROV;A;BQ;_Z;570;_Z;RISQUES;TOP6_AUT_GROUPES;ENF;PHNC;PC;2;0;N;P1Y;ACPR;E;F;A
ACPR.A.BQ.RISQUES.DEPOTS.43._Z.SNF.SOLO._Z.TOTAL_SECTEUR;2022;2022-01-01;2022-12-31;776,59;2025-03-20T09:10:29+00:00;ACPR;Dépôts des sociétés non financières;Dépôts des sociétés non financières;DEPOTS;A;BQ;_Z;43;_Z;RISQUES;TOTAL_SECTEUR;SNF;SOLO;EUR;2;9;N;P1Y;ACPR;E;F;A
ACPR.A.BQ.RISQUES.CRED_CLIENT.34.LU.MENAGES.PHNC._Z.TOP6_AUT_GROUPES;2022;2022-01-01;2022-12-31;10,39;2025-03-18T17:10:27+00:00;ACPR;Crédits aux ménages - Luxembourg;Crédits aux ménages - Luxembourg;CRED_CLIENT;A;BQ;_Z;34;LU;RISQUES;TOP6_AUT_GROUPES;MENAGES;PHNC;EUR;2;9;N;P1Y;ACPR;E;F;A
ACPR.A.BQ.RISQUES.CRED_HAB.36._Z.SNF.SOLO._Z.TOTAL_SECTEUR;2022;2022-01-01;2022-12-31;167,28;2025-03-18T17:10:27+00:00;ACPR;Crédits à l'habitat aux sociétés non financières;Crédits à l'habitat aux sociétés non financières;CRED_HAB;A;BQ;_Z;36;_Z;RISQUES;TOTAL_SECTEUR;SNF;SOLO;EUR;2;9;N;P1Y;ACPR;E;F;A
ACPR.A.BQ.RISQUES.TX_PROV.572.FR.MENAGES_ENF.PHNC._Z.TOP6_AUT_GROUPES;2022;2022-01-01;2022-12-31;70,6;2025-03-18T17:10:29+00:00;ACPR;Taux de provisionnement en France;Taux de provisionnement en France;TX_PROV;A;BQ;_Z;572;FR;RISQUES;TOP6_AUT_GROUPES;MENAGES_ENF;PHNC;PC;2;0;N;P1Y;ACPR;E;F;A
ACPR.A.BQ.RISQUES.S1_ENFCA_BASE100.660._Z.ENF.PHNC._Z.TOP6_AUT_GROUPES;2022;2022-01-01;2022-12-31;118,74;2025-10-22T14:00:31+00:00;ACPR;Encours de prêts et avances (brut comptable) aux entreprises non financières en stade 1 - coût amorti - base 100;Encours de prêts et avances (brut comptable) aux entreprises non financières en stade 1 - coût amorti - base 100;S1_ENFCA_BASE100;A;BQ;_Z;660;_Z;RISQUES;TOP6_AUT_GROUPES;ENF;PHNC;PC;2;0;N;P1Y;ACPR;E;F;A
ACPR.A.BQ.RISQUES.CRED_AUT.32._Z.APU.SOLO._Z.TOTAL_SECTEUR;2022;2022-01-01;2022-12-31;10,51;2025-03-18T17:10:26+00:00;ACPR;Autres crédits aux administrations publiques;Autres crédits aux administrations publiques;CRED_AUT;A;BQ;_Z;32;_Z;RISQUES;TOTAL_SECTEUR;APU;SOLO;EUR;2;9;N;P1Y;ACPR;E;F;A
ACPR.A.BQ.RISQUES.CRED_CLIENT.34._Z.MENAGES_ENF.PHNC._Z.TOP6_AUT_GROUPES;2022;2022-01-01;2022-12-31;3930,1;2025-03-18T17:10:26+00:00;ACPR;Crédits nets  aux entreprises non financières et aux ménages;Crédits nets  aux entreprises non financières et aux ménages;CRED_CLIENT;A;BQ;_Z;34;_Z;RISQUES;TOP6_AUT_GROUPES;MENAGES_ENF;PHNC;EUR;2;9;N;P1Y;ACPR;E;F;A
ACPR.A.BQ.RISQUES.TB_FIN_NEGO_DERIVES9936.484._Z._Z.PHNC._Z.TOP6_AUT_GROUPES;2022;2022-01-01;2022-12-31;14,44;2025-03-18T17:10:28+00:00;ACPR;Montant au passif de dérivés sur matières premières;Montant au passif de dérivés sur matières premières;TB_FIN_NEGO_DERIVES9936;A;BQ;_Z;484;_Z;RISQUES;TOP6_AUT_GROUPES;_Z;PHNC;EUR;2;9;N;P1Y;ACPR;E;F;A
ACPR.A.BQ.RISQUES.TB_FIN_NEGO_PART_OPTION9968.494._Z._Z.PHNC._Z.TOP6_AUT_GROUPES;2022;2022-01-01;2022-12-31;1300,43;2025-03-18T17:10:28+00:00;ACPR;Dérivés (somme actif et passif);Dérivés (somme actif et passif);TB_FIN_NEGO_PART_OPTION9968;A;BQ;_Z;494;_Z;RISQUES;TOP6_AUT_GROUPES;_Z;PHNC;EUR;2;9;N;P1Y;ACPR;E;F;A
ACPR.A.BQ.RISQUES.TX_PROV.572.US.MENAGES_ENF.PHNC._Z.TOP6_AUT_GROUPES;2022;2022-01-01;2022-12-31;73,2;2025-03-18T17:10:29+00:00;ACPR;Taux de provisionnement aux Etats-Unis;Taux de provisionnement aux Etats-Unis;TX_PROV;A;BQ;_Z;572;US;RISQUES;TOP6_AUT_GROUPES;MENAGES_ENF;PHNC;PC;2;0;N;P1Y;ACPR;E;F;A
ACPR.A.BQ.RISQUES.CRED_TRESO.38._Z.SNF.SOLO._Z.TOTAL_SECTEUR;2022;2022-01-01;2022-12-31;248,5;2025-10-22T14:00:28+00:00;ACPR;Crédits de trésorerie aux sociétés non financières;Crédits de trésorerie aux sociétés non financières;CRED_TRESO;A;BQ;_Z;38;_Z;RISQUES;TOTAL_SECTEUR;SNF;SOLO;EUR;2;9;N;P1Y;ACPR;E;F;A
ACPR.A.BQ.RISQUES.TX_NPL.569._Z.NACE_E.PHNC._Z.TOP6_AUT_GROUPES;2022;2022-01-01;2022-12-31;2,86;2025-03-18T17:10:28+00:00;ACPR;Taux de prêts non performants du secteur de la production et distribution d'eau;Taux de prêts non performants du secteur de la production et distribution d'eau;TX_NPL;A;BQ;_Z;569;_Z;RISQUES;TOP6_AUT_GROUPES;NACE_E;PHNC;PC;2;0;N;P1Y;ACPR;E;F;A
ACPR.A.BQ.RISQUES.CREDITS_BRUTS.39._Z.NACE_D.PHNC._Z.TOP6_AUT_GROUPES;2022;2022-01-01;2022-12-31;88,7;2025-03-18T17:10:27+00:00;ACPR;Crédits bruts aux entreprises du secteur de l'électricité, gaz, vapeur et air conditionné;Crédits bruts aux entreprises du secteur de l'électricité, gaz, vapeur et air conditionné;CREDITS_BRUTS;A;BQ;_Z;39;_Z;RISQUES;TOP6_AUT_GROUPES;NACE_D;PHNC;EUR;2;9;N;P1Y;ACPR;E;F;A
ACPR.A.BQ.RISQUES.TB_FIN_NEGO_DERIVE_CREDIT10009.464._Z._Z.PHNC._Z.TOP6_AUT_GROUPES;2022;2022-01-01;2022-12-31;53,6;2025-10-22T14:00:29+00:00;ACPR;Achats de autres dérivés de crédit En notionnel;Achats de autres dérivés de crédit En notionnel;TB_FIN_NEGO_DERIVE_CREDIT10009;A;BQ;_Z;464;_Z;RISQUES;TOP6_AUT_GROUPES;_Z;PHNC;EUR;2;9;N;P1Y;ACPR;E;F;A
ACPR.A.BQ.RISQUES.DEPOTS.43._Z._Z.SOLO._Z.TOTAL_SECTEUR;2022;2022-01-01;2022-12-31;2645,77;2025-03-20T09:10:29+00:00;ACPR;Dépôts de la clientèle non financière;Dépôts de la clientèle non financière;DEPOTS;A;BQ;_Z;43;_Z;RISQUES;TOTAL_SECTEUR;_Z;SOLO;EUR;2;9;N;P1Y;ACPR;E;F;A
ACPR.A.BQ.RISQUES.CRED_CLIENT.34._Z.EC.PHNC._Z.TOP6_AUT_GROUPES;2022;2022-01-01;2022-12-31;303,87;2025-03-18T17:10:26+00:00;ACPR;Établissements de crédit (crédits nets);Établissements de crédit (crédits nets);CRED_CLIENT;A;BQ;_Z;34;_Z;RISQUES;TOP6_AUT_GROUPES;EC;PHNC;EUR;2;9;N;P1Y;ACPR;E;F;A
ACPR.A.BQ.RISQUES.CREDITS_BRUTS.39._Z.NACE_K.PHNC._Z.TOP6_AUT_GROUPES;2022;2022-01-01;2022-12-31;133,1;2025-03-18T17:10:27+00:00;ACPR;Crédits bruts aux entreprises du secteur des activité financières et d'assurance;Crédits bruts aux entreprises du secteur des activité financières et d'assurance;CREDITS_BRUTS;A;BQ;_Z;39;_Z;RISQUES;TOP6_AUT_GROUPES;NACE_K;PHNC;EUR;2;9;N;P1Y;ACPR;E;F;A
ACPR.A.BQ.RISQUES.TB_FIN_NEGO_DERIVE_CREDIT10018.470._Z._Z.PHNC._Z.TOP6_AUT_GROUPES;2022;2022-01-01;2022-12-31;0,68;2025-03-18T17:10:28+00:00;ACPR;Dérivés de crédit sur transfert de rendement (Total return swaps) au passif;Dérivés de crédit sur transfert de rendement (Total return swaps) au passif;TB_FIN_NEGO_DERIVE_CREDIT10018;A;BQ;_Z;470;_Z;RISQUES;TOP6_AUT_GROUPES;_Z;PHNC;EUR;2;9;N;P1Y;ACPR;E;F;A
ACPR.A.BQ.RISQUES.CRED_CLIENT.34._Z.NACE_E.PHNC._Z.TOP6_AUT_GROUPES;2022;2022-01-01;2022-12-31;11,46;2025-03-18T17:10:26+00:00;ACPR;Crédits au secteur de la production et distribution d'eau;Crédits au secteur de la production et distribution d'eau;CRED_CLIENT;A;BQ;_Z;34;_Z;RISQUES;TOP6_AUT_GROUPES;NACE_E;PHNC;EUR;2;9;N;P1Y;ACPR;E;F;A
ACPR.A.BQ.RISQUES.CRED_CLIENT.34._Z.NACE_J.PHNC._Z.TOP6_AUT_GROUPES;2022;2022-01-01;2022-12-31;55,87;2025-03-18T17:10:26+00:00;ACPR;Crédits au secteur de l'information et communication;Crédits au secteur de l'information et communication;CRED_CLIENT;A;BQ;_Z;34;_Z;RISQUES;TOP6_AUT_GROUPES;NACE_J;PHNC;EUR;2;9;N;P1Y;ACPR;E;F;A
ACPR.A.BQ.RISQUES.CRED_TRESO.38._Z.APU.SOLO._Z.TOTAL_SECTEUR;2022;2022-01-01;2022-12-31;6,37;2025-03-18T17:10:27+00:00;ACPR;Crédits de trésorerie aux administrations publiques;Crédits de trésorerie aux administrations publiques;CRED_TRESO;A;BQ;_Z;38;_Z;RISQUES;TOTAL_SECTEUR;APU;SOLO;EUR;2;9;N;P1Y;ACPR;E;F;A
ACPR.A.BQ.RISQUES.TX_PROV.572._Z.NACE_H.PHNC._Z.TOP6_AUT_GROUPES;2022;2022-01-01;2022-12-31;51,09;2025-03-18T17:10:29+00:00;ACPR;Taux de provisionnement du secteur du transports et entreposage;Taux de provisionnement du secteur du transports et entreposage;TX_PROV;A;BQ;_Z;572;_Z;RISQUES;TOP6_AUT_GROUPES;NACE_H;PHNC;PC;2;0;N;P1Y;ACPR;E;F;A
ACPR.A.BQ.RISQUES.LOANS_PTF_NEGO.222._Z.EF.PHNC._Z.TOP6_AUT_GROUPES;2022;2022-01-01;2022-12-31;270,0;2025-03-18T17:10:28+00:00;ACPR;Prêts aux autres entreprises financières dans le portefeuille de négociation;Prêts aux autres entreprises financières dans le portefeuille de négociation;LOANS_PTF_NEGO;A;BQ;_Z;222;_Z;RISQUES;TOP6_AUT_GROUPES;EF;PHNC;EUR;2;9;N;P1Y;ACPR;E;F;A
ACPR.A.BQ.RISQUES.CRED_CLIENT.34._Z.MENAGES.PHNC._Z.TOP6_AUT_GROUPES;2022;2022-01-01;2022-12-31;2022,8;2025-03-18T17:10:26+00:00;ACPR;Ménages (crédits nets);Ménages (crédits nets);CRED_CLIENT;A;BQ;_Z;34;_Z;RISQUES;TOP6_AUT_GROUPES;MENAGES;PHNC;EUR;2;9;N;P1Y;ACPR;E;F;A
ACPR.A.BQ.RISQUES.ACT_PTF_NEGO.3._Z.EF.PHNC._Z.TOP6_AUT_GROUPES;2022;2022-01-01;2022-12-31;28,53;2025-03-18T17:10:26+00:00;ACPR;Instruments de capitaux propres des autres entreprises financières dans le portefeuille de négociation;Instruments de capitaux propres des autres entreprises financières dans le portefeuille de négociation;ACT_PTF_NEGO;A;BQ;_Z;3;_Z;RISQUES;TOP6_AUT_GROUPES;EF;PHNC;EUR;2;9;N;P1Y;ACPR;E;F;A
ACPR.A.BQ.RISQUES.CRED_CLIENT.34.IT.MENAGES.PHNC._Z.TOP6_AUT_GROUPES;2022;2022-01-01;2022-12-31;114,36;2025-03-18T17:10:27+00:00;ACPR;Crédits aux ménages - Italie;Crédits aux ménages - Italie;CRED_CLIENT;A;BQ;_Z;34;IT;RISQUES;TOP6_AUT_GROUPES;MENAGES;PHNC;EUR;2;9;N;P1Y;ACPR;E;F;A
ACPR.A.BQ.RISQUES.TX_NPL.569._Z.GE.PHNC._Z.TOP6_AUT_GROUPES;2022;2022-01-01;2022-12-31;3,0;2025-03-18T17:10:28+00:00;ACPR;Taux de prêts non performants aux grandes entreprises;Taux de prêts non performants aux grandes entreprises;TX_NPL;A;BQ;_Z;569;_Z;RISQUES;TOP6_AUT_GROUPES;GE;PHNC;PC;2;0;N;P1Y;ACPR;E;F;A
ACPR.A.BQ.RISQUES.TX_NPL.569.NL.MENAGES_ENF.PHNC._Z.TOP6_AUT_GROUPES;2022;2022-01-01;2022-12-31;1,0;2025-03-18T17:10:29+00:00;ACPR;Taux de prêts non performants aux Pays-Bas;Taux de prêts non performants aux Pays-Bas;TX_NPL;A;BQ;_Z;569;NL;RISQUES;TOP6_AUT_GROUPES;MENAGES_ENF;PHNC;PC;2;0;N;P1Y;ACPR;E;F;A
ACPR.A.BQ.RISQUES.S1_ENFCA.660._Z.ENF.PHNC._Z.TOP6_AUT_GROUPES;2022;2022-01-01;2022-12-31;1610,22;2025-03-31T08:10:38+00:00;ACPR;Encours de prêts et avances (brut comptable) aux entreprises non financières en stade 1 - coût amorti;Encours de prêts et avances (brut comptable) aux entreprises non financières en stade 1 - coût amorti;S1_ENFCA;A;BQ;_Z;660;_Z;RISQUES;TOP6_AUT_GROUPES;ENF;PHNC;EUR;2;9;N;P1Y;ACPR;E;F;A
ACPR.A.BQ.RISQUES.S3_ENFCA.662._Z.ENF.PHNC._Z.TOP6_AUT_GROUPES;2022;2022-01-01;2022-12-31;64,24;2025-03-31T08:10:38+00:00;ACPR;Encours de prêts et avances (brut comptable) aux entreprises non financières en stade 3 - coût amorti;Encours de prêts et avances (brut comptable) aux entreprises non financières en stade 3 - coût amorti;S3_ENFCA;A;BQ;_Z;662;_Z;RISQUES;TOP6_AUT_GROUPES;ENF;PHNC;EUR;2;9;N;P1Y;ACPR;E;F;A
ACPR.A.BQ.RISQUES.TX_NPL.569.BE.MENAGES_ENF.PHNC._Z.TOP6_AUT_GROUPES;2022;2022-01-01;2022-12-31;1,9;2025-03-18T17:10:29+00:00;ACPR;Taux de prêts non performants en Belgique;Taux de prêts non performants en Belgique;TX_NPL;A;BQ;_Z;569;BE;RISQUES;TOP6_AUT_GROUPES;MENAGES_ENF;PHNC;PC;2;0;N;P1Y;ACPR;E;F;A
ACPR.A.BQ.RISQUES.TX_PROV.572._Z.PME.PHNC._Z.TOP6_AUT_GROUPES;2022;2022-01-01;2022-12-31;45,8;2025-03-18T17:10:29+00:00;ACPR;Taux de provisionnement aux PME;Taux de provisionnement aux PME;TX_PROV;A;BQ;_Z;572;_Z;RISQUES;TOP6_AUT_GROUPES;PME;PHNC;PC;2;0;N;P1Y;ACPR;E;F;A
ACPR.A.BQ.RISQUES.TB_FIN_NEGO_DERIVES9925.475._Z._Z.PHNC._Z.TOP6_AUT_GROUPES;2022;2022-01-01;2022-12-31;64,54;2025-03-18T17:10:28+00:00;ACPR;Montant à l'actif de dérivés sur actions;Montant à l'actif de dérivés sur actions;TB_FIN_NEGO_DERIVES9925;A;BQ;_Z;475;_Z;RISQUES;TOP6_AUT_GROUPES;_Z;PHNC;EUR;2;9;N;P1Y;ACPR;E;F;A
ACPR.A.BQ.RISQUES.TX_PROV.572.BE.MENAGES_ENF.PHNC._Z.TOP6_AUT_GROUPES;2022;2022-01-01;2022-12-31;63,0;2025-03-18T17:10:29+00:00;ACPR;Taux de provisionnement en Belgique;Taux de provisionnement en Belgique;TX_PROV;A;BQ;_Z;572;BE;RISQUES;TOP6_AUT_GROUPES;MENAGES_ENF;PHNC;PC;2;0;N;P1Y;ACPR;E;F;A
ACPR.A.BQ.RISQUES.DERIV_ACTIF_GRE_GRE.45._Z._Z.PHNC._Z.TOP6_AUT_GROUPES;2022;2022-01-01;2022-12-31;675,32;2025-03-18T17:10:27+00:00;ACPR;Montant à l'actif de dérivés de gré à gré;Dérivés de gré à gré (Actifs);DERIV_ACTIF_GRE_GRE;A;BQ;_Z;45;_Z;RISQUES;TOP6_AUT_GROUPES;_Z;PHNC;EUR;2;9;N;P1Y;ACPR;E;F;A
ACPR.A.BQ.RISQUES.DT_PL_PTF_NEGO.58._Z.ENF.PHNC._Z.TOP6_AUT_GROUPES;2022;2022-01-01;2022-12-31;46,6;2025-03-18T17:10:27+00:00;ACPR;Dépôts et titres des entreprises non financières donnés en pension livrée du portefeuille de négociation;Dépôts et titres des entreprises non financières donnés en pension livrée du portefeuille de négociation;DT_PL_PTF_NEGO;A;BQ;_Z;58;_Z;RISQUES;TOP6_AUT_GROUPES;ENF;PHNC;EUR;2;9;N;P1Y;ACPR;E;F;A
ACPR.A.BQ.RISQUES.GB_FIN_NEGO_PASSIF_9852.190._Z._Z.PHNC._Z.TOP6_AUT_GROUPES;2022;2022-01-01;2022-12-31;54,19;2025-03-18T17:10:28+00:00;ACPR;Autres passifs financiers dans le portefeuille de négociation coté passif;Autres passifs financiers dans le portefeuille de négociation coté passif;GB_FIN_NEGO_PASSIF_9852;A;BQ;_Z;190;_Z;RISQUES;TOP6_AUT_GROUPES;_Z;PHNC;EUR;2;9;N;P1Y;ACPR;E;F;A
ACPR.A.BQ.RISQUES.OBLIG_PTF_NEGO.238._Z.ENF.PHNC._Z.TOP6_AUT_GROUPES;2022;2022-01-01;2022-12-31;21,44;2025-03-18T17:10:28+00:00;ACPR;Titre de créances émis par les entreprises non financières dans le portefeuille de négociation;Titre de créances émis par les entreprises non financières dans le portefeuille de négociation;OBLIG_PTF_NEGO;A;BQ;_Z;238;_Z;RISQUES;TOP6_AUT_GROUPES;ENF;PHNC;EUR;2;9;N;P1Y;ACPR;E;F;A
ACPR.A.BQ.RISQUES.TB_FIN_NEGO_PART_OPTION9965.491._Z._Z.PHNC._Z.TOP6_AUT_GROUPES;2022;2022-01-01;2022-12-31;646,89;2025-03-18T17:10:28+00:00;ACPR;Dérivés sur Taux d'intérêt (somme actif et passif);Dérivés sur Taux d'intérêt (somme actif et passif);TB_FIN_NEGO_PART_OPTION9965;A;BQ;_Z;491;_Z;RISQUES;TOP6_AUT_GROUPES;_Z;PHNC;EUR;2;9;N;P1Y;ACPR;E;F;A
ACPR.A.BQ.RISQUES.TX_NPL.569._Z.MENAGES.PHNC._Z.TOP6_AUT_GROUPES;2022;2022-01-01;2022-12-31;2,06;2025-03-18T17:10:28+00:00;ACPR;Taux de prêts non performants aux ménages;Taux de prêts non performants aux ménages;TX_NPL;A;BQ;_Z;569;_Z;RISQUES;TOP6_AUT_GROUPES;MENAGES;PHNC;PC;2;0;N;P1Y;ACPR;E;F;A
ACPR.A.BQ.RISQUES.TX_NPL.569._Z.NACE_G.PHNC._Z.TOP6_AUT_GROUPES;2022;2022-01-01;2022-12-31;3,97;2025-03-18T17:10:28+00:00;ACPR;Taux de prêts non performants du secteur du commerce;Taux de prêts non performants du secteur du commerce;TX_NPL;A;BQ;_Z;569;_Z;RISQUES;TOP6_AUT_GROUPES;NACE_G;PHNC;PC;2;0;N;P1Y;ACPR;E;F;A
ACPR.A.BQ.RISQUES.TX_NPL.569._Z.NACE_K.PHNC._Z.TOP6_AUT_GROUPES;2022;2022-01-01;2022-12-31;2,18;2025-03-18T17:10:28+00:00;ACPR;Taux de prêts non performants du secteur des activité financières et d'assurance;Taux de prêts non performants du secteur des activité financières et d'assurance;TX_NPL;A;BQ;_Z;569;_Z;RISQUES;TOP6_AUT_GROUPES;NACE_K;PHNC;PC;2;0;N;P1Y;ACPR;E;F;A
ACPR.A.BQ.RISQUES.TX_NPL.569._Z.NACE_P.PHNC._Z.TOP6_AUT_GROUPES;2022;2022-01-01;2022-12-31;4,0;2025-03-18T17:10:29+00:00;ACPR;Taux de prêts non performants du secteur de l'enseignement;Taux de prêts non performants du secteur de l'enseignement;TX_NPL;A;BQ;_Z;569;_Z;RISQUES;TOP6_AUT_GROUPES;NACE_P;PHNC;PC;2;0;N;P1Y;ACPR;E;F;A
ACPR.A.BQ.RISQUES.DT_PL_PTF_NEGO.58._Z.BC.PHNC._Z.TOP6_AUT_GROUPES;2022;2022-01-01;2022-12-31;36,0;2025-03-18T17:10:27+00:00;ACPR;Dépôts et titres des Banques Centrales donnés en pension livrée du portefeuille de négociation;Dépôts et titres des Banques Centrales donnés en pension livrée du portefeuille de négociation;DT_PL_PTF_NEGO;A;BQ;_Z;58;_Z;RISQUES;TOP6_AUT_GROUPES;BC;PHNC;EUR;2;9;N;P1Y;ACPR;E;F;A
ACPR.A.BQ.RISQUES.TX_PROV.572._Z.NACE_L.PHNC._Z.TOP6_AUT_GROUPES;2022;2022-01-01;2022-12-31;74,82;2025-03-18T17:10:29+00:00;ACPR;Taux de provisionnement du secteur des activités immobilières;Taux de provisionnement du secteur des activités immobilières;TX_PROV;A;BQ;_Z;572;_Z;RISQUES;TOP6_AUT_GROUPES;NACE_L;PHNC;PC;2;0;N;P1Y;ACPR;E;F;A
ACPR.A.BQ.RISQUES.CRED_CLIENT.34._Z.NACE_K.PHNC._Z.TOP6_AUT_GROUPES;2022;2022-01-01;2022-12-31;130,8;2025-03-18T17:10:27+00:00;ACPR;Crédits au secteur de l'activité financières et d'assurance;Crédits au secteur de l'activité financières et d'assurance;CRED_CLIENT;A;BQ;_Z;34;_Z;RISQUES;TOP6_AUT_GROUPES;NACE_K;PHNC;EUR;2;9;N;P1Y;ACPR;E;F;A
ACPR.A.BQ.RISQUES.CRED_CLIENT.34.GB.MENAGES.PHNC._Z.TOP6_AUT_GROUPES;2022;2022-01-01;2022-12-31;18,14;2025-03-18T17:10:27+00:00;ACPR;Crédits aux ménages - Royaume-Uni;Crédits aux ménages - Royaume-Uni;CRED_CLIENT;A;BQ;_Z;34;GB;RISQUES;TOP6_AUT_GROUPES;MENAGES;PHNC;EUR;2;9;N;P1Y;ACPR;E;F;A
ACPR.A.BQ.RISQUES.S1_MCA_BASE100.660._Z.MENAGES.PHNC._Z.TOP6_AUT_GROUPES;2022;2022-01-01;2022-12-31;107,57;2025-10-22T14:00:31+00:00;ACPR;Encours de prêts et avances (brut comptable) aux ménages en stade 1 - coût amorti - base 100;Encours de prêts et avances (brut comptable) aux ménages en stade 1 - coût amorti - base 100;S1_MCA_BASE100;A;BQ;_Z;660;_Z;RISQUES;TOP6_AUT_GROUPES;MENAGES;PHNC;PC;2;0;N;P1Y;ACPR;E;F;A
ACPR.A.BQ.RISQUES.CRED_HAB.36._Z._Z.SOLO._Z.TOTAL_SECTEUR;2022;2022-01-01;2022-12-31;1486,32;2025-03-18T17:10:27+00:00;ACPR;Crédits à l'habitat à l'ensemble de la clientèle non financière;Crédits à l'habitat à l'ensemble de la clientèle non financière;CRED_HAB;A;BQ;_Z;36;_Z;RISQUES;TOTAL_SECTEUR;_Z;SOLO;EUR;2;9;N;P1Y;ACPR;E;F;A
ACPR.A.BQ.RISQUES.TB_FIN_NEGO_DERIVE_CREDIT10002.459._Z._Z.PHNC._Z.TOP6_AUT_GROUPES;2022;2022-01-01;2022-12-31;4,89;2025-03-18T17:10:28+00:00;ACPR;Vente de options sur écart de crédit (CDS) En notionnel;Vente de options sur écart de crédit (CDS) En notionnel;TB_FIN_NEGO_DERIVE_CREDIT10002;A;BQ;_Z;459;_Z;RISQUES;TOP6_AUT_GROUPES;_Z;PHNC;EUR;2;9;N;P1Y;ACPR;E;F;A
ACPR.A.BQ.RISQUES.DERIV_PASSIF_GRE_GRE.49._Z.EF.PHNC._Z.TOP6_AUT_GROUPES;2022;2022-01-01;2022-12-31;211,91;2025-03-18T17:10:27+00:00;ACPR;Montant au passif de dérivés de gré à gré avec autres entreprises financières;Passif de dérivés de gré à gré avec autres entreprises financières;DERIV_PASSIF_GRE_GRE;A;BQ;_Z;49;_Z;RISQUES;TOP6_AUT_GROUPES;EF;PHNC;EUR;2;9;N;P1Y;ACPR;E;F;A
ACPR.A.BQ.RISQUES.CRED_AFF.31._Z.SNF.SOLO._Z.TOTAL_SECTEUR;2022;2022-01-01;2022-12-31;42,03;2025-03-18T17:10:26+00:00;ACPR;Affacturage aux sociétés non financières;Affacturage aux sociétés non financières;CRED_AFF;A;BQ;_Z;31;_Z;RISQUES;TOTAL_SECTEUR;SNF;SOLO;EUR;2;9;N;P1Y;ACPR;E;F;A
ACPR.A.BQ.RISQUES.CRED_COD.30._Z.APU.SOLO._Z.TOTAL_SECTEUR;2022;2022-01-01;2022-12-31;7,48;2025-03-18T17:10:27+00:00;ACPR;Comptes ordinaires débiteurs aux administrations publiques;Comptes ordinaires débiteurs aux administrations publiques;CRED_COD;A;BQ;_Z;30;_Z;RISQUES;TOTAL_SECTEUR;APU;SOLO;EUR;2;9;N;P1Y;ACPR;E;F;A
ACPR.A.BQ.RISQUES.CRED_TOTAL.37._Z.MENAGES.SOLO._Z.TOTAL_SECTEUR;2022;2022-01-01;2022-12-31;1556,14;2025-03-18T17:10:27+00:00;ACPR;Crédits aux ménages résidents;Crédits aux ménages résidents;CRED_TOTAL;A;BQ;_Z;37;_Z;RISQUES;TOTAL_SECTEUR;MENAGES;SOLO;EUR;2;9;N;P1Y;ACPR;E;F;A
ACPR.A.BQ.RISQUES.CRED_TRESO.38._Z._Z.SOLO._Z.TOTAL_SECTEUR;2022;2022-01-01;2022-12-31;416,88;2025-10-22T14:00:28+00:00;ACPR;Crédits de trésorerie à l'ensemble de la clientèle non financière;Crédits de trésorerie à l'ensemble de la clientèle non financière;CRED_TRESO;A;BQ;_Z;38;_Z;RISQUES;TOTAL_SECTEUR;_Z;SOLO;EUR;2;9;N;P1Y;ACPR;E;F;A
ACPR.A.BQ.RISQUES.CREDITS_BRUTS.39._Z.NACE_H.PHNC._Z.TOP6_AUT_GROUPES;2022;2022-01-01;2022-12-31;105,5;2025-03-18T17:10:27+00:00;ACPR;Crédits bruts aux entreprises du secteur du transports et entreposage;Crédits bruts aux entreprises du secteur du transports et entreposage;CREDITS_BRUTS;A;BQ;_Z;39;_Z;RISQUES;TOP6_AUT_GROUPES;NACE_H;PHNC;EUR;2;9;N;P1Y;ACPR;E;F;A
ACPR.A.BQ.RISQUES.TX_PROV.572._Z.NACE_I.PHNC._Z.TOP6_AUT_GROUPES;2022;2022-01-01;2022-12-31;69,75;2025-03-18T17:10:29+00:00;ACPR;Taux de provisionnement du secteur de l'hébergement et restauration;Taux de provisionnement du secteur de l'hébergement et restauration;TX_PROV;A;BQ;_Z;572;_Z;RISQUES;TOP6_AUT_GROUPES;NACE_I;PHNC;PC;2;0;N;P1Y;ACPR;E;F;A
ACPR.A.BQ.RISQUES.TX_PROV.572._Z.NACE_J.PHNC._Z.TOP6_AUT_GROUPES;2022;2022-01-01;2022-12-31;69,4;2025-03-18T17:10:29+00:00;ACPR;Taux de provisionnement du secteur de l'information et communication;Taux de provisionnement du secteur de l'information et communication;TX_PROV;A;BQ;_Z;572;_Z;RISQUES;TOP6_AUT_GROUPES;NACE_J;PHNC;PC;2;0;N;P1Y;ACPR;E;F;A
ACPR.A.BQ.RISQUES.CRED_CLIENT.34._Z.NACE_Q.PHNC._Z.TOP6_AUT_GROUPES;2022;2022-01-01;2022-12-31;36,2;2025-03-18T17:10:27+00:00;ACPR;Crédits au secteur de la santé humaine et action sociale;Crédits au secteur de la santé humaine et action sociale;CRED_CLIENT;A;BQ;_Z;34;_Z;RISQUES;TOP6_AUT_GROUPES;NACE_Q;PHNC;EUR;2;9;N;P1Y;ACPR;E;F;A
ACPR.A.BQ.RISQUES.CRED_CLIENT.34.GB.ENF.PHNC._Z.TOP6_AUT_GROUPES;2022;2022-01-01;2022-12-31;55,71;2025-03-18T17:10:27+00:00;ACPR;Crédits aux entreprises non financières - Royaume-Uni;Crédits aux entreprises non financières - Royaume-Uni;CRED_CLIENT;A;BQ;_Z;34;GB;RISQUES;TOP6_AUT_GROUPES;ENF;PHNC;EUR;2;9;N;P1Y;ACPR;E;F;A
ACPR.A.BQ.RISQUES.TX_PROV.572.GB.MENAGES_ENF.PHNC._Z.TOP6_AUT_GROUPES;2022;2022-01-01;2022-12-31;81,0;2025-03-18T17:10:29+00:00;ACPR;Taux de provisionnement au Royaume-Uni;Taux de provisionnement au Royaume-Uni;TX_PROV;A;BQ;_Z;572;GB;RISQUES;TOP6_AUT_GROUPES;MENAGES_ENF;PHNC;PC;2;0;N;P1Y;ACPR;E;F;A
ACPR.A.BQ.RISQUES.ACT_PTF_NEGO.3._Z._Z.PHNC._Z.TOP6_AUT_GROUPES;2022;2022-01-01;2022-12-31;176,04;2025-03-18T17:10:26+00:00;ACPR;Instruments de capitaux propres dans le portefeuille de négociation;Instruments de capitaux propres dans le portefeuille de négociation;ACT_PTF_NEGO;A;BQ;_Z;3;_Z;RISQUES;TOP6_AUT_GROUPES;_Z;PHNC;EUR;2;9;N;P1Y;ACPR;E;F;A
ACPR.A.BQ.RISQUES.TB_FIN_NEGO_DERIVE_CREDIT10008.463._Z._Z.PHNC._Z.TOP6_AUT_GROUPES;2022;2022-01-01;2022-12-31;43,07;2025-10-22T14:00:29+00:00;ACPR;Vente de autres dérivés de crédit En notionnel;Vente de autres dérivés de crédit En notionnel;TB_FIN_NEGO_DERIVE_CREDIT10008;A;BQ;_Z;463;_Z;RISQUES;TOP6_AUT_GROUPES;_Z;PHNC;EUR;2;9;N;P1Y;ACPR;E;F;A
ACPR.A.BQ.RISQUES.GB_FIN_TX_DOUT_MEN_ENF8998.39._Z.MENAGES.PHNC._Z.TOP6_AUT_GROUPES;2022;2022-01-01;2022-12-31;51,42;2025-10-22T14:00:31+00:00;ACPR;Part des ménages dans les prêts et avances bruts au coût amorti aux ménages et aux entreprises non financières - secteur bancaire français (IFRS);Part des ménages dans les prêts et avances bruts au coût amorti aux ménages et aux entreprises non financières - secteur bancaire français (IFRS);GB_FIN_TX_DOUT_MEN_ENF8998;A;BQ;_Z;39;_Z;RISQUES;TOP6_AUT_GROUPES;MENAGES;PHNC;PC;2;0;N;P1Y;ACPR;E;F;A
ACPR.A.BQ.RISQUES.OBLIG_PTF_NEGO.238._Z.APU.PHNC._Z.TOP6_AUT_GROUPES;2022;2022-01-01;2022-12-31;137,47;2025-03-18T17:10:28+00:00;ACPR;Titre de créances émis par les administrations publiques dans le portefeuille de négociation;Titre de créances émis par les administrations publiques dans le portefeuille de négociation;OBLIG_PTF_NEGO;A;BQ;_Z;238;_Z;RISQUES;TOP6_AUT_GROUPES;APU;PHNC;EUR;2;9;N;P1Y;ACPR;E;F;A
ACPR.A.BQ.RISQUES.TB_FIN_NEGO_DERIVE_CREDIT10003.460._Z._Z.PHNC._Z.TOP6_AUT_GROUPES;2022;2022-01-01;2022-12-31;5,81;2025-03-18T17:10:28+00:00;ACPR;Achats de options sur écart de crédit (CDS) En notionnel;Achats de options sur écart de crédit (CDS) En notionnel;TB_FIN_NEGO_DERIVE_CREDIT10003;A;BQ;_Z;460;_Z;RISQUES;TOP6_AUT_GROUPES;_Z;PHNC;EUR;2;9;N;P1Y;ACPR;E;F;A
ACPR.A.BQ.RISQUES.TX_NPL.569._Z.NACE_B.PHNC._Z.TOP6_AUT_GROUPES;2022;2022-01-01;2022-12-31;3,68;2025-03-18T17:10:28+00:00;ACPR;Taux de prêts non performants du secteur des industries extractives;Taux de prêts non performants du secteur des industries extractives;TX_NPL;A;BQ;_Z;569;_Z;RISQUES;TOP6_AUT_GROUPES;NACE_B;PHNC;PC;2;0;N;P1Y;ACPR;E;F;A
ACPR.A.BQ.RISQUES.TB_FIN_NEGO_DERIVE_CREDIT10016.468._Z._Z.PHNC._Z.TOP6_AUT_GROUPES;2022;2022-01-01;2022-12-31;0,01;2025-03-18T17:10:28+00:00;ACPR;Options sur écart de crédit (Credit spread options) au passif;Options sur écart de crédit (Credit spread options) au passif;TB_FIN_NEGO_DERIVE_CREDIT10016;A;BQ;_Z;468;_Z;RISQUES;TOP6_AUT_GROUPES;_Z;PHNC;EUR;2;9;N;P1Y;ACPR;E;F;A
ACPR.A.BQ.RISQUES.CRED_CLIENT.34._Z.APU.PHNC._Z.TOP6_AUT_GROUPES;2022;2022-01-01;2022-12-31;401,9;2025-03-18T17:10:26+00:00;ACPR;Administrations publiques (crédits nets);Administrations publiques (crédits nets);CRED_CLIENT;A;BQ;_Z;34;_Z;RISQUES;TOP6_AUT_GROUPES;APU;PHNC;EUR;2;9;N;P1Y;ACPR;E;F;A
ACPR.A.BQ.RISQUES.DERIV_ACTIF_GRE_GRE.45._Z.EF.PHNC._Z.TOP6_AUT_GROUPES;2022;2022-01-01;2022-12-31;206,94;2025-03-18T17:10:27+00:00;ACPR;Montant à l'actif de dérivés de gré à gré avec autres entreprises financières;Dérivés de gré à gré (Actifs) avec autres entreprises financières;DERIV_ACTIF_GRE_GRE;A;BQ;_Z;45;_Z;RISQUES;TOP6_AUT_GROUPES;EF;PHNC;EUR;2;9;N;P1Y;ACPR;E;F;A
ACPR.A.BQ.RISQUES.TB_FIN_NEGO_DERIVE_CREDIT9999.473._Z._Z.PHNC._Z.TOP6_AUT_GROUPES;2022;2022-01-01;2022-12-31;591,13;2025-03-18T17:10:28+00:00;ACPR;Vente de contrats d'échange de risque de crédit (CDS) En notionnel;Vente de contrats d'échange de risque de crédit (CDS) En notionnel;TB_FIN_NEGO_DERIVE_CREDIT9999;A;BQ;_Z;473;_Z;RISQUES;TOP6_AUT_GROUPES;_Z;PHNC;EUR;2;9;N;P1Y;ACPR;E;F;A
ACPR.A.BQ.RISQUES.TB_FIN_NEGO_PART_OPTION9964.490._Z._Z.PHNC._Z.TOP6_AUT_GROUPES;2022;2022-01-01;2022-12-31;44,74;2025-03-18T17:10:28+00:00;ACPR;Options de gré à gré sur Change et or (somme actif et passif);Options de gré à gré sur Change et or (somme actif et passif);TB_FIN_NEGO_PART_OPTION9964;A;BQ;_Z;490;_Z;RISQUES;TOP6_AUT_GROUPES;_Z;PHNC;EUR;2;9;N;P1Y;ACPR;E;F;A
ACPR.A.BQ.RISQUES.TB_FIN_NEGO_PART_OPTION9969.495._Z._Z.PHNC._Z.TOP6_AUT_GROUPES;2022;2022-01-01;2022-12-31;233,85;2025-03-18T17:10:28+00:00;ACPR;Options de gré à gré (somme actif et passif);Options de gré à gré (somme actif et passif);TB_FIN_NEGO_PART_OPTION9969;A;BQ;_Z;495;_Z;RISQUES;TOP6_AUT_GROUPES;_Z;PHNC;EUR;2;9;N;P1Y;ACPR;E;F;A
ACPR.A.BQ.RISQUES.TX_PROV.572._Z.NACE_B.PHNC._Z.TOP6_AUT_GROUPES;2022;2022-01-01;2022-12-31;55,88;2025-03-18T17:10:29+00:00;ACPR;Taux de provisionnement du secteur des industries extractives;Taux de provisionnement du secteur des industries extractives;TX_PROV;A;BQ;_Z;572;_Z;RISQUES;TOP6_AUT_GROUPES;NACE_B;PHNC;PC;2;0;N;P1Y;ACPR;E;F;A
ACPR.A.BQ.RISQUES.TX_PROV.572._Z.NACE_E.PHNC._Z.TOP6_AUT_GROUPES;2022;2022-01-01;2022-12-31;83,28;2025-03-18T17:10:29+00:00;ACPR;Taux de provisionnement du secteur de la production et distribution d'eau;Taux de provisionnement du secteur de la production et distribution d'eau;TX_PROV;A;BQ;_Z;572;_Z;RISQUES;TOP6_AUT_GROUPES;NACE_E;PHNC;PC;2;0;N;P1Y;ACPR;E;F;A
ACPR.A.BQ.RISQUES.CREDITS_BRUTS_MENAGES_ENF_PAYS.40.LU.MENAGES_ENF.PHNC._Z.TOP6_AUT_GROUPES;2022;2022-01-01;2022-12-31;52,6;2025-03-18T17:10:27+00:00;ACPR;Crédits bruts aux ménages et entreprises non financières au Luxembourg;Crédits bruts aux ménages et entreprises non financières au Luxembourg;CREDITS_BRUTS_MENAGES_ENF_PAYS;A;BQ;_Z;40;LU;RISQUES;TOP6_AUT_GROUPES;MENAGES_ENF;PHNC;EUR;2;9;N;P1Y;ACPR;E;F;A
ACPR.A.BQ.RISQUES.CRED_AFF.31._Z.APU.SOLO._Z.TOTAL_SECTEUR;2022;2022-01-01;2022-12-31;2,65;2025-03-18T17:10:26+00:00;ACPR;Affacturage aux administrations publiques;Affacturage aux administrations publiques;CRED_AFF;A;BQ;_Z;31;_Z;RISQUES;TOTAL_SECTEUR;APU;SOLO;EUR;2;9;N;P1Y;ACPR;E;F;A
ACPR.A.BQ.RISQUES.DERIV_NOTIONNEL_ORGA.48._Z._Z.PHNC._Z.TOP6_AUT_GROUPES;2022;2022-01-01;2022-12-31;5077,53;2025-03-18T17:10:27+00:00;ACPR;Montant notionnels de dérivés sur marchés organisés;Montant notionnels de dérivés sur marchés organisés;DERIV_NOTIONNEL_ORGA;A;BQ;_Z;48;_Z;RISQUES;TOP6_AUT_GROUPES;_Z;PHNC;EUR;2;9;N;P1Y;ACPR;E;F;A
ACPR.A.BQ.RISQUES.TX_PROV.572._Z.NACE_O.PHNC._Z.TOP6_AUT_GROUPES;2022;2022-01-01;2022-12-31;66,37;2025-03-18T17:10:29+00:00;ACPR;Taux de provisionnement du secteur de l'administration publique;Taux de provisionnement du secteur de l'administration publique;TX_PROV;A;BQ;_Z;572;_Z;RISQUES;TOP6_AUT_GROUPES;NACE_O;PHNC;PC;2;0;N;P1Y;ACPR;E;F;A
ACPR.A.BQ.RISQUES.CRED_CLIENT.34._Z.NACE_O.PHNC._Z.TOP6_AUT_GROUPES;2022;2022-01-01;2022-12-31;4,83;2025-03-18T17:10:27+00:00;ACPR;Crédits au secteur de l'administration publique;Crédits au secteur de l'administration publique;CRED_CLIENT;A;BQ;_Z;34;_Z;RISQUES;TOP6_AUT_GROUPES;NACE_O;PHNC;EUR;2;9;N;P1Y;ACPR;E;F;A
ACPR.A.BQ.RISQUES.CRED_CLIENT.34.PL.ENF.PHNC._Z.TOP6_AUT_GROUPES;2022;2022-01-01;2022-12-31;21,97;2025-03-18T17:10:27+00:00;ACPR;Crédits aux entreprises non financières - Pologne;Crédits aux entreprises non financières - Pologne;CRED_CLIENT;A;BQ;_Z;34;PL;RISQUES;TOP6_AUT_GROUPES;ENF;PHNC;EUR;2;9;N;P1Y;ACPR;E;F;A
ACPR.A.BQ.RISQUES.CRED_CLIENT.34._Z.NACE_M.PHNC._Z.TOP6_AUT_GROUPES;2022;2022-01-01;2022-12-31;108,98;2025-03-18T17:10:27+00:00;ACPR;Crédits au secteur des activités spécialisées, scientifiques et techniques;Crédits au secteur des activités spécialisées, scientifiques et techniques;CRED_CLIENT;A;BQ;_Z;34;_Z;RISQUES;TOP6_AUT_GROUPES;NACE_M;PHNC;EUR;2;9;N;P1Y;ACPR;E;F;A
ACPR.A.BQ.RISQUES.CRED_TOTAL.37._Z.SNF.SOLO._Z.TOTAL_SECTEUR;2022;2022-01-01;2022-12-31;1127,23;2025-10-22T14:00:28+00:00;ACPR;Crédits aux sociétés non financières résidentes;Crédits aux sociétés non financières résidentes;CRED_TOTAL;A;BQ;_Z;37;_Z;RISQUES;TOTAL_SECTEUR;SNF;SOLO;EUR;2;9;N;P1Y;ACPR;E;F;A
ACPR.A.BQ.RISQUES.TB_FIN_NEGO_DERIVE_CREDIT10006.462._Z._Z.PHNC._Z.TOP6_AUT_GROUPES;2022;2022-01-01;2022-12-31;12,35;2025-03-18T17:10:28+00:00;ACPR;Achats de dérivés de crédit sur transfert de rendement (Total return swaps) En notionnel;Achats de dérivés de crédit sur transfert de rendement (Total return swaps) En notionnel;TB_FIN_NEGO_DERIVE_CREDIT10006;A;BQ;_Z;462;_Z;RISQUES;TOP6_AUT_GROUPES;_Z;PHNC;EUR;2;9;N;P1Y;ACPR;E;F;A
ACPR.A.BQ.RISQUES.TB_FIN_NEGO_VENTE_OPTION9981.497._Z._Z.PHNC._Z.TOP6_AUT_GROUPES;2022;2022-01-01;2022-12-31;1239,87;2025-03-18T17:10:28+00:00;ACPR;Ventes d'options sur Capitaux propres;Ventes d'options sur Capitaux propres;TB_FIN_NEGO_VENTE_OPTION9981;A;BQ;_Z;497;_Z;RISQUES;TOP6_AUT_GROUPES;_Z;PHNC;EUR;2;9;N;P1Y;ACPR;E;F;A
ACPR.A.BQ.RISQUES.CRED_CLIENT.34.US.MENAGES.PHNC._Z.TOP6_AUT_GROUPES;2022;2022-01-01;2022-12-31;1,67;2025-03-18T17:10:27+00:00;ACPR;Crédits aux ménages - États-Unis;Crédits aux ménages - États-Unis;CRED_CLIENT;A;BQ;_Z;34;US;RISQUES;TOP6_AUT_GROUPES;MENAGES;PHNC;EUR;2;9;N;P1Y;ACPR;E;F;A
ACPR.A.BQ.RISQUES.CREDITS_BRUTS.39._Z.NACE_M.PHNC._Z.TOP6_AUT_GROUPES;2022;2022-01-01;2022-12-31;111,7;2025-03-18T17:10:27+00:00;ACPR;Crédits bruts aux entreprises du secteur des activités spécialisées, scientifiques et techniques;Crédits bruts aux entreprises du secteur des activités spécialisées, scientifiques et techniques;CREDITS_BRUTS;A;BQ;_Z;39;_Z;RISQUES;TOP6_AUT_GROUPES;NACE_M;PHNC;EUR;2;9;N;P1Y;ACPR;E;F;A
ACPR.A.BQ.RISQUES.TX_PROV_NPL.573._Z.GE.PHNC._Z.TOP6_AUT_GROUPES;2022;2022-01-01;2022-12-31;1,3;2025-03-18T17:10:29+00:00;ACPR;Poids des provisions des prêts non performants aux grandes entreprises;Poids des provisions des prêts non performants aux grandes entreprises;TX_PROV_NPL;A;BQ;_Z;573;_Z;RISQUES;TOP6_AUT_GROUPES;GE;PHNC;PC;2;0;N;P1Y;ACPR;E;F;A
ACPR.A.BQ.RISQUES.TX_PROV_NPL.573._Z.PME.PHNC._Z.TOP6_AUT_GROUPES;2022;2022-01-01;2022-12-31;1,8;2025-03-18T17:10:29+00:00;ACPR;Poids des provisions des prêts non performants aux PME;Poids des provisions des prêts non performants aux PME;TX_PROV_NPL;A;BQ;_Z;573;_Z;RISQUES;TOP6_AUT_GROUPES;PME;PHNC;PC;2;0;N;P1Y;ACPR;E;F;A
ACPR.A.BQ.RISQUES.DERIV_ACTIF_GRE_GRE.45._Z.AUTRES.PHNC._Z.TOP6_AUT_GROUPES;2022;2022-01-01;2022-12-31;121,48;2025-03-18T17:10:27+00:00;ACPR;Montant à l'actif de dérivés de gré à gré avec autres contreparties;Dérivés de gré à gré (Actifs) avec autres contreparties;DERIV_ACTIF_GRE_GRE;A;BQ;_Z;45;_Z;RISQUES;TOP6_AUT_GROUPES;AUTRES;PHNC;EUR;2;9;N;P1Y;ACPR;E;F;A
ACPR.A.BQ.RISQUES.CRED_CLIENT.34.DE.ENF.PHNC._Z.TOP6_AUT_GROUPES;2022;2022-01-01;2022-12-31;56,56;2025-03-18T17:10:27+00:00;ACPR;Crédits aux entreprises non financières - Allemagne;Crédits aux entreprises non financières - Allemagne;CRED_CLIENT;A;BQ;_Z;34;DE;RISQUES;TOP6_AUT_GROUPES;ENF;PHNC;EUR;2;9;N;P1Y;ACPR;E;F;A
ACPR.A.BQ.RISQUES.GB_FIN_NEGO_COURT9872.184._Z._Z.PHNC._Z.TOP6_AUT_GROUPES;2022;2022-01-01;2022-12-31;52,66;2025-03-18T17:10:28+00:00;ACPR;Positions courtes sur Instruments de capitaux propres;Positions courtes sur Instruments de capitaux propres;GB_FIN_NEGO_COURT9872;A;BQ;_Z;184;_Z;RISQUES;TOP6_AUT_GROUPES;_Z;PHNC;EUR;2;9;N;P1Y;ACPR;E;F;A
ACPR.A.BQ.RISQUES.LOANS_PTF_NEGO.222._Z.ENF.PHNC._Z.TOP6_AUT_GROUPES;2022;2022-01-01;2022-12-31;44,7;2025-03-18T17:10:28+00:00;ACPR;Prêts aux Entreprises non financières dans le portefeuille de négociation;Prêts aux Entreprises non financières dans le portefeuille de négociation;LOANS_PTF_NEGO;A;BQ;_Z;222;_Z;RISQUES;TOP6_AUT_GROUPES;ENF;PHNC;EUR;2;9;N;P1Y;ACPR;E;F;A
ACPR.A.BQ.RISQUES.RATIO_CREDEP.363._Z.MENAGES_ENF.PHNC._Z.TOP6_AUT_GROUPES;2022;2022-01-01;2022-12-31;106,58;2025-03-18T17:10:28+00:00;ACPR;Ratio crédits / Dépôts  aux entreprises non financières et aux ménages;Ratio crédits / Dépôts  aux entreprises non financières et aux ménages;RATIO_CREDEP;A;BQ;_Z;363;_Z;RISQUES;TOP6_AUT_GROUPES;MENAGES_ENF;PHNC;PC;2;9;N;P1Y;ACPR;E;F;A
ACPR.A.BQ.RISQUES.TB_FIN_NEGO_DERIVE_CREDIT10020.472._Z._Z.PHNC._Z.TOP6_AUT_GROUPES;2022;2022-01-01;2022-12-31;0,62;2025-03-18T17:10:28+00:00;ACPR;Autres dérivés de crédit au passif;Autres dérivés de crédit au passif;TB_FIN_NEGO_DERIVE_CREDIT10020;A;BQ;_Z;472;_Z;RISQUES;TOP6_AUT_GROUPES;_Z;PHNC;EUR;2;9;N;P1Y;ACPR;E;F;A
ACPR.A.BQ.RISQUES.TB_FIN_NEGO_PART_OPTION9958.488._Z._Z.PHNC._Z.TOP6_AUT_GROUPES;2022;2022-01-01;2022-12-31;133,03;2025-03-18T17:10:28+00:00;ACPR;Options de gré à gré sur Taux d'intérêt (somme actif et passif);Options de gré à gré sur Taux d'intérêt (somme actif et passif);TB_FIN_NEGO_PART_OPTION9958;A;BQ;_Z;488;_Z;RISQUES;TOP6_AUT_GROUPES;_Z;PHNC;EUR;2;9;N;P1Y;ACPR;E;F;A
ACPR.A.BQ.RISQUES.TB_FIN_NEGO_VENTE_OPTION9990.500._Z._Z.PHNC._Z.TOP6_AUT_GROUPES;2022;2022-01-01;2022-12-31;6577,88;2025-03-18T17:10:28+00:00;ACPR;Options achats et ventes sur Taux d'intérêt;Options achats et ventes sur Taux d'intérêt;TB_FIN_NEGO_VENTE_OPTION9990;A;BQ;_Z;500;_Z;RISQUES;TOP6_AUT_GROUPES;_Z;PHNC;EUR;2;9;N;P1Y;ACPR;E;F;A
ACPR.A.BQ.RISQUES.TX_NPL.569._Z.NACE_F.PHNC._Z.TOP6_AUT_GROUPES;2022;2022-01-01;2022-12-31;6,94;2025-03-18T17:10:28+00:00;ACPR;Taux de prêts non performants du secteur de la construction;Taux de prêts non performants du secteur de la construction;TX_NPL;A;BQ;_Z;569;_Z;RISQUES;TOP6_AUT_GROUPES;NACE_F;PHNC;PC;2;0;N;P1Y;ACPR;E;F;A
ACPR.A.BQ.RISQUES.CREDITS_BRUTS_MENAGES_ENF_PAYS.40.IT.MENAGES_ENF.PHNC._Z.TOP6_AUT_GROUPES;2022;2022-01-01;2022-12-31;233,0;2025-03-18T17:10:27+00:00;ACPR;Crédits bruts aux ménages et entreprises non financières en Italie;Crédits bruts aux ménages et entreprises non financières en Italie;CREDITS_BRUTS_MENAGES_ENF_PAYS;A;BQ;_Z;40;IT;RISQUES;TOP6_AUT_GROUPES;MENAGES_ENF;PHNC;EUR;2;9;N;P1Y;ACPR;E;F;A
ACPR.A.BQ.RISQUES.ACTFR_CLIENT_RE_TTES_DEV2270.43._Z._Z.SOLO._Z.TOTAL_SECTEUR;2022;2022-01-01;2022-12-31;1189,71;2025-03-20T09:10:29+00:00;ACPR;Comptes d'épargne à régime spécial de la clientèle non financière;Comptes d'épargne à régime spécial de la clientèle non financière;ACTFR_CLIENT_RE_TTES_DEV2270;A;BQ;_Z;43;_Z;RISQUES;TOTAL_SECTEUR;_Z;SOLO;EUR;2;9;N;P1Y;ACPR;E;F;A
ACPR.A.BQ.RISQUES.TB_FIN_NEGO_DERIVES9931.479._Z._Z.PHNC._Z.TOP6_AUT_GROUPES;2022;2022-01-01;2022-12-31;3,47;2025-03-18T17:10:28+00:00;ACPR;Montant à l'actif de dérivés sur autres produits;Montant à l'actif de dérivés sur autres produits;TB_FIN_NEGO_DERIVES9931;A;BQ;_Z;479;_Z;RISQUES;TOP6_AUT_GROUPES;_Z;PHNC;EUR;2;9;N;P1Y;ACPR;E;F;A
ACPR.A.BQ.RISQUES.CRED_CLIENT.34._Z.NACE_R.PHNC._Z.TOP6_AUT_GROUPES;2022;2022-01-01;2022-12-31;9,9;2025-03-18T17:10:27+00:00;ACPR;Crédits au secteur des arts, spectacles et activités récréatives;Crédits au secteur des arts, spectacles et activités récréatives;CRED_CLIENT;A;BQ;_Z;34;_Z;RISQUES;TOP6_AUT_GROUPES;NACE_R;PHNC;EUR;2;9;N;P1Y;ACPR;E;F;A
ACPR.A.BQ.RISQUES.CREDITS_BRUTS_MENAGES_ENF_PAYS.40.NL.MENAGES_ENF.PHNC._Z.TOP6_AUT_GROUPES;2022;2022-01-01;2022-12-31;33,1;2025-03-18T17:10:27+00:00;ACPR;Crédits bruts aux ménages et entreprises non financières aux Pays bas;Crédits bruts aux ménages et entreprises non financières aux Pays bas;CREDITS_BRUTS_MENAGES_ENF_PAYS;A;BQ;_Z;40;NL;RISQUES;TOP6_AUT_GROUPES;MENAGES_ENF;PHNC;EUR;2;9;N;P1Y;ACPR;E;F;A
ACPR.A.BQ.RISQUES.CREDITS_BRUTS.39._Z.NACE_G.PHNC._Z.TOP6_AUT_GROUPES;2022;2022-01-01;2022-12-31;243,1;2025-03-18T17:10:27+00:00;ACPR;Crédits bruts aux entreprises du secteur du commerce;Crédits bruts aux entreprises du secteur du commerce;CREDITS_BRUTS;A;BQ;_Z;39;_Z;RISQUES;TOP6_AUT_GROUPES;NACE_G;PHNC;EUR;2;9;N;P1Y;ACPR;E;F;A
ACPR.A.BQ.RISQUES.ACT_PTF_NEGO.3._Z.AUTRES.PHNC._Z.TOP6_AUT_GROUPES;2022;2022-01-01;2022-12-31;0,08;2025-03-18T17:10:26+00:00;ACPR;Instruments de capitaux propres des autres entités dans le portefeuille de négociation;Instruments de capitaux propres des autres entités dans le portefeuille de négociation;ACT_PTF_NEGO;A;BQ;_Z;3;_Z;RISQUES;TOP6_AUT_GROUPES;AUTRES;PHNC;EUR;2;9;N;P1Y;ACPR;E;F;A
ACPR.A.BQ.RISQUES.OBLIG_PTF_NEGO.238._Z.BC.PHNC._Z.TOP6_AUT_GROUPES;2022;2022-01-01;2022-12-31;0,33;2025-03-18T17:10:28+00:00;ACPR;Titre de créances émis par les banques centrales dans le portefeuille de négociation;Titre de créances émis par les banques centrales dans le portefeuille de négociation;OBLIG_PTF_NEGO;A;BQ;_Z;238;_Z;RISQUES;TOP6_AUT_GROUPES;BC;PHNC;EUR;2;9;N;P1Y;ACPR;E;F;A
ACPR.A.BQ.RISQUES.TB_FIN_NEGO_DERIVE_CREDIT10014.466._Z._Z.PHNC._Z.TOP6_AUT_GROUPES;2022;2022-01-01;2022-12-31;10,08;2025-03-18T17:10:28+00:00;ACPR;Contrats d'échange de risque de crédit (CDS) au passif;Contrats d'échange de risque de crédit (CDS) au passif;TB_FIN_NEGO_DERIVE_CREDIT10014;A;BQ;_Z;466;_Z;RISQUES;TOP6_AUT_GROUPES;_Z;PHNC;EUR;2;9;N;P1Y;ACPR;E;F;A
ACPR.A.BQ.RISQUES.TX_NPL.569._Z.NACE_S.PHNC._Z.TOP6_AUT_GROUPES;2022;2022-01-01;2022-12-31;3,22;2025-03-18T17:10:29+00:00;ACPR;Taux de prêts non performants du secteur des autres activités de services;Taux de prêts non performants du secteur des autres activités de services;TX_NPL;A;BQ;_Z;569;_Z;RISQUES;TOP6_AUT_GROUPES;NACE_S;PHNC;PC;2;0;N;P1Y;ACPR;E;F;A
ACPR.A.BQ.RISQUES.TX_NPL_APRES_PROV.570._Z.GE.PHNC._Z.TOP6_AUT_GROUPES;2022;2022-01-01;2022-12-31;1,7;2025-03-18T17:10:29+00:00;ACPR;Poids des prêts non performants nets des provisions aux grandes entreprises;Poids des prêts non performants nets des provisions aux grandes entreprises;TX_NPL_APRES_PROV;A;BQ;_Z;570;_Z;RISQUES;TOP6_AUT_GROUPES;GE;PHNC;PC;2;0;N;P1Y;ACPR;E;F;A
ACPR.A.BQ.RISQUES.TX_NPL_APRES_PROV.570._Z.PME.PHNC._Z.TOP6_AUT_GROUPES;2022;2022-01-01;2022-12-31;2,2;2025-03-18T17:10:29+00:00;ACPR;Poids des prêts non performants nets des provisions aux PME;Poids des prêts non performants nets des provisions aux PME;TX_NPL_APRES_PROV;A;BQ;_Z;570;_Z;RISQUES;TOP6_AUT_GROUPES;PME;PHNC;PC;2;0;N;P1Y;ACPR;E;F;A
ACPR.A.BQ.RISQUES.TX_PROV.572._Z.NACE_A.PHNC._Z.TOP6_AUT_GROUPES;2022;2022-01-01;2022-12-31;97,36;2025-03-18T17:10:29+00:00;ACPR;Taux de provisionnement du secteur de l'agriculture, sylviculture et pêche;Taux de provisionnement du secteur de l'agriculture, sylviculture et pêche;TX_PROV;A;BQ;_Z;572;_Z;RISQUES;TOP6_AUT_GROUPES;NACE_A;PHNC;PC;2;0;N;P1Y;ACPR;E;F;A
ACPR.A.BQ.RISQUES.DERIV_ACTIF_ORGA.46._Z._Z.PHNC._Z.TOP6_AUT_GROUPES;2022;2022-01-01;2022-12-31;20,4;2025-03-18T17:10:27+00:00;ACPR;Montant à l'actif de dérivés sur marchés organisés;Dérivés sur marchés organisés (Actif);DERIV_ACTIF_ORGA;A;BQ;_Z;46;_Z;RISQUES;TOP6_AUT_GROUPES;_Z;PHNC;EUR;2;9;N;P1Y;ACPR;E;F;A
ACPR.A.BQ.RISQUES.GB_FIN_NEGO_PASSIF_9851.189._Z._Z.PHNC._Z.TOP6_AUT_GROUPES;2022;2022-01-01;2022-12-31;0,85;2025-03-18T17:10:28+00:00;ACPR;Titres de créances émis dans le portefeuille de négociation coté passif;Titres de créances émis dans le portefeuille de négociation coté passif;GB_FIN_NEGO_PASSIF_9851;A;BQ;_Z;189;_Z;RISQUES;TOP6_AUT_GROUPES;_Z;PHNC;EUR;2;9;N;P1Y;ACPR;E;F;A
ACPR.A.BQ.RISQUES.TB_FIN_NEGO_DERIVE_CREDIT10019.471._Z._Z.PHNC._Z.TOP6_AUT_GROUPES;2022;2022-01-01;2022-12-31;0,36;2025-03-18T17:10:28+00:00;ACPR;Autres dérivés de crédit à l'actif;Autres dérivés de crédit à l'actif;TB_FIN_NEGO_DERIVE_CREDIT10019;A;BQ;_Z;471;_Z;RISQUES;TOP6_AUT_GROUPES;_Z;PHNC;EUR;2;9;N;P1Y;ACPR;E;F;A
ACPR.A.BQ.RISQUES.TB_FIN_NEGO_DERIVES9927.477._Z._Z.PHNC._Z.TOP6_AUT_GROUPES;2022;2022-01-01;2022-12-31;11,19;2025-03-18T17:10:28+00:00;ACPR;Montant à l'actif de dérivés sur crédit;Montant à l'actif de dérivés sur crédit;TB_FIN_NEGO_DERIVES9927;A;BQ;_Z;477;_Z;RISQUES;TOP6_AUT_GROUPES;_Z;PHNC;EUR;2;9;N;P1Y;ACPR;E;F;A
ACPR.A.BQ.RISQUES.TX_NPL.569._Z.MENAGES_ENF.PHNC._Z.TOP6_AUT_GROUPES;2022;2022-01-01;2022-12-31;2,7;2025-03-18T17:10:28+00:00;ACPR;Taux de prêts non performants aux ménages et aux entreprises non financières;Taux de prêts non performants aux ménages et aux entreprises non financières;TX_NPL;A;BQ;_Z;569;_Z;RISQUES;TOP6_AUT_GROUPES;MENAGES_ENF;PHNC;PC;2;0;N;P1Y;ACPR;E;F;A
ACPR.A.BQ.RISQUES.TX_NPL.569._Z.NACE_O.PHNC._Z.TOP6_AUT_GROUPES;2022;2022-01-01;2022-12-31;1,41;2025-03-18T17:10:29+00:00;ACPR;Taux de prêts non performants du secteur de l'administration publique;Taux de prêts non performants du secteur de l'administration publique;TX_NPL;A;BQ;_Z;569;_Z;RISQUES;TOP6_AUT_GROUPES;NACE_O;PHNC;PC;2;0;N;P1Y;ACPR;E;F;A
ACPR.A.BQ.RISQUES.CRED_CLIENT.34._Z.BC.PHNC._Z.TOP6_AUT_GROUPES;2022;2022-01-01;2022-12-31;1206,26;2025-03-18T17:10:26+00:00;ACPR;Banques Centrales (crédits nets);Banques Centrales (crédits nets);CRED_CLIENT;A;BQ;_Z;34;_Z;RISQUES;TOP6_AUT_GROUPES;BC;PHNC;EUR;2;9;N;P1Y;ACPR;E;F;A
ACPR.A.BQ.RISQUES.LOANS_PTF_NEGO.222._Z.APU.PHNC._Z.TOP6_AUT_GROUPES;2022;2022-01-01;2022-12-31;16,6;2025-03-18T17:10:28+00:00;ACPR;Prêts aux Administrations publiques dans le portefeuille de négociation;Prêts aux Administrations publiques dans le portefeuille de négociation;LOANS_PTF_NEGO;A;BQ;_Z;222;_Z;RISQUES;TOP6_AUT_GROUPES;APU;PHNC;EUR;2;9;N;P1Y;ACPR;E;F;A
ACPR.A.BQ.RISQUES.TX_NPL.569._Z.NACE_D.PHNC._Z.TOP6_AUT_GROUPES;2022;2022-01-01;2022-12-31;1,21;2025-03-18T17:10:28+00:00;ACPR;Taux de prêts non performants du secteur de l'électricité, gaz, vapeur et air conditionné;Taux de prêts non performants du secteur de l'électricité, gaz, vapeur et air conditionné;TX_NPL;A;BQ;_Z;569;_Z;RISQUES;TOP6_AUT_GROUPES;NACE_D;PHNC;PC;2;0;N;P1Y;ACPR;E;F;A
ACPR.A.BQ.RISQUES.TX_PROV.572._Z.MENAGES_ENF.PHNC._Z.TOP6_AUT_GROUPES;2022;2022-01-01;2022-12-31;47,86;2025-10-22T14:00:30+00:00;ACPR;Taux de provisionnement aux ménages et aux entreprises non financières;Taux de provisionnement aux ménages et aux entreprises non financières;TX_PROV;A;BQ;_Z;572;_Z;RISQUES;TOP6_AUT_GROUPES;MENAGES_ENF;PHNC;PC;2;0;N;P1Y;ACPR;E;F;A
ACPR.A.BQ.RISQUES.TB_FIN_NEGO_PART_BILAN9840.487._Z._Z.PHNC._Z.TOP6_AUT_GROUPES;2022;2022-01-01;2022-12-31;1446,0;2025-03-18T17:10:28+00:00;ACPR;Portefeuille de négociation - Passif;Portefeuille de négociation - Passif;TB_FIN_NEGO_PART_BILAN9840;A;BQ;_Z;487;_Z;RISQUES;TOP6_AUT_GROUPES;_Z;PHNC;EUR;2;9;N;P1Y;ACPR;E;F;A
ACPR.A.BQ.RISQUES.S2_ENFCA_BASE100.661._Z.ENF.PHNC._Z.TOP6_AUT_GROUPES;2022;2022-01-01;2022-12-31;177,63;2025-10-22T14:00:31+00:00;ACPR;Encours de prêts et avances (brut comptable) aux entreprises non financières en stade 2 - coût amorti - base 100;Encours de prêts et avances (brut comptable) aux entreprises non financières en stade 2 - coût amorti - base 100;S2_ENFCA_BASE100;A;BQ;_Z;661;_Z;RISQUES;TOP6_AUT_GROUPES;ENF;PHNC;PC;2;0;N;P1Y;ACPR;E;F;A
ACPR.A.BQ.RISQUES.DERIV_NOTIONNEL_GRE_GRE.47._Z.EF.PHNC._Z.TOP6_AUT_GROUPES;2022;2022-01-01;2022-12-31;51408,63;2025-03-18T17:10:27+00:00;ACPR;Montant notionnels de dérivés de gré à gré avec autres entreprises financières;Montant notionnels de dérivés de gré à gré avec autres entreprises financières;DERIV_NOTIONNEL_GRE_GRE;A;BQ;_Z;47;_Z;RISQUES;TOP6_AUT_GROUPES;EF;PHNC;EUR;2;9;N;P1Y;ACPR;E;F;A
ACPR.A.BQ.RISQUES.DT_PL_PTF_NEGO.58._Z.EF.PHNC._Z.TOP6_AUT_GROUPES;2022;2022-01-01;2022-12-31;291,9;2025-03-18T17:10:27+00:00;ACPR;Dépôts et titres des autres entreprises financières donnés en pension livrée du portefeuille de négociation;Dépôts et titres des autres entreprises financières donnés en pension livrée du portefeuille de négociation;DT_PL_PTF_NEGO;A;BQ;_Z;58;_Z;RISQUES;TOP6_AUT_GROUPES;EF;PHNC;EUR;2;9;N;P1Y;ACPR;E;F;A
ACPR.A.BQ.RISQUES.CRED_AUT.32._Z._Z.SOLO._Z.TOTAL_SECTEUR;2022;2022-01-01;2022-12-31;62,94;2025-03-18T17:10:26+00:00;ACPR;Autres crédits à l'ensemble de la clientèle non financière;Autres crédits à l'ensemble de la clientèle non financière;CRED_AUT;A;BQ;_Z;32;_Z;RISQUES;TOTAL_SECTEUR;_Z;SOLO;EUR;2;9;N;P1Y;ACPR;E;F;A
ACPR.A.BQ.RISQUES.CRED_TOTAL.37._Z.APU.SOLO._Z.TOTAL_SECTEUR;2022;2022-01-01;2022-12-31;184,71;2025-03-18T17:10:27+00:00;ACPR;Crédits aux administrations publiques résidentes;Crédits aux administrations publiques résidentes;CRED_TOTAL;A;BQ;_Z;37;_Z;RISQUES;TOTAL_SECTEUR;APU;SOLO;EUR;2;9;N;P1Y;ACPR;E;F;A
ACPR.A.BQ.RISQUES.CREDITS_BRUTS_MENAGES_ENF_PAYS.40.ES.MENAGES_ENF.PHNC._Z.TOP6_AUT_GROUPES;2022;2022-01-01;2022-12-31;45,5;2025-03-18T17:10:27+00:00;ACPR;Crédits bruts aux ménages et entreprises non financières en Espagne;Crédits bruts aux ménages et entreprises non financières en Espagne;CREDITS_BRUTS_MENAGES_ENF_PAYS;A;BQ;_Z;40;ES;RISQUES;TOP6_AUT_GROUPES;MENAGES_ENF;PHNC;EUR;2;9;N;P1Y;ACPR;E;F;A
ACPR.A.BQ.RISQUES.ACT_PTF_NEGO.3._Z.EC.PHNC._Z.TOP6_AUT_GROUPES;2022;2022-01-01;2022-12-31;15,62;2025-03-18T17:10:26+00:00;ACPR;Instruments de capitaux propres des établissements de crédit dans le portefeuille de négociation;Instruments de capitaux propres des établissements de crédit dans le portefeuille de négociation;ACT_PTF_NEGO;A;BQ;_Z;3;_Z;RISQUES;TOP6_AUT_GROUPES;EC;PHNC;EUR;2;9;N;P1Y;ACPR;E;F;A
ACPR.A.BQ.RISQUES.CREDITS_BRUTS.39._Z.NACE_I.PHNC._Z.TOP6_AUT_GROUPES;2022;2022-01-01;2022-12-31;48,1;2025-03-18T17:10:27+00:00;ACPR;Crédits bruts aux entreprises du secteur de l'hébergement et restauration;Crédits bruts aux entreprises du secteur de l'hébergement et restauration;CREDITS_BRUTS;A;BQ;_Z;39;_Z;RISQUES;TOP6_AUT_GROUPES;NACE_I;PHNC;EUR;2;9;N;P1Y;ACPR;E;F;A
ACPR.A.BQ.RISQUES.CREDITS_BRUTS_MENAGES_ENF_PAYS.40.BE.MENAGES_ENF.PHNC._Z.TOP6_AUT_GROUPES;2022;2022-01-01;2022-12-31;148,3;2025-03-18T17:10:27+00:00;ACPR;Crédits bruts aux ménages et entreprises non financières en Belgique;Crédits bruts aux ménages et entreprises non financières en Belgique;CREDITS_BRUTS_MENAGES_ENF_PAYS;A;BQ;_Z;40;BE;RISQUES;TOP6_AUT_GROUPES;MENAGES_ENF;PHNC;EUR;2;9;N;P1Y;ACPR;E;F;A
ACPR.A.BQ.RISQUES.TX_PROV.572._Z.NACE_K.PHNC._Z.TOP6_AUT_GROUPES;2022;2022-01-01;2022-12-31;79,12;2025-03-18T17:10:29+00:00;ACPR;Taux de provisionnement du secteur des activité financières et d'assurance;Taux de provisionnement du secteur des activité financières et d'assurance;TX_PROV;A;BQ;_Z;572;_Z;RISQUES;TOP6_AUT_GROUPES;NACE_K;PHNC;PC;2;0;N;P1Y;ACPR;E;F;A
ACPR.A.BQ.RISQUES.TX_PROV.572._Z.NACE_R.PHNC._Z.TOP6_AUT_GROUPES;2022;2022-01-01;2022-12-31;63,78;2025-03-18T17:10:29+00:00;ACPR;Taux de provisionnement du secteur des arts, spectacles et activités récréatives;Taux de provisionnement du secteur des arts, spectacles et activités récréatives;TX_PROV;A;BQ;_Z;572;_Z;RISQUES;TOP6_AUT_GROUPES;NACE_R;PHNC;PC;2;0;N;P1Y;ACPR;E;F;A
ACPR.A.BQ.RISQUES.GB_FIN_TX_DOUT_MEN_ENF8968.39._Z.MENAGES.PHNC._Z.TOP6_AUT_GROUPES;2022;2022-01-01;2022-12-31;42,38;2025-03-31T08:10:37+00:00;ACPR;Prêts et avances bruts non performants au coût amorti du secteur bancaire français (IFRS) - ménages;Prêts et avances bruts non performants au coût amorti du secteur bancaire français (IFRS) - ménages;GB_FIN_TX_DOUT_MEN_ENF8968;A;BQ;_Z;39;_Z;RISQUES;TOP6_AUT_GROUPES;MENAGES;PHNC;EUR;2;9;N;P1Y;ACPR;E;F;A
ACPR.A.BQ.RISQUES.CRED_CLIENT.34.FR.ENF.PHNC._Z.TOP6_AUT_GROUPES;2022;2022-01-01;2022-12-31;1067,05;2025-03-18T17:10:27+00:00;ACPR;Crédits aux entreprises non financières - France;Crédits aux entreprises non financières - France;CRED_CLIENT;A;BQ;_Z;34;FR;RISQUES;TOP6_AUT_GROUPES;ENF;PHNC;EUR;2;9;N;P1Y;ACPR;E;F;A
ACPR.A.BQ.RISQUES.TB_FIN_NEGO_DERIVE_CREDIT10000.458._Z._Z.PHNC._Z.TOP6_AUT_GROUPES;2022;2022-01-01;2022-12-31;689,62;2025-03-18T17:10:28+00:00;ACPR;Achats de contrats d'échange de risque de crédit (CDS) En notionnel;Achats de contrats d'échange de risque de crédit (CDS) En notionnel;TB_FIN_NEGO_DERIVE_CREDIT10000;A;BQ;_Z;458;_Z;RISQUES;TOP6_AUT_GROUPES;_Z;PHNC;EUR;2;9;N;P1Y;ACPR;E;F;A
ACPR.A.BQ.RISQUES.CRED_CLIENT.34._Z._Z.PHNC._Z.TOP6_AUT_GROUPES;2022;2022-01-01;2022-12-31;6065,5;2025-03-18T17:10:26+00:00;ACPR;Crédits net du secteur bancaire français;Crédits net du secteur bancaire français;CRED_CLIENT;A;BQ;_Z;34;_Z;RISQUES;TOP6_AUT_GROUPES;_Z;PHNC;EUR;2;9;N;P1Y;ACPR;E;F;A
ACPR.A.BQ.RISQUES.TX_PROV.572._Z.NACE_S.PHNC._Z.TOP6_AUT_GROUPES;2022;2022-01-01;2022-12-31;93,99;2025-03-18T17:10:29+00:00;ACPR;Taux de provisionnement du secteur des autres activités de services;Taux de provisionnement du secteur des autres activités de services;TX_PROV;A;BQ;_Z;572;_Z;RISQUES;TOP6_AUT_GROUPES;NACE_S;PHNC;PC;2;0;N;P1Y;ACPR;E;F;A
ACPR.A.BQ.RISQUES.ACTFR_CLIENT_RE_TTES_DEV2360.43._Z._Z.SOLO._Z.TOTAL_SECTEUR;2022;2022-01-01;2022-12-31;243,23;2025-03-20T09:10:29+00:00;ACPR;Comptes à terme de la clientèle non financière;Comptes à terme de la clientèle non financière;ACTFR_CLIENT_RE_TTES_DEV2360;A;BQ;_Z;43;_Z;RISQUES;TOTAL_SECTEUR;_Z;SOLO;EUR;2;9;N;P1Y;ACPR;E;F;A
ACPR.A.BQ.RISQUES.CRED_CLIENT.34._Z.EF.PHNC._Z.TOP6_AUT_GROUPES;2022;2022-01-01;2022-12-31;223,39;2025-03-18T17:10:26+00:00;ACPR;Entreprises financières (crédits nets);Entreprises financières (crédits nets);CRED_CLIENT;A;BQ;_Z;34;_Z;RISQUES;TOP6_AUT_GROUPES;EF;PHNC;EUR;2;9;N;P1Y;ACPR;E;F;A
ACPR.A.BQ.RISQUES.CRED_CLIENT.34.LU.ENF.PHNC._Z.TOP6_AUT_GROUPES;2022;2022-01-01;2022-12-31;41,63;2025-03-18T17:10:27+00:00;ACPR;Crédits aux entreprises non financières - Luxembourg;Crédits aux entreprises non financières - Luxembourg;CRED_CLIENT;A;BQ;_Z;34;LU;RISQUES;TOP6_AUT_GROUPES;ENF;PHNC;EUR;2;9;N;P1Y;ACPR;E;F;A
ACPR.A.BQ.RISQUES.DERIV_PASSIF_GRE_GRE.49._Z.AUTRES.PHNC._Z.TOP6_AUT_GROUPES;2022;2022-01-01;2022-12-31;108,63;2025-03-18T17:10:27+00:00;ACPR;Montant au passif de dérivés de gré à gré avec autres contreparties;Passif de dérivés de gré à gré avec autres contreparties;DERIV_PASSIF_GRE_GRE;A;BQ;_Z;49;_Z;RISQUES;TOP6_AUT_GROUPES;AUTRES;PHNC;EUR;2;9;N;P1Y;ACPR;E;F;A
ACPR.A.BQ.RISQUES.TB_FIN_NEGO_PART_OPTION9966.492._Z._Z.PHNC._Z.TOP6_AUT_GROUPES;2022;2022-01-01;2022-12-31;132,08;2025-03-18T17:10:28+00:00;ACPR;Dérivés sur Capitaux propres (somme actif et passif);Dérivés sur Capitaux propres (somme actif et passif);TB_FIN_NEGO_PART_OPTION9966;A;BQ;_Z;492;_Z;RISQUES;TOP6_AUT_GROUPES;_Z;PHNC;EUR;2;9;N;P1Y;ACPR;E;F;A
ACPR.A.BQ.RISQUES.GB_FIN_TX_DOUT_MEN_ENF8962.39._Z.PME.PHNC._Z.TOP6_AUT_GROUPES;2022;2022-01-01;2022-12-31;875,81;2025-03-31T08:10:37+00:00;ACPR;Prêts et avances bruts au coût amorti du secteur bancaire français (IFRS) - PME;Prêts et avances bruts au coût amorti du secteur bancaire français (IFRS) - PME;GB_FIN_TX_DOUT_MEN_ENF8962;A;BQ;_Z;39;_Z;RISQUES;TOP6_AUT_GROUPES;PME;PHNC;EUR;2;9;N;P1Y;ACPR;E;F;A
ACPR.A.BQ.RISQUES.S2_MCA_BASE100.661._Z.MENAGES.PHNC._Z.TOP6_AUT_GROUPES;2022;2022-01-01;2022-12-31;160,29;2025-10-22T14:00:31+00:00;ACPR;Encours de prêts et avances (brut comptable) aux ménages en stade 2 - coût amorti - base 100;Encours de prêts et avances (brut comptable) aux ménages en stade 2 - coût amorti - base 100;S2_MCA_BASE100;A;BQ;_Z;661;_Z;RISQUES;TOP6_AUT_GROUPES;MENAGES;PHNC;PC;2;0;N;P1Y;ACPR;E;F;A
ACPR.A.BQ.RISQUES.CRED_BAIL.33._Z.MENAGES.SOLO._Z.TOTAL_SECTEUR;2022;2022-01-01;2022-12-31;22,43;2025-03-18T17:10:26+00:00;ACPR;Crédit-bail et opérations assimilées aux Ménages;Crédit-bail et opérations assimilées aux Ménages;CRED_BAIL;A;BQ;_Z;33;_Z;RISQUES;TOTAL_SECTEUR;MENAGES;SOLO;EUR;2;9;N;P1Y;ACPR;E;F;A
ACPR.A.BQ.RISQUES.RATIO_CREDEP.363._Z._Z.PHNC._Z.TOP6_AUT_GROUPES;2022;2022-01-01;2022-12-31;109,21;2025-03-18T17:10:28+00:00;ACPR;Ratio Crédits/Dépôts du secteur bancaire français;Ratio Crédits/Dépôts du secteur bancaire français;RATIO_CREDEP;A;BQ;_Z;363;_Z;RISQUES;TOP6_AUT_GROUPES;_Z;PHNC;PC;2;0;N;P1Y;ACPR;E;F;A
ACPR.A.BQ.RISQUES.CRED_CLIENT.34._Z.HORS_EC_BC.PHNC._Z.TOP6_AUT_GROUPES;2022;2022-01-01;2022-12-31;4555,3;2025-03-18T17:10:26+00:00;ACPR;Crédits nets  hors EC et banques centrales;Crédits nets  hors EC et banques centrales;CRED_CLIENT;A;BQ;_Z;34;_Z;RISQUES;TOP6_AUT_GROUPES;HORS_EC_BC;PHNC;EUR;2;9;N;P1Y;ACPR;E;F;A
ACPR.A.BQ.RISQUES.CRED_TRESO.38._Z.MENAGES.SOLO._Z.TOTAL_SECTEUR;2022;2022-01-01;2022-12-31;162,01;2025-03-18T17:10:27+00:00;ACPR;Crédits de trésorerie aux Ménages;Crédits de trésorerie aux Ménages;CRED_TRESO;A;BQ;_Z;38;_Z;RISQUES;TOTAL_SECTEUR;MENAGES;SOLO;EUR;2;9;N;P1Y;ACPR;E;F;A
ACPR.A.BQ.RISQUES.TB_FIN_NEGO_DERIVES9919.493._Z._Z.PHNC._Z._Z;2022;2022-01-01;2022-12-31;18402,14;2025-09-17T10:00:30+00:00;ACPR;Montants notionnels de dérivés sur change et or;Montants notionnels de dérivés sur change et or;TB_FIN_NEGO_DERIVES9919;A;BQ;_Z;493;_Z;RISQUES;_Z;_Z;PHNC;EUR;2;9;N;P1Y;ACPR;E;F;A
ACPR.A.BQ.RISQUES.CREDITS_BRUTS_MENAGES_ENF_PAYS.40.FR.MENAGES_ENF.PHNC._Z.TOP6_AUT_GROUPES;2022;2022-01-01;2022-12-31;2613,0;2025-03-18T17:10:27+00:00;ACPR;Crédits bruts aux ménages et entreprises non financières en France;Crédits bruts aux ménages et entreprises non financières en France;CREDITS_BRUTS_MENAGES_ENF_PAYS;A;BQ;_Z;40;FR;RISQUES;TOP6_AUT_GROUPES;MENAGES_ENF;PHNC;EUR;2;9;N;P1Y;ACPR;E;F;A
ACPR.A.BQ.RISQUES.CREDITS_BRUTS_MENAGES_ENF_PAYS.40.US.MENAGES_ENF.PHNC._Z.TOP6_AUT_GROUPES;2022;2022-01-01;2022-12-31;110,8;2025-03-18T17:10:27+00:00;ACPR;Crédits bruts aux ménages et entreprises non financières aux états unis;Crédits bruts aux ménages et entreprises non financières aux Etats unis;CREDITS_BRUTS_MENAGES_ENF_PAYS;A;BQ;_Z;40;US;RISQUES;TOP6_AUT_GROUPES;MENAGES_ENF;PHNC;EUR;2;9;N;P1Y;ACPR;E;F;A
ACPR.A.BQ.RISQUES.DT_PL_PTF_NEGO.58._Z.MENAGES.PHNC._Z.TOP6_AUT_GROUPES;2022;2022-01-01;2022-12-31;0,0;2025-03-18T17:10:28+00:00;ACPR;Dépôts et titres des Ménages donnés en pension livrée du portefeuille de négociation;Dépôts et titres des Ménages donnés en pension livrée du portefeuille de négociation;DT_PL_PTF_NEGO;A;BQ;_Z;58;_Z;RISQUES;TOP6_AUT_GROUPES;MENAGES;PHNC;EUR;2;9;N;P1Y;ACPR;E;F;A
ACPR.A.BQ.RISQUES.TB_FIN_NEGO_DERIVES9926.476._Z._Z.PHNC._Z.TOP6_AUT_GROUPES;2022;2022-01-01;2022-12-31;262,25;2025-03-18T17:10:28+00:00;ACPR;Montant à l'actif de dérivés sur change et or;Montant à l'actif de dérivés sur change et or;TB_FIN_NEGO_DERIVES9926;A;BQ;_Z;476;_Z;RISQUES;TOP6_AUT_GROUPES;_Z;PHNC;EUR;2;9;N;P1Y;ACPR;E;F;A
ACPR.A.BQ.RISQUES.TX_NEGO_BILAN_PASSIF.568._Z._Z.PHNC._Z.TOP6_AUT_GROUPES;2022;2022-01-01;2022-12-31;15,73;2025-03-18T17:10:28+00:00;ACPR;Part du portefeuille de négociation au passif du bilan;Part du portefeuille de négociation au passif du bilan;TX_NEGO_BILAN_PASSIF;A;BQ;_Z;568;_Z;RISQUES;TOP6_AUT_GROUPES;_Z;PHNC;PC;2;0;N;P1Y;ACPR;E;F;A
ACPR.A.BQ.RISQUES.TX_NPL.569._Z.NACE_L.PHNC._Z.TOP6_AUT_GROUPES;2022;2022-01-01;2022-12-31;1,99;2025-03-18T17:10:29+00:00;ACPR;Taux de prêts non performants du secteur des activités immobilières;Taux de prêts non performants du secteur des activités immobilières;TX_NPL;A;BQ;_Z;569;_Z;RISQUES;TOP6_AUT_GROUPES;NACE_L;PHNC;PC;2;0;N;P1Y;ACPR;E;F;A
ACPR.A.BQ.RISQUES.TX_NPL.569._Z.NACE_R.PHNC._Z.TOP6_AUT_GROUPES;2022;2022-01-01;2022-12-31;6,02;2025-03-18T17:10:29+00:00;ACPR;Taux de prêts non performants du secteur des arts, spectacles et activités récréatives;Taux de prêts non performants du secteur des arts, spectacles et activités récréatives;TX_NPL;A;BQ;_Z;569;_Z;RISQUES;TOP6_AUT_GROUPES;NACE_R;PHNC;PC;2;0;N;P1Y;ACPR;E;F;A
ACPR.A.BQ.RISQUES.TX_NPL.569.US.MENAGES_ENF.PHNC._Z.TOP6_AUT_GROUPES;2022;2022-01-01;2022-12-31;0,8;2025-03-18T17:10:29+00:00;ACPR;Taux de prêts non performants aux Etats-Unis;Taux de prêts non performants aux Etats-Unis;TX_NPL;A;BQ;_Z;569;US;RISQUES;TOP6_AUT_GROUPES;MENAGES_ENF;PHNC;PC;2;0;N;P1Y;ACPR;E;F;A
ACPR.A.BQ.RISQUES.TX_PROV.572._Z.GE.PHNC._Z.TOP6_AUT_GROUPES;2022;2022-01-01;2022-12-31;44,0;2025-03-18T17:10:29+00:00;ACPR;Taux de provisionnement aux grandes entreprises;Taux de provisionnement aux grandes entreprises;TX_PROV;A;BQ;_Z;572;_Z;RISQUES;TOP6_AUT_GROUPES;GE;PHNC;PC;2;0;N;P1Y;ACPR;E;F;A
ACPR.A.BQ.RISQUES.S3_MCA_BASE100.662._Z.MENAGES.PHNC._Z.TOP6_AUT_GROUPES;2022;2022-01-01;2022-12-31;85,09;2025-10-22T14:00:31+00:00;ACPR;Encours de prêts et avances (brut comptable) aux ménages en stade 3 - coût amorti - base 100;Encours de prêts et avances (brut comptable) aux ménages en stade 3 - coût amorti - base 100;S3_MCA_BASE100;A;BQ;_Z;662;_Z;RISQUES;TOP6_AUT_GROUPES;MENAGES;PHNC;PC;2;0;N;P1Y;ACPR;E;F;A
ACPR.A.BQ.RISQUES.CREDITS_BRUTS_MENAGES_ENF_PAYS.40.DE.MENAGES_ENF.PHNC._Z.TOP6_AUT_GROUPES;2022;2022-01-01;2022-12-31;114,3;2025-03-18T17:10:27+00:00;ACPR;Crédits bruts aux ménages et entreprises non financières en Allemagne;Crédits bruts aux ménages et entreprises non financières en Allemagne;CREDITS_BRUTS_MENAGES_ENF_PAYS;A;BQ;_Z;40;DE;RISQUES;TOP6_AUT_GROUPES;MENAGES_ENF;PHNC;EUR;2;9;N;P1Y;ACPR;E;F;A
ACPR.A.BQ.RISQUES.ACT_PTF_NEGO.3._Z.ENF.PHNC._Z.TOP6_AUT_GROUPES;2022;2022-01-01;2022-12-31;131,81;2025-03-18T17:10:26+00:00;ACPR;Instruments de capitaux propres des entreprises non financières dans le portefeuille de négociation;Instruments de capitaux propres des entreprises non financières dans le portefeuille de négociation;ACT_PTF_NEGO;A;BQ;_Z;3;_Z;RISQUES;TOP6_AUT_GROUPES;ENF;PHNC;EUR;2;9;N;P1Y;ACPR;E;F;A
ACPR.A.BQ.RISQUES.CRED_CLIENT.34.ES.ENF.PHNC._Z.TOP6_AUT_GROUPES;2022;2022-01-01;2022-12-31;23,0;2025-03-18T17:10:27+00:00;ACPR;Crédits aux entreprises non financières - Espagne;Crédits aux entreprises non financières - Espagne;CRED_CLIENT;A;BQ;_Z;34;ES;RISQUES;TOP6_AUT_GROUPES;ENF;PHNC;EUR;2;9;N;P1Y;ACPR;E;F;A
ACPR.A.BQ.RISQUES.TB_FIN_NEGO_DERIVES9937.485._Z._Z.PHNC._Z.TOP6_AUT_GROUPES;2022;2022-01-01;2022-12-31;3,17;2025-03-18T17:10:28+00:00;ACPR;Montant au passif de dérivés sur autres produits;Montant au passif de dérivés sur autres produits;TB_FIN_NEGO_DERIVES9937;A;BQ;_Z;485;_Z;RISQUES;TOP6_AUT_GROUPES;_Z;PHNC;EUR;2;9;N;P1Y;ACPR;E;F;A
ACPR.A.BQ.RISQUES.TX_NPL.569.DE.MENAGES_ENF.PHNC._Z.TOP6_AUT_GROUPES;2022;2022-01-01;2022-12-31;3,7;2025-03-18T17:10:29+00:00;ACPR;Taux de prêts non performants en Allemagne;Taux de prêts non performants en Allemagne;TX_NPL;A;BQ;_Z;569;DE;RISQUES;TOP6_AUT_GROUPES;MENAGES_ENF;PHNC;PC;2;0;N;P1Y;ACPR;E;F;A
ACPR.A.BQ.RISQUES.TX_PROV.572._Z.NACE_N.PHNC._Z.TOP6_AUT_GROUPES;2022;2022-01-01;2022-12-31;63,94;2025-03-18T17:10:29+00:00;ACPR;Taux de provisionnement du secteur de l'activité de services administratifs et de soutien;Taux de provisionnement du secteur de l'activité de services administratifs et de soutien;TX_PROV;A;BQ;_Z;572;_Z;RISQUES;TOP6_AUT_GROUPES;NACE_N;PHNC;PC;2;0;N;P1Y;ACPR;E;F;A
ACPR.A.BQ.RISQUES.CREDITS_BRUTS.39._Z.NACE_C.PHNC._Z.TOP6_AUT_GROUPES;2022;2022-01-01;2022-12-31;261,2;2025-03-18T17:10:27+00:00;ACPR;Crédits bruts aux entreprises du secteur des industrie manufacturière;Crédits bruts aux entreprises du secteur des industrie manufacturière;CREDITS_BRUTS;A;BQ;_Z;39;_Z;RISQUES;TOP6_AUT_GROUPES;NACE_C;PHNC;EUR;2;9;N;P1Y;ACPR;E;F;A
ACPR.A.BQ.RISQUES.CRED_AFF.31._Z._Z.SOLO._Z.TOTAL_SECTEUR;2022;2022-01-01;2022-12-31;44,83;2025-03-18T17:10:26+00:00;ACPR;Affacturage à l'ensemble de la clientèle non financière;Affacturage à l'ensemble de la clientèle non financière;CRED_AFF;A;BQ;_Z;31;_Z;RISQUES;TOTAL_SECTEUR;_Z;SOLO;EUR;2;9;N;P1Y;ACPR;E;F;A
ACPR.A.BQ.RISQUES.TX_PROV.572.PL.MENAGES_ENF.PHNC._Z.TOP6_AUT_GROUPES;2022;2022-01-01;2022-12-31;85,1;2025-03-18T17:10:29+00:00;ACPR;Taux de provisionnement en Pologne;Taux de provisionnement en Pologne;TX_PROV;A;BQ;_Z;572;PL;RISQUES;TOP6_AUT_GROUPES;MENAGES_ENF;PHNC;PC;2;0;N;P1Y;ACPR;E;F;A
ACPR.A.BQ.RISQUES.CRED_CLIENT.34.PL.MENAGES.PHNC._Z.TOP6_AUT_GROUPES;2022;2022-01-01;2022-12-31;11,51;2025-03-18T17:10:27+00:00;ACPR;Crédits aux ménages - Pologne;Crédits aux ménages - Pologne;CRED_CLIENT;A;BQ;_Z;34;PL;RISQUES;TOP6_AUT_GROUPES;MENAGES;PHNC;EUR;2;9;N;P1Y;ACPR;E;F;A
ACPR.A.BQ.RISQUES.CRED_CLIENT.34._Z.NACE_C.PHNC._Z.TOP6_AUT_GROUPES;2022;2022-01-01;2022-12-31;254,27;2025-03-18T17:10:26+00:00;ACPR;Crédits au secteur des industrie manufacturière;Crédits au secteur des industrie manufacturière;CRED_CLIENT;A;BQ;_Z;34;_Z;RISQUES;TOP6_AUT_GROUPES;NACE_C;PHNC;EUR;2;9;N;P1Y;ACPR;E;F;A
ACPR.A.BQ.RISQUES.CREDITS_BRUTS.39._Z.NACE_L.PHNC._Z.TOP6_AUT_GROUPES;2022;2022-01-01;2022-12-31;450,5;2025-03-18T17:10:27+00:00;ACPR;Crédits bruts aux entreprises du secteur des activités immobilières;Crédits bruts aux entreprises du secteur des activités immobilières;CREDITS_BRUTS;A;BQ;_Z;39;_Z;RISQUES;TOP6_AUT_GROUPES;NACE_L;PHNC;EUR;2;9;N;P1Y;ACPR;E;F;A
ACPR.A.BQ.RISQUES.CRED_BAIL.33._Z.SNF.SOLO._Z.TOTAL_SECTEUR;2022;2022-01-01;2022-12-31;80,51;2025-03-18T17:10:26+00:00;ACPR;Crédit-bail et opérations assimilées aux sociétés non financières;Crédit-bail et opérations assimilées aux sociétés non financières;CRED_BAIL;A;BQ;_Z;33;_Z;RISQUES;TOTAL_SECTEUR;SNF;SOLO;EUR;2;9;N;P1Y;ACPR;E;F;A
ACPR.A.BQ.RISQUES.CRED_CLIENT.34._Z.ENF.PHNC._Z.TOP6_AUT_GROUPES;2022;2022-01-01;2022-12-31;1907,2;2025-03-18T17:10:26+00:00;ACPR;Entreprises non financières (crédits nets);Entreprises non financières (crédits nets);CRED_CLIENT;A;BQ;_Z;34;_Z;RISQUES;TOP6_AUT_GROUPES;ENF;PHNC;EUR;2;9;N;P1Y;ACPR;E;F;A
ACPR.A.BQ.RISQUES.CRED_HAB.36._Z.APU.SOLO._Z.TOTAL_SECTEUR;2022;2022-01-01;2022-12-31;2,38;2025-03-18T17:10:27+00:00;ACPR;Crédits à l'habitat aux administrations publiques;Crédits à l'habitat aux administrations publiques;CRED_HAB;A;BQ;_Z;36;_Z;RISQUES;TOTAL_SECTEUR;APU;SOLO;EUR;2;9;N;P1Y;ACPR;E;F;A
ACPR.A.BQ.RISQUES.CRED_EQUIP.35._Z.APU.SOLO._Z.TOTAL_SECTEUR;2022;2022-01-01;2022-12-31;153,12;2025-03-18T17:10:27+00:00;ACPR;Crédits à l'équipement aux administrations publiques;Crédits à l'équipement aux administrations publiques;CRED_EQUIP;A;BQ;_Z;35;_Z;RISQUES;TOTAL_SECTEUR;APU;SOLO;EUR;2;9;N;P1Y;ACPR;E;F;A
ACPR.A.BQ.RISQUES.CRED_TOTAL.37._Z._Z.SOLO._Z.TOTAL_SECTEUR;2022;2022-01-01;2022-12-31;2868,07;2025-03-18T17:10:27+00:00;ACPR;Crédits à l'ensemble de la clientèle non financière résidente;Crédits à l'ensemble de la clientèle non financière résidente;CRED_TOTAL;A;BQ;_Z;37;_Z;RISQUES;TOTAL_SECTEUR;_Z;SOLO;EUR;2;9;N;P1Y;ACPR;E;F;A
ACPR.A.BQ.RISQUES.CREDITS_BRUTS.39._Z.NACE_A.PHNC._Z.TOP6_AUT_GROUPES;2022;2022-01-01;2022-12-31;70,5;2025-03-18T17:10:27+00:00;ACPR;Crédits bruts aux entreprises du secteur de l'agriculture, sylviculture et pêche;Crédits bruts aux entreprises du secteur de l'agriculture, sylviculture et pêche;CREDITS_BRUTS;A;BQ;_Z;39;_Z;RISQUES;TOP6_AUT_GROUPES;NACE_A;PHNC;EUR;2;9;N;P1Y;ACPR;E;F;A
ACPR.A.BQ.RISQUES.CREDITS_BRUTS.39._Z.NACE_F.PHNC._Z.TOP6_AUT_GROUPES;2022;2022-01-01;2022-12-31;90,2;2025-03-18T17:10:27+00:00;ACPR;Crédits bruts aux entreprises du secteur de la construction;Crédits bruts aux entreprises du secteur de la construction;CREDITS_BRUTS;A;BQ;_Z;39;_Z;RISQUES;TOP6_AUT_GROUPES;NACE_F;PHNC;EUR;2;9;N;P1Y;ACPR;E;F;A
ACPR.A.BQ.RISQUES.TX_PROV.572._Z.NACE_Q.PHNC._Z.TOP6_AUT_GROUPES;2022;2022-01-01;2022-12-31;30,91;2025-03-18T17:10:29+00:00;ACPR;Taux de provisionnement du secteur de la santé humaine et action sociale;Taux de provisionnement du secteur de la santé humaine et action sociale;TX_PROV;A;BQ;_Z;572;_Z;RISQUES;TOP6_AUT_GROUPES;NACE_Q;PHNC;PC;2;0;N;P1Y;ACPR;E;F;A
ACPR.A.BQ.RISQUES.CRED_CLIENT.34._Z.NACE_D.PHNC._Z.TOP6_AUT_GROUPES;2022;2022-01-01;2022-12-31;87,76;2025-03-18T17:10:26+00:00;ACPR;Crédits au secteur de l'électricité, gaz, vapeur et air conditionné;Crédits au secteur de l'électricité, gaz, vapeur et air conditionné;CRED_CLIENT;A;BQ;_Z;34;_Z;RISQUES;TOP6_AUT_GROUPES;NACE_D;PHNC;EUR;2;9;N;P1Y;ACPR;E;F;A
ACPR.A.BQ.RISQUES.CRED_CLIENT.34._Z.NACE_I.PHNC._Z.TOP6_AUT_GROUPES;2022;2022-01-01;2022-12-31;45,3;2025-03-18T17:10:26+00:00;ACPR;Crédits au secteur de l'hébergement et restauration;Crédits au secteur de l'hébergement et restauration;CRED_CLIENT;A;BQ;_Z;34;_Z;RISQUES;TOP6_AUT_GROUPES;NACE_I;PHNC;EUR;2;9;N;P1Y;ACPR;E;F;A
ACPR.A.BQ.RISQUES.CRED_CLIENT.34._Z.NACE_S.PHNC._Z.TOP6_AUT_GROUPES;2022;2022-01-01;2022-12-31;81,23;2025-03-18T17:10:27+00:00;ACPR;Crédits au secteur des autres activités de services;Crédits au secteur des autres activités de services;CRED_CLIENT;A;BQ;_Z;34;_Z;RISQUES;TOP6_AUT_GROUPES;NACE_S;PHNC;EUR;2;9;N;P1Y;ACPR;E;F;A
ACPR.A.BQ.RISQUES.CRED_CLIENT.34.IT.ENF.PHNC._Z.TOP6_AUT_GROUPES;2022;2022-01-01;2022-12-31;111,43;2025-03-18T17:10:27+00:00;ACPR;Crédits aux entreprises non financières - Italie;Crédits aux entreprises non financières - Italie;CRED_CLIENT;A;BQ;_Z;34;IT;RISQUES;TOP6_AUT_GROUPES;ENF;PHNC;EUR;2;9;N;P1Y;ACPR;E;F;A
ACPR.A.BQ.RISQUES.DEPOTS.43._Z.APU.SOLO._Z.TOTAL_SECTEUR;2022;2022-01-01;2022-12-31;31,13;2025-03-20T09:10:29+00:00;ACPR;Dépôts des administrations publiques;Dépôts des administrations publiques;DEPOTS;A;BQ;_Z;43;_Z;RISQUES;TOTAL_SECTEUR;APU;SOLO;EUR;2;9;N;P1Y;ACPR;E;F;A
ACPR.A.BQ.RISQUES.CRED_CLIENT.34.FR.MENAGES.PHNC._Z.TOP6_AUT_GROUPES;2022;2022-01-01;2022-12-31;1502,01;2025-03-18T17:10:27+00:00;ACPR;Crédits aux ménages - France;Crédits aux ménages - France;CRED_CLIENT;A;BQ;_Z;34;FR;RISQUES;TOP6_AUT_GROUPES;MENAGES;PHNC;EUR;2;9;N;P1Y;ACPR;E;F;A
ACPR.A.BQ.RISQUES.DERIV_PASSIF_GRE_GRE.49._Z._Z.PHNC._Z.TOP6_AUT_GROUPES;2022;2022-01-01;2022-12-31;643,87;2025-03-18T17:10:27+00:00;ACPR;Montant au passif de dérivés de gré à gré;Passif de dérivés de gré à gré;DERIV_PASSIF_GRE_GRE;A;BQ;_Z;49;_Z;RISQUES;TOP6_AUT_GROUPES;_Z;PHNC;EUR;2;9;N;P1Y;ACPR;E;F;A
ACPR.A.BQ.RISQUES.TB_FIN_NEGO_DERIVES9918.585._Z._Z.PHNC._Z._Z;2022;2022-01-01;2022-12-31;3264,79;2025-09-17T10:00:30+00:00;ACPR;Montants notionnels de dérivés sur actions;Montants notionnels de dérivés sur actions;TB_FIN_NEGO_DERIVES9918;A;BQ;_Z;585;_Z;RISQUES;_Z;_Z;PHNC;EUR;2;9;N;P1Y;ACPR;E;F;A
ACPR.A.BQ.RISQUES.TB_FIN_NEGO_DERIVES9920.586._Z._Z.PHNC._Z._Z;2022;2022-01-01;2022-12-31;1393,42;2025-09-17T10:00:30+00:00;ACPR;Montants notionnels de dérivés sur crédit;Montants notionnels de dérivés sur crédit;TB_FIN_NEGO_DERIVES9920;A;BQ;_Z;586;_Z;RISQUES;_Z;_Z;PHNC;EUR;2;9;N;P1Y;ACPR;E;F;A
ACPR.A.BQ.RISQUES.CRED_COD.30._Z.MENAGES.SOLO._Z.TOTAL_SECTEUR;2022;2022-01-01;2022-12-31;10,02;2025-10-22T14:00:28+00:00;ACPR;Comptes ordinaires débiteurs aux Ménages;Comptes ordinaires débiteurs aux Ménages;CRED_COD;A;BQ;_Z;30;_Z;RISQUES;TOTAL_SECTEUR;MENAGES;SOLO;EUR;2;9;N;P1Y;ACPR;E;F;A
ACPR.A.BQ.RISQUES.CREDITS_BRUTS.39._Z.NACE_J.PHNC._Z.TOP6_AUT_GROUPES;2022;2022-01-01;2022-12-31;56,6;2025-03-18T17:10:27+00:00;ACPR;Crédits bruts aux entreprises du secteur de l'information et communication;Crédits bruts aux entreprises du secteur de l'information et communication;CREDITS_BRUTS;A;BQ;_Z;39;_Z;RISQUES;TOP6_AUT_GROUPES;NACE_J;PHNC;EUR;2;9;N;P1Y;ACPR;E;F;A
ACPR.A.BQ.RISQUES.DERIV_NOTIONNEL_GRE_GRE.47._Z._Z.PHNC._Z.TOP6_AUT_GROUPES;2022;2022-01-01;2022-12-31;78329,46;2025-03-18T17:10:27+00:00;ACPR;Montant notionnels de dérivés de gré à gré;Montant notionnels de dérivés de gré à gré;DERIV_NOTIONNEL_GRE_GRE;A;BQ;_Z;47;_Z;RISQUES;TOP6_AUT_GROUPES;_Z;PHNC;EUR;2;9;N;P1Y;ACPR;E;F;A
ACPR.A.BQ.RISQUES.DERIV_NOTIONNEL_GRE_GRE.47._Z.EC.PHNC._Z.TOP6_AUT_GROUPES;2022;2022-01-01;2022-12-31;22579,86;2025-03-18T17:10:27+00:00;ACPR;Montant notionnels de dérivés de gré à gré avec établissements de crédit;Montant notionnels de dérivés de gré à gré avec établissements de crédit;DERIV_NOTIONNEL_GRE_GRE;A;BQ;_Z;47;_Z;RISQUES;TOP6_AUT_GROUPES;EC;PHNC;EUR;2;9;N;P1Y;ACPR;E;F;A
ACPR.A.BQ.RISQUES.S1_MCA.660._Z.MENAGES.PHNC._Z.TOP6_AUT_GROUPES;2022;2022-01-01;2022-12-31;1825,33;2025-10-22T14:00:31+00:00;ACPR;Encours de prêts et avances (brut comptable) aux ménages en stade 1 - coût amorti;Encours de prêts et avances (brut comptable) aux ménages en stade 1 - coût amorti;S1_MCA;A;BQ;_Z;660;_Z;RISQUES;TOP6_AUT_GROUPES;MENAGES;PHNC;EUR;2;9;N;P1Y;ACPR;E;F;A
ACPR.A.BQ.RISQUES.TB_FIN_NEGO_DERIVE_CREDIT10005.461._Z._Z.PHNC._Z.TOP6_AUT_GROUPES;2022;2022-01-01;2022-12-31;3,65;2025-03-18T17:10:28+00:00;ACPR;Vente de dérivés de crédit sur transfert de rendement (Total return swaps) En notionnel;Vente de dérivés de crédit sur transfert de rendement (Total return swaps) En notionnel;TB_FIN_NEGO_DERIVE_CREDIT10005;A;BQ;_Z;461;_Z;RISQUES;TOP6_AUT_GROUPES;_Z;PHNC;EUR;2;9;N;P1Y;ACPR;E;F;A
ACPR.A.BQ.RISQUES.TB_FIN_NEGO_DERIVE_CREDIT10015.467._Z._Z.PHNC._Z.TOP6_AUT_GROUPES;2022;2022-01-01;2022-12-31;0,01;2025-03-18T17:10:28+00:00;ACPR;Options sur écart de crédit (Credit spread options) à l'actif;Options sur écart de crédit (Credit spread options) à l'actif;TB_FIN_NEGO_DERIVE_CREDIT10015;A;BQ;_Z;467;_Z;RISQUES;TOP6_AUT_GROUPES;_Z;PHNC;EUR;2;9;N;P1Y;ACPR;E;F;A
ACPR.A.BQ.RISQUES.TB_FIN_NEGO_PART_OPTION9961.489._Z._Z.PHNC._Z.TOP6_AUT_GROUPES;2022;2022-01-01;2022-12-31;56,08;2025-03-18T17:10:28+00:00;ACPR;Options de gré à gré sur Capitaux propres (somme actif et passif);Options de gré à gré sur Capitaux propres (somme actif et passif);TB_FIN_NEGO_PART_OPTION9961;A;BQ;_Z;489;_Z;RISQUES;TOP6_AUT_GROUPES;_Z;PHNC;EUR;2;9;N;P1Y;ACPR;E;F;A
ACPR.A.BQ.RISQUES.TX_NPL.569._Z.NACE_C.PHNC._Z.TOP6_AUT_GROUPES;2022;2022-01-01;2022-12-31;3,9;2025-03-18T17:10:28+00:00;ACPR;Taux de prêts non performants du secteur des industrie manufacturière;Taux de prêts non performants du secteur des industrie manufacturière;TX_NPL;A;BQ;_Z;569;_Z;RISQUES;TOP6_AUT_GROUPES;NACE_C;PHNC;PC;2;0;N;P1Y;ACPR;E;F;A
ACPR.A.BQ.RISQUES.TX_NPL.569.FR.MENAGES_ENF.PHNC._Z.TOP6_AUT_GROUPES;2022;2022-01-01;2022-12-31;2,4;2025-03-18T17:10:29+00:00;ACPR;Taux de prêts non performants en France;Taux de prêts non performants en France;TX_NPL;A;BQ;_Z;569;FR;RISQUES;TOP6_AUT_GROUPES;MENAGES_ENF;PHNC;PC;2;0;N;P1Y;ACPR;E;F;A
ACPR.A.BQ.RISQUES.TX_PROV.572._Z.ENF.PHNC._Z.TOP6_AUT_GROUPES;2022;2022-01-01;2022-12-31;44,9;2025-03-18T17:10:29+00:00;ACPR;Taux de provisionnement aux entreprises non financières;Taux de provisionnement aux entreprises non financières;TX_PROV;A;BQ;_Z;572;_Z;RISQUES;TOP6_AUT_GROUPES;ENF;PHNC;PC;2;0;N;P1Y;ACPR;E;F;A
ACPR.A.BQ.RISQUES.TX_PROV.572._Z.NACE_G.PHNC._Z.TOP6_AUT_GROUPES;2022;2022-01-01;2022-12-31;71,04;2025-03-18T17:10:29+00:00;ACPR;Taux de provisionnement du secteur du commerce;Taux de provisionnement du secteur du commerce;TX_PROV;A;BQ;_Z;572;_Z;RISQUES;TOP6_AUT_GROUPES;NACE_G;PHNC;PC;2;0;N;P1Y;ACPR;E;F;A
ACPR.A.BQ.RISQUES.TX_PROV_NPL.573._Z.MENAGES.PHNC._Z.TOP6_AUT_GROUPES;2022;2022-01-01;2022-12-31;0,99;2025-03-18T17:10:29+00:00;ACPR;Poids des provisions des prêts non performants aux ménages;Poids des provisions des prêts non performants aux ménages;TX_PROV_NPL;A;BQ;_Z;573;_Z;RISQUES;TOP6_AUT_GROUPES;MENAGES;PHNC;PC;2;0;N;P1Y;ACPR;E;F;A
ACPR.A.BQ.RISQUES.ACTFR_CLIENT_RE_TTES_DEV2222.43._Z._Z.SOLO._Z.TOTAL_SECTEUR;2022;2022-01-01;2022-12-31;1212,83;2025-03-20T09:10:29+00:00;ACPR;Comptes ordinaires créditeurs de la clientèle non financière;Comptes ordinaires créditeurs de la clientèle non financière;ACTFR_CLIENT_RE_TTES_DEV2222;A;BQ;_Z;43;_Z;RISQUES;TOTAL_SECTEUR;_Z;SOLO;EUR;2;9;N;P1Y;ACPR;E;F;A
ACPR.A.BQ.RISQUES.TX_NPL.569.IT.MENAGES_ENF.PHNC._Z.TOP6_AUT_GROUPES;2022;2022-01-01;2022-12-31;4,2;2025-03-18T17:10:29+00:00;ACPR;Taux de prêts non performants en Italie;Taux de prêts non performants en Italie;TX_NPL;A;BQ;_Z;569;IT;RISQUES;TOP6_AUT_GROUPES;MENAGES_ENF;PHNC;PC;2;0;N;P1Y;ACPR;E;F;A
ACPR.A.BQ.RISQUES.TX_PROV.572._Z.NACE_C.PHNC._Z.TOP6_AUT_GROUPES;2022;2022-01-01;2022-12-31;67,71;2025-03-18T17:10:29+00:00;ACPR;Taux de provisionnement du secteur des industrie manufacturière;Taux de provisionnement du secteur des industrie manufacturière;TX_PROV;A;BQ;_Z;572;_Z;RISQUES;TOP6_AUT_GROUPES;NACE_C;PHNC;PC;2;0;N;P1Y;ACPR;E;F;A
ACPR.A.BQ.RISQUES.CREDITS_BRUTS_MENAGES_ENF_PAYS.40.ETR.MENAGES_ENF.PHNC._Z.TOP6_AUT_GROUPES;2022;2022-01-01;2022-12-31;1255,91;2025-04-11T16:10:31+00:00;ACPR;Prêts aux ménages et aux sociétés non financières à l'étranger (brut comptable) du secteur bancaire français (IFRS);Prêts aux ménages et aux sociétés non financières à l'étranger (brut comptable) du secteur bancaire français (IFRS);CREDITS_BRUTS_MENAGES_ENF_PAYS;A;BQ;_Z;40;ETR;RISQUES;TOP6_AUT_GROUPES;MENAGES_ENF;PHNC;EUR;2;9;N;P1Y;ACPR;E;F;A
ACPR.A.BQ.RISQUES.TX_NPL.569.ES.MENAGES_ENF.PHNC._Z.TOP6_AUT_GROUPES;2022;2022-01-01;2022-12-31;4,9;2025-03-18T17:10:29+00:00;ACPR;Taux de prêts non performants en Espagne;Taux de prêts non performants en Espagne;TX_NPL;A;BQ;_Z;569;ES;RISQUES;TOP6_AUT_GROUPES;MENAGES_ENF;PHNC;PC;2;0;N;P1Y;ACPR;E;F;A
ACPR.A.BQ.RISQUES.GB_FIN_TX_DOUT_MEN_ENF8999.39._Z.ENF.PHNC._Z.TOP6_AUT_GROUPES;2022;2022-01-01;2022-12-31;48,58;2025-10-22T14:00:31+00:00;ACPR;Part des entreprises non financières dans les prêts et avances bruts au coût amorti aux ménages et aux entreprises non financières - secteur bancaire français (IFRS);Part des entreprises non financières dans les prêts et avances bruts au coût amorti aux ménages et aux entreprises non financières - secteur bancaire français (IFRS);GB_FIN_TX_DOUT_MEN_ENF8999;A;BQ;_Z;39;_Z;RISQUES;TOP6_AUT_GROUPES;ENF;PHNC;PC;2;0;N;P1Y;ACPR;E;F;A
ACPR.A.BQ.RISQUES.TX_NPL.569._Z.NACE_Q.PHNC._Z.TOP6_AUT_GROUPES;2022;2022-01-01;2022-12-31;8,84;2025-03-18T17:10:29+00:00;ACPR;Taux de prêts non performants du secteur de la santé humaine et action sociale;Taux de prêts non performants du secteur de la santé humaine et action sociale;TX_NPL;A;BQ;_Z;569;_Z;RISQUES;TOP6_AUT_GROUPES;NACE_Q;PHNC;PC;2;0;N;P1Y;ACPR;E;F;A
ACPR.A.BQ.RISQUES.TX_PROV.572.LU.MENAGES_ENF.PHNC._Z.TOP6_AUT_GROUPES;2022;2022-01-01;2022-12-31;80,0;2025-03-18T17:10:29+00:00;ACPR;Taux de provisionnement au Luxembourg;Taux de provisionnement au Luxembourg;TX_PROV;A;BQ;_Z;572;LU;RISQUES;TOP6_AUT_GROUPES;MENAGES_ENF;PHNC;PC;2;0;N;P1Y;ACPR;E;F;A
ACPR.A.BQ.RISQUES.GB_FIN_NEGO_ACTIF_9846.182._Z._Z.PHNC._Z.TOP6_AUT_GROUPES;2022;2022-01-01;2022-12-31;187,27;2025-03-18T17:10:28+00:00;ACPR;Titres de créances dans le portefeuille de négociation coté actif;Titres de créances dans le portefeuille de négociation coté actif;GB_FIN_NEGO_ACTIF_9846;A;BQ;_Z;182;_Z;RISQUES;TOP6_AUT_GROUPES;_Z;PHNC;EUR;2;9;N;P1Y;ACPR;E;F;A
ACPR.A.BQ.RISQUES.LOANS_PTF_NEGO.222._Z.MENAGES.PHNC._Z.TOP6_AUT_GROUPES;2022;2022-01-01;2022-12-31;0,0;2025-03-18T17:10:28+00:00;ACPR;Prêts aux Ménages dans le portefeuille de négociation;Prêts aux Ménages dans le portefeuille de négociation;LOANS_PTF_NEGO;A;BQ;_Z;222;_Z;RISQUES;TOP6_AUT_GROUPES;MENAGES;PHNC;EUR;2;9;N;P1Y;ACPR;E;F;A
ACPR.A.BQ.RISQUES.TB_FIN_NEGO_DERIVES9924.474._Z._Z.PHNC._Z.TOP6_AUT_GROUPES;2022;2022-01-01;2022-12-31;337,21;2025-03-18T17:10:28+00:00;ACPR;Montant à l'actif de dérivés sur taux d'intérêt;Montant à l'actif de dérivés sur taux d'intérêt;TB_FIN_NEGO_DERIVES9924;A;BQ;_Z;474;_Z;RISQUES;TOP6_AUT_GROUPES;_Z;PHNC;EUR;2;9;N;P1Y;ACPR;E;F;A
ACPR.A.BQ.RISQUES.TB_FIN_NEGO_DERIVES9934.482._Z._Z.PHNC._Z.TOP6_AUT_GROUPES;2022;2022-01-01;2022-12-31;259,21;2025-03-18T17:10:28+00:00;ACPR;Montant au passif de dérivés sur change et or;Montant au passif de dérivés sur change et or;TB_FIN_NEGO_DERIVES9934;A;BQ;_Z;482;_Z;RISQUES;TOP6_AUT_GROUPES;_Z;PHNC;EUR;2;9;N;P1Y;ACPR;E;F;A
ACPR.A.BQ.RISQUES.TB_FIN_NEGO_PART_OPTION9967.493._Z._Z.PHNC._Z.TOP6_AUT_GROUPES;2022;2022-01-01;2022-12-31;521,46;2025-03-18T17:10:28+00:00;ACPR;Dérivés sur Change et or (somme actif et passif);Dérivés sur Change et or (somme actif et passif);TB_FIN_NEGO_PART_OPTION9967;A;BQ;_Z;493;_Z;RISQUES;TOP6_AUT_GROUPES;_Z;PHNC;EUR;2;9;N;P1Y;ACPR;E;F;A
ACPR.A.BQ.RISQUES.TB_FIN_NEGO_VENTE_OPTION9983.499._Z._Z.PHNC._Z.TOP6_AUT_GROUPES;2022;2022-01-01;2022-12-31;6671,0;2025-03-18T17:10:28+00:00;ACPR;Ventes d'options;Ventes d'options;TB_FIN_NEGO_VENTE_OPTION9983;A;BQ;_Z;499;_Z;RISQUES;TOP6_AUT_GROUPES;_Z;PHNC;EUR;2;9;N;P1Y;ACPR;E;F;A
ACPR.A.BQ.RISQUES.TB_FIN_NEGO_VENTE_OPTION9993.503._Z._Z.PHNC._Z.TOP6_AUT_GROUPES;2022;2022-01-01;2022-12-31;12075,07;2025-03-18T17:10:28+00:00;ACPR;Options achats et ventes;Options achats et ventes;TB_FIN_NEGO_VENTE_OPTION9993;A;BQ;_Z;503;_Z;RISQUES;TOP6_AUT_GROUPES;_Z;PHNC;EUR;2;9;N;P1Y;ACPR;E;F;A
ACPR.A.BQ.RISQUES.TX_NEGO_BILAN_ACTIF.567._Z._Z.PHNC._Z.TOP6_AUT_GROUPES;2022;2022-01-01;2022-12-31;17,58;2025-03-18T17:10:28+00:00;ACPR;Part du portefeuille de négociation à l'actif du bilan;Part du portefeuille de négociation à l'actif du bilan;TX_NEGO_BILAN_ACTIF;A;BQ;_Z;567;_Z;RISQUES;TOP6_AUT_GROUPES;_Z;PHNC;PC;2;0;N;P1Y;ACPR;E;F;A
ACPR.A.BQ.RISQUES.TX_NPL.569._Z.NACE_A.PHNC._Z.TOP6_AUT_GROUPES;2022;2022-01-01;2022-12-31;3,98;2025-03-18T17:10:28+00:00;ACPR;Taux de prêts non performants du secteur de l'agriculture, sylviculture et pêche;Taux de prêts non performants du secteur de l'agriculture, sylviculture et pêche;TX_NPL;A;BQ;_Z;569;_Z;RISQUES;TOP6_AUT_GROUPES;NACE_A;PHNC;PC;2;0;N;P1Y;ACPR;E;F;A
ACPR.A.BQ.RISQUES.TX_NPL.569.CH.MENAGES_ENF.PHNC._Z.TOP6_AUT_GROUPES;2022;2022-01-01;2022-12-31;2,0;2025-03-18T17:10:29+00:00;ACPR;Taux de prêts non performants en Suisse;Taux de prêts non performants en Suisse;TX_NPL;A;BQ;_Z;569;CH;RISQUES;TOP6_AUT_GROUPES;MENAGES_ENF;PHNC;PC;2;0;N;P1Y;ACPR;E;F;A
ACPR.A.BQ.RISQUES.TX_NPL_APRES_PROV.570._Z.MENAGES.PHNC._Z.TOP6_AUT_GROUPES;2022;2022-01-01;2022-12-31;1,08;2025-03-18T17:10:29+00:00;ACPR;Poids des prêts non performants nets des provisions aux ménages;Poids des prêts non performants nets des provisions aux ménages;TX_NPL_APRES_PROV;A;BQ;_Z;570;_Z;RISQUES;TOP6_AUT_GROUPES;MENAGES;PHNC;PC;2;0;N;P1Y;ACPR;E;F;A
ACPR.A.BQ.RISQUES.CRED_CLIENT.34._Z.NACE_H.PHNC._Z.TOP6_AUT_GROUPES;2022;2022-01-01;2022-12-31;103,36;2025-03-18T17:10:26+00:00;ACPR;Crédits au secteur du transports et entreposage;Crédits au secteur du transports et entreposage;CRED_CLIENT;A;BQ;_Z;34;_Z;RISQUES;TOP6_AUT_GROUPES;NACE_H;PHNC;EUR;2;9;N;P1Y;ACPR;E;F;A
ACPR.A.BQ.RISQUES.TX_NPL.569.PL.MENAGES_ENF.PHNC._Z.TOP6_AUT_GROUPES;2022;2022-01-01;2022-12-31;3,5;2025-03-18T17:10:29+00:00;ACPR;Taux de prêts non performants en Pologne;Taux de prêts non performants en Pologne;TX_NPL;A;BQ;_Z;569;PL;RISQUES;TOP6_AUT_GROUPES;MENAGES_ENF;PHNC;PC;2;0;N;P1Y;ACPR;E;F;A
ACPR.A.BQ.RISQUES.CRED_CLIENT.34.DE.MENAGES.PHNC._Z.TOP6_AUT_GROUPES;2022;2022-01-01;2022-12-31;54,06;2025-03-18T17:10:27+00:00;ACPR;Crédits aux ménages - Allemagne;Crédits aux ménages - Allemagne;CRED_CLIENT;A;BQ;_Z;34;DE;RISQUES;TOP6_AUT_GROUPES;MENAGES;PHNC;EUR;2;9;N;P1Y;ACPR;E;F;A
ACPR.A.BQ.RISQUES.CRED_CLIENT.34._Z.NACE_P.PHNC._Z.TOP6_AUT_GROUPES;2022;2022-01-01;2022-12-31;6,35;2025-03-18T17:10:27+00:00;ACPR;Crédits au secteur de l'enseignement;Crédits au secteur de l'enseignement;CRED_CLIENT;A;BQ;_Z;34;_Z;RISQUES;TOP6_AUT_GROUPES;NACE_P;PHNC;EUR;2;9;N;P1Y;ACPR;E;F;A
ACPR.A.BQ.RISQUES.GB_FIN_TX_DOUT_MEN_ENF8964.39._Z.MENAGES.PHNC._Z.TOP6_AUT_GROUPES;2022;2022-01-01;2022-12-31;2053,64;2025-03-31T08:10:37+00:00;ACPR;Prêts et avances bruts au coût amorti du secteur bancaire français (IFRS) - ménages;Prêts et avances bruts au coût amorti du secteur bancaire français (IFRS) - ménages;GB_FIN_TX_DOUT_MEN_ENF8964;A;BQ;_Z;39;_Z;RISQUES;TOP6_AUT_GROUPES;MENAGES;PHNC;EUR;2;9;N;P1Y;ACPR;E;F;A
ACPR.A.BQ.RISQUES.GB_FIN_TX_DOUT_MEN_ENF8966.39._Z.PME.PHNC._Z.TOP6_AUT_GROUPES;2022;2022-01-01;2022-12-31;35,27;2025-03-31T08:10:37+00:00;ACPR;Prêts et avances bruts non performants au coût amorti du secteur bancaire français (IFRS) - PME;Prêts et avances bruts non performants au coût amorti du secteur bancaire français (IFRS) - PME;GB_FIN_TX_DOUT_MEN_ENF8966;A;BQ;_Z;39;_Z;RISQUES;TOP6_AUT_GROUPES;PME;PHNC;EUR;2;9;N;P1Y;ACPR;E;F;A
ACPR.A.BQ.RISQUES.TB_FIN_NEGO_DERIVES9921.587._Z._Z.PHNC._Z._Z;2022;2022-01-01;2022-12-31;304,61;2025-09-17T10:00:30+00:00;ACPR;Montants notionnels de dérivés sur matières premières;Montants notionnels de dérivés sur matières premières;TB_FIN_NEGO_DERIVES9921;A;BQ;_Z;587;_Z;RISQUES;_Z;_Z;PHNC;EUR;2;9;N;P1Y;ACPR;E;F;A
ACPR.A.BQ.RISQUES.GB_FIN_TX_DOUT_MEN_ENF8967.39._Z.GE.PHNC._Z.TOP6_AUT_GROUPES;2022;2022-01-01;2022-12-31;31,41;2025-03-31T08:10:37+00:00;ACPR;Prêts et avances bruts non performants au coût amorti du secteur bancaire français (IFRS) - grandes entreprises;Prêts et avances bruts non performants au coût amorti du secteur bancaire français (IFRS) - grandes entreprises;GB_FIN_TX_DOUT_MEN_ENF8967;A;BQ;_Z;39;_Z;RISQUES;TOP6_AUT_GROUPES;GE;PHNC;EUR;2;9;N;P1Y;ACPR;E;F;A
ACPR.A.BQ.RISQUES.CRED_BAIL.33._Z._Z.SOLO._Z.TOTAL_SECTEUR;2022;2022-01-01;2022-12-31;105,16;2025-03-18T17:10:26+00:00;ACPR;Crédit-bail et opérations assimilées à l'ensemble de la clientèle non financière;Crédit-bail et opérations assimilées à l'ensemble de la clientèle non financière;CRED_BAIL;A;BQ;_Z;33;_Z;RISQUES;TOTAL_SECTEUR;_Z;SOLO;EUR;2;9;N;P1Y;ACPR;E;F;A
ACPR.A.BQ.RISQUES.CRED_CLIENT.34._Z.NACE_N.PHNC._Z.TOP6_AUT_GROUPES;2022;2022-01-01;2022-12-31;103,65;2025-03-18T17:10:27+00:00;ACPR;Crédits au secteur de l'activité de services administratifs et de soutien;Crédits au secteur de l'activité de services administratifs et de soutien;CRED_CLIENT;A;BQ;_Z;34;_Z;RISQUES;TOP6_AUT_GROUPES;NACE_N;PHNC;EUR;2;9;N;P1Y;ACPR;E;F;A
ACPR.A.BQ.RISQUES.CRED_COD.30._Z._Z.SOLO._Z.TOTAL_SECTEUR;2022;2022-01-01;2022-12-31;44,46;2025-03-18T17:10:27+00:00;ACPR;Comptes ordinaires débiteurs à l'ensemble de la clientèle non financière;Comptes ordinaires débiteurs à l'ensemble de la clientèle non financière;CRED_COD;A;BQ;_Z;30;_Z;RISQUES;TOTAL_SECTEUR;_Z;SOLO;EUR;2;9;N;P1Y;ACPR;E;F;A
ACPR.A.BQ.RISQUES.CREDITS_BRUTS.39._Z.NACE_E.PHNC._Z.TOP6_AUT_GROUPES;2022;2022-01-01;2022-12-31;11,7;2025-03-18T17:10:27+00:00;ACPR;Crédits bruts aux entreprises du secteur de la production et distribution d'eau;Crédits bruts aux entreprises du secteur de la production et distribution d'eau;CREDITS_BRUTS;A;BQ;_Z;39;_Z;RISQUES;TOP6_AUT_GROUPES;NACE_E;PHNC;EUR;2;9;N;P1Y;ACPR;E;F;A
ACPR.A.BQ.RISQUES.CREDITS_BRUTS.39._Z.NACE_O.PHNC._Z.TOP6_AUT_GROUPES;2022;2022-01-01;2022-12-31;4,9;2025-03-18T17:10:27+00:00;ACPR;Crédits bruts aux entreprises du secteur de l'administration publique;Crédits bruts aux entreprises du secteur de l'administration publique;CREDITS_BRUTS;A;BQ;_Z;39;_Z;RISQUES;TOP6_AUT_GROUPES;NACE_O;PHNC;EUR;2;9;N;P1Y;ACPR;E;F;A
ACPR.A.BQ.RISQUES.TX_PROV.572.CH.MENAGES_ENF.PHNC._Z.TOP6_AUT_GROUPES;2022;2022-01-01;2022-12-31;51,9;2025-03-18T17:10:29+00:00;ACPR;Taux de provisionnement en Suisse;Taux de provisionnement en Suisse;TX_PROV;A;BQ;_Z;572;CH;RISQUES;TOP6_AUT_GROUPES;MENAGES_ENF;PHNC;PC;2;0;N;P1Y;ACPR;E;F;A
ACPR.A.BQ.RISQUES.TB_FIN_NEGO_DERIVES9928.478._Z._Z.PHNC._Z.TOP6_AUT_GROUPES;2022;2022-01-01;2022-12-31;17,05;2025-03-18T17:10:28+00:00;ACPR;Montant à l'actif de dérivés sur matières premières;Montant à l'actif de dérivés sur matières premières;TB_FIN_NEGO_DERIVES9928;A;BQ;_Z;478;_Z;RISQUES;TOP6_AUT_GROUPES;_Z;PHNC;EUR;2;9;N;P1Y;ACPR;E;F;A
ACPR.A.BQ.RISQUES.CRED_CLIENT.34._Z.NACE_B.PHNC._Z.TOP6_AUT_GROUPES;2022;2022-01-01;2022-12-31;33,46;2025-03-18T17:10:26+00:00;ACPR;Crédits au secteur des industries extractives;Crédits au secteur des industries extractives;CRED_CLIENT;A;BQ;_Z;34;_Z;RISQUES;TOP6_AUT_GROUPES;NACE_B;PHNC;EUR;2;9;N;P1Y;ACPR;E;F;A
ACPR.A.BQ.RISQUES.CRED_CLIENT.34._Z.NACE_G.PHNC._Z.TOP6_AUT_GROUPES;2022;2022-01-01;2022-12-31;236,25;2025-03-18T17:10:26+00:00;ACPR;Crédits au secteur du commerce;Crédits au secteur du commerce;CRED_CLIENT;A;BQ;_Z;34;_Z;RISQUES;TOP6_AUT_GROUPES;NACE_G;PHNC;EUR;2;9;N;P1Y;ACPR;E;F;A
ACPR.A.BQ.RISQUES.CREDITS_BRUTS_MENAGES_ENF_PAYS.40.CH.MENAGES_ENF.PHNC._Z.TOP6_AUT_GROUPES;2022;2022-01-01;2022-12-31;35,6;2025-03-18T17:10:27+00:00;ACPR;Crédits bruts aux ménages et entreprises non financières en Suisse;Crédits bruts aux ménages et entreprises non financières en Suisse;CREDITS_BRUTS_MENAGES_ENF_PAYS;A;BQ;_Z;40;CH;RISQUES;TOP6_AUT_GROUPES;MENAGES_ENF;PHNC;EUR;2;9;N;P1Y;ACPR;E;F;A
ACPR.A.BQ.RISQUES.CRED_CLIENT.34.BE.MENAGES.PHNC._Z.TOP6_AUT_GROUPES;2022;2022-01-01;2022-12-31;87,52;2025-03-18T17:10:27+00:00;ACPR;Crédits aux ménages - Belgique;Crédits aux ménages - Belgique;CRED_CLIENT;A;BQ;_Z;34;BE;RISQUES;TOP6_AUT_GROUPES;MENAGES;PHNC;EUR;2;9;N;P1Y;ACPR;E;F;A
ACPR.A.BQ.RISQUES.TX_PROV.572.ES.MENAGES_ENF.PHNC._Z.TOP6_AUT_GROUPES;2022;2022-01-01;2022-12-31;71,64;2025-03-18T17:10:29+00:00;ACPR;Taux de provisionnement en Espagne;Taux de provisionnement en Espagne;TX_PROV;A;BQ;_Z;572;ES;RISQUES;TOP6_AUT_GROUPES;MENAGES_ENF;PHNC;PC;2;0;N;P1Y;ACPR;E;F;A
ACPR.A.BQ.RISQUES.CREDITS_BRUTS.39._Z.NACE_P.PHNC._Z.TOP6_AUT_GROUPES;2022;2022-01-01;2022-12-31;6,5;2025-03-18T17:10:27+00:00;ACPR;Crédits bruts aux entreprises du secteur de l'enseignement;Crédits bruts aux entreprises du secteur de l'enseignement;CREDITS_BRUTS;A;BQ;_Z;39;_Z;RISQUES;TOP6_AUT_GROUPES;NACE_P;PHNC;EUR;2;9;N;P1Y;ACPR;E;F;A
ACPR.A.BQ.RISQUES.TX_PROV.572._Z.NACE_M.PHNC._Z.TOP6_AUT_GROUPES;2022;2022-01-01;2022-12-31;64,66;2025-03-18T17:10:29+00:00;ACPR;Taux de provisionnement du secteur des activités spécialisées, scientifiques et techniques;Taux de provisionnement du secteur des activités spécialisées, scientifiques et techniques;TX_PROV;A;BQ;_Z;572;_Z;RISQUES;TOP6_AUT_GROUPES;NACE_M;PHNC;PC;2;0;N;P1Y;ACPR;E;F;A
ACPR.A.BQ.RISQUES.GB_FIN_TX_DOUT_MEN_ENF8965.39._Z.ENF.PHNC._Z.TOP6_AUT_GROUPES;2022;2022-01-01;2022-12-31;66,68;2025-03-31T08:10:37+00:00;ACPR;Prêts et avances bruts non performants au coût amorti du secteur bancaire français (IFRS) - entreprises non financières;Prêts et avances bruts non performants au coût amorti du secteur bancaire français (IFRS) - entreprises non financières;GB_FIN_TX_DOUT_MEN_ENF8965;A;BQ;_Z;39;_Z;RISQUES;TOP6_AUT_GROUPES;ENF;PHNC;EUR;2;9;N;P1Y;ACPR;E;F;A
ACPR.A.BQ.RISQUES.DEPOTS.43._Z.MENAGES.SOLO._Z.TOTAL_SECTEUR;2022;2022-01-01;2022-12-31;1838,04;2025-03-20T09:10:29+00:00;ACPR;Dépôts des ménages;Dépôts des ménages;DEPOTS;A;BQ;_Z;43;_Z;RISQUES;TOTAL_SECTEUR;MENAGES;SOLO;EUR;2;9;N;P1Y;ACPR;E;F;A
ACPR.A.BQ.RISQUES.S3_ENFCA_BASE100.662._Z.ENF.PHNC._Z.TOP6_AUT_GROUPES;2022;2022-01-01;2022-12-31;107,85;2025-10-22T14:00:31+00:00;ACPR;Encours de prêts et avances (brut comptable) aux entreprises non financières en stade 3 - coût amorti - base 100;Encours de prêts et avances (brut comptable) aux entreprises non financières en stade 3 - coût amorti - base 100;S3_ENFCA_BASE100;A;BQ;_Z;662;_Z;RISQUES;TOP6_AUT_GROUPES;ENF;PHNC;PC;2;0;N;P1Y;ACPR;E;F;A
ACPR.A.BQ.RISQUES.TB_FIN_NEGO_VENTE_OPTION9991.501._Z._Z.PHNC._Z.TOP6_AUT_GROUPES;2022;2022-01-01;2022-12-31;2300,76;2025-03-18T17:10:28+00:00;ACPR;Options achats et ventes sur Capitaux propres;Options achats et ventes sur Capitaux propres;TB_FIN_NEGO_VENTE_OPTION9991;A;BQ;_Z;501;_Z;RISQUES;TOP6_AUT_GROUPES;_Z;PHNC;EUR;2;9;N;P1Y;ACPR;E;F;A
ACPR.A.BQ.RISQUES.GB_FIN_NEGO_PASSIF_9849.187._Z._Z.PHNC._Z.TOP6_AUT_GROUPES;2022;2022-01-01;2022-12-31;194,29;2025-03-18T17:10:28+00:00;ACPR;Positions courtes dans le portefeuille de négociation coté passif;Positions courtes dans le portefeuille de négociation coté passif;GB_FIN_NEGO_PASSIF_9849;A;BQ;_Z;187;_Z;RISQUES;TOP6_AUT_GROUPES;_Z;PHNC;EUR;2;9;N;P1Y;ACPR;E;F;A
ACPR.A.BQ.RISQUES.S2_MCA.661._Z.MENAGES.PHNC._Z.TOP6_AUT_GROUPES;2022;2022-01-01;2022-12-31;185,95;2025-03-31T08:10:38+00:00;ACPR;Encours de prêts et avances (brut comptable) aux ménages en stade 2 - coût amorti;Encours de prêts et avances (brut comptable) aux ménages en stade 2 - coût amorti;S2_MCA;A;BQ;_Z;661;_Z;RISQUES;TOP6_AUT_GROUPES;MENAGES;PHNC;EUR;2;9;N;P1Y;ACPR;E;F;A
ACPR.A.BQ.RISQUES.CREDITS_BRUTS.39._Z.NACE_B.PHNC._Z.TOP6_AUT_GROUPES;2022;2022-01-01;2022-12-31;34,2;2025-03-18T17:10:27+00:00;ACPR;Crédits bruts aux entreprises du secteur des industries extractives;Crédits bruts aux entreprises du secteur des industries extractives;CREDITS_BRUTS;A;BQ;_Z;39;_Z;RISQUES;TOP6_AUT_GROUPES;NACE_B;PHNC;EUR;2;9;N;P1Y;ACPR;E;F;A
ACPR.A.BQ.RISQUES.S2_ENFCA.661._Z.ENF.PHNC._Z.TOP6_AUT_GROUPES;2022;2022-01-01;2022-12-31;263,06;2025-03-31T08:10:38+00:00;ACPR;Encours de prêts et avances (brut comptable) aux entreprises non financières en stade 2 - coût amorti;Encours de prêts et avances (brut comptable) aux entreprises non financières en stade 2 - coût amorti;S2_ENFCA;A;BQ;_Z;661;_Z;RISQUES;TOP6_AUT_GROUPES;ENF;PHNC;EUR;2;9;N;P1Y;ACPR;E;F;A
ACPR.A.BQ.RISQUES.GB_FIN_TX_DOUT_MEN_ENF8961.39._Z.ENF.PHNC._Z.TOP6_AUT_GROUPES;2022;2022-01-01;2022-12-31;1940,22;2025-03-31T08:10:37+00:00;ACPR;Prêts et avances bruts au coût amorti du secteur bancaire français (IFRS) - entreprises non financières;Prêts et avances bruts au coût amorti du secteur bancaire français (IFRS) - entreprises non financières;GB_FIN_TX_DOUT_MEN_ENF8961;A;BQ;_Z;39;_Z;RISQUES;TOP6_AUT_GROUPES;ENF;PHNC;EUR;2;9;N;P1Y;ACPR;E;F;A
ACPR.A.BQ.RISQUES.INDICATEUR9913.582._Z._Z.PHNC._Z.TOP6_AUT_GROUPES;2022;2022-01-01;2022-12-31;352,58;2025-03-18T17:10:28+00:00;ACPR;Value at Risk à 1 jour;Value at Risk à 1 jour;INDICATEUR9913;A;BQ;_Z;582;_Z;RISQUES;TOP6_AUT_GROUPES;_Z;PHNC;EUR;2;6;N;P1Y;ACPR;E;F;A
ACPR.A.BQ.RISQUES.CREDITS_BRUTS.39._Z.NACE_S.PHNC._Z.TOP6_AUT_GROUPES;2022;2022-01-01;2022-12-31;83,8;2025-03-18T17:10:27+00:00;ACPR;Crédits bruts aux entreprises du secteur des autres activités de services;Crédits bruts aux entreprises du secteur des autres activités de services;CREDITS_BRUTS;A;BQ;_Z;39;_Z;RISQUES;TOP6_AUT_GROUPES;NACE_S;PHNC;EUR;2;9;N;P1Y;ACPR;E;F;A
ACPR.A.BQ.RISQUES.LOANS_PTF_NEGO.222._Z.BC.PHNC._Z.TOP6_AUT_GROUPES;2022;2022-01-01;2022-12-31;46,4;2025-03-18T17:10:28+00:00;ACPR;Prêts aux Banques centrales dans le portefeuille de négociation;Prêts aux Banques centrales dans le portefeuille de négociation;LOANS_PTF_NEGO;A;BQ;_Z;222;_Z;RISQUES;TOP6_AUT_GROUPES;BC;PHNC;EUR;2;9;N;P1Y;ACPR;E;F;A
ACPR.A.BQ.RISQUES.LOANS_PTF_NEGO.222._Z.EC.PHNC._Z.TOP6_AUT_GROUPES;2022;2022-01-01;2022-12-31;179,3;2025-03-18T17:10:28+00:00;ACPR;Prêts aux Établissements de crédit dans le portefeuille de négociation;Prêts aux Établissements de crédit dans le portefeuille de négociation;LOANS_PTF_NEGO;A;BQ;_Z;222;_Z;RISQUES;TOP6_AUT_GROUPES;EC;PHNC;EUR;2;9;N;P1Y;ACPR;E;F;A
ACPR.A.BQ.RISQUES.OBLIG_PTF_NEGO.238._Z.EC.PHNC._Z.TOP6_AUT_GROUPES;2022;2022-01-01;2022-12-31;12,04;2025-03-18T17:10:28+00:00;ACPR;Titre de créances émis par les établissements de crédit dans le portefeuille de négociation;Titre de créances émis par les établissements de crédit dans le portefeuille de négociation;OBLIG_PTF_NEGO;A;BQ;_Z;238;_Z;RISQUES;TOP6_AUT_GROUPES;EC;PHNC;EUR;2;9;N;P1Y;ACPR;E;F;A
ACPR.A.BQ.RISQUES.RATIO_CREDEP.363._Z.HORS_EC_BC.PHNC._Z.TOP6_AUT_GROUPES;2022;2022-01-01;2022-12-31;97,29;2025-03-18T17:10:28+00:00;ACPR;Ratio crédits / Dépôts  hors EC et banques centrales;Ratio crédits / Dépôts  hors EC et banques centrales;RATIO_CREDEP;A;BQ;_Z;363;_Z;RISQUES;TOP6_AUT_GROUPES;HORS_EC_BC;PHNC;PC;2;9;N;P1Y;ACPR;E;F;A
ACPR.A.BQ.RISQUES.TB_FIN_NEGO_DERIVE_CREDIT10017.469._Z._Z.PHNC._Z.TOP6_AUT_GROUPES;2022;2022-01-01;2022-12-31;0,66;2025-03-18T17:10:28+00:00;ACPR;Dérivés de crédit sur transfert de rendement (Total return swaps) à l'actif;Dérivés de crédit sur transfert de rendement (Total return swaps) à l'actif;TB_FIN_NEGO_DERIVE_CREDIT10017;A;BQ;_Z;469;_Z;RISQUES;TOP6_AUT_GROUPES;_Z;PHNC;EUR;2;9;N;P1Y;ACPR;E;F;A
ACPR.A.BQ.RISQUES.TB_FIN_NEGO_DERIVES9932.480._Z._Z.PHNC._Z.TOP6_AUT_GROUPES;2022;2022-01-01;2022-12-31;309,68;2025-03-18T17:10:28+00:00;ACPR;Montant au passif de dérivés sur taux d'intérêt;Montant au passif de dérivés sur taux d'intérêt;TB_FIN_NEGO_DERIVES9932;A;BQ;_Z;480;_Z;RISQUES;TOP6_AUT_GROUPES;_Z;PHNC;EUR;2;9;N;P1Y;ACPR;E;F;A
ACPR.A.BQ.RISQUES.TB_FIN_NEGO_VENTE_OPTION9980.496._Z._Z.PHNC._Z.TOP6_AUT_GROUPES;2022;2022-01-01;2022-12-31;3240,95;2025-03-18T17:10:28+00:00;ACPR;Ventes d'options sur Taux d'intérêt;Ventes d'options sur Taux d'intérêt;TB_FIN_NEGO_VENTE_OPTION9980;A;BQ;_Z;496;_Z;RISQUES;TOP6_AUT_GROUPES;_Z;PHNC;EUR;2;9;N;P1Y;ACPR;E;F;A
ACPR.A.BQ.RISQUES.TX_NPL.569._Z.ENF.PHNC._Z.TOP6_AUT_GROUPES;2022;2022-01-01;2022-12-31;3,4;2025-03-18T17:10:28+00:00;ACPR;Taux de prêts non performants aux entreprises non financières;Taux de prêts non performants aux entreprises non financières;TX_NPL;A;BQ;_Z;569;_Z;RISQUES;TOP6_AUT_GROUPES;ENF;PHNC;PC;2;0;N;P1Y;ACPR;E;F;A
ACPR.A.BQ.RISQUES.TX_NPL.569._Z.NACE_J.PHNC._Z.TOP6_AUT_GROUPES;2022;2022-01-01;2022-12-31;1,88;2025-03-18T17:10:28+00:00;ACPR;Taux de prêts non performants du secteur de l'information et communication;Taux de prêts non performants du secteur de l'information et communication;TX_NPL;A;BQ;_Z;569;_Z;RISQUES;TOP6_AUT_GROUPES;NACE_J;PHNC;PC;2;0;N;P1Y;ACPR;E;F;A
ACPR.A.BQ.RISQUES.TX_NPL.569.GB.MENAGES_ENF.PHNC._Z.TOP6_AUT_GROUPES;2022;2022-01-01;2022-12-31;1,6;2025-03-18T17:10:29+00:00;ACPR;Taux de prêts non performants au Royaume uni;Taux de prêts non performants au Royaume uni;TX_NPL;A;BQ;_Z;569;GB;RISQUES;TOP6_AUT_GROUPES;MENAGES_ENF;PHNC;PC;2;0;N;P1Y;ACPR;E;F;A
ACPR.A.BQ.RISQUES.TX_NPL.569.LU.MENAGES_ENF.PHNC._Z.TOP6_AUT_GROUPES;2022;2022-01-01;2022-12-31;1,3;2025-03-18T17:10:29+00:00;ACPR;Taux de prêts non performants au Luxembourg;Taux de prêts non performants au Luxembourg;TX_NPL;A;BQ;_Z;569;LU;RISQUES;TOP6_AUT_GROUPES;MENAGES_ENF;PHNC;PC;2;0;N;P1Y;ACPR;E;F;A
ACPR.A.BQ.RISQUES.TX_PROV.572._Z.MENAGES.PHNC._Z.TOP6_AUT_GROUPES;2022;2022-01-01;2022-12-31;47,9;2025-03-18T17:10:29+00:00;ACPR;Taux de provisionnement aux ménages;Taux de provisionnement aux ménages;TX_PROV;A;BQ;_Z;572;_Z;RISQUES;TOP6_AUT_GROUPES;MENAGES;PHNC;PC;2;0;N;P1Y;ACPR;E;F;A
ACPR.A.BQ.RISQUES.GB_FIN_NEGO_ACTIF_9847.183._Z._Z.PHNC._Z.TOP6_AUT_GROUPES;2022;2022-01-01;2022-12-31;556,97;2025-03-18T17:10:28+00:00;ACPR;Prêts et avances yc les operations de pensions sur titres coté actif;Prêts et avances yc les operations de pensions sur titres coté actif;GB_FIN_NEGO_ACTIF_9847;A;BQ;_Z;183;_Z;RISQUES;TOP6_AUT_GROUPES;_Z;PHNC;EUR;2;9;N;P1Y;ACPR;E;F;A
ACPR.A.BQ.RISQUES.GB_FIN_NEGO_PASSIF_9848.186._Z._Z.PHNC._Z.TOP6_AUT_GROUPES;2022;2022-01-01;2022-12-31;665,43;2025-03-18T17:10:28+00:00;ACPR;Dérivés dans le portefeuille de négociation coté passif;Dérivés dans le portefeuille de négociation coté passif;GB_FIN_NEGO_PASSIF_9848;A;BQ;_Z;186;_Z;RISQUES;TOP6_AUT_GROUPES;_Z;PHNC;EUR;2;9;N;P1Y;ACPR;E;F;A
ACPR.A.BQ.RISQUES.DEPOTS.43._Z.MENAGES_ENF.PHNC._Z.TOP6_AUT_GROUPES;2022;2022-01-01;2022-12-31;3687,5;2025-03-18T17:10:27+00:00;ACPR;Dépôts  aux entreprises non financières et aux ménages;Dépôts  aux entreprises non financières et aux ménages;DEPOTS;A;BQ;_Z;43;_Z;RISQUES;TOP6_AUT_GROUPES;MENAGES_ENF;PHNC;EUR;2;9;N;P1Y;ACPR;E;F;A
ACPR.A.BQ.RISQUES.DERIV_PASSIF_GRE_GRE.49._Z.EC.PHNC._Z.TOP6_AUT_GROUPES;2022;2022-01-01;2022-12-31;323,33;2025-03-18T17:10:27+00:00;ACPR;Montant au passif de dérivés de gré à gré avec établissements de crédit;Passif de dérivés de gré à gré avec établissements de crédit;DERIV_PASSIF_GRE_GRE;A;BQ;_Z;49;_Z;RISQUES;TOP6_AUT_GROUPES;EC;PHNC;EUR;2;9;N;P1Y;ACPR;E;F;A
ACPR.A.BQ.RISQUES.CRED_AUT.32._Z.SNF.SOLO._Z.TOTAL_SECTEUR;2022;2022-01-01;2022-12-31;48,14;2025-03-18T17:10:26+00:00;ACPR;Autres crédits aux sociétés non financières;Autres crédits aux sociétés non financières;CRED_AUT;A;BQ;_Z;32;_Z;RISQUES;TOTAL_SECTEUR;SNF;SOLO;EUR;2;9;N;P1Y;ACPR;E;F;A
ACPR.A.BQ.RISQUES.TB_FIN_NEGO_DERIVES_CIES9943.51._Z._Z.PHNC._Z._Z;2022;2022-01-01;2022-12-31;83406,99;2025-09-17T10:00:30+00:00;ACPR;Total des dérivés (montants notionnels);Total des dérivés (montants notionnels);TB_FIN_NEGO_DERIVES_CIES9943;A;BQ;_Z;51;_Z;RISQUES;_Z;_Z;PHNC;EUR;2;9;N;P1Y;ACPR;E;F;A
ACPR.A.BQ.RISQUES.TB_FIN_NEGO_DERIVES9917.491._Z._Z.PHNC._Z._Z;2022;2022-01-01;2022-12-31;59913,05;2025-09-17T10:00:30+00:00;ACPR;Montants notionnels de dérivés sur taux d'intérêt;Montants notionnels de dérivés sur taux d'intérêt;TB_FIN_NEGO_DERIVES9917;A;BQ;_Z;491;_Z;RISQUES;_Z;_Z;PHNC;EUR;2;9;N;P1Y;ACPR;E;F;A
ACPR.A.BQ.RISQUES.CRED_CLIENT.34._Z.NACE_L.PHNC._Z.TOP6_AUT_GROUPES;2022;2022-01-01;2022-12-31;443,83;2025-03-18T17:10:27+00:00;ACPR;Crédits au secteur des activités immobilières;Crédits au secteur des activités immobilières;CRED_CLIENT;A;BQ;_Z;34;_Z;RISQUES;TOP6_AUT_GROUPES;NACE_L;PHNC;EUR;2;9;N;P1Y;ACPR;E;F;A
ACPR.A.BQ.RISQUES.DT_PL_PTF_NEGO.58._Z.APU.PHNC._Z.TOP6_AUT_GROUPES;2022;2022-01-01;2022-12-31;14,6;2025-03-18T17:10:27+00:00;ACPR;Dépôts et titres des Administrations Publiques donnés en pension livrée du portefeuille de négociation;Dépôts et titres des Administrations Publiques donnés en pension livrée du portefeuille de négociation;DT_PL_PTF_NEGO;A;BQ;_Z;58;_Z;RISQUES;TOP6_AUT_GROUPES;APU;PHNC;EUR;2;9;N;P1Y;ACPR;E;F;A
ACPR.A.BQ.RISQUES.TX_NPL_APRES_PROV.570._Z.MENAGES_ENF.PHNC._Z.TOP6_AUT_GROUPES;2022;2022-01-01;2022-12-31;1,5;2025-03-18T17:10:29+00:00;ACPR;Poids des prêts non performants nets des provisions aux ménages et aux entreprises non financières;Poids des prêts non performants nets des provisions aux ménages et aux entreprises non financières;TX_NPL_APRES_PROV;A;BQ;_Z;570;_Z;RISQUES;TOP6_AUT_GROUPES;MENAGES_ENF;PHNC;PC;2;0;N;P1Y;ACPR;E;F;A
ACPR.A.BQ.RISQUES.DT_PL_PTF_NEGO.58._Z.EC.PHNC._Z.TOP6_AUT_GROUPES;2022;2022-01-01;2022-12-31;142,1;2025-03-18T17:10:27+00:00;ACPR;Dépôts et titres des établissements de crédit donnés en pension livrée du portefeuille de négociation;Dépôts et titres des établissements de crédit donnés en pension livrée du portefeuille de négociation;DT_PL_PTF_NEGO;A;BQ;_Z;58;_Z;RISQUES;TOP6_AUT_GROUPES;EC;PHNC;EUR;2;9;N;P1Y;ACPR;E;F;A
ACPR.A.BQ.RISQUES.GB_FIN_NEGO_ACTIF_9844.180._Z._Z.PHNC._Z.TOP6_AUT_GROUPES;2022;2022-01-01;2022-12-31;695,71;2025-03-18T17:10:28+00:00;ACPR;Dérivés dans le portefeuille de négociation coté actif;Dérivés dans le portefeuille de négociation coté actif;GB_FIN_NEGO_ACTIF_9844;A;BQ;_Z;180;_Z;RISQUES;TOP6_AUT_GROUPES;_Z;PHNC;EUR;2;9;N;P1Y;ACPR;E;F;A
ACPR.A.BQ.RISQUES.CRED_CLIENT.34.US.ENF.PHNC._Z.TOP6_AUT_GROUPES;2022;2022-01-01;2022-12-31;108,44;2025-03-18T17:10:27+00:00;ACPR;Crédits aux entreprises non financières - États-Unis;Crédits aux entreprises non financières - États-Unis;CRED_CLIENT;A;BQ;_Z;34;US;RISQUES;TOP6_AUT_GROUPES;ENF;PHNC;EUR;2;9;N;P1Y;ACPR;E;F;A
ACPR.A.BQ.RISQUES.CRED_COD.30._Z.SNF.SOLO._Z.TOTAL_SECTEUR;2022;2022-01-01;2022-12-31;25,68;2025-03-18T17:10:27+00:00;ACPR;Comptes ordinaires débiteurs aux sociétés non financières;Comptes ordinaires débiteurs aux sociétés non financières;CRED_COD;A;BQ;_Z;30;_Z;RISQUES;TOTAL_SECTEUR;SNF;SOLO;EUR;2;9;N;P1Y;ACPR;E;F;A
ACPR.A.BQ.RISQUES.CRED_EQUIP.35._Z.MENAGES.SOLO._Z.TOTAL_SECTEUR;2022;2022-01-01;2022-12-31;39,27;2025-03-18T17:10:27+00:00;ACPR;Crédits à l'équipement aux Ménages;Crédits à l'équipement aux Ménages;CRED_EQUIP;A;BQ;_Z;35;_Z;RISQUES;TOTAL_SECTEUR;MENAGES;SOLO;EUR;2;9;N;P1Y;ACPR;E;F;A
ACPR.A.BQ.RISQUES.CREDITS_BRUTS.39._Z.NACE_Q.PHNC._Z.TOP6_AUT_GROUPES;2022;2022-01-01;2022-12-31;37,2;2025-03-18T17:10:27+00:00;ACPR;Crédits bruts aux entreprises du secteur de la santé humaine et action sociale;Crédits bruts aux entreprises du secteur de la santé humaine et action sociale;CREDITS_BRUTS;A;BQ;_Z;39;_Z;RISQUES;TOP6_AUT_GROUPES;NACE_Q;PHNC;EUR;2;9;N;P1Y;ACPR;E;F;A
ACPR.A.BQ.RISQUES.TX_PROV.572._Z.NACE_P.PHNC._Z.TOP6_AUT_GROUPES;2022;2022-01-01;2022-12-31;56,95;2025-03-18T17:10:29+00:00;ACPR;Taux de provisionnement du secteur de l'enseignement;Taux de provisionnement du secteur de l'enseignement;TX_PROV;A;BQ;_Z;572;_Z;RISQUES;TOP6_AUT_GROUPES;NACE_P;PHNC;PC;2;0;N;P1Y;ACPR;E;F;A
ACPR.A.BQ.RISQUES.TX_PROV.572.NL.MENAGES_ENF.PHNC._Z.TOP6_AUT_GROUPES;2022;2022-01-01;2022-12-31;108,8;2025-03-18T17:10:29+00:00;ACPR;Taux de provisionnement aux Pays-Bas;Taux de provisionnement aux Pays-Bas;TX_PROV;A;BQ;_Z;572;NL;RISQUES;TOP6_AUT_GROUPES;MENAGES_ENF;PHNC;PC;2;0;N;P1Y;ACPR;E;F;A
ACPR.A.BQ.RISQUES.TX_PROV_NPL.573._Z.ENF.PHNC._Z.TOP6_AUT_GROUPES;2022;2022-01-01;2022-12-31;1,5;2025-03-18T17:10:29+00:00;ACPR;Poids des provisions des prêts non performants aux entreprises non financières;Poids des provisions des prêts non performants aux entreprises non financières;TX_PROV_NPL;A;BQ;_Z;573;_Z;RISQUES;TOP6_AUT_GROUPES;ENF;PHNC;PC;2;0;N;P1Y;ACPR;E;F;A
ACPR.A.BQ.RISQUES.CREDITS_BRUTS_MENAGES_ENF_PAYS.40.GB.MENAGES_ENF.PHNC._Z.TOP6_AUT_GROUPES;2022;2022-01-01;2022-12-31;74,8;2025-03-18T17:10:27+00:00;ACPR;Crédits bruts aux ménages et entreprises non financières au Royaume uni;Crédits bruts aux ménages et entreprises non financières au Royaume uni;CREDITS_BRUTS_MENAGES_ENF_PAYS;A;BQ;_Z;40;GB;RISQUES;TOP6_AUT_GROUPES;MENAGES_ENF;PHNC;EUR;2;9;N;P1Y;ACPR;E;F;A
ACPR.A.BQ.RISQUES.TX_NPL.569._Z.NACE_I.PHNC._Z.TOP6_AUT_GROUPES;2022;2022-01-01;2022-12-31;8,45;2025-03-18T17:10:28+00:00;ACPR;Taux de prêts non performants du secteur de l'hébergement et restauration;Taux de prêts non performants du secteur de l'hébergement et restauration;TX_NPL;A;BQ;_Z;569;_Z;RISQUES;TOP6_AUT_GROUPES;NACE_I;PHNC;PC;2;0;N;P1Y;ACPR;E;F;A
ACPR.A.BQ.RISQUES.CRED_CLIENT.34.ES.MENAGES.PHNC._Z.TOP6_AUT_GROUPES;2022;2022-01-01;2022-12-31;20,91;2025-03-18T17:10:27+00:00;ACPR;Crédits aux ménages - Espagne;Crédits aux ménages - Espagne;CRED_CLIENT;A;BQ;_Z;34;ES;RISQUES;TOP6_AUT_GROUPES;MENAGES;PHNC;EUR;2;9;N;P1Y;ACPR;E;F;A
ACPR.A.BQ.RISQUES.TB_FIN_NEGO_DERIVE_CREDIT10013.465._Z._Z.PHNC._Z.TOP6_AUT_GROUPES;2022;2022-01-01;2022-12-31;10,17;2025-03-18T17:10:28+00:00;ACPR;Contrats d'échange de risque de crédit (CDS) à l'actif;Contrats d'échange de risque de crédit (CDS) à l'actif;TB_FIN_NEGO_DERIVE_CREDIT10013;A;BQ;_Z;465;_Z;RISQUES;TOP6_AUT_GROUPES;_Z;PHNC;EUR;2;9;N;P1Y;ACPR;E;F;A
ACPR.A.BQ.RISQUES.CRED_CLIENT.34._Z.NACE_F.PHNC._Z.TOP6_AUT_GROUPES;2022;2022-01-01;2022-12-31;86,02;2025-03-18T17:10:26+00:00;ACPR;Crédits au secteur de la construction;Crédits au secteur de la construction;CRED_CLIENT;A;BQ;_Z;34;_Z;RISQUES;TOP6_AUT_GROUPES;NACE_F;PHNC;EUR;2;9;N;P1Y;ACPR;E;F;A
ACPR.A.BQ.RISQUES.CREDITS_BRUTS_MENAGES_ENF_PAYS.40.PL.MENAGES_ENF.PHNC._Z.TOP6_AUT_GROUPES;2022;2022-01-01;2022-12-31;34,5;2025-03-18T17:10:27+00:00;ACPR;Crédits bruts aux ménages et entreprises non financières en Pologne;Crédits bruts aux ménages et entreprises non financières en Pologne;CREDITS_BRUTS_MENAGES_ENF_PAYS;A;BQ;_Z;40;PL;RISQUES;TOP6_AUT_GROUPES;MENAGES_ENF;PHNC;EUR;2;9;N;P1Y;ACPR;E;F;A
ACPR.A.BQ.RISQUES.DEPOTS.43._Z.HORS_EC_BC.PHNC._Z.TOP6_AUT_GROUPES;2022;2022-01-01;2022-12-31;4682,2;2025-03-18T17:10:27+00:00;ACPR;Dépôts  hors EC et banques centrales;Dépôts  hors EC et banques centrales;DEPOTS;A;BQ;_Z;43;_Z;RISQUES;TOP6_AUT_GROUPES;HORS_EC_BC;PHNC;EUR;2;9;N;P1Y;ACPR;E;F;A
ACPR.A.BQ.RISQUES.GB_FIN_NEGO_COURT9873.185._Z._Z.PHNC._Z.TOP6_AUT_GROUPES;2022;2022-01-01;2022-12-31;141,63;2025-03-18T17:10:28+00:00;ACPR;Positions courtes sur Titres de créance;Positions courtes sur Titres de créance;GB_FIN_NEGO_COURT9873;A;BQ;_Z;185;_Z;RISQUES;TOP6_AUT_GROUPES;_Z;PHNC;EUR;2;9;N;P1Y;ACPR;E;F;A
ACPR.A.BQ.RISQUES.GB_FIN_NEGO_PASSIF_9850.188._Z._Z.PHNC._Z.TOP6_AUT_GROUPES;2022;2022-01-01;2022-12-31;531,17;2025-03-18T17:10:28+00:00;ACPR;Dépôts yc les opérations de pensions livrés sur titres dans le portefeuille de négociation coté passif;Dépôts yc les opérations de pensions livrés sur titres dans le portefeuille de négociation coté passif;GB_FIN_NEGO_PASSIF_9850;A;BQ;_Z;188;_Z;RISQUES;TOP6_AUT_GROUPES;_Z;PHNC;EUR;2;9;N;P1Y;ACPR;E;F;A
ACPR.A.BQ.RISQUES.TB_FIN_NEGO_DERIVES9935.483._Z._Z.PHNC._Z.TOP6_AUT_GROUPES;2022;2022-01-01;2022-12-31;11,39;2025-03-18T17:10:28+00:00;ACPR;Montant au passif de dérivés sur crédit;Montant au passif de dérivés sur crédit;TB_FIN_NEGO_DERIVES9935;A;BQ;_Z;483;_Z;RISQUES;TOP6_AUT_GROUPES;_Z;PHNC;EUR;2;9;N;P1Y;ACPR;E;F;A
ACPR.A.BQ.RISQUES.TB_FIN_NEGO_PART_BILAN9839.486._Z._Z.PHNC._Z.TOP6_AUT_GROUPES;2022;2022-01-01;2022-12-31;1616,0;2025-03-18T17:10:28+00:00;ACPR;Portefeuille de négociation - Actif;Portefeuille de négociation - Actif;TB_FIN_NEGO_PART_BILAN9839;A;BQ;_Z;486;_Z;RISQUES;TOP6_AUT_GROUPES;_Z;PHNC;EUR;2;9;N;P1Y;ACPR;E;F;A
ACPR.A.BQ.RISQUES.TB_FIN_NEGO_VENTE_OPTION9982.498._Z._Z.PHNC._Z.TOP6_AUT_GROUPES;2022;2022-01-01;2022-12-31;2190,18;2025-03-18T17:10:28+00:00;ACPR;Ventes d'options sur Change et or;Ventes d'options sur Change et or;TB_FIN_NEGO_VENTE_OPTION9982;A;BQ;_Z;498;_Z;RISQUES;TOP6_AUT_GROUPES;_Z;PHNC;EUR;2;9;N;P1Y;ACPR;E;F;A
ACPR.A.BQ.RISQUES.TB_FIN_NEGO_VENTE_OPTION9992.502._Z._Z.PHNC._Z.TOP6_AUT_GROUPES;2022;2022-01-01;2022-12-31;3196,42;2025-03-18T17:10:28+00:00;ACPR;Options achats et ventes sur Change et or;Options achats et ventes sur Change et or;TB_FIN_NEGO_VENTE_OPTION9992;A;BQ;_Z;502;_Z;RISQUES;TOP6_AUT_GROUPES;_Z;PHNC;EUR;2;9;N;P1Y;ACPR;E;F;A
ACPR.A.BQ.RISQUES.TX_NPL.569._Z.NACE_H.PHNC._Z.TOP6_AUT_GROUPES;2022;2022-01-01;2022-12-31;3,98;2025-03-18T17:10:28+00:00;ACPR;Taux de prêts non performants du secteur du transports et entreposage;Taux de prêts non performants du secteur du transports et entreposage;TX_NPL;A;BQ;_Z;569;_Z;RISQUES;TOP6_AUT_GROUPES;NACE_H;PHNC;PC;2;0;N;P1Y;ACPR;E;F;A
ACPR.A.BQ.RISQUES.TX_NPL.569._Z.NACE_N.PHNC._Z.TOP6_AUT_GROUPES;2022;2022-01-01;2022-12-31;2,71;2025-03-18T17:10:29+00:00;ACPR;Taux de prêts non performants du secteur de l'activité de services administratifs et de soutien;Taux de prêts non performants du secteur de l'activité de services administratifs et de soutien;TX_NPL;A;BQ;_Z;569;_Z;RISQUES;TOP6_AUT_GROUPES;NACE_N;PHNC;PC;2;0;N;P1Y;ACPR;E;F;A
ACPR.A.BQ.RISQUES.TX_PROV.572._Z.NACE_D.PHNC._Z.TOP6_AUT_GROUPES;2022;2022-01-01;2022-12-31;84,71;2025-03-18T17:10:29+00:00;ACPR;Taux de provisionnement du secteur de l'électricité, gaz, vapeur et air conditionné;Taux de provisionnement du secteur de l'électricité, gaz, vapeur et air conditionné;TX_PROV;A;BQ;_Z;572;_Z;RISQUES;TOP6_AUT_GROUPES;NACE_D;PHNC;PC;2;0;N;P1Y;ACPR;E;F;A
ACPR.A.BQ.RISQUES.CRED_AFF.31._Z.MENAGES.SOLO._Z.TOTAL_SECTEUR;2022;2022-01-01;2022-12-31;0,16;2025-03-18T17:10:26+00:00;ACPR;Affacturage aux Ménages;Affacturage aux Ménages;CRED_AFF;A;BQ;_Z;31;_Z;RISQUES;TOTAL_SECTEUR;MENAGES;SOLO;EUR;2;9;N;P1Y;ACPR;E;F;A
ACPR.A.BQ.RISQUES.GB_FIN_NEGO_ACTIF_9845.181._Z._Z.PHNC._Z.TOP6_AUT_GROUPES;2022;2022-01-01;2022-12-31;176,04;2025-03-18T17:10:28+00:00;ACPR;Instruments de capitaux propres dans le portefeuille de négociation coté actif;Instruments de capitaux propres dans le portefeuille de négociation coté actif;GB_FIN_NEGO_ACTIF_9845;A;BQ;_Z;181;_Z;RISQUES;TOP6_AUT_GROUPES;_Z;PHNC;EUR;2;9;N;P1Y;ACPR;E;F;A
ACPR.A.BQ.RISQUES.CREDITS_BRUTS.39._Z.NACE_R.PHNC._Z.TOP6_AUT_GROUPES;2022;2022-01-01;2022-12-31;10,3;2025-03-18T17:10:27+00:00;ACPR;Crédits bruts aux entreprises du secteur des arts, spectacles et activités récréatives;Crédits bruts aux entreprises du secteur des arts, spectacles et activités récréatives;CREDITS_BRUTS;A;BQ;_Z;39;_Z;RISQUES;TOP6_AUT_GROUPES;NACE_R;PHNC;EUR;2;9;N;P1Y;ACPR;E;F;A
ACPR.A.BQ.RISQUES.TX_NPL.569._Z.NACE_M.PHNC._Z.TOP6_AUT_GROUPES;2021;2021-01-01;2021-12-31;4,02;2025-03-18T17:10:29+00:00;ACPR;Taux de prêts non performants du secteur des activités spécialisées, scientifiques et techniques;Taux de prêts non performants du secteur des activités spécialisées, scientifiques et techniques;TX_NPL;A;BQ;_Z;569;_Z;RISQUES;TOP6_AUT_GROUPES;NACE_M;PHNC;PC;2;0;N;P1Y;ACPR;E;F;A
ACPR.A.BQ.RISQUES.CRED_AUT.32._Z.MENAGES.SOLO._Z.TOTAL_SECTEUR;2021;2021-01-01;2021-12-31;3,78;2025-10-22T14:00:28+00:00;ACPR;Autres crédits aux Ménages;Autres crédits aux Ménages;CRED_AUT;A;BQ;_Z;32;_Z;RISQUES;TOTAL_SECTEUR;MENAGES;SOLO;EUR;2;9;N;P1Y;ACPR;E;F;A
ACPR.A.BQ.RISQUES.CRED_BAIL.33._Z.APU.SOLO._Z.TOTAL_SECTEUR;2021;2021-01-01;2021-12-31;2,67;2025-03-18T17:10:26+00:00;ACPR;Crédit-bail et opérations assimilées aux administrations publiques;Crédit-bail et opérations assimilées aux administrations publiques;CRED_BAIL;A;BQ;_Z;33;_Z;RISQUES;TOTAL_SECTEUR;APU;SOLO;EUR;2;9;N;P1Y;ACPR;E;F;A
ACPR.A.BQ.RISQUES.DERIV_PASSIF_GRE_GRE.49._Z.EF.PHNC._Z.TOP6_AUT_GROUPES;2021;2021-01-01;2021-12-31;144,63;2025-03-18T17:10:27+00:00;ACPR;Montant au passif de dérivés de gré à gré avec autres entreprises financières;Passif de dérivés de gré à gré avec autres entreprises financières;DERIV_PASSIF_GRE_GRE;A;BQ;_Z;49;_Z;RISQUES;TOP6_AUT_GROUPES;EF;PHNC;EUR;2;9;N;P1Y;ACPR;E;F;A
ACPR.A.BQ.RISQUES.ACT_PTF_NEGO.3._Z.ENF.PHNC._Z.TOP6_AUT_GROUPES;2021;2021-01-01;2021-12-31;164,36;2025-03-18T17:10:26+00:00;ACPR;Instruments de capitaux propres des entreprises non financières dans le portefeuille de négociation;Instruments de capitaux propres des entreprises non financières dans le portefeuille de négociation;ACT_PTF_NEGO;A;BQ;_Z;3;_Z;RISQUES;TOP6_AUT_GROUPES;ENF;PHNC;EUR;2;9;N;P1Y;ACPR;E;F;A
ACPR.A.BQ.RISQUES.CREDITS_BRUTS.39._Z.NACE_O.PHNC._Z.TOP6_AUT_GROUPES;2021;2021-01-01;2021-12-31;5,13;2025-03-18T17:10:27+00:00;ACPR;Crédits bruts aux entreprises du secteur de l'administration publique;Crédits bruts aux entreprises du secteur de l'administration publique;CREDITS_BRUTS;A;BQ;_Z;39;_Z;RISQUES;TOP6_AUT_GROUPES;NACE_O;PHNC;EUR;2;9;N;P1Y;ACPR;E;F;A
ACPR.A.BQ.RISQUES.TX_PROV.572._Z.NACE_N.PHNC._Z.TOP6_AUT_GROUPES;2021;2021-01-01;2021-12-31;57,64;2025-03-18T17:10:29+00:00;ACPR;Taux de provisionnement du secteur de l'activité de services administratifs et de soutien;Taux de provisionnement du secteur de l'activité de services administratifs et de soutien;TX_PROV;A;BQ;_Z;572;_Z;RISQUES;TOP6_AUT_GROUPES;NACE_N;PHNC;PC;2;0;N;P1Y;ACPR;E;F;A
ACPR.A.BQ.RISQUES.CREDITS_BRUTS.39._Z.NACE_C.PHNC._Z.TOP6_AUT_GROUPES;2021;2021-01-01;2021-12-31;234,32;2025-03-18T17:10:27+00:00;ACPR;Crédits bruts aux entreprises du secteur des industrie manufacturière;Crédits bruts aux entreprises du secteur des industrie manufacturière;CREDITS_BRUTS;A;BQ;_Z;39;_Z;RISQUES;TOP6_AUT_GROUPES;NACE_C;PHNC;EUR;2;9;N;P1Y;ACPR;E;F;A
ACPR.A.BQ.RISQUES.CRED_CLIENT.34._Z.MENAGES.PHNC._Z.TOP6_AUT_GROUPES;2021;2021-01-01;2021-12-31;1973,89;2025-03-18T17:10:26+00:00;ACPR;Ménages (crédits nets);Ménages (crédits nets);CRED_CLIENT;A;BQ;_Z;34;_Z;RISQUES;TOP6_AUT_GROUPES;MENAGES;PHNC;EUR;2;9;N;P1Y;ACPR;E;F;A
ACPR.A.BQ.RISQUES.TX_NPL.569._Z.NACE_S.PHNC._Z.TOP6_AUT_GROUPES;2021;2021-01-01;2021-12-31;2,85;2025-03-18T17:10:29+00:00;ACPR;Taux de prêts non performants du secteur des autres activités de services;Taux de prêts non performants du secteur des autres activités de services;TX_NPL;A;BQ;_Z;569;_Z;RISQUES;TOP6_AUT_GROUPES;NACE_S;PHNC;PC;2;0;N;P1Y;ACPR;E;F;A
ACPR.A.BQ.RISQUES.TX_PROV.572._Z.NACE_L.PHNC._Z.TOP6_AUT_GROUPES;2021;2021-01-01;2021-12-31;75,09;2025-03-18T17:10:29+00:00;ACPR;Taux de provisionnement du secteur des activités immobilières;Taux de provisionnement du secteur des activités immobilières;TX_PROV;A;BQ;_Z;572;_Z;RISQUES;TOP6_AUT_GROUPES;NACE_L;PHNC;PC;2;0;N;P1Y;ACPR;E;F;A
ACPR.A.BQ.RISQUES.S3_ENFCA_BASE100.662._Z.ENF.PHNC._Z.TOP6_AUT_GROUPES;2021;2021-01-01;2021-12-31;99,56;2025-10-22T14:00:31+00:00;ACPR;Encours de prêts et avances (brut comptable) aux entreprises non financières en stade 3 - coût amorti - base 100;Encours de prêts et avances (brut comptable) aux entreprises non financières en stade 3 - coût amorti - base 100;S3_ENFCA_BASE100;A;BQ;_Z;662;_Z;RISQUES;TOP6_AUT_GROUPES;ENF;PHNC;PC;2;0;N;P1Y;ACPR;E;F;A
ACPR.A.BQ.RISQUES.TB_FIN_NEGO_PART_OPTION9966.492._Z._Z.PHNC._Z.TOP6_AUT_GROUPES;2021;2021-01-01;2021-12-31;144,46;2025-03-18T17:10:28+00:00;ACPR;Dérivés sur Capitaux propres (somme actif et passif);Dérivés sur Capitaux propres (somme actif et passif);TB_FIN_NEGO_PART_OPTION9966;A;BQ;_Z;492;_Z;RISQUES;TOP6_AUT_GROUPES;_Z;PHNC;EUR;2;9;N;P1Y;ACPR;E;F;A
ACPR.A.BQ.RISQUES.GB_FIN_TX_DOUT_MEN_ENF8963.39._Z.GE.PHNC._Z.TOP6_AUT_GROUPES;2021;2021-01-01;2021-12-31;955,47;2025-03-31T08:10:37+00:00;ACPR;Prêts et avances bruts au coût amorti du secteur bancaire français (IFRS) - grandes entreprises;Prêts et avances bruts au coût amorti du secteur bancaire français (IFRS) - grandes entreprises;GB_FIN_TX_DOUT_MEN_ENF8963;A;BQ;_Z;39;_Z;RISQUES;TOP6_AUT_GROUPES;GE;PHNC;EUR;2;9;N;P1Y;ACPR;E;F;A
ACPR.A.BQ.RISQUES.S2_MCA_BASE100.661._Z.MENAGES.PHNC._Z.TOP6_AUT_GROUPES;2021;2021-01-01;2021-12-31;120,13;2025-10-22T14:00:31+00:00;ACPR;Encours de prêts et avances (brut comptable) aux ménages en stade 2 - coût amorti - base 100;Encours de prêts et avances (brut comptable) aux ménages en stade 2 - coût amorti - base 100;S2_MCA_BASE100;A;BQ;_Z;661;_Z;RISQUES;TOP6_AUT_GROUPES;MENAGES;PHNC;PC;2;0;N;P1Y;ACPR;E;F;A
ACPR.A.BQ.RISQUES.CREDITS_BRUTS.39._Z.NACE_S.PHNC._Z.TOP6_AUT_GROUPES;2021;2021-01-01;2021-12-31;82,79;2025-03-18T17:10:27+00:00;ACPR;Crédits bruts aux entreprises du secteur des autres activités de services;Crédits bruts aux entreprises du secteur des autres activités de services;CREDITS_BRUTS;A;BQ;_Z;39;_Z;RISQUES;TOP6_AUT_GROUPES;NACE_S;PHNC;EUR;2;9;N;P1Y;ACPR;E;F;A
ACPR.A.BQ.RISQUES.DT_PL_PTF_NEGO.58._Z.MENAGES.PHNC._Z.TOP6_AUT_GROUPES;2021;2021-01-01;2021-12-31;0,0;2025-03-18T17:10:28+00:00;ACPR;Dépôts et titres des Ménages donnés en pension livrée du portefeuille de négociation;Dépôts et titres des Ménages donnés en pension livrée du portefeuille de négociation;DT_PL_PTF_NEGO;A;BQ;_Z;58;_Z;RISQUES;TOP6_AUT_GROUPES;MENAGES;PHNC;EUR;2;9;N;P1Y;ACPR;E;F;A
ACPR.A.BQ.RISQUES.GB_FIN_NEGO_PASSIF_9848.186._Z._Z.PHNC._Z.TOP6_AUT_GROUPES;2021;2021-01-01;2021-12-31;522,29;2025-03-18T17:10:28+00:00;ACPR;Dérivés dans le portefeuille de négociation coté passif;Dérivés dans le portefeuille de négociation coté passif;GB_FIN_NEGO_PASSIF_9848;A;BQ;_Z;186;_Z;RISQUES;TOP6_AUT_GROUPES;_Z;PHNC;EUR;2;9;N;P1Y;ACPR;E;F;A
ACPR.A.BQ.RISQUES.LOANS_PTF_NEGO.222._Z.BC.PHNC._Z.TOP6_AUT_GROUPES;2021;2021-01-01;2021-12-31;43,03;2025-03-18T17:10:28+00:00;ACPR;Prêts aux Banques centrales dans le portefeuille de négociation;Prêts aux Banques centrales dans le portefeuille de négociation;LOANS_PTF_NEGO;A;BQ;_Z;222;_Z;RISQUES;TOP6_AUT_GROUPES;BC;PHNC;EUR;2;9;N;P1Y;ACPR;E;F;A
ACPR.A.BQ.RISQUES.TX_NPL.569._Z.NACE_J.PHNC._Z.TOP6_AUT_GROUPES;2021;2021-01-01;2021-12-31;2,05;2025-03-18T17:10:28+00:00;ACPR;Taux de prêts non performants du secteur de l'information et communication;Taux de prêts non performants du secteur de l'information et communication;TX_NPL;A;BQ;_Z;569;_Z;RISQUES;TOP6_AUT_GROUPES;NACE_J;PHNC;PC;2;0;N;P1Y;ACPR;E;F;A
ACPR.A.BQ.RISQUES.TX_NPL.569._Z.NACE_R.PHNC._Z.TOP6_AUT_GROUPES;2021;2021-01-01;2021-12-31;5,72;2025-03-18T17:10:29+00:00;ACPR;Taux de prêts non performants du secteur des arts, spectacles et activités récréatives;Taux de prêts non performants du secteur des arts, spectacles et activités récréatives;TX_NPL;A;BQ;_Z;569;_Z;RISQUES;TOP6_AUT_GROUPES;NACE_R;PHNC;PC;2;0;N;P1Y;ACPR;E;F;A
ACPR.A.BQ.RISQUES.TX_NPL.569._Z.PME.PHNC._Z.TOP6_AUT_GROUPES;2021;2021-01-01;2021-12-31;4,03;2025-03-18T17:10:29+00:00;ACPR;Taux de prêts non performants aux PME;Taux de prêts non performants aux PME;TX_NPL;A;BQ;_Z;569;_Z;RISQUES;TOP6_AUT_GROUPES;PME;PHNC;PC;2;0;N;P1Y;ACPR;E;F;A
ACPR.A.BQ.RISQUES.TX_NPL.569.GB.MENAGES_ENF.PHNC._Z.TOP6_AUT_GROUPES;2021;2021-01-01;2021-12-31;2,0;2025-03-18T17:10:29+00:00;ACPR;Taux de prêts non performants au Royaume uni;Taux de prêts non performants au Royaume uni;TX_NPL;A;BQ;_Z;569;GB;RISQUES;TOP6_AUT_GROUPES;MENAGES_ENF;PHNC;PC;2;0;N;P1Y;ACPR;E;F;A
ACPR.A.BQ.RISQUES.TX_NPL.569.NL.MENAGES_ENF.PHNC._Z.TOP6_AUT_GROUPES;2021;2021-01-01;2021-12-31;1,0;2025-03-18T17:10:29+00:00;ACPR;Taux de prêts non performants aux Pays-Bas;Taux de prêts non performants aux Pays-Bas;TX_NPL;A;BQ;_Z;569;NL;RISQUES;TOP6_AUT_GROUPES;MENAGES_ENF;PHNC;PC;2;0;N;P1Y;ACPR;E;F;A
ACPR.A.BQ.RISQUES.TX_NPL_APRES_PROV.570._Z.MENAGES_ENF.PHNC._Z.TOP6_AUT_GROUPES;2021;2021-01-01;2021-12-31;1,47;2025-03-18T17:10:29+00:00;ACPR;Poids des prêts non performants nets des provisions aux ménages et aux entreprises non financières;Poids des prêts non performants nets des provisions aux ménages et aux entreprises non financières;TX_NPL_APRES_PROV;A;BQ;_Z;570;_Z;RISQUES;TOP6_AUT_GROUPES;MENAGES_ENF;PHNC;PC;2;0;N;P1Y;ACPR;E;F;A
ACPR.A.BQ.RISQUES.TX_PROV.572._Z.MENAGES_ENF.PHNC._Z.TOP6_AUT_GROUPES;2021;2021-01-01;2021-12-31;49,54;2025-10-22T14:00:30+00:00;ACPR;Taux de provisionnement aux ménages et aux entreprises non financières;Taux de provisionnement aux ménages et aux entreprises non financières;TX_PROV;A;BQ;_Z;572;_Z;RISQUES;TOP6_AUT_GROUPES;MENAGES_ENF;PHNC;PC;2;0;N;P1Y;ACPR;E;F;A
ACPR.A.BQ.RISQUES.TB_FIN_NEGO_DERIVE_CREDIT10015.467._Z._Z.PHNC._Z.TOP6_AUT_GROUPES;2021;2021-01-01;2021-12-31;0,0;2025-03-18T17:10:28+00:00;ACPR;Options sur écart de crédit (Credit spread options) à l'actif;Options sur écart de crédit (Credit spread options) à l'actif;TB_FIN_NEGO_DERIVE_CREDIT10015;A;BQ;_Z;467;_Z;RISQUES;TOP6_AUT_GROUPES;_Z;PHNC;EUR;2;9;N;P1Y;ACPR;E;F;A
ACPR.A.BQ.RISQUES.TB_FIN_NEGO_DERIVES9933.481._Z._Z.PHNC._Z.TOP6_AUT_GROUPES;2021;2021-01-01;2021-12-31;80,09;2025-03-18T17:10:28+00:00;ACPR;Montant au passif de dérivés sur actions;Montant au passif de dérivés sur actions;TB_FIN_NEGO_DERIVES9933;A;BQ;_Z;481;_Z;RISQUES;TOP6_AUT_GROUPES;_Z;PHNC;EUR;2;9;N;P1Y;ACPR;E;F;A
ACPR.A.BQ.RISQUES.TX_NPL.569.FR.MENAGES_ENF.PHNC._Z.TOP6_AUT_GROUPES;2021;2021-01-01;2021-12-31;2,0;2025-03-18T17:10:29+00:00;ACPR;Taux de prêts non performants en France;Taux de prêts non performants en France;TX_NPL;A;BQ;_Z;569;FR;RISQUES;TOP6_AUT_GROUPES;MENAGES_ENF;PHNC;PC;2;0;N;P1Y;ACPR;E;F;A
ACPR.A.BQ.RISQUES.TX_NPL_APRES_PROV.570._Z.GE.PHNC._Z.TOP6_AUT_GROUPES;2021;2021-01-01;2021-12-31;1,55;2025-03-18T17:10:29+00:00;ACPR;Poids des prêts non performants nets des provisions aux grandes entreprises;Poids des prêts non performants nets des provisions aux grandes entreprises;TX_NPL_APRES_PROV;A;BQ;_Z;570;_Z;RISQUES;TOP6_AUT_GROUPES;GE;PHNC;PC;2;0;N;P1Y;ACPR;E;F;A
ACPR.A.BQ.RISQUES.TX_PROV.572._Z.ENF.PHNC._Z.TOP6_AUT_GROUPES;2021;2021-01-01;2021-12-31;48,51;2025-03-18T17:10:29+00:00;ACPR;Taux de provisionnement aux entreprises non financières;Taux de provisionnement aux entreprises non financières;TX_PROV;A;BQ;_Z;572;_Z;RISQUES;TOP6_AUT_GROUPES;ENF;PHNC;PC;2;0;N;P1Y;ACPR;E;F;A
ACPR.A.BQ.RISQUES.CRED_CLIENT.34.IT.ENF.PHNC._Z.TOP6_AUT_GROUPES;2021;2021-01-01;2021-12-31;105,51;2025-03-18T17:10:27+00:00;ACPR;Crédits aux entreprises non financières - Italie;Crédits aux entreprises non financières - Italie;CRED_CLIENT;A;BQ;_Z;34;IT;RISQUES;TOP6_AUT_GROUPES;ENF;PHNC;EUR;2;9;N;P1Y;ACPR;E;F;A
ACPR.A.BQ.RISQUES.CRED_AFF.31._Z.MENAGES.SOLO._Z.TOTAL_SECTEUR;2021;2021-01-01;2021-12-31;0,15;2025-03-18T17:10:26+00:00;ACPR;Affacturage aux Ménages;Affacturage aux Ménages;CRED_AFF;A;BQ;_Z;31;_Z;RISQUES;TOTAL_SECTEUR;MENAGES;SOLO;EUR;2;9;N;P1Y;ACPR;E;F;A
ACPR.A.BQ.RISQUES.CRED_EQUIP.35._Z.APU.SOLO._Z.TOTAL_SECTEUR;2021;2021-01-01;2021-12-31;150,84;2025-03-18T17:10:27+00:00;ACPR;Crédits à l'équipement aux administrations publiques;Crédits à l'équipement aux administrations publiques;CRED_EQUIP;A;BQ;_Z;35;_Z;RISQUES;TOTAL_SECTEUR;APU;SOLO;EUR;2;9;N;P1Y;ACPR;E;F;A
ACPR.A.BQ.RISQUES.CRED_TOTAL.37._Z._Z.SOLO._Z.TOTAL_SECTEUR;2021;2021-01-01;2021-12-31;2722,7;2025-03-18T17:10:27+00:00;ACPR;Crédits à l'ensemble de la clientèle non financière résidente;Crédits à l'ensemble de la clientèle non financière résidente;CRED_TOTAL;A;BQ;_Z;37;_Z;RISQUES;TOTAL_SECTEUR;_Z;SOLO;EUR;2;9;N;P1Y;ACPR;E;F;A
ACPR.A.BQ.RISQUES.CREDITS_BRUTS.39._Z.NACE_A.PHNC._Z.TOP6_AUT_GROUPES;2021;2021-01-01;2021-12-31;66,8;2025-03-18T17:10:27+00:00;ACPR;Crédits bruts aux entreprises du secteur de l'agriculture, sylviculture et pêche;Crédits bruts aux entreprises du secteur de l'agriculture, sylviculture et pêche;CREDITS_BRUTS;A;BQ;_Z;39;_Z;RISQUES;TOP6_AUT_GROUPES;NACE_A;PHNC;EUR;2;9;N;P1Y;ACPR;E;F;A
ACPR.A.BQ.RISQUES.CREDITS_BRUTS_MENAGES_ENF_PAYS.40.BE.MENAGES_ENF.PHNC._Z.TOP6_AUT_GROUPES;2021;2021-01-01;2021-12-31;137,6;2025-03-18T17:10:27+00:00;ACPR;Crédits bruts aux ménages et entreprises non financières en Belgique;Crédits bruts aux ménages et entreprises non financières en Belgique;CREDITS_BRUTS_MENAGES_ENF_PAYS;A;BQ;_Z;40;BE;RISQUES;TOP6_AUT_GROUPES;MENAGES_ENF;PHNC;EUR;2;9;N;P1Y;ACPR;E;F;A
ACPR.A.BQ.RISQUES.TX_PROV.572._Z.NACE_R.PHNC._Z.TOP6_AUT_GROUPES;2021;2021-01-01;2021-12-31;86,46;2025-03-18T17:10:29+00:00;ACPR;Taux de provisionnement du secteur des arts, spectacles et activités récréatives;Taux de provisionnement du secteur des arts, spectacles et activités récréatives;TX_PROV;A;BQ;_Z;572;_Z;RISQUES;TOP6_AUT_GROUPES;NACE_R;PHNC;PC;2;0;N;P1Y;ACPR;E;F;A
ACPR.A.BQ.RISQUES.TX_PROV.572.BE.MENAGES_ENF.PHNC._Z.TOP6_AUT_GROUPES;2021;2021-01-01;2021-12-31;58,9;2025-03-18T17:10:29+00:00;ACPR;Taux de provisionnement en Belgique;Taux de provisionnement en Belgique;TX_PROV;A;BQ;_Z;572;BE;RISQUES;TOP6_AUT_GROUPES;MENAGES_ENF;PHNC;PC;2;0;N;P1Y;ACPR;E;F;A
ACPR.A.BQ.RISQUES.TX_PROV.572.FR.MENAGES_ENF.PHNC._Z.TOP6_AUT_GROUPES;2021;2021-01-01;2021-12-31;73,1;2025-03-18T17:10:29+00:00;ACPR;Taux de provisionnement en France;Taux de provisionnement en France;TX_PROV;A;BQ;_Z;572;FR;RISQUES;TOP6_AUT_GROUPES;MENAGES_ENF;PHNC;PC;2;0;N;P1Y;ACPR;E;F;A
ACPR.A.BQ.RISQUES.CRED_AUT.32._Z.APU.SOLO._Z.TOTAL_SECTEUR;2021;2021-01-01;2021-12-31;9,77;2025-03-18T17:10:26+00:00;ACPR;Autres crédits aux administrations publiques;Autres crédits aux administrations publiques;CRED_AUT;A;BQ;_Z;32;_Z;RISQUES;TOTAL_SECTEUR;APU;SOLO;EUR;2;9;N;P1Y;ACPR;E;F;A
ACPR.A.BQ.RISQUES.CRED_CLIENT.34._Z.MENAGES_ENF.PHNC._Z.TOP6_AUT_GROUPES;2021;2021-01-01;2021-12-31;3713,83;2025-03-18T17:10:26+00:00;ACPR;Crédits nets  aux entreprises non financières et aux ménages;Crédits nets  aux entreprises non financières et aux ménages;CRED_CLIENT;A;BQ;_Z;34;_Z;RISQUES;TOP6_AUT_GROUPES;MENAGES_ENF;PHNC;EUR;2;9;N;P1Y;ACPR;E;F;A
ACPR.A.BQ.RISQUES.CRED_CLIENT.34._Z.NACE_I.PHNC._Z.TOP6_AUT_GROUPES;2021;2021-01-01;2021-12-31;43,18;2025-03-18T17:10:26+00:00;ACPR;Crédits au secteur de l'hébergement et restauration;Crédits au secteur de l'hébergement et restauration;CRED_CLIENT;A;BQ;_Z;34;_Z;RISQUES;TOP6_AUT_GROUPES;NACE_I;PHNC;EUR;2;9;N;P1Y;ACPR;E;F;A
ACPR.A.BQ.RISQUES.TX_NPL.569.ES.MENAGES_ENF.PHNC._Z.TOP6_AUT_GROUPES;2021;2021-01-01;2021-12-31;6,0;2025-03-18T17:10:29+00:00;ACPR;Taux de prêts non performants en Espagne;Taux de prêts non performants en Espagne;TX_NPL;A;BQ;_Z;569;ES;RISQUES;TOP6_AUT_GROUPES;MENAGES_ENF;PHNC;PC;2;0;N;P1Y;ACPR;E;F;A
ACPR.A.BQ.RISQUES.GB_FIN_TX_DOUT_MEN_ENF8968.39._Z.MENAGES.PHNC._Z.TOP6_AUT_GROUPES;2021;2021-01-01;2021-12-31;47,06;2025-03-31T08:10:37+00:00;ACPR;Prêts et avances bruts non performants au coût amorti du secteur bancaire français (IFRS) - ménages;Prêts et avances bruts non performants au coût amorti du secteur bancaire français (IFRS) - ménages;GB_FIN_TX_DOUT_MEN_ENF8968;A;BQ;_Z;39;_Z;RISQUES;TOP6_AUT_GROUPES;MENAGES;PHNC;EUR;2;9;N;P1Y;ACPR;E;F;A
ACPR.A.BQ.RISQUES.GB_FIN_NEGO_COURT9873.185._Z._Z.PHNC._Z.TOP6_AUT_GROUPES;2021;2021-01-01;2021-12-31;163,42;2025-03-18T17:10:28+00:00;ACPR;Positions courtes sur Titres de créance;Positions courtes sur Titres de créance;GB_FIN_NEGO_COURT9873;A;BQ;_Z;185;_Z;RISQUES;TOP6_AUT_GROUPES;_Z;PHNC;EUR;2;9;N;P1Y;ACPR;E;F;A
ACPR.A.BQ.RISQUES.CRED_CLIENT.34._Z.NACE_N.PHNC._Z.TOP6_AUT_GROUPES;2021;2021-01-01;2021-12-31;93,35;2025-03-18T17:10:27+00:00;ACPR;Crédits au secteur de l'activité de services administratifs et de soutien;Crédits au secteur de l'activité de services administratifs et de soutien;CRED_CLIENT;A;BQ;_Z;34;_Z;RISQUES;TOP6_AUT_GROUPES;NACE_N;PHNC;EUR;2;9;N;P1Y;ACPR;E;F;A
ACPR.A.BQ.RISQUES.CREDITS_BRUTS.39._Z.NACE_L.PHNC._Z.TOP6_AUT_GROUPES;2021;2021-01-01;2021-12-31;405,33;2025-03-18T17:10:27+00:00;ACPR;Crédits bruts aux entreprises du secteur des activités immobilières;Crédits bruts aux entreprises du secteur des activités immobilières;CREDITS_BRUTS;A;BQ;_Z;39;_Z;RISQUES;TOP6_AUT_GROUPES;NACE_L;PHNC;EUR;2;9;N;P1Y;ACPR;E;F;A
ACPR.A.BQ.RISQUES.GB_FIN_TX_DOUT_MEN_ENF8962.39._Z.PME.PHNC._Z.TOP6_AUT_GROUPES;2021;2021-01-01;2021-12-31;814,3;2025-03-31T08:10:37+00:00;ACPR;Prêts et avances bruts au coût amorti du secteur bancaire français (IFRS) - PME;Prêts et avances bruts au coût amorti du secteur bancaire français (IFRS) - PME;GB_FIN_TX_DOUT_MEN_ENF8962;A;BQ;_Z;39;_Z;RISQUES;TOP6_AUT_GROUPES;PME;PHNC;EUR;2;9;N;P1Y;ACPR;E;F;A
ACPR.A.BQ.RISQUES.S2_ENFCA_BASE100.661._Z.ENF.PHNC._Z.TOP6_AUT_GROUPES;2021;2021-01-01;2021-12-31;170,18;2025-10-22T14:00:31+00:00;ACPR;Encours de prêts et avances (brut comptable) aux entreprises non financières en stade 2 - coût amorti - base 100;Encours de prêts et avances (brut comptable) aux entreprises non financières en stade 2 - coût amorti - base 100;S2_ENFCA_BASE100;A;BQ;_Z;661;_Z;RISQUES;TOP6_AUT_GROUPES;ENF;PHNC;PC;2;0;N;P1Y;ACPR;E;F;A
ACPR.A.BQ.RISQUES.TX_NPL.569._Z.NACE_H.PHNC._Z.TOP6_AUT_GROUPES;2021;2021-01-01;2021-12-31;4,24;2025-03-18T17:10:28+00:00;ACPR;Taux de prêts non performants du secteur du transports et entreposage;Taux de prêts non performants du secteur du transports et entreposage;TX_NPL;A;BQ;_Z;569;_Z;RISQUES;TOP6_AUT_GROUPES;NACE_H;PHNC;PC;2;0;N;P1Y;ACPR;E;F;A
ACPR.A.BQ.RISQUES.TX_NPL.569._Z.NACE_P.PHNC._Z.TOP6_AUT_GROUPES;2021;2021-01-01;2021-12-31;3,49;2025-03-18T17:10:29+00:00;ACPR;Taux de prêts non performants du secteur de l'enseignement;Taux de prêts non performants du secteur de l'enseignement;TX_NPL;A;BQ;_Z;569;_Z;RISQUES;TOP6_AUT_GROUPES;NACE_P;PHNC;PC;2;0;N;P1Y;ACPR;E;F;A
ACPR.A.BQ.RISQUES.TX_NPL.569.IT.MENAGES_ENF.PHNC._Z.TOP6_AUT_GROUPES;2021;2021-01-01;2021-12-31;5,0;2025-03-18T17:10:29+00:00;ACPR;Taux de prêts non performants en Italie;Taux de prêts non performants en Italie;TX_NPL;A;BQ;_Z;569;IT;RISQUES;TOP6_AUT_GROUPES;MENAGES_ENF;PHNC;PC;2;0;N;P1Y;ACPR;E;F;A
ACPR.A.BQ.RISQUES.DERIV_PASSIF_GRE_GRE.49._Z.AUTRES.PHNC._Z.TOP6_AUT_GROUPES;2021;2021-01-01;2021-12-31;64,17;2025-03-18T17:10:27+00:00;ACPR;Montant au passif de dérivés de gré à gré avec autres contreparties;Passif de dérivés de gré à gré avec autres contreparties;DERIV_PASSIF_GRE_GRE;A;BQ;_Z;49;_Z;RISQUES;TOP6_AUT_GROUPES;AUTRES;PHNC;EUR;2;9;N;P1Y;ACPR;E;F;A
ACPR.A.BQ.RISQUES.CREDITS_BRUTS.39._Z.NACE_Q.PHNC._Z.TOP6_AUT_GROUPES;2021;2021-01-01;2021-12-31;33,89;2025-03-18T17:10:27+00:00;ACPR;Crédits bruts aux entreprises du secteur de la santé humaine et action sociale;Crédits bruts aux entreprises du secteur de la santé humaine et action sociale;CREDITS_BRUTS;A;BQ;_Z;39;_Z;RISQUES;TOP6_AUT_GROUPES;NACE_Q;PHNC;EUR;2;9;N;P1Y;ACPR;E;F;A
ACPR.A.BQ.RISQUES.TX_NPL.569._Z.NACE_E.PHNC._Z.TOP6_AUT_GROUPES;2021;2021-01-01;2021-12-31;3,29;2025-03-18T17:10:28+00:00;ACPR;Taux de prêts non performants du secteur de la production et distribution d'eau;Taux de prêts non performants du secteur de la production et distribution d'eau;TX_NPL;A;BQ;_Z;569;_Z;RISQUES;TOP6_AUT_GROUPES;NACE_E;PHNC;PC;2;0;N;P1Y;ACPR;E;F;A
ACPR.A.BQ.RISQUES.OBLIG_PTF_NEGO.238._Z.BC.PHNC._Z.TOP6_AUT_GROUPES;2021;2021-01-01;2021-12-31;0,97;2025-03-18T17:10:28+00:00;ACPR;Titre de créances émis par les banques centrales dans le portefeuille de négociation;Titre de créances émis par les banques centrales dans le portefeuille de négociation;OBLIG_PTF_NEGO;A;BQ;_Z;238;_Z;RISQUES;TOP6_AUT_GROUPES;BC;PHNC;EUR;2;9;N;P1Y;ACPR;E;F;A
ACPR.A.BQ.RISQUES.CRED_CLIENT.34.IT.MENAGES.PHNC._Z.TOP6_AUT_GROUPES;2021;2021-01-01;2021-12-31;110,67;2025-03-18T17:10:27+00:00;ACPR;Crédits aux ménages - Italie;Crédits aux ménages - Italie;CRED_CLIENT;A;BQ;_Z;34;IT;RISQUES;TOP6_AUT_GROUPES;MENAGES;PHNC;EUR;2;9;N;P1Y;ACPR;E;F;A
ACPR.A.BQ.RISQUES.CRED_CLIENT.34._Z.NACE_C.PHNC._Z.TOP6_AUT_GROUPES;2021;2021-01-01;2021-12-31;227,71;2025-03-18T17:10:26+00:00;ACPR;Crédits au secteur des industrie manufacturière;Crédits au secteur des industrie manufacturière;CRED_CLIENT;A;BQ;_Z;34;_Z;RISQUES;TOP6_AUT_GROUPES;NACE_C;PHNC;EUR;2;9;N;P1Y;ACPR;E;F;A
ACPR.A.BQ.RISQUES.DERIV_NOTIONNEL_GRE_GRE.47._Z.EF.PHNC._Z.TOP6_AUT_GROUPES;2021;2021-01-01;2021-12-31;41255,4;2025-03-18T17:10:27+00:00;ACPR;Montant notionnels de dérivés de gré à gré avec autres entreprises financières;Montant notionnels de dérivés de gré à gré avec autres entreprises financières;DERIV_NOTIONNEL_GRE_GRE;A;BQ;_Z;47;_Z;RISQUES;TOP6_AUT_GROUPES;EF;PHNC;EUR;2;9;N;P1Y;ACPR;E;F;A
ACPR.A.BQ.RISQUES.ACT_PTF_NEGO.3._Z.AUTRES.PHNC._Z.TOP6_AUT_GROUPES;2021;2021-01-01;2021-12-31;0,07;2025-03-18T17:10:26+00:00;ACPR;Instruments de capitaux propres des autres entités dans le portefeuille de négociation;Instruments de capitaux propres des autres entités dans le portefeuille de négociation;ACT_PTF_NEGO;A;BQ;_Z;3;_Z;RISQUES;TOP6_AUT_GROUPES;AUTRES;PHNC;EUR;2;9;N;P1Y;ACPR;E;F;A
ACPR.A.BQ.RISQUES.CREDITS_BRUTS.39._Z.NACE_B.PHNC._Z.TOP6_AUT_GROUPES;2021;2021-01-01;2021-12-31;36,37;2025-03-18T17:10:27+00:00;ACPR;Crédits bruts aux entreprises du secteur des industries extractives;Crédits bruts aux entreprises du secteur des industries extractives;CREDITS_BRUTS;A;BQ;_Z;39;_Z;RISQUES;TOP6_AUT_GROUPES;NACE_B;PHNC;EUR;2;9;N;P1Y;ACPR;E;F;A
ACPR.A.BQ.RISQUES.INDICATEUR9913.582._Z._Z.PHNC._Z.TOP6_AUT_GROUPES;2021;2021-01-01;2021-12-31;185,16;2025-03-18T17:10:28+00:00;ACPR;Value at Risk à 1 jour;Value at Risk à 1 jour;INDICATEUR9913;A;BQ;_Z;582;_Z;RISQUES;TOP6_AUT_GROUPES;_Z;PHNC;EUR;2;6;N;P1Y;ACPR;E;F;A
ACPR.A.BQ.RISQUES.GB_FIN_TX_DOUT_MEN_ENF8999.39._Z.ENF.PHNC._Z.TOP6_AUT_GROUPES;2021;2021-01-01;2021-12-31;46,86;2025-10-22T14:00:31+00:00;ACPR;Part des entreprises non financières dans les prêts et avances bruts au coût amorti aux ménages et aux entreprises non financières - secteur bancaire français (IFRS);Part des entreprises non financières dans les prêts et avances bruts au coût amorti aux ménages et aux entreprises non financières - secteur bancaire français (IFRS);GB_FIN_TX_DOUT_MEN_ENF8999;A;BQ;_Z;39;_Z;RISQUES;TOP6_AUT_GROUPES;ENF;PHNC;PC;2;0;N;P1Y;ACPR;E;F;A
ACPR.A.BQ.RISQUES.TX_PROV.572._Z.GE.PHNC._Z.TOP6_AUT_GROUPES;2021;2021-01-01;2021-12-31;48,55;2025-03-18T17:10:29+00:00;ACPR;Taux de provisionnement aux grandes entreprises;Taux de provisionnement aux grandes entreprises;TX_PROV;A;BQ;_Z;572;_Z;RISQUES;TOP6_AUT_GROUPES;GE;PHNC;PC;2;0;N;P1Y;ACPR;E;F;A
ACPR.A.BQ.RISQUES.S2_MCA.661._Z.MENAGES.PHNC._Z.TOP6_AUT_GROUPES;2021;2021-01-01;2021-12-31;139,36;2025-03-31T08:10:38+00:00;ACPR;Encours de prêts et avances (brut comptable) aux ménages en stade 2 - coût amorti;Encours de prêts et avances (brut comptable) aux ménages en stade 2 - coût amorti;S2_MCA;A;BQ;_Z;661;_Z;RISQUES;TOP6_AUT_GROUPES;MENAGES;PHNC;EUR;2;9;N;P1Y;ACPR;E;F;A
ACPR.A.BQ.RISQUES.GB_FIN_NEGO_ACTIF_9845.181._Z._Z.PHNC._Z.TOP6_AUT_GROUPES;2021;2021-01-01;2021-12-31;213,31;2025-03-18T17:10:28+00:00;ACPR;Instruments de capitaux propres dans le portefeuille de négociation coté actif;Instruments de capitaux propres dans le portefeuille de négociation coté actif;GB_FIN_NEGO_ACTIF_9845;A;BQ;_Z;181;_Z;RISQUES;TOP6_AUT_GROUPES;_Z;PHNC;EUR;2;9;N;P1Y;ACPR;E;F;A
ACPR.A.BQ.RISQUES.GB_FIN_NEGO_PASSIF_9852.190._Z._Z.PHNC._Z.TOP6_AUT_GROUPES;2021;2021-01-01;2021-12-31;47,44;2025-03-18T17:10:28+00:00;ACPR;Autres passifs financiers dans le portefeuille de négociation coté passif;Autres passifs financiers dans le portefeuille de négociation coté passif;GB_FIN_NEGO_PASSIF_9852;A;BQ;_Z;190;_Z;RISQUES;TOP6_AUT_GROUPES;_Z;PHNC;EUR;2;9;N;P1Y;ACPR;E;F;A
ACPR.A.BQ.RISQUES.LOANS_PTF_NEGO.222._Z.EF.PHNC._Z.TOP6_AUT_GROUPES;2021;2021-01-01;2021-12-31;259,09;2025-03-18T17:10:28+00:00;ACPR;Prêts aux autres entreprises financières dans le portefeuille de négociation;Prêts aux autres entreprises financières dans le portefeuille de négociation;LOANS_PTF_NEGO;A;BQ;_Z;222;_Z;RISQUES;TOP6_AUT_GROUPES;EF;PHNC;EUR;2;9;N;P1Y;ACPR;E;F;A
ACPR.A.BQ.RISQUES.S2_ENFCA.661._Z.ENF.PHNC._Z.TOP6_AUT_GROUPES;2021;2021-01-01;2021-12-31;252,02;2025-03-31T08:10:38+00:00;ACPR;Encours de prêts et avances (brut comptable) aux entreprises non financières en stade 2 - coût amorti;Encours de prêts et avances (brut comptable) aux entreprises non financières en stade 2 - coût amorti;S2_ENFCA;A;BQ;_Z;661;_Z;RISQUES;TOP6_AUT_GROUPES;ENF;PHNC;EUR;2;9;N;P1Y;ACPR;E;F;A
ACPR.A.BQ.RISQUES.TX_PROV.572._Z.NACE_Q.PHNC._Z.TOP6_AUT_GROUPES;2021;2021-01-01;2021-12-31;70,43;2025-03-18T17:10:29+00:00;ACPR;Taux de provisionnement du secteur de la santé humaine et action sociale;Taux de provisionnement du secteur de la santé humaine et action sociale;TX_PROV;A;BQ;_Z;572;_Z;RISQUES;TOP6_AUT_GROUPES;NACE_Q;PHNC;PC;2;0;N;P1Y;ACPR;E;F;A
ACPR.A.BQ.RISQUES.CREDITS_BRUTS_MENAGES_ENF_PAYS.40.PL.MENAGES_ENF.PHNC._Z.TOP6_AUT_GROUPES;2021;2021-01-01;2021-12-31;33,02;2025-03-18T17:10:27+00:00;ACPR;Crédits bruts aux ménages et entreprises non financières en Pologne;Crédits bruts aux ménages et entreprises non financières en Pologne;CREDITS_BRUTS_MENAGES_ENF_PAYS;A;BQ;_Z;40;PL;RISQUES;TOP6_AUT_GROUPES;MENAGES_ENF;PHNC;EUR;2;9;N;P1Y;ACPR;E;F;A
ACPR.A.BQ.RISQUES.DT_PL_PTF_NEGO.58._Z.APU.PHNC._Z.TOP6_AUT_GROUPES;2021;2021-01-01;2021-12-31;18,9;2025-03-18T17:10:27+00:00;ACPR;Dépôts et titres des Administrations Publiques donnés en pension livrée du portefeuille de négociation;Dépôts et titres des Administrations Publiques donnés en pension livrée du portefeuille de négociation;DT_PL_PTF_NEGO;A;BQ;_Z;58;_Z;RISQUES;TOP6_AUT_GROUPES;APU;PHNC;EUR;2;9;N;P1Y;ACPR;E;F;A
ACPR.A.BQ.RISQUES.OBLIG_PTF_NEGO.238._Z.ENF.PHNC._Z.TOP6_AUT_GROUPES;2021;2021-01-01;2021-12-31;29,07;2025-03-18T17:10:28+00:00;ACPR;Titre de créances émis par les entreprises non financières dans le portefeuille de négociation;Titre de créances émis par les entreprises non financières dans le portefeuille de négociation;OBLIG_PTF_NEGO;A;BQ;_Z;238;_Z;RISQUES;TOP6_AUT_GROUPES;ENF;PHNC;EUR;2;9;N;P1Y;ACPR;E;F;A
ACPR.A.BQ.RISQUES.TB_FIN_NEGO_DERIVES9935.483._Z._Z.PHNC._Z.TOP6_AUT_GROUPES;2021;2021-01-01;2021-12-31;11,38;2025-03-18T17:10:28+00:00;ACPR;Montant au passif de dérivés sur crédit;Montant au passif de dérivés sur crédit;TB_FIN_NEGO_DERIVES9935;A;BQ;_Z;483;_Z;RISQUES;TOP6_AUT_GROUPES;_Z;PHNC;EUR;2;9;N;P1Y;ACPR;E;F;A
ACPR.A.BQ.RISQUES.TX_NPL.569._Z.MENAGES.PHNC._Z.TOP6_AUT_GROUPES;2021;2021-01-01;2021-12-31;2,34;2025-03-18T17:10:28+00:00;ACPR;Taux de prêts non performants aux ménages;Taux de prêts non performants aux ménages;TX_NPL;A;BQ;_Z;569;_Z;RISQUES;TOP6_AUT_GROUPES;MENAGES;PHNC;PC;2;0;N;P1Y;ACPR;E;F;A
ACPR.A.BQ.RISQUES.TX_NPL.569._Z.MENAGES_ENF.PHNC._Z.TOP6_AUT_GROUPES;2021;2021-01-01;2021-12-31;2,87;2025-03-18T17:10:28+00:00;ACPR;Taux de prêts non performants aux ménages et aux entreprises non financières;Taux de prêts non performants aux ménages et aux entreprises non financières;TX_NPL;A;BQ;_Z;569;_Z;RISQUES;TOP6_AUT_GROUPES;MENAGES_ENF;PHNC;PC;2;0;N;P1Y;ACPR;E;F;A
ACPR.A.BQ.RISQUES.TX_NPL.569._Z.NACE_N.PHNC._Z.TOP6_AUT_GROUPES;2021;2021-01-01;2021-12-31;2,82;2025-03-18T17:10:29+00:00;ACPR;Taux de prêts non performants du secteur de l'activité de services administratifs et de soutien;Taux de prêts non performants du secteur de l'activité de services administratifs et de soutien;TX_NPL;A;BQ;_Z;569;_Z;RISQUES;TOP6_AUT_GROUPES;NACE_N;PHNC;PC;2;0;N;P1Y;ACPR;E;F;A
ACPR.A.BQ.RISQUES.S1_MCA.660._Z.MENAGES.PHNC._Z.TOP6_AUT_GROUPES;2021;2021-01-01;2021-12-31;1820,45;2025-10-22T14:00:31+00:00;ACPR;Encours de prêts et avances (brut comptable) aux ménages en stade 1 - coût amorti;Encours de prêts et avances (brut comptable) aux ménages en stade 1 - coût amorti;S1_MCA;A;BQ;_Z;660;_Z;RISQUES;TOP6_AUT_GROUPES;MENAGES;PHNC;EUR;2;9;N;P1Y;ACPR;E;F;A
ACPR.A.BQ.RISQUES.TX_PROV.572.IT.MENAGES_ENF.PHNC._Z.TOP6_AUT_GROUPES;2021;2021-01-01;2021-12-31;69,7;2025-03-18T17:10:29+00:00;ACPR;Taux de provisionnement en Italie;Taux de provisionnement en Italie;TX_PROV;A;BQ;_Z;572;IT;RISQUES;TOP6_AUT_GROUPES;MENAGES_ENF;PHNC;PC;2;0;N;P1Y;ACPR;E;F;A
ACPR.A.BQ.RISQUES.S3_MCA_BASE100.662._Z.MENAGES.PHNC._Z.TOP6_AUT_GROUPES;2021;2021-01-01;2021-12-31;93,55;2025-10-22T14:00:31+00:00;ACPR;Encours de prêts et avances (brut comptable) aux ménages en stade 3 - coût amorti - base 100;Encours de prêts et avances (brut comptable) aux ménages en stade 3 - coût amorti - base 100;S3_MCA_BASE100;A;BQ;_Z;662;_Z;RISQUES;TOP6_AUT_GROUPES;MENAGES;PHNC;PC;2;0;N;P1Y;ACPR;E;F;A
ACPR.A.BQ.RISQUES.CRED_AUT.32._Z._Z.SOLO._Z.TOTAL_SECTEUR;2021;2021-01-01;2021-12-31;67,31;2025-10-22T14:00:27+00:00;ACPR;Autres crédits à l'ensemble de la clientèle non financière;Autres crédits à l'ensemble de la clientèle non financière;CRED_AUT;A;BQ;_Z;32;_Z;RISQUES;TOTAL_SECTEUR;_Z;SOLO;EUR;2;9;N;P1Y;ACPR;E;F;A
ACPR.A.BQ.RISQUES.CRED_BAIL.33._Z.MENAGES.SOLO._Z.TOTAL_SECTEUR;2021;2021-01-01;2021-12-31;20,86;2025-03-18T17:10:26+00:00;ACPR;Crédit-bail et opérations assimilées aux Ménages;Crédit-bail et opérations assimilées aux Ménages;CRED_BAIL;A;BQ;_Z;33;_Z;RISQUES;TOTAL_SECTEUR;MENAGES;SOLO;EUR;2;9;N;P1Y;ACPR;E;F;A
ACPR.A.BQ.RISQUES.RATIO_CREDEP.363._Z._Z.PHNC._Z.TOP6_AUT_GROUPES;2021;2021-01-01;2021-12-31;106,13;2025-03-18T17:10:28+00:00;ACPR;Ratio Crédits/Dépôts du secteur bancaire français;Ratio Crédits/Dépôts du secteur bancaire français;RATIO_CREDEP;A;BQ;_Z;363;_Z;RISQUES;TOP6_AUT_GROUPES;_Z;PHNC;PC;2;0;N;P1Y;ACPR;E;F;A
ACPR.A.BQ.RISQUES.GB_FIN_NEGO_ACTIF_9847.183._Z._Z.PHNC._Z.TOP6_AUT_GROUPES;2021;2021-01-01;2021-12-31;544,54;2025-03-18T17:10:28+00:00;ACPR;Prêts et avances yc les operations de pensions sur titres coté actif;Prêts et avances yc les operations de pensions sur titres coté actif;GB_FIN_NEGO_ACTIF_9847;A;BQ;_Z;183;_Z;RISQUES;TOP6_AUT_GROUPES;_Z;PHNC;EUR;2;9;N;P1Y;ACPR;E;F;A
ACPR.A.BQ.RISQUES.CRED_TRESO.38._Z.MENAGES.SOLO._Z.TOTAL_SECTEUR;2021;2021-01-01;2021-12-31;156,62;2025-03-18T17:10:27+00:00;ACPR;Crédits de trésorerie aux Ménages;Crédits de trésorerie aux Ménages;CRED_TRESO;A;BQ;_Z;38;_Z;RISQUES;TOTAL_SECTEUR;MENAGES;SOLO;EUR;2;9;N;P1Y;ACPR;E;F;A
ACPR.A.BQ.RISQUES.CRED_BAIL.33._Z.SNF.SOLO._Z.TOTAL_SECTEUR;2021;2021-01-01;2021-12-31;76,9;2025-03-18T17:10:26+00:00;ACPR;Crédit-bail et opérations assimilées aux sociétés non financières;Crédit-bail et opérations assimilées aux sociétés non financières;CRED_BAIL;A;BQ;_Z;33;_Z;RISQUES;TOTAL_SECTEUR;SNF;SOLO;EUR;2;9;N;P1Y;ACPR;E;F;A
ACPR.A.BQ.RISQUES.GB_FIN_TX_DOUT_MEN_ENF8966.39._Z.PME.PHNC._Z.TOP6_AUT_GROUPES;2021;2021-01-01;2021-12-31;32,78;2025-03-31T08:10:37+00:00;ACPR;Prêts et avances bruts non performants au coût amorti du secteur bancaire français (IFRS) - PME;Prêts et avances bruts non performants au coût amorti du secteur bancaire français (IFRS) - PME;GB_FIN_TX_DOUT_MEN_ENF8966;A;BQ;_Z;39;_Z;RISQUES;TOP6_AUT_GROUPES;PME;PHNC;EUR;2;9;N;P1Y;ACPR;E;F;A
ACPR.A.BQ.RISQUES.ACT_PTF_NEGO.3._Z._Z.PHNC._Z.TOP6_AUT_GROUPES;2021;2021-01-01;2021-12-31;213,31;2025-03-18T17:10:26+00:00;ACPR;Instruments de capitaux propres dans le portefeuille de négociation;Instruments de capitaux propres dans le portefeuille de négociation;ACT_PTF_NEGO;A;BQ;_Z;3;_Z;RISQUES;TOP6_AUT_GROUPES;_Z;PHNC;EUR;2;9;N;P1Y;ACPR;E;F;A
ACPR.A.BQ.RISQUES.TB_FIN_NEGO_VENTE_OPTION9991.501._Z._Z.PHNC._Z.TOP6_AUT_GROUPES;2021;2021-01-01;2021-12-31;1606,73;2025-03-18T17:10:28+00:00;ACPR;Options achats et ventes sur Capitaux propres;Options achats et ventes sur Capitaux propres;TB_FIN_NEGO_VENTE_OPTION9991;A;BQ;_Z;501;_Z;RISQUES;TOP6_AUT_GROUPES;_Z;PHNC;EUR;2;9;N;P1Y;ACPR;E;F;A
ACPR.A.BQ.RISQUES.LOANS_PTF_NEGO.222._Z.MENAGES.PHNC._Z.TOP6_AUT_GROUPES;2021;2021-01-01;2021-12-31;0,15;2025-03-18T17:10:28+00:00;ACPR;Prêts aux Ménages dans le portefeuille de négociation;Prêts aux Ménages dans le portefeuille de négociation;LOANS_PTF_NEGO;A;BQ;_Z;222;_Z;RISQUES;TOP6_AUT_GROUPES;MENAGES;PHNC;EUR;2;9;N;P1Y;ACPR;E;F;A
ACPR.A.BQ.RISQUES.TB_FIN_NEGO_DERIVE_CREDIT10003.460._Z._Z.PHNC._Z.TOP6_AUT_GROUPES;2021;2021-01-01;2021-12-31;0,74;2025-03-18T17:10:28+00:00;ACPR;Achats de options sur écart de crédit (CDS) En notionnel;Achats de options sur écart de crédit (CDS) En notionnel;TB_FIN_NEGO_DERIVE_CREDIT10003;A;BQ;_Z;460;_Z;RISQUES;TOP6_AUT_GROUPES;_Z;PHNC;EUR;2;9;N;P1Y;ACPR;E;F;A
ACPR.A.BQ.RISQUES.CRED_CLIENT.34._Z.NACE_B.PHNC._Z.TOP6_AUT_GROUPES;2021;2021-01-01;2021-12-31;35,49;2025-03-18T17:10:26+00:00;ACPR;Crédits au secteur des industries extractives;Crédits au secteur des industries extractives;CRED_CLIENT;A;BQ;_Z;34;_Z;RISQUES;TOP6_AUT_GROUPES;NACE_B;PHNC;EUR;2;9;N;P1Y;ACPR;E;F;A
ACPR.A.BQ.RISQUES.CRED_CLIENT.34.PL.MENAGES.PHNC._Z.TOP6_AUT_GROUPES;2021;2021-01-01;2021-12-31;11,57;2025-03-18T17:10:27+00:00;ACPR;Crédits aux ménages - Pologne;Crédits aux ménages - Pologne;CRED_CLIENT;A;BQ;_Z;34;PL;RISQUES;TOP6_AUT_GROUPES;MENAGES;PHNC;EUR;2;9;N;P1Y;ACPR;E;F;A
ACPR.A.BQ.RISQUES.CRED_CLIENT.34.US.MENAGES.PHNC._Z.TOP6_AUT_GROUPES;2021;2021-01-01;2021-12-31;1,6;2025-03-18T17:10:27+00:00;ACPR;Crédits aux ménages - États-Unis;Crédits aux ménages - États-Unis;CRED_CLIENT;A;BQ;_Z;34;US;RISQUES;TOP6_AUT_GROUPES;MENAGES;PHNC;EUR;2;9;N;P1Y;ACPR;E;F;A
ACPR.A.BQ.RISQUES.CRED_COD.30._Z.APU.SOLO._Z.TOTAL_SECTEUR;2021;2021-01-01;2021-12-31;7,4;2025-03-18T17:10:27+00:00;ACPR;Comptes ordinaires débiteurs aux administrations publiques;Comptes ordinaires débiteurs aux administrations publiques;CRED_COD;A;BQ;_Z;30;_Z;RISQUES;TOTAL_SECTEUR;APU;SOLO;EUR;2;9;N;P1Y;ACPR;E;F;A
ACPR.A.BQ.RISQUES.CRED_CLIENT.34._Z.NACE_H.PHNC._Z.TOP6_AUT_GROUPES;2021;2021-01-01;2021-12-31;102,85;2025-03-18T17:10:26+00:00;ACPR;Crédits au secteur du transports et entreposage;Crédits au secteur du transports et entreposage;CRED_CLIENT;A;BQ;_Z;34;_Z;RISQUES;TOP6_AUT_GROUPES;NACE_H;PHNC;EUR;2;9;N;P1Y;ACPR;E;F;A
ACPR.A.BQ.RISQUES.CRED_CLIENT.34.GB.ENF.PHNC._Z.TOP6_AUT_GROUPES;2021;2021-01-01;2021-12-31;48,37;2025-03-18T17:10:27+00:00;ACPR;Crédits aux entreprises non financières - Royaume-Uni;Crédits aux entreprises non financières - Royaume-Uni;CRED_CLIENT;A;BQ;_Z;34;GB;RISQUES;TOP6_AUT_GROUPES;ENF;PHNC;EUR;2;9;N;P1Y;ACPR;E;F;A
ACPR.A.BQ.RISQUES.TX_PROV.572.GB.MENAGES_ENF.PHNC._Z.TOP6_AUT_GROUPES;2021;2021-01-01;2021-12-31;75,5;2025-03-18T17:10:29+00:00;ACPR;Taux de provisionnement au Royaume-Uni;Taux de provisionnement au Royaume-Uni;TX_PROV;A;BQ;_Z;572;GB;RISQUES;TOP6_AUT_GROUPES;MENAGES_ENF;PHNC;PC;2;0;N;P1Y;ACPR;E;F;A
ACPR.A.BQ.RISQUES.TX_PROV_NPL.573._Z.PME.PHNC._Z.TOP6_AUT_GROUPES;2021;2021-01-01;2021-12-31;1,95;2025-03-18T17:10:29+00:00;ACPR;Poids des provisions des prêts non performants aux PME;Poids des provisions des prêts non performants aux PME;TX_PROV_NPL;A;BQ;_Z;573;_Z;RISQUES;TOP6_AUT_GROUPES;PME;PHNC;PC;2;0;N;P1Y;ACPR;E;F;A
ACPR.A.BQ.RISQUES.CRED_CLIENT.34._Z.NACE_M.PHNC._Z.TOP6_AUT_GROUPES;2021;2021-01-01;2021-12-31;97,63;2025-03-18T17:10:27+00:00;ACPR;Crédits au secteur des activités spécialisées, scientifiques et techniques;Crédits au secteur des activités spécialisées, scientifiques et techniques;CRED_CLIENT;A;BQ;_Z;34;_Z;RISQUES;TOP6_AUT_GROUPES;NACE_M;PHNC;EUR;2;9;N;P1Y;ACPR;E;F;A
ACPR.A.BQ.RISQUES.CRED_TRESO.38._Z._Z.SOLO._Z.TOTAL_SECTEUR;2021;2021-01-01;2021-12-31;406,27;2025-10-22T14:00:28+00:00;ACPR;Crédits de trésorerie à l'ensemble de la clientèle non financière;Crédits de trésorerie à l'ensemble de la clientèle non financière;CRED_TRESO;A;BQ;_Z;38;_Z;RISQUES;TOTAL_SECTEUR;_Z;SOLO;EUR;2;9;N;P1Y;ACPR;E;F;A
ACPR.A.BQ.RISQUES.ACTFR_CLIENT_RE_TTES_DEV2270.43._Z._Z.SOLO._Z.TOTAL_SECTEUR;2021;2021-01-01;2021-12-31;1136,45;2025-03-20T09:10:29+00:00;ACPR;Comptes d'épargne à régime spécial de la clientèle non financière;Comptes d'épargne à régime spécial de la clientèle non financière;ACTFR_CLIENT_RE_TTES_DEV2270;A;BQ;_Z;43;_Z;RISQUES;TOTAL_SECTEUR;_Z;SOLO;EUR;2;9;N;P1Y;ACPR;E;F;A
ACPR.A.BQ.RISQUES.TB_FIN_NEGO_PART_OPTION9958.488._Z._Z.PHNC._Z.TOP6_AUT_GROUPES;2021;2021-01-01;2021-12-31;102,27;2025-03-18T17:10:28+00:00;ACPR;Options de gré à gré sur Taux d'intérêt (somme actif et passif);Options de gré à gré sur Taux d'intérêt (somme actif et passif);TB_FIN_NEGO_PART_OPTION9958;A;BQ;_Z;488;_Z;RISQUES;TOP6_AUT_GROUPES;_Z;PHNC;EUR;2;9;N;P1Y;ACPR;E;F;A
ACPR.A.BQ.RISQUES.TB_FIN_NEGO_VENTE_OPTION9981.497._Z._Z.PHNC._Z.TOP6_AUT_GROUPES;2021;2021-01-01;2021-12-31;877,46;2025-03-18T17:10:28+00:00;ACPR;Ventes d'options sur Capitaux propres;Ventes d'options sur Capitaux propres;TB_FIN_NEGO_VENTE_OPTION9981;A;BQ;_Z;497;_Z;RISQUES;TOP6_AUT_GROUPES;_Z;PHNC;EUR;2;9;N;P1Y;ACPR;E;F;A
ACPR.A.BQ.RISQUES.TX_PROV.572._Z.NACE_M.PHNC._Z.TOP6_AUT_GROUPES;2021;2021-01-01;2021-12-31;61,74;2025-03-18T17:10:29+00:00;ACPR;Taux de provisionnement du secteur des activités spécialisées, scientifiques et techniques;Taux de provisionnement du secteur des activités spécialisées, scientifiques et techniques;TX_PROV;A;BQ;_Z;572;_Z;RISQUES;TOP6_AUT_GROUPES;NACE_M;PHNC;PC;2;0;N;P1Y;ACPR;E;F;A
ACPR.A.BQ.RISQUES.TB_FIN_NEGO_DERIVE_CREDIT9999.473._Z._Z.PHNC._Z.TOP6_AUT_GROUPES;2021;2021-01-01;2021-12-31;465,68;2025-03-18T17:10:28+00:00;ACPR;Vente de contrats d'échange de risque de crédit (CDS) En notionnel;Vente de contrats d'échange de risque de crédit (CDS) En notionnel;TB_FIN_NEGO_DERIVE_CREDIT9999;A;BQ;_Z;473;_Z;RISQUES;TOP6_AUT_GROUPES;_Z;PHNC;EUR;2;9;N;P1Y;ACPR;E;F;A
ACPR.A.BQ.RISQUES.DERIV_ACTIF_GRE_GRE.45._Z.AUTRES.PHNC._Z.TOP6_AUT_GROUPES;2021;2021-01-01;2021-12-31;98,25;2025-03-18T17:10:27+00:00;ACPR;Montant à l'actif de dérivés de gré à gré avec autres contreparties;Dérivés de gré à gré (Actifs) avec autres contreparties;DERIV_ACTIF_GRE_GRE;A;BQ;_Z;45;_Z;RISQUES;TOP6_AUT_GROUPES;AUTRES;PHNC;EUR;2;9;N;P1Y;ACPR;E;F;A
ACPR.A.BQ.RISQUES.DERIV_ACTIF_GRE_GRE.45._Z.EF.PHNC._Z.TOP6_AUT_GROUPES;2021;2021-01-01;2021-12-31;132,58;2025-03-18T17:10:27+00:00;ACPR;Montant à l'actif de dérivés de gré à gré avec autres entreprises financières;Dérivés de gré à gré (Actifs) avec autres entreprises financières;DERIV_ACTIF_GRE_GRE;A;BQ;_Z;45;_Z;RISQUES;TOP6_AUT_GROUPES;EF;PHNC;EUR;2;9;N;P1Y;ACPR;E;F;A
ACPR.A.BQ.RISQUES.DERIV_NOTIONNEL_ORGA.48._Z._Z.PHNC._Z.TOP6_AUT_GROUPES;2021;2021-01-01;2021-12-31;4359,79;2025-03-18T17:10:27+00:00;ACPR;Montant notionnels de dérivés sur marchés organisés;Montant notionnels de dérivés sur marchés organisés;DERIV_NOTIONNEL_ORGA;A;BQ;_Z;48;_Z;RISQUES;TOP6_AUT_GROUPES;_Z;PHNC;EUR;2;9;N;P1Y;ACPR;E;F;A
ACPR.A.BQ.RISQUES.GB_FIN_NEGO_ACTIF_9846.182._Z._Z.PHNC._Z.TOP6_AUT_GROUPES;2021;2021-01-01;2021-12-31;217,65;2025-03-18T17:10:28+00:00;ACPR;Titres de créances dans le portefeuille de négociation coté actif;Titres de créances dans le portefeuille de négociation coté actif;GB_FIN_NEGO_ACTIF_9846;A;BQ;_Z;182;_Z;RISQUES;TOP6_AUT_GROUPES;_Z;PHNC;EUR;2;9;N;P1Y;ACPR;E;F;A
ACPR.A.BQ.RISQUES.TB_FIN_NEGO_DERIVE_CREDIT10006.462._Z._Z.PHNC._Z.TOP6_AUT_GROUPES;2021;2021-01-01;2021-12-31;6,91;2025-03-18T17:10:28+00:00;ACPR;Achats de dérivés de crédit sur transfert de rendement (Total return swaps) En notionnel;Achats de dérivés de crédit sur transfert de rendement (Total return swaps) En notionnel;TB_FIN_NEGO_DERIVE_CREDIT10006;A;BQ;_Z;462;_Z;RISQUES;TOP6_AUT_GROUPES;_Z;PHNC;EUR;2;9;N;P1Y;ACPR;E;F;A
ACPR.A.BQ.RISQUES.TB_FIN_NEGO_PART_OPTION9964.490._Z._Z.PHNC._Z.TOP6_AUT_GROUPES;2021;2021-01-01;2021-12-31;28,79;2025-03-18T17:10:28+00:00;ACPR;Options de gré à gré sur Change et or (somme actif et passif);Options de gré à gré sur Change et or (somme actif et passif);TB_FIN_NEGO_PART_OPTION9964;A;BQ;_Z;490;_Z;RISQUES;TOP6_AUT_GROUPES;_Z;PHNC;EUR;2;9;N;P1Y;ACPR;E;F;A
ACPR.A.BQ.RISQUES.TB_FIN_NEGO_PART_OPTION9967.493._Z._Z.PHNC._Z.TOP6_AUT_GROUPES;2021;2021-01-01;2021-12-31;298,49;2025-03-18T17:10:28+00:00;ACPR;Dérivés sur Change et or (somme actif et passif);Dérivés sur Change et or (somme actif et passif);TB_FIN_NEGO_PART_OPTION9967;A;BQ;_Z;493;_Z;RISQUES;TOP6_AUT_GROUPES;_Z;PHNC;EUR;2;9;N;P1Y;ACPR;E;F;A
ACPR.A.BQ.RISQUES.TB_FIN_NEGO_PART_OPTION9969.495._Z._Z.PHNC._Z.TOP6_AUT_GROUPES;2021;2021-01-01;2021-12-31;210,93;2025-03-18T17:10:28+00:00;ACPR;Options de gré à gré (somme actif et passif);Options de gré à gré (somme actif et passif);TB_FIN_NEGO_PART_OPTION9969;A;BQ;_Z;495;_Z;RISQUES;TOP6_AUT_GROUPES;_Z;PHNC;EUR;2;9;N;P1Y;ACPR;E;F;A
ACPR.A.BQ.RISQUES.TB_FIN_NEGO_VENTE_OPTION9990.500._Z._Z.PHNC._Z.TOP6_AUT_GROUPES;2021;2021-01-01;2021-12-31;6485,15;2025-03-18T17:10:28+00:00;ACPR;Options achats et ventes sur Taux d'intérêt;Options achats et ventes sur Taux d'intérêt;TB_FIN_NEGO_VENTE_OPTION9990;A;BQ;_Z;500;_Z;RISQUES;TOP6_AUT_GROUPES;_Z;PHNC;EUR;2;9;N;P1Y;ACPR;E;F;A
ACPR.A.BQ.RISQUES.TX_NPL.569._Z.NACE_A.PHNC._Z.TOP6_AUT_GROUPES;2021;2021-01-01;2021-12-31;4,18;2025-03-18T17:10:28+00:00;ACPR;Taux de prêts non performants du secteur de l'agriculture, sylviculture et pêche;Taux de prêts non performants du secteur de l'agriculture, sylviculture et pêche;TX_NPL;A;BQ;_Z;569;_Z;RISQUES;TOP6_AUT_GROUPES;NACE_A;PHNC;PC;2;0;N;P1Y;ACPR;E;F;A
ACPR.A.BQ.RISQUES.TX_NPL_APRES_PROV.570._Z.MENAGES.PHNC._Z.TOP6_AUT_GROUPES;2021;2021-01-01;2021-12-31;1,18;2025-03-18T17:10:29+00:00;ACPR;Poids des prêts non performants nets des provisions aux ménages;Poids des prêts non performants nets des provisions aux ménages;TX_NPL_APRES_PROV;A;BQ;_Z;570;_Z;RISQUES;TOP6_AUT_GROUPES;MENAGES;PHNC;PC;2;0;N;P1Y;ACPR;E;F;A
ACPR.A.BQ.RISQUES.TX_PROV.572._Z.NACE_B.PHNC._Z.TOP6_AUT_GROUPES;2021;2021-01-01;2021-12-31;69,28;2025-03-18T17:10:29+00:00;ACPR;Taux de provisionnement du secteur des industries extractives;Taux de provisionnement du secteur des industries extractives;TX_PROV;A;BQ;_Z;572;_Z;RISQUES;TOP6_AUT_GROUPES;NACE_B;PHNC;PC;2;0;N;P1Y;ACPR;E;F;A
ACPR.A.BQ.RISQUES.CREDITS_BRUTS_MENAGES_ENF_PAYS.40.IT.MENAGES_ENF.PHNC._Z.TOP6_AUT_GROUPES;2021;2021-01-01;2021-12-31;223,95;2025-03-18T17:10:27+00:00;ACPR;Crédits bruts aux ménages et entreprises non financières en Italie;Crédits bruts aux ménages et entreprises non financières en Italie;CREDITS_BRUTS_MENAGES_ENF_PAYS;A;BQ;_Z;40;IT;RISQUES;TOP6_AUT_GROUPES;MENAGES_ENF;PHNC;EUR;2;9;N;P1Y;ACPR;E;F;A
ACPR.A.BQ.RISQUES.CREDITS_BRUTS_MENAGES_ENF_PAYS.40.LU.MENAGES_ENF.PHNC._Z.TOP6_AUT_GROUPES;2021;2021-01-01;2021-12-31;42,24;2025-03-18T17:10:27+00:00;ACPR;Crédits bruts aux ménages et entreprises non financières au Luxembourg;Crédits bruts aux ménages et entreprises non financières au Luxembourg;CREDITS_BRUTS_MENAGES_ENF_PAYS;A;BQ;_Z;40;LU;RISQUES;TOP6_AUT_GROUPES;MENAGES_ENF;PHNC;EUR;2;9;N;P1Y;ACPR;E;F;A
ACPR.A.BQ.RISQUES.CRED_CLIENT.34.GB.MENAGES.PHNC._Z.TOP6_AUT_GROUPES;2021;2021-01-01;2021-12-31;19,03;2025-03-18T17:10:27+00:00;ACPR;Crédits aux ménages - Royaume-Uni;Crédits aux ménages - Royaume-Uni;CRED_CLIENT;A;BQ;_Z;34;GB;RISQUES;TOP6_AUT_GROUPES;MENAGES;PHNC;EUR;2;9;N;P1Y;ACPR;E;F;A
ACPR.A.BQ.RISQUES.CREDITS_BRUTS_MENAGES_ENF_PAYS.40.CH.MENAGES_ENF.PHNC._Z.TOP6_AUT_GROUPES;2021;2021-01-01;2021-12-31;42,99;2025-03-18T17:10:27+00:00;ACPR;Crédits bruts aux ménages et entreprises non financières en Suisse;Crédits bruts aux ménages et entreprises non financières en Suisse;CREDITS_BRUTS_MENAGES_ENF_PAYS;A;BQ;_Z;40;CH;RISQUES;TOP6_AUT_GROUPES;MENAGES_ENF;PHNC;EUR;2;9;N;P1Y;ACPR;E;F;A
ACPR.A.BQ.RISQUES.CRED_HAB.36._Z.SNF.SOLO._Z.TOTAL_SECTEUR;2021;2021-01-01;2021-12-31;157,61;2025-03-18T17:10:27+00:00;ACPR;Crédits à l'habitat aux sociétés non financières;Crédits à l'habitat aux sociétés non financières;CRED_HAB;A;BQ;_Z;36;_Z;RISQUES;TOTAL_SECTEUR;SNF;SOLO;EUR;2;9;N;P1Y;ACPR;E;F;A
ACPR.A.BQ.RISQUES.TX_NPL.569._Z.NACE_B.PHNC._Z.TOP6_AUT_GROUPES;2021;2021-01-01;2021-12-31;3,49;2025-03-18T17:10:28+00:00;ACPR;Taux de prêts non performants du secteur des industries extractives;Taux de prêts non performants du secteur des industries extractives;TX_NPL;A;BQ;_Z;569;_Z;RISQUES;TOP6_AUT_GROUPES;NACE_B;PHNC;PC;2;0;N;P1Y;ACPR;E;F;A
ACPR.A.BQ.RISQUES.CRED_HAB.36._Z._Z.SOLO._Z.TOTAL_SECTEUR;2021;2021-01-01;2021-12-31;1418,56;2025-10-22T14:00:28+00:00;ACPR;Crédits à l'habitat à l'ensemble de la clientèle non financière;Crédits à l'habitat à l'ensemble de la clientèle non financière;CRED_HAB;A;BQ;_Z;36;_Z;RISQUES;TOTAL_SECTEUR;_Z;SOLO;EUR;2;9;N;P1Y;ACPR;E;F;A
ACPR.A.BQ.RISQUES.CRED_TOTAL.37._Z.MENAGES.SOLO._Z.TOTAL_SECTEUR;2021;2021-01-01;2021-12-31;1490,09;2025-03-18T17:10:27+00:00;ACPR;Crédits aux ménages résidents;Crédits aux ménages résidents;CRED_TOTAL;A;BQ;_Z;37;_Z;RISQUES;TOTAL_SECTEUR;MENAGES;SOLO;EUR;2;9;N;P1Y;ACPR;E;F;A
ACPR.A.BQ.RISQUES.CRED_TOTAL.37._Z.SNF.SOLO._Z.TOTAL_SECTEUR;2021;2021-01-01;2021-12-31;1049,07;2025-03-18T17:10:27+00:00;ACPR;Crédits aux sociétés non financières résidentes;Crédits aux sociétés non financières résidentes;CRED_TOTAL;A;BQ;_Z;37;_Z;RISQUES;TOTAL_SECTEUR;SNF;SOLO;EUR;2;9;N;P1Y;ACPR;E;F;A
ACPR.A.BQ.RISQUES.CREDITS_BRUTS.39._Z.NACE_P.PHNC._Z.TOP6_AUT_GROUPES;2021;2021-01-01;2021-12-31;6,03;2025-03-18T17:10:27+00:00;ACPR;Crédits bruts aux entreprises du secteur de l'enseignement;Crédits bruts aux entreprises du secteur de l'enseignement;CREDITS_BRUTS;A;BQ;_Z;39;_Z;RISQUES;TOP6_AUT_GROUPES;NACE_P;PHNC;EUR;2;9;N;P1Y;ACPR;E;F;A
ACPR.A.BQ.RISQUES.CRED_CLIENT.34.BE.MENAGES.PHNC._Z.TOP6_AUT_GROUPES;2021;2021-01-01;2021-12-31;80,58;2025-03-18T17:10:27+00:00;ACPR;Crédits aux ménages - Belgique;Crédits aux ménages - Belgique;CRED_CLIENT;A;BQ;_Z;34;BE;RISQUES;TOP6_AUT_GROUPES;MENAGES;PHNC;EUR;2;9;N;P1Y;ACPR;E;F;A
ACPR.A.BQ.RISQUES.TB_FIN_NEGO_DERIVE_CREDIT10016.468._Z._Z.PHNC._Z.TOP6_AUT_GROUPES;2021;2021-01-01;2021-12-31;0,0;2025-03-18T17:10:28+00:00;ACPR;Options sur écart de crédit (Credit spread options) au passif;Options sur écart de crédit (Credit spread options) au passif;TB_FIN_NEGO_DERIVE_CREDIT10016;A;BQ;_Z;468;_Z;RISQUES;TOP6_AUT_GROUPES;_Z;PHNC;EUR;2;9;N;P1Y;ACPR;E;F;A
ACPR.A.BQ.RISQUES.TX_NPL.569.DE.MENAGES_ENF.PHNC._Z.TOP6_AUT_GROUPES;2021;2021-01-01;2021-12-31;4,0;2025-03-18T17:10:29+00:00;ACPR;Taux de prêts non performants en Allemagne;Taux de prêts non performants en Allemagne;TX_NPL;A;BQ;_Z;569;DE;RISQUES;TOP6_AUT_GROUPES;MENAGES_ENF;PHNC;PC;2;0;N;P1Y;ACPR;E;F;A
ACPR.A.BQ.RISQUES.TX_PROV.572._Z.NACE_E.PHNC._Z.TOP6_AUT_GROUPES;2021;2021-01-01;2021-12-31;82,99;2025-03-18T17:10:29+00:00;ACPR;Taux de provisionnement du secteur de la production et distribution d'eau;Taux de provisionnement du secteur de la production et distribution d'eau;TX_PROV;A;BQ;_Z;572;_Z;RISQUES;TOP6_AUT_GROUPES;NACE_E;PHNC;PC;2;0;N;P1Y;ACPR;E;F;A
ACPR.A.BQ.RISQUES.OBLIG_PTF_NEGO.238._Z.APU.PHNC._Z.TOP6_AUT_GROUPES;2021;2021-01-01;2021-12-31;154,25;2025-03-18T17:10:28+00:00;ACPR;Titre de créances émis par les administrations publiques dans le portefeuille de négociation;Titre de créances émis par les administrations publiques dans le portefeuille de négociation;OBLIG_PTF_NEGO;A;BQ;_Z;238;_Z;RISQUES;TOP6_AUT_GROUPES;APU;PHNC;EUR;2;9;N;P1Y;ACPR;E;F;A
ACPR.A.BQ.RISQUES.TB_FIN_NEGO_DERIVE_CREDIT10002.459._Z._Z.PHNC._Z.TOP6_AUT_GROUPES;2021;2021-01-01;2021-12-31;0,37;2025-03-18T17:10:28+00:00;ACPR;Vente de options sur écart de crédit (CDS) En notionnel;Vente de options sur écart de crédit (CDS) En notionnel;TB_FIN_NEGO_DERIVE_CREDIT10002;A;BQ;_Z;459;_Z;RISQUES;TOP6_AUT_GROUPES;_Z;PHNC;EUR;2;9;N;P1Y;ACPR;E;F;A
ACPR.A.BQ.RISQUES.TB_FIN_NEGO_DERIVE_CREDIT10020.472._Z._Z.PHNC._Z.TOP6_AUT_GROUPES;2021;2021-01-01;2021-12-31;0,72;2025-03-18T17:10:28+00:00;ACPR;Autres dérivés de crédit au passif;Autres dérivés de crédit au passif;TB_FIN_NEGO_DERIVE_CREDIT10020;A;BQ;_Z;472;_Z;RISQUES;TOP6_AUT_GROUPES;_Z;PHNC;EUR;2;9;N;P1Y;ACPR;E;F;A
ACPR.A.BQ.RISQUES.TB_FIN_NEGO_DERIVES9924.474._Z._Z.PHNC._Z.TOP6_AUT_GROUPES;2021;2021-01-01;2021-12-31;287,53;2025-03-18T17:10:28+00:00;ACPR;Montant à l'actif de dérivés sur taux d'intérêt;Montant à l'actif de dérivés sur taux d'intérêt;TB_FIN_NEGO_DERIVES9924;A;BQ;_Z;474;_Z;RISQUES;TOP6_AUT_GROUPES;_Z;PHNC;EUR;2;9;N;P1Y;ACPR;E;F;A
ACPR.A.BQ.RISQUES.TB_FIN_NEGO_DERIVES9934.482._Z._Z.PHNC._Z.TOP6_AUT_GROUPES;2021;2021-01-01;2021-12-31;147,9;2025-03-18T17:10:28+00:00;ACPR;Montant au passif de dérivés sur change et or;Montant au passif de dérivés sur change et or;TB_FIN_NEGO_DERIVES9934;A;BQ;_Z;482;_Z;RISQUES;TOP6_AUT_GROUPES;_Z;PHNC;EUR;2;9;N;P1Y;ACPR;E;F;A
ACPR.A.BQ.RISQUES.TB_FIN_NEGO_VENTE_OPTION9983.499._Z._Z.PHNC._Z.TOP6_AUT_GROUPES;2021;2021-01-01;2021-12-31;5645,47;2025-03-18T17:10:28+00:00;ACPR;Ventes d'options;Ventes d'options;TB_FIN_NEGO_VENTE_OPTION9983;A;BQ;_Z;499;_Z;RISQUES;TOP6_AUT_GROUPES;_Z;PHNC;EUR;2;9;N;P1Y;ACPR;E;F;A
ACPR.A.BQ.RISQUES.TB_FIN_NEGO_VENTE_OPTION9993.503._Z._Z.PHNC._Z.TOP6_AUT_GROUPES;2021;2021-01-01;2021-12-31;10275,61;2025-03-18T17:10:28+00:00;ACPR;Options achats et ventes;Options achats et ventes;TB_FIN_NEGO_VENTE_OPTION9993;A;BQ;_Z;503;_Z;RISQUES;TOP6_AUT_GROUPES;_Z;PHNC;EUR;2;9;N;P1Y;ACPR;E;F;A
ACPR.A.BQ.RISQUES.TX_NEGO_BILAN_ACTIF.567._Z._Z.PHNC._Z.TOP6_AUT_GROUPES;2021;2021-01-01;2021-12-31;17,08;2025-10-22T14:00:30+00:00;ACPR;Part du portefeuille de négociation à l'actif du bilan;Part du portefeuille de négociation à l'actif du bilan;TX_NEGO_BILAN_ACTIF;A;BQ;_Z;567;_Z;RISQUES;TOP6_AUT_GROUPES;_Z;PHNC;PC;2;0;N;P1Y;ACPR;E;F;A
ACPR.A.BQ.RISQUES.TX_NPL.569._Z.NACE_F.PHNC._Z.TOP6_AUT_GROUPES;2021;2021-01-01;2021-12-31;7,17;2025-03-18T17:10:28+00:00;ACPR;Taux de prêts non performants du secteur de la construction;Taux de prêts non performants du secteur de la construction;TX_NPL;A;BQ;_Z;569;_Z;RISQUES;TOP6_AUT_GROUPES;NACE_F;PHNC;PC;2;0;N;P1Y;ACPR;E;F;A
ACPR.A.BQ.RISQUES.CREDITS_BRUTS_MENAGES_ENF_PAYS.40.DE.MENAGES_ENF.PHNC._Z.TOP6_AUT_GROUPES;2021;2021-01-01;2021-12-31;99,01;2025-03-18T17:10:27+00:00;ACPR;Crédits bruts aux ménages et entreprises non financières en Allemagne;Crédits bruts aux ménages et entreprises non financières en Allemagne;CREDITS_BRUTS_MENAGES_ENF_PAYS;A;BQ;_Z;40;DE;RISQUES;TOP6_AUT_GROUPES;MENAGES_ENF;PHNC;EUR;2;9;N;P1Y;ACPR;E;F;A
ACPR.A.BQ.RISQUES.RATIO_CREDEP.363._Z.MENAGES_ENF.PHNC._Z.TOP6_AUT_GROUPES;2021;2021-01-01;2021-12-31;105,4;2025-03-18T17:10:28+00:00;ACPR;Ratio crédits / Dépôts  aux entreprises non financières et aux ménages;Ratio crédits / Dépôts  aux entreprises non financières et aux ménages;RATIO_CREDEP;A;BQ;_Z;363;_Z;RISQUES;TOP6_AUT_GROUPES;MENAGES_ENF;PHNC;PC;2;9;N;P1Y;ACPR;E;F;A
ACPR.A.BQ.RISQUES.S1_MCA_BASE100.660._Z.MENAGES.PHNC._Z.TOP6_AUT_GROUPES;2021;2021-01-01;2021-12-31;107,28;2025-10-22T14:00:31+00:00;ACPR;Encours de prêts et avances (brut comptable) aux ménages en stade 1 - coût amorti - base 100;Encours de prêts et avances (brut comptable) aux ménages en stade 1 - coût amorti - base 100;S1_MCA_BASE100;A;BQ;_Z;660;_Z;RISQUES;TOP6_AUT_GROUPES;MENAGES;PHNC;PC;2;0;N;P1Y;ACPR;E;F;A
ACPR.A.BQ.RISQUES.CRED_CLIENT.34._Z.EF.PHNC._Z.TOP6_AUT_GROUPES;2021;2021-01-01;2021-12-31;239,39;2025-03-18T17:10:26+00:00;ACPR;Entreprises financières (crédits nets);Entreprises financières (crédits nets);CRED_CLIENT;A;BQ;_Z;34;_Z;RISQUES;TOP6_AUT_GROUPES;EF;PHNC;EUR;2;9;N;P1Y;ACPR;E;F;A
ACPR.A.BQ.RISQUES.S1_ENFCA.660._Z.ENF.PHNC._Z.TOP6_AUT_GROUPES;2021;2021-01-01;2021-12-31;1463,82;2025-03-31T08:10:38+00:00;ACPR;Encours de prêts et avances (brut comptable) aux entreprises non financières en stade 1 - coût amorti;Encours de prêts et avances (brut comptable) aux entreprises non financières en stade 1 - coût amorti;S1_ENFCA;A;BQ;_Z;660;_Z;RISQUES;TOP6_AUT_GROUPES;ENF;PHNC;EUR;2;9;N;P1Y;ACPR;E;F;A
ACPR.A.BQ.RISQUES.TB_FIN_NEGO_DERIVES_CIES9943.51._Z._Z.PHNC._Z._Z;2021;2021-01-01;2021-12-31;68588,79;2025-09-17T10:00:30+00:00;ACPR;Total des dérivés (montants notionnels);Total des dérivés (montants notionnels);TB_FIN_NEGO_DERIVES_CIES9943;A;BQ;_Z;51;_Z;RISQUES;_Z;_Z;PHNC;EUR;2;9;N;P1Y;ACPR;E;F;A
ACPR.A.BQ.RISQUES.CRED_CLIENT.34._Z.NACE_F.PHNC._Z.TOP6_AUT_GROUPES;2021;2021-01-01;2021-12-31;78,58;2025-03-18T17:10:26+00:00;ACPR;Crédits au secteur de la construction;Crédits au secteur de la construction;CRED_CLIENT;A;BQ;_Z;34;_Z;RISQUES;TOP6_AUT_GROUPES;NACE_F;PHNC;EUR;2;9;N;P1Y;ACPR;E;F;A
ACPR.A.BQ.RISQUES.CREDITS_BRUTS.39._Z.NACE_D.PHNC._Z.TOP6_AUT_GROUPES;2021;2021-01-01;2021-12-31;79,01;2025-03-18T17:10:27+00:00;ACPR;Crédits bruts aux entreprises du secteur de l'électricité, gaz, vapeur et air conditionné;Crédits bruts aux entreprises du secteur de l'électricité, gaz, vapeur et air conditionné;CREDITS_BRUTS;A;BQ;_Z;39;_Z;RISQUES;TOP6_AUT_GROUPES;NACE_D;PHNC;EUR;2;9;N;P1Y;ACPR;E;F;A
ACPR.A.BQ.RISQUES.CREDITS_BRUTS_MENAGES_ENF_PAYS.40.NL.MENAGES_ENF.PHNC._Z.TOP6_AUT_GROUPES;2021;2021-01-01;2021-12-31;30,7;2025-03-18T17:10:27+00:00;ACPR;Crédits bruts aux ménages et entreprises non financières aux Pays bas;Crédits bruts aux ménages et entreprises non financières aux Pays bas;CREDITS_BRUTS_MENAGES_ENF_PAYS;A;BQ;_Z;40;NL;RISQUES;TOP6_AUT_GROUPES;MENAGES_ENF;PHNC;EUR;2;9;N;P1Y;ACPR;E;F;A
ACPR.A.BQ.RISQUES.TB_FIN_NEGO_PART_OPTION9961.489._Z._Z.PHNC._Z.TOP6_AUT_GROUPES;2021;2021-01-01;2021-12-31;79,88;2025-03-18T17:10:28+00:00;ACPR;Options de gré à gré sur Capitaux propres (somme actif et passif);Options de gré à gré sur Capitaux propres (somme actif et passif);TB_FIN_NEGO_PART_OPTION9961;A;BQ;_Z;489;_Z;RISQUES;TOP6_AUT_GROUPES;_Z;PHNC;EUR;2;9;N;P1Y;ACPR;E;F;A
ACPR.A.BQ.RISQUES.TX_NPL.569._Z.NACE_C.PHNC._Z.TOP6_AUT_GROUPES;2021;2021-01-01;2021-12-31;4,07;2025-03-18T17:10:28+00:00;ACPR;Taux de prêts non performants du secteur des industrie manufacturière;Taux de prêts non performants du secteur des industrie manufacturière;TX_NPL;A;BQ;_Z;569;_Z;RISQUES;TOP6_AUT_GROUPES;NACE_C;PHNC;PC;2;0;N;P1Y;ACPR;E;F;A
ACPR.A.BQ.RISQUES.DERIV_ACTIF_GRE_GRE.45._Z._Z.PHNC._Z.TOP6_AUT_GROUPES;2021;2021-01-01;2021-12-31;509,16;2025-03-18T17:10:27+00:00;ACPR;Montant à l'actif de dérivés de gré à gré;Dérivés de gré à gré (Actifs);DERIV_ACTIF_GRE_GRE;A;BQ;_Z;45;_Z;RISQUES;TOP6_AUT_GROUPES;_Z;PHNC;EUR;2;9;N;P1Y;ACPR;E;F;A
ACPR.A.BQ.RISQUES.GB_FIN_NEGO_ACTIF_9844.180._Z._Z.PHNC._Z.TOP6_AUT_GROUPES;2021;2021-01-01;2021-12-31;528,41;2025-03-18T17:10:28+00:00;ACPR;Dérivés dans le portefeuille de négociation coté actif;Dérivés dans le portefeuille de négociation coté actif;GB_FIN_NEGO_ACTIF_9844;A;BQ;_Z;180;_Z;RISQUES;TOP6_AUT_GROUPES;_Z;PHNC;EUR;2;9;N;P1Y;ACPR;E;F;A
ACPR.A.BQ.RISQUES.GB_FIN_NEGO_PASSIF_9851.189._Z._Z.PHNC._Z.TOP6_AUT_GROUPES;2021;2021-01-01;2021-12-31;0,01;2025-03-18T17:10:28+00:00;ACPR;Titres de créances émis dans le portefeuille de négociation coté passif;Titres de créances émis dans le portefeuille de négociation coté passif;GB_FIN_NEGO_PASSIF_9851;A;BQ;_Z;189;_Z;RISQUES;TOP6_AUT_GROUPES;_Z;PHNC;EUR;2;9;N;P1Y;ACPR;E;F;A
ACPR.A.BQ.RISQUES.TB_FIN_NEGO_DERIVE_CREDIT10019.471._Z._Z.PHNC._Z.TOP6_AUT_GROUPES;2021;2021-01-01;2021-12-31;0,58;2025-03-18T17:10:28+00:00;ACPR;Autres dérivés de crédit à l'actif;Autres dérivés de crédit à l'actif;TB_FIN_NEGO_DERIVE_CREDIT10019;A;BQ;_Z;471;_Z;RISQUES;TOP6_AUT_GROUPES;_Z;PHNC;EUR;2;9;N;P1Y;ACPR;E;F;A
ACPR.A.BQ.RISQUES.TB_FIN_NEGO_PART_OPTION9965.491._Z._Z.PHNC._Z.TOP6_AUT_GROUPES;2021;2021-01-01;2021-12-31;556,23;2025-03-18T17:10:28+00:00;ACPR;Dérivés sur Taux d'intérêt (somme actif et passif);Dérivés sur Taux d'intérêt (somme actif et passif);TB_FIN_NEGO_PART_OPTION9965;A;BQ;_Z;491;_Z;RISQUES;TOP6_AUT_GROUPES;_Z;PHNC;EUR;2;9;N;P1Y;ACPR;E;F;A
ACPR.A.BQ.RISQUES.TB_FIN_NEGO_VENTE_OPTION9982.498._Z._Z.PHNC._Z.TOP6_AUT_GROUPES;2021;2021-01-01;2021-12-31;1400,85;2025-03-18T17:10:28+00:00;ACPR;Ventes d'options sur Change et or;Ventes d'options sur Change et or;TB_FIN_NEGO_VENTE_OPTION9982;A;BQ;_Z;498;_Z;RISQUES;TOP6_AUT_GROUPES;_Z;PHNC;EUR;2;9;N;P1Y;ACPR;E;F;A
ACPR.A.BQ.RISQUES.TB_FIN_NEGO_VENTE_OPTION9992.502._Z._Z.PHNC._Z.TOP6_AUT_GROUPES;2021;2021-01-01;2021-12-31;2183,73;2025-03-18T17:10:28+00:00;ACPR;Options achats et ventes sur Change et or;Options achats et ventes sur Change et or;TB_FIN_NEGO_VENTE_OPTION9992;A;BQ;_Z;502;_Z;RISQUES;TOP6_AUT_GROUPES;_Z;PHNC;EUR;2;9;N;P1Y;ACPR;E;F;A
ACPR.A.BQ.RISQUES.TX_NPL.569._Z.NACE_G.PHNC._Z.TOP6_AUT_GROUPES;2021;2021-01-01;2021-12-31;4,21;2025-03-18T17:10:28+00:00;ACPR;Taux de prêts non performants du secteur du commerce;Taux de prêts non performants du secteur du commerce;TX_NPL;A;BQ;_Z;569;_Z;RISQUES;TOP6_AUT_GROUPES;NACE_G;PHNC;PC;2;0;N;P1Y;ACPR;E;F;A
ACPR.A.BQ.RISQUES.TX_NPL.569._Z.NACE_O.PHNC._Z.TOP6_AUT_GROUPES;2021;2021-01-01;2021-12-31;2,99;2025-03-18T17:10:29+00:00;ACPR;Taux de prêts non performants du secteur de l'administration publique;Taux de prêts non performants du secteur de l'administration publique;TX_NPL;A;BQ;_Z;569;_Z;RISQUES;TOP6_AUT_GROUPES;NACE_O;PHNC;PC;2;0;N;P1Y;ACPR;E;F;A
ACPR.A.BQ.RISQUES.CRED_CLIENT.34.FR.ENF.PHNC._Z.TOP6_AUT_GROUPES;2021;2021-01-01;2021-12-31;964,89;2025-03-18T17:10:27+00:00;ACPR;Crédits aux entreprises non financières - France;Crédits aux entreprises non financières - France;CRED_CLIENT;A;BQ;_Z;34;FR;RISQUES;TOP6_AUT_GROUPES;ENF;PHNC;EUR;2;9;N;P1Y;ACPR;E;F;A
ACPR.A.BQ.RISQUES.CRED_CLIENT.34._Z.NACE_E.PHNC._Z.TOP6_AUT_GROUPES;2021;2021-01-01;2021-12-31;9,99;2025-03-18T17:10:26+00:00;ACPR;Crédits au secteur de la production et distribution d'eau;Crédits au secteur de la production et distribution d'eau;CRED_CLIENT;A;BQ;_Z;34;_Z;RISQUES;TOP6_AUT_GROUPES;NACE_E;PHNC;EUR;2;9;N;P1Y;ACPR;E;F;A
ACPR.A.BQ.RISQUES.CRED_CLIENT.34.ES.MENAGES.PHNC._Z.TOP6_AUT_GROUPES;2021;2021-01-01;2021-12-31;21,59;2025-03-18T17:10:27+00:00;ACPR;Crédits aux ménages - Espagne;Crédits aux ménages - Espagne;CRED_CLIENT;A;BQ;_Z;34;ES;RISQUES;TOP6_AUT_GROUPES;MENAGES;PHNC;EUR;2;9;N;P1Y;ACPR;E;F;A
ACPR.A.BQ.RISQUES.DT_PL_PTF_NEGO.58._Z.EC.PHNC._Z.TOP6_AUT_GROUPES;2021;2021-01-01;2021-12-31;140,91;2025-03-18T17:10:27+00:00;ACPR;Dépôts et titres des établissements de crédit donnés en pension livrée du portefeuille de négociation;Dépôts et titres des établissements de crédit donnés en pension livrée du portefeuille de négociation;DT_PL_PTF_NEGO;A;BQ;_Z;58;_Z;RISQUES;TOP6_AUT_GROUPES;EC;PHNC;EUR;2;9;N;P1Y;ACPR;E;F;A
ACPR.A.BQ.RISQUES.GB_FIN_NEGO_PASSIF_9850.188._Z._Z.PHNC._Z.TOP6_AUT_GROUPES;2021;2021-01-01;2021-12-31;557,11;2025-03-18T17:10:28+00:00;ACPR;Dépôts yc les opérations de pensions livrés sur titres dans le portefeuille de négociation coté passif;Dépôts yc les opérations de pensions livrés sur titres dans le portefeuille de négociation coté passif;GB_FIN_NEGO_PASSIF_9850;A;BQ;_Z;188;_Z;RISQUES;TOP6_AUT_GROUPES;_Z;PHNC;EUR;2;9;N;P1Y;ACPR;E;F;A
ACPR.A.BQ.RISQUES.CRED_AFF.31._Z._Z.SOLO._Z.TOTAL_SECTEUR;2021;2021-01-01;2021-12-31;42,23;2025-10-22T14:00:27+00:00;ACPR;Affacturage à l'ensemble de la clientèle non financière;Affacturage à l'ensemble de la clientèle non financière;CRED_AFF;A;BQ;_Z;31;_Z;RISQUES;TOTAL_SECTEUR;_Z;SOLO;EUR;2;9;N;P1Y;ACPR;E;F;A
ACPR.A.BQ.RISQUES.CREDITS_BRUTS_MENAGES_ENF_PAYS.40.ETR.MENAGES_ENF.PHNC._Z.TOP6_AUT_GROUPES;2021;2021-01-01;2021-12-31;1184,88;2025-04-11T16:10:31+00:00;ACPR;Prêts aux ménages et aux sociétés non financières à l'étranger (brut comptable) du secteur bancaire français (IFRS);Prêts aux ménages et aux sociétés non financières à l'étranger (brut comptable) du secteur bancaire français (IFRS);CREDITS_BRUTS_MENAGES_ENF_PAYS;A;BQ;_Z;40;ETR;RISQUES;TOP6_AUT_GROUPES;MENAGES_ENF;PHNC;EUR;2;9;N;P1Y;ACPR;E;F;A
ACPR.A.BQ.RISQUES.CRED_CLIENT.34.LU.MENAGES.PHNC._Z.TOP6_AUT_GROUPES;2021;2021-01-01;2021-12-31;10,56;2025-03-18T17:10:27+00:00;ACPR;Crédits aux ménages - Luxembourg;Crédits aux ménages - Luxembourg;CRED_CLIENT;A;BQ;_Z;34;LU;RISQUES;TOP6_AUT_GROUPES;MENAGES;PHNC;EUR;2;9;N;P1Y;ACPR;E;F;A
ACPR.A.BQ.RISQUES.CREDITS_BRUTS_MENAGES_ENF_PAYS.40.ES.MENAGES_ENF.PHNC._Z.TOP6_AUT_GROUPES;2021;2021-01-01;2021-12-31;49,18;2025-03-18T17:10:27+00:00;ACPR;Crédits bruts aux ménages et entreprises non financières en Espagne;Crédits bruts aux ménages et entreprises non financières en Espagne;CREDITS_BRUTS_MENAGES_ENF_PAYS;A;BQ;_Z;40;ES;RISQUES;TOP6_AUT_GROUPES;MENAGES_ENF;PHNC;EUR;2;9;N;P1Y;ACPR;E;F;A
ACPR.A.BQ.RISQUES.DERIV_PASSIF_GRE_GRE.49._Z._Z.PHNC._Z.TOP6_AUT_GROUPES;2021;2021-01-01;2021-12-31;499,76;2025-03-18T17:10:27+00:00;ACPR;Montant au passif de dérivés de gré à gré;Passif de dérivés de gré à gré;DERIV_PASSIF_GRE_GRE;A;BQ;_Z;49;_Z;RISQUES;TOP6_AUT_GROUPES;_Z;PHNC;EUR;2;9;N;P1Y;ACPR;E;F;A
ACPR.A.BQ.RISQUES.DT_PL_PTF_NEGO.58._Z.BC.PHNC._Z.TOP6_AUT_GROUPES;2021;2021-01-01;2021-12-31;24,0;2025-03-18T17:10:27+00:00;ACPR;Dépôts et titres des Banques Centrales donnés en pension livrée du portefeuille de négociation;Dépôts et titres des Banques Centrales donnés en pension livrée du portefeuille de négociation;DT_PL_PTF_NEGO;A;BQ;_Z;58;_Z;RISQUES;TOP6_AUT_GROUPES;BC;PHNC;EUR;2;9;N;P1Y;ACPR;E;F;A
ACPR.A.BQ.RISQUES.DEPOTS.43._Z.APU.SOLO._Z.TOTAL_SECTEUR;2021;2021-01-01;2021-12-31;25,45;2025-03-20T09:10:29+00:00;ACPR;Dépôts des administrations publiques;Dépôts des administrations publiques;DEPOTS;A;BQ;_Z;43;_Z;RISQUES;TOTAL_SECTEUR;APU;SOLO;EUR;2;9;N;P1Y;ACPR;E;F;A
ACPR.A.BQ.RISQUES.CRED_CLIENT.34._Z.NACE_P.PHNC._Z.TOP6_AUT_GROUPES;2021;2021-01-01;2021-12-31;5,89;2025-03-18T17:10:27+00:00;ACPR;Crédits au secteur de l'enseignement;Crédits au secteur de l'enseignement;CRED_CLIENT;A;BQ;_Z;34;_Z;RISQUES;TOP6_AUT_GROUPES;NACE_P;PHNC;EUR;2;9;N;P1Y;ACPR;E;F;A
ACPR.A.BQ.RISQUES.CREDITS_BRUTS.39._Z.NACE_J.PHNC._Z.TOP6_AUT_GROUPES;2021;2021-01-01;2021-12-31;43,31;2025-03-18T17:10:27+00:00;ACPR;Crédits bruts aux entreprises du secteur de l'information et communication;Crédits bruts aux entreprises du secteur de l'information et communication;CREDITS_BRUTS;A;BQ;_Z;39;_Z;RISQUES;TOP6_AUT_GROUPES;NACE_J;PHNC;EUR;2;9;N;P1Y;ACPR;E;F;A
ACPR.A.BQ.RISQUES.DEPOTS.43._Z._Z.PHNC._Z.TOP6_AUT_GROUPES;2021;2021-01-01;2021-12-31;5543,52;2025-03-18T17:10:27+00:00;ACPR;Dépôts du secteur bancaire français;Dépôts du secteur bancaire français;DEPOTS;A;BQ;_Z;43;_Z;RISQUES;TOP6_AUT_GROUPES;_Z;PHNC;EUR;2;9;N;P1Y;ACPR;E;F;A
ACPR.A.BQ.RISQUES.TB_FIN_NEGO_DERIVE_CREDIT10005.461._Z._Z.PHNC._Z.TOP6_AUT_GROUPES;2021;2021-01-01;2021-12-31;3,35;2025-03-18T17:10:28+00:00;ACPR;Vente de dérivés de crédit sur transfert de rendement (Total return swaps) En notionnel;Vente de dérivés de crédit sur transfert de rendement (Total return swaps) En notionnel;TB_FIN_NEGO_DERIVE_CREDIT10005;A;BQ;_Z;461;_Z;RISQUES;TOP6_AUT_GROUPES;_Z;PHNC;EUR;2;9;N;P1Y;ACPR;E;F;A
ACPR.A.BQ.RISQUES.CRED_AUT.32._Z.SNF.SOLO._Z.TOTAL_SECTEUR;2021;2021-01-01;2021-12-31;46,7;2025-03-18T17:10:26+00:00;ACPR;Autres crédits aux sociétés non financières;Autres crédits aux sociétés non financières;CRED_AUT;A;BQ;_Z;32;_Z;RISQUES;TOTAL_SECTEUR;SNF;SOLO;EUR;2;9;N;P1Y;ACPR;E;F;A
ACPR.A.BQ.RISQUES.CRED_CLIENT.34._Z.NACE_D.PHNC._Z.TOP6_AUT_GROUPES;2021;2021-01-01;2021-12-31;78,3;2025-03-18T17:10:26+00:00;ACPR;Crédits au secteur de l'électricité, gaz, vapeur et air conditionné;Crédits au secteur de l'électricité, gaz, vapeur et air conditionné;CRED_CLIENT;A;BQ;_Z;34;_Z;RISQUES;TOP6_AUT_GROUPES;NACE_D;PHNC;EUR;2;9;N;P1Y;ACPR;E;F;A
ACPR.A.BQ.RISQUES.CRED_CLIENT.34._Z.NACE_S.PHNC._Z.TOP6_AUT_GROUPES;2021;2021-01-01;2021-12-31;80,62;2025-03-18T17:10:27+00:00;ACPR;Crédits au secteur des autres activités de services;Crédits au secteur des autres activités de services;CRED_CLIENT;A;BQ;_Z;34;_Z;RISQUES;TOP6_AUT_GROUPES;NACE_S;PHNC;EUR;2;9;N;P1Y;ACPR;E;F;A
ACPR.A.BQ.RISQUES.TB_FIN_NEGO_DERIVES9920.586._Z._Z.PHNC._Z._Z;2021;2021-01-01;2021-12-31;1199,25;2025-09-17T10:00:30+00:00;ACPR;Montants notionnels de dérivés sur crédit;Montants notionnels de dérivés sur crédit;TB_FIN_NEGO_DERIVES9920;A;BQ;_Z;586;_Z;RISQUES;_Z;_Z;PHNC;EUR;2;9;N;P1Y;ACPR;E;F;A
ACPR.A.BQ.RISQUES.CRED_TRESO.38._Z.SNF.SOLO._Z.TOTAL_SECTEUR;2021;2021-01-01;2021-12-31;239,18;2025-03-18T17:10:27+00:00;ACPR;Crédits de trésorerie aux sociétés non financières;Crédits de trésorerie aux sociétés non financières;CRED_TRESO;A;BQ;_Z;38;_Z;RISQUES;TOTAL_SECTEUR;SNF;SOLO;EUR;2;9;N;P1Y;ACPR;E;F;A
ACPR.A.BQ.RISQUES.CREDITS_BRUTS.39._Z.NACE_F.PHNC._Z.TOP6_AUT_GROUPES;2021;2021-01-01;2021-12-31;82,66;2025-03-18T17:10:27+00:00;ACPR;Crédits bruts aux entreprises du secteur de la construction;Crédits bruts aux entreprises du secteur de la construction;CREDITS_BRUTS;A;BQ;_Z;39;_Z;RISQUES;TOP6_AUT_GROUPES;NACE_F;PHNC;EUR;2;9;N;P1Y;ACPR;E;F;A
ACPR.A.BQ.RISQUES.TX_PROV.572._Z.NACE_K.PHNC._Z.TOP6_AUT_GROUPES;2021;2021-01-01;2021-12-31;86,06;2025-03-18T17:10:29+00:00;ACPR;Taux de provisionnement du secteur des activité financières et d'assurance;Taux de provisionnement du secteur des activité financières et d'assurance;TX_PROV;A;BQ;_Z;572;_Z;RISQUES;TOP6_AUT_GROUPES;NACE_K;PHNC;PC;2;0;N;P1Y;ACPR;E;F;A
ACPR.A.BQ.RISQUES.S1_ENFCA_BASE100.660._Z.ENF.PHNC._Z.TOP6_AUT_GROUPES;2021;2021-01-01;2021-12-31;107,44;2025-10-22T14:00:31+00:00;ACPR;Encours de prêts et avances (brut comptable) aux entreprises non financières en stade 1 - coût amorti - base 100;Encours de prêts et avances (brut comptable) aux entreprises non financières en stade 1 - coût amorti - base 100;S1_ENFCA_BASE100;A;BQ;_Z;660;_Z;RISQUES;TOP6_AUT_GROUPES;ENF;PHNC;PC;2;0;N;P1Y;ACPR;E;F;A
ACPR.A.BQ.RISQUES.ACTFR_CLIENT_RE_TTES_DEV2222.43._Z._Z.SOLO._Z.TOTAL_SECTEUR;2021;2021-01-01;2021-12-31;1223,81;2025-03-20T09:10:29+00:00;ACPR;Comptes ordinaires créditeurs de la clientèle non financière;Comptes ordinaires créditeurs de la clientèle non financière;ACTFR_CLIENT_RE_TTES_DEV2222;A;BQ;_Z;43;_Z;RISQUES;TOTAL_SECTEUR;_Z;SOLO;EUR;2;9;N;P1Y;ACPR;E;F;A
ACPR.A.BQ.RISQUES.CRED_CLIENT.34._Z.NACE_J.PHNC._Z.TOP6_AUT_GROUPES;2021;2021-01-01;2021-12-31;42,7;2025-03-18T17:10:26+00:00;ACPR;Crédits au secteur de l'information et communication;Crédits au secteur de l'information et communication;CRED_CLIENT;A;BQ;_Z;34;_Z;RISQUES;TOP6_AUT_GROUPES;NACE_J;PHNC;EUR;2;9;N;P1Y;ACPR;E;F;A
ACPR.A.BQ.RISQUES.CRED_CLIENT.34.US.ENF.PHNC._Z.TOP6_AUT_GROUPES;2021;2021-01-01;2021-12-31;83,81;2025-03-18T17:10:27+00:00;ACPR;Crédits aux entreprises non financières - États-Unis;Crédits aux entreprises non financières - États-Unis;CRED_CLIENT;A;BQ;_Z;34;US;RISQUES;TOP6_AUT_GROUPES;ENF;PHNC;EUR;2;9;N;P1Y;ACPR;E;F;A
ACPR.A.BQ.RISQUES.CRED_COD.30._Z.SNF.SOLO._Z.TOTAL_SECTEUR;2021;2021-01-01;2021-12-31;22,4;2025-03-18T17:10:27+00:00;ACPR;Comptes ordinaires débiteurs aux sociétés non financières;Comptes ordinaires débiteurs aux sociétés non financières;CRED_COD;A;BQ;_Z;30;_Z;RISQUES;TOTAL_SECTEUR;SNF;SOLO;EUR;2;9;N;P1Y;ACPR;E;F;A
ACPR.A.BQ.RISQUES.TX_PROV.572._Z.NACE_P.PHNC._Z.TOP6_AUT_GROUPES;2021;2021-01-01;2021-12-31;65,01;2025-03-18T17:10:29+00:00;ACPR;Taux de provisionnement du secteur de l'enseignement;Taux de provisionnement du secteur de l'enseignement;TX_PROV;A;BQ;_Z;572;_Z;RISQUES;TOP6_AUT_GROUPES;NACE_P;PHNC;PC;2;0;N;P1Y;ACPR;E;F;A
ACPR.A.BQ.RISQUES.TX_PROV.572.NL.MENAGES_ENF.PHNC._Z.TOP6_AUT_GROUPES;2021;2021-01-01;2021-12-31;87,1;2025-03-18T17:10:29+00:00;ACPR;Taux de provisionnement aux Pays-Bas;Taux de provisionnement aux Pays-Bas;TX_PROV;A;BQ;_Z;572;NL;RISQUES;TOP6_AUT_GROUPES;MENAGES_ENF;PHNC;PC;2;0;N;P1Y;ACPR;E;F;A
ACPR.A.BQ.RISQUES.TX_PROV_NPL.573._Z.ENF.PHNC._Z.TOP6_AUT_GROUPES;2021;2021-01-01;2021-12-31;1,69;2025-03-18T17:10:29+00:00;ACPR;Poids des provisions des prêts non performants aux entreprises non financières;Poids des provisions des prêts non performants aux entreprises non financières;TX_PROV_NPL;A;BQ;_Z;573;_Z;RISQUES;TOP6_AUT_GROUPES;ENF;PHNC;PC;2;0;N;P1Y;ACPR;E;F;A
ACPR.A.BQ.RISQUES.CREDITS_BRUTS_MENAGES_ENF_PAYS.40.GB.MENAGES_ENF.PHNC._Z.TOP6_AUT_GROUPES;2021;2021-01-01;2021-12-31;68,53;2025-03-18T17:10:27+00:00;ACPR;Crédits bruts aux ménages et entreprises non financières au Royaume uni;Crédits bruts aux ménages et entreprises non financières au Royaume uni;CREDITS_BRUTS_MENAGES_ENF_PAYS;A;BQ;_Z;40;GB;RISQUES;TOP6_AUT_GROUPES;MENAGES_ENF;PHNC;EUR;2;9;N;P1Y;ACPR;E;F;A
ACPR.A.BQ.RISQUES.ACTFR_CLIENT_RE_TTES_DEV2360.43._Z._Z.SOLO._Z.TOTAL_SECTEUR;2021;2021-01-01;2021-12-31;160,53;2025-03-20T09:10:29+00:00;ACPR;Comptes à terme de la clientèle non financière;Comptes à terme de la clientèle non financière;ACTFR_CLIENT_RE_TTES_DEV2360;A;BQ;_Z;43;_Z;RISQUES;TOTAL_SECTEUR;_Z;SOLO;EUR;2;9;N;P1Y;ACPR;E;F;A
ACPR.A.BQ.RISQUES.DEPOTS.43._Z._Z.SOLO._Z.TOTAL_SECTEUR;2021;2021-01-01;2021-12-31;2520,79;2025-03-20T09:10:29+00:00;ACPR;Dépôts de la clientèle non financière;Dépôts de la clientèle non financière;DEPOTS;A;BQ;_Z;43;_Z;RISQUES;TOTAL_SECTEUR;_Z;SOLO;EUR;2;9;N;P1Y;ACPR;E;F;A
ACPR.A.BQ.RISQUES.CRED_CLIENT.34._Z.ENF.PHNC._Z.TOP6_AUT_GROUPES;2021;2021-01-01;2021-12-31;1739,94;2025-03-18T17:10:26+00:00;ACPR;Entreprises non financières (crédits nets);Entreprises non financières (crédits nets);CRED_CLIENT;A;BQ;_Z;34;_Z;RISQUES;TOP6_AUT_GROUPES;ENF;PHNC;EUR;2;9;N;P1Y;ACPR;E;F;A
ACPR.A.BQ.RISQUES.CRED_HAB.36._Z.APU.SOLO._Z.TOTAL_SECTEUR;2021;2021-01-01;2021-12-31;2,35;2025-03-18T17:10:27+00:00;ACPR;Crédits à l'habitat aux administrations publiques;Crédits à l'habitat aux administrations publiques;CRED_HAB;A;BQ;_Z;36;_Z;RISQUES;TOTAL_SECTEUR;APU;SOLO;EUR;2;9;N;P1Y;ACPR;E;F;A
ACPR.A.BQ.RISQUES.TX_PROV_NPL.573._Z.MENAGES.PHNC._Z.TOP6_AUT_GROUPES;2021;2021-01-01;2021-12-31;1,16;2025-03-18T17:10:29+00:00;ACPR;Poids des provisions des prêts non performants aux ménages;Poids des provisions des prêts non performants aux ménages;TX_PROV_NPL;A;BQ;_Z;573;_Z;RISQUES;TOP6_AUT_GROUPES;MENAGES;PHNC;PC;2;0;N;P1Y;ACPR;E;F;A
ACPR.A.BQ.RISQUES.TX_NPL.569._Z.NACE_L.PHNC._Z.TOP6_AUT_GROUPES;2021;2021-01-01;2021-12-31;2,12;2025-03-18T17:10:29+00:00;ACPR;Taux de prêts non performants du secteur des activités immobilières;Taux de prêts non performants du secteur des activités immobilières;TX_NPL;A;BQ;_Z;569;_Z;RISQUES;TOP6_AUT_GROUPES;NACE_L;PHNC;PC;2;0;N;P1Y;ACPR;E;F;A
ACPR.A.BQ.RISQUES.CRED_CLIENT.34.LU.ENF.PHNC._Z.TOP6_AUT_GROUPES;2021;2021-01-01;2021-12-31;31,26;2025-03-18T17:10:27+00:00;ACPR;Crédits aux entreprises non financières - Luxembourg;Crédits aux entreprises non financières - Luxembourg;CRED_CLIENT;A;BQ;_Z;34;LU;RISQUES;TOP6_AUT_GROUPES;ENF;PHNC;EUR;2;9;N;P1Y;ACPR;E;F;A
ACPR.A.BQ.RISQUES.CREDITS_BRUTS.39._Z.NACE_K.PHNC._Z.TOP6_AUT_GROUPES;2021;2021-01-01;2021-12-31;121,71;2025-03-18T17:10:27+00:00;ACPR;Crédits bruts aux entreprises du secteur des activité financières et d'assurance;Crédits bruts aux entreprises du secteur des activité financières et d'assurance;CREDITS_BRUTS;A;BQ;_Z;39;_Z;RISQUES;TOP6_AUT_GROUPES;NACE_K;PHNC;EUR;2;9;N;P1Y;ACPR;E;F;A
ACPR.A.BQ.RISQUES.DEPOTS.43._Z.MENAGES_ENF.PHNC._Z.TOP6_AUT_GROUPES;2021;2021-01-01;2021-12-31;3523,54;2025-03-18T17:10:27+00:00;ACPR;Dépôts  aux entreprises non financières et aux ménages;Dépôts  aux entreprises non financières et aux ménages;DEPOTS;A;BQ;_Z;43;_Z;RISQUES;TOP6_AUT_GROUPES;MENAGES_ENF;PHNC;EUR;2;9;N;P1Y;ACPR;E;F;A
ACPR.A.BQ.RISQUES.ACT_PTF_NEGO.3._Z.EF.PHNC._Z.TOP6_AUT_GROUPES;2021;2021-01-01;2021-12-31;32,5;2025-03-18T17:10:26+00:00;ACPR;Instruments de capitaux propres des autres entreprises financières dans le portefeuille de négociation;Instruments de capitaux propres des autres entreprises financières dans le portefeuille de négociation;ACT_PTF_NEGO;A;BQ;_Z;3;_Z;RISQUES;TOP6_AUT_GROUPES;EF;PHNC;EUR;2;9;N;P1Y;ACPR;E;F;A
ACPR.A.BQ.RISQUES.TB_FIN_NEGO_DERIVES9917.491._Z._Z.PHNC._Z._Z;2021;2021-01-01;2021-12-31;48949,79;2025-09-17T10:00:30+00:00;ACPR;Montants notionnels de dérivés sur taux d'intérêt;Montants notionnels de dérivés sur taux d'intérêt;TB_FIN_NEGO_DERIVES9917;A;BQ;_Z;491;_Z;RISQUES;_Z;_Z;PHNC;EUR;2;9;N;P1Y;ACPR;E;F;A
ACPR.A.BQ.RISQUES.CRED_CLIENT.34._Z.NACE_K.PHNC._Z.TOP6_AUT_GROUPES;2021;2021-01-01;2021-12-31;119,27;2025-03-18T17:10:27+00:00;ACPR;Crédits au secteur de l'activité financières et d'assurance;Crédits au secteur de l'activité financières et d'assurance;CRED_CLIENT;A;BQ;_Z;34;_Z;RISQUES;TOP6_AUT_GROUPES;NACE_K;PHNC;EUR;2;9;N;P1Y;ACPR;E;F;A
ACPR.A.BQ.RISQUES.CRED_CLIENT.34.BE.ENF.PHNC._Z.TOP6_AUT_GROUPES;2021;2021-01-01;2021-12-31;55,19;2025-03-18T17:10:27+00:00;ACPR;Crédits aux entreprises non financières - Belgique;Crédits aux entreprises non financières - Belgique;CRED_CLIENT;A;BQ;_Z;34;BE;RISQUES;TOP6_AUT_GROUPES;ENF;PHNC;EUR;2;9;N;P1Y;ACPR;E;F;A
ACPR.A.BQ.RISQUES.TB_FIN_NEGO_DERIVES9919.493._Z._Z.PHNC._Z._Z;2021;2021-01-01;2021-12-31;15546,53;2025-09-17T10:00:30+00:00;ACPR;Montants notionnels de dérivés sur change et or;Montants notionnels de dérivés sur change et or;TB_FIN_NEGO_DERIVES9919;A;BQ;_Z;493;_Z;RISQUES;_Z;_Z;PHNC;EUR;2;9;N;P1Y;ACPR;E;F;A
ACPR.A.BQ.RISQUES.TB_FIN_NEGO_DERIVES9921.587._Z._Z.PHNC._Z._Z;2021;2021-01-01;2021-12-31;238,98;2025-09-17T10:00:30+00:00;ACPR;Montants notionnels de dérivés sur matières premières;Montants notionnels de dérivés sur matières premières;TB_FIN_NEGO_DERIVES9921;A;BQ;_Z;587;_Z;RISQUES;_Z;_Z;PHNC;EUR;2;9;N;P1Y;ACPR;E;F;A
ACPR.A.BQ.RISQUES.CREDITS_BRUTS_MENAGES_ENF_PAYS.40.FR.MENAGES_ENF.PHNC._Z.TOP6_AUT_GROUPES;2021;2021-01-01;2021-12-31;2480,09;2025-03-18T17:10:27+00:00;ACPR;Crédits bruts aux ménages et entreprises non financières en France;Crédits bruts aux ménages et entreprises non financières en France;CREDITS_BRUTS_MENAGES_ENF_PAYS;A;BQ;_Z;40;FR;RISQUES;TOP6_AUT_GROUPES;MENAGES_ENF;PHNC;EUR;2;9;N;P1Y;ACPR;E;F;A
ACPR.A.BQ.RISQUES.OBLIG_PTF_NEGO.238._Z.EC.PHNC._Z.TOP6_AUT_GROUPES;2021;2021-01-01;2021-12-31;10,96;2025-03-18T17:10:28+00:00;ACPR;Titre de créances émis par les établissements de crédit dans le portefeuille de négociation;Titre de créances émis par les établissements de crédit dans le portefeuille de négociation;OBLIG_PTF_NEGO;A;BQ;_Z;238;_Z;RISQUES;TOP6_AUT_GROUPES;EC;PHNC;EUR;2;9;N;P1Y;ACPR;E;F;A
ACPR.A.BQ.RISQUES.RATIO_CREDEP.363._Z.HORS_EC_BC.PHNC._Z.TOP6_AUT_GROUPES;2021;2021-01-01;2021-12-31;95,92;2025-03-18T17:10:28+00:00;ACPR;Ratio crédits / Dépôts  hors EC et banques centrales;Ratio crédits / Dépôts  hors EC et banques centrales;RATIO_CREDEP;A;BQ;_Z;363;_Z;RISQUES;TOP6_AUT_GROUPES;HORS_EC_BC;PHNC;PC;2;9;N;P1Y;ACPR;E;F;A
ACPR.A.BQ.RISQUES.TB_FIN_NEGO_DERIVE_CREDIT10017.469._Z._Z.PHNC._Z.TOP6_AUT_GROUPES;2021;2021-01-01;2021-12-31;0,14;2025-03-18T17:10:28+00:00;ACPR;Dérivés de crédit sur transfert de rendement (Total return swaps) à l'actif;Dérivés de crédit sur transfert de rendement (Total return swaps) à l'actif;TB_FIN_NEGO_DERIVE_CREDIT10017;A;BQ;_Z;469;_Z;RISQUES;TOP6_AUT_GROUPES;_Z;PHNC;EUR;2;9;N;P1Y;ACPR;E;F;A
ACPR.A.BQ.RISQUES.TX_NPL.569.BE.MENAGES_ENF.PHNC._Z.TOP6_AUT_GROUPES;2021;2021-01-01;2021-12-31;2,0;2025-03-18T17:10:29+00:00;ACPR;Taux de prêts non performants en Belgique;Taux de prêts non performants en Belgique;TX_NPL;A;BQ;_Z;569;BE;RISQUES;TOP6_AUT_GROUPES;MENAGES_ENF;PHNC;PC;2;0;N;P1Y;ACPR;E;F;A
ACPR.A.BQ.RISQUES.TX_NPL.569.LU.MENAGES_ENF.PHNC._Z.TOP6_AUT_GROUPES;2021;2021-01-01;2021-12-31;3,0;2025-03-18T17:10:29+00:00;ACPR;Taux de prêts non performants au Luxembourg;Taux de prêts non performants au Luxembourg;TX_NPL;A;BQ;_Z;569;LU;RISQUES;TOP6_AUT_GROUPES;MENAGES_ENF;PHNC;PC;2;0;N;P1Y;ACPR;E;F;A
ACPR.A.BQ.RISQUES.TX_PROV.572._Z.MENAGES.PHNC._Z.TOP6_AUT_GROUPES;2021;2021-01-01;2021-12-31;49,54;2025-03-18T17:10:29+00:00;ACPR;Taux de provisionnement aux ménages;Taux de provisionnement aux ménages;TX_PROV;A;BQ;_Z;572;_Z;RISQUES;TOP6_AUT_GROUPES;MENAGES;PHNC;PC;2;0;N;P1Y;ACPR;E;F;A
ACPR.A.BQ.RISQUES.TX_PROV.572._Z.NACE_F.PHNC._Z.TOP6_AUT_GROUPES;2021;2021-01-01;2021-12-31;68,84;2025-03-18T17:10:29+00:00;ACPR;Taux de provisionnement du secteur de la construction;Taux de provisionnement du secteur de la construction;TX_PROV;A;BQ;_Z;572;_Z;RISQUES;TOP6_AUT_GROUPES;NACE_F;PHNC;PC;2;0;N;P1Y;ACPR;E;F;A
ACPR.A.BQ.RISQUES.GB_FIN_TX_DOUT_MEN_ENF8967.39._Z.GE.PHNC._Z.TOP6_AUT_GROUPES;2021;2021-01-01;2021-12-31;28,71;2025-03-31T08:10:37+00:00;ACPR;Prêts et avances bruts non performants au coût amorti du secteur bancaire français (IFRS) - grandes entreprises;Prêts et avances bruts non performants au coût amorti du secteur bancaire français (IFRS) - grandes entreprises;GB_FIN_TX_DOUT_MEN_ENF8967;A;BQ;_Z;39;_Z;RISQUES;TOP6_AUT_GROUPES;GE;PHNC;EUR;2;9;N;P1Y;ACPR;E;F;A
ACPR.A.BQ.RISQUES.CRED_AFF.31._Z.SNF.SOLO._Z.TOTAL_SECTEUR;2021;2021-01-01;2021-12-31;38,28;2025-03-18T17:10:26+00:00;ACPR;Affacturage aux sociétés non financières;Affacturage aux sociétés non financières;CRED_AFF;A;BQ;_Z;31;_Z;RISQUES;TOTAL_SECTEUR;SNF;SOLO;EUR;2;9;N;P1Y;ACPR;E;F;A
ACPR.A.BQ.RISQUES.CRED_CLIENT.34.ES.ENF.PHNC._Z.TOP6_AUT_GROUPES;2021;2021-01-01;2021-12-31;25,67;2025-03-18T17:10:27+00:00;ACPR;Crédits aux entreprises non financières - Espagne;Crédits aux entreprises non financières - Espagne;CRED_CLIENT;A;BQ;_Z;34;ES;RISQUES;TOP6_AUT_GROUPES;ENF;PHNC;EUR;2;9;N;P1Y;ACPR;E;F;A
ACPR.A.BQ.RISQUES.GB_FIN_TX_DOUT_MEN_ENF8998.39._Z.MENAGES.PHNC._Z.TOP6_AUT_GROUPES;2021;2021-01-01;2021-12-31;53,14;2025-10-22T14:00:31+00:00;ACPR;Part des ménages dans les prêts et avances bruts au coût amorti aux ménages et aux entreprises non financières - secteur bancaire français (IFRS);Part des ménages dans les prêts et avances bruts au coût amorti aux ménages et aux entreprises non financières - secteur bancaire français (IFRS);GB_FIN_TX_DOUT_MEN_ENF8998;A;BQ;_Z;39;_Z;RISQUES;TOP6_AUT_GROUPES;MENAGES;PHNC;PC;2;0;N;P1Y;ACPR;E;F;A
ACPR.A.BQ.RISQUES.CRED_COD.30._Z._Z.SOLO._Z.TOTAL_SECTEUR;2021;2021-01-01;2021-12-31;42,33;2025-10-22T14:00:28+00:00;ACPR;Comptes ordinaires débiteurs à l'ensemble de la clientèle non financière;Comptes ordinaires débiteurs à l'ensemble de la clientèle non financière;CRED_COD;A;BQ;_Z;30;_Z;RISQUES;TOTAL_SECTEUR;_Z;SOLO;EUR;2;9;N;P1Y;ACPR;E;F;A
ACPR.A.BQ.RISQUES.CRED_EQUIP.35._Z.SNF.SOLO._Z.TOTAL_SECTEUR;2021;2021-01-01;2021-12-31;468,0;2025-03-18T17:10:27+00:00;ACPR;Crédits à l'équipement aux sociétés non financières;Crédits à l'équipement aux sociétés non financières;CRED_EQUIP;A;BQ;_Z;35;_Z;RISQUES;TOTAL_SECTEUR;SNF;SOLO;EUR;2;9;N;P1Y;ACPR;E;F;A
ACPR.A.BQ.RISQUES.CRED_HAB.36._Z.MENAGES.SOLO._Z.TOTAL_SECTEUR;2021;2021-01-01;2021-12-31;1258,43;2025-03-18T17:10:27+00:00;ACPR;Crédits à l'habitat aux Ménages;Crédits à l'habitat aux Ménages;CRED_HAB;A;BQ;_Z;36;_Z;RISQUES;TOTAL_SECTEUR;MENAGES;SOLO;EUR;2;9;N;P1Y;ACPR;E;F;A
ACPR.A.BQ.RISQUES.CREDITS_BRUTS.39._Z.NACE_E.PHNC._Z.TOP6_AUT_GROUPES;2021;2021-01-01;2021-12-31;10,27;2025-03-18T17:10:27+00:00;ACPR;Crédits bruts aux entreprises du secteur de la production et distribution d'eau;Crédits bruts aux entreprises du secteur de la production et distribution d'eau;CREDITS_BRUTS;A;BQ;_Z;39;_Z;RISQUES;TOP6_AUT_GROUPES;NACE_E;PHNC;EUR;2;9;N;P1Y;ACPR;E;F;A
ACPR.A.BQ.RISQUES.DERIV_PASSIF_GRE_GRE.49._Z.EC.PHNC._Z.TOP6_AUT_GROUPES;2021;2021-01-01;2021-12-31;290,96;2025-03-18T17:10:27+00:00;ACPR;Montant au passif de dérivés de gré à gré avec établissements de crédit;Passif de dérivés de gré à gré avec établissements de crédit;DERIV_PASSIF_GRE_GRE;A;BQ;_Z;49;_Z;RISQUES;TOP6_AUT_GROUPES;EC;PHNC;EUR;2;9;N;P1Y;ACPR;E;F;A
ACPR.A.BQ.RISQUES.TB_FIN_NEGO_PART_OPTION9968.494._Z._Z.PHNC._Z.TOP6_AUT_GROUPES;2021;2021-01-01;2021-12-31;999,18;2025-03-18T17:10:28+00:00;ACPR;Dérivés (somme actif et passif);Dérivés (somme actif et passif);TB_FIN_NEGO_PART_OPTION9968;A;BQ;_Z;494;_Z;RISQUES;TOP6_AUT_GROUPES;_Z;PHNC;EUR;2;9;N;P1Y;ACPR;E;F;A
ACPR.A.BQ.RISQUES.TX_PROV.572.PL.MENAGES_ENF.PHNC._Z.TOP6_AUT_GROUPES;2021;2021-01-01;2021-12-31;77,9;2025-03-18T17:10:29+00:00;ACPR;Taux de provisionnement en Pologne;Taux de provisionnement en Pologne;TX_PROV;A;BQ;_Z;572;PL;RISQUES;TOP6_AUT_GROUPES;MENAGES_ENF;PHNC;PC;2;0;N;P1Y;ACPR;E;F;A
ACPR.A.BQ.RISQUES.TB_FIN_NEGO_DERIVES9925.475._Z._Z.PHNC._Z.TOP6_AUT_GROUPES;2021;2021-01-01;2021-12-31;64,37;2025-03-18T17:10:28+00:00;ACPR;Montant à l'actif de dérivés sur actions;Montant à l'actif de dérivés sur actions;TB_FIN_NEGO_DERIVES9925;A;BQ;_Z;475;_Z;RISQUES;TOP6_AUT_GROUPES;_Z;PHNC;EUR;2;9;N;P1Y;ACPR;E;F;A
ACPR.A.BQ.RISQUES.CREDITS_BRUTS.39._Z.NACE_R.PHNC._Z.TOP6_AUT_GROUPES;2021;2021-01-01;2021-12-31;10,46;2025-03-18T17:10:27+00:00;ACPR;Crédits bruts aux entreprises du secteur des arts, spectacles et activités récréatives;Crédits bruts aux entreprises du secteur des arts, spectacles et activités récréatives;CREDITS_BRUTS;A;BQ;_Z;39;_Z;RISQUES;TOP6_AUT_GROUPES;NACE_R;PHNC;EUR;2;9;N;P1Y;ACPR;E;F;A
ACPR.A.BQ.RISQUES.S3_MCA.662._Z.MENAGES.PHNC._Z.TOP6_AUT_GROUPES;2021;2021-01-01;2021-12-31;46,58;2025-03-31T08:10:38+00:00;ACPR;Encours de prêts et avances (brut comptable) aux ménages en stade 3 - coût amorti;Encours de prêts et avances (brut comptable) aux ménages en stade 3 - coût amorti;S3_MCA;A;BQ;_Z;662;_Z;RISQUES;TOP6_AUT_GROUPES;MENAGES;PHNC;EUR;2;9;N;P1Y;ACPR;E;F;A
ACPR.A.BQ.RISQUES.TB_FIN_NEGO_DERIVES9928.478._Z._Z.PHNC._Z.TOP6_AUT_GROUPES;2021;2021-01-01;2021-12-31;14,06;2025-03-18T17:10:28+00:00;ACPR;Montant à l'actif de dérivés sur matières premières;Montant à l'actif de dérivés sur matières premières;TB_FIN_NEGO_DERIVES9928;A;BQ;_Z;478;_Z;RISQUES;TOP6_AUT_GROUPES;_Z;PHNC;EUR;2;9;N;P1Y;ACPR;E;F;A
ACPR.A.BQ.RISQUES.CREDITS_BRUTS.39._Z.NACE_I.PHNC._Z.TOP6_AUT_GROUPES;2021;2021-01-01;2021-12-31;46,47;2025-03-18T17:10:27+00:00;ACPR;Crédits bruts aux entreprises du secteur de l'hébergement et restauration;Crédits bruts aux entreprises du secteur de l'hébergement et restauration;CREDITS_BRUTS;A;BQ;_Z;39;_Z;RISQUES;TOP6_AUT_GROUPES;NACE_I;PHNC;EUR;2;9;N;P1Y;ACPR;E;F;A
ACPR.A.BQ.RISQUES.S3_ENFCA.662._Z.ENF.PHNC._Z.TOP6_AUT_GROUPES;2021;2021-01-01;2021-12-31;59,3;2025-03-31T08:10:38+00:00;ACPR;Encours de prêts et avances (brut comptable) aux entreprises non financières en stade 3 - coût amorti;Encours de prêts et avances (brut comptable) aux entreprises non financières en stade 3 - coût amorti;S3_ENFCA;A;BQ;_Z;662;_Z;RISQUES;TOP6_AUT_GROUPES;ENF;PHNC;EUR;2;9;N;P1Y;ACPR;E;F;A
ACPR.A.BQ.RISQUES.ACT_PTF_NEGO.3._Z.EC.PHNC._Z.TOP6_AUT_GROUPES;2021;2021-01-01;2021-12-31;16,38;2025-03-18T17:10:26+00:00;ACPR;Instruments de capitaux propres des établissements de crédit dans le portefeuille de négociation;Instruments de capitaux propres des établissements de crédit dans le portefeuille de négociation;ACT_PTF_NEGO;A;BQ;_Z;3;_Z;RISQUES;TOP6_AUT_GROUPES;EC;PHNC;EUR;2;9;N;P1Y;ACPR;E;F;A
ACPR.A.BQ.RISQUES.TB_FIN_NEGO_DERIVES9918.585._Z._Z.PHNC._Z._Z;2021;2021-01-01;2021-12-31;2514,19;2025-09-17T10:00:30+00:00;ACPR;Montants notionnels de dérivés sur actions;Montants notionnels de dérivés sur actions;TB_FIN_NEGO_DERIVES9918;A;BQ;_Z;585;_Z;RISQUES;_Z;_Z;PHNC;EUR;2;9;N;P1Y;ACPR;E;F;A
ACPR.A.BQ.RISQUES.TB_FIN_NEGO_DERIVES9922.588._Z._Z.PHNC._Z._Z;2021;2021-01-01;2021-12-31;379,03;2025-09-17T10:00:30+00:00;ACPR;Montants notionnels de dérivés (autres y compris matières premières);Montants notionnels de dérivés (autres y compris matières premières);TB_FIN_NEGO_DERIVES9922;A;BQ;_Z;588;_Z;RISQUES;_Z;_Z;PHNC;EUR;2;9;N;P1Y;ACPR;E;F;A
ACPR.A.BQ.RISQUES.TB_FIN_NEGO_PART_BILAN9840.487._Z._Z.PHNC._Z.TOP6_AUT_GROUPES;2021;2021-01-01;2021-12-31;1329,71;2025-03-18T17:10:28+00:00;ACPR;Portefeuille de négociation - Passif;Portefeuille de négociation - Passif;TB_FIN_NEGO_PART_BILAN9840;A;BQ;_Z;487;_Z;RISQUES;TOP6_AUT_GROUPES;_Z;PHNC;EUR;2;9;N;P1Y;ACPR;E;F;A
ACPR.A.BQ.RISQUES.CRED_COD.30._Z.MENAGES.SOLO._Z.TOTAL_SECTEUR;2021;2021-01-01;2021-12-31;9,48;2025-10-22T14:00:28+00:00;ACPR;Comptes ordinaires débiteurs aux Ménages;Comptes ordinaires débiteurs aux Ménages;CRED_COD;A;BQ;_Z;30;_Z;RISQUES;TOTAL_SECTEUR;MENAGES;SOLO;EUR;2;9;N;P1Y;ACPR;E;F;A
ACPR.A.BQ.RISQUES.DERIV_NOTIONNEL_GRE_GRE.47._Z._Z.PHNC._Z.TOP6_AUT_GROUPES;2021;2021-01-01;2021-12-31;64229,0;2025-03-18T17:10:27+00:00;ACPR;Montant notionnels de dérivés de gré à gré;Montant notionnels de dérivés de gré à gré;DERIV_NOTIONNEL_GRE_GRE;A;BQ;_Z;47;_Z;RISQUES;TOP6_AUT_GROUPES;_Z;PHNC;EUR;2;9;N;P1Y;ACPR;E;F;A
ACPR.A.BQ.RISQUES.TB_FIN_NEGO_DERIVE_CREDIT10018.470._Z._Z.PHNC._Z.TOP6_AUT_GROUPES;2021;2021-01-01;2021-12-31;0,36;2025-03-18T17:10:28+00:00;ACPR;Dérivés de crédit sur transfert de rendement (Total return swaps) au passif;Dérivés de crédit sur transfert de rendement (Total return swaps) au passif;TB_FIN_NEGO_DERIVE_CREDIT10018;A;BQ;_Z;470;_Z;RISQUES;TOP6_AUT_GROUPES;_Z;PHNC;EUR;2;9;N;P1Y;ACPR;E;F;A
ACPR.A.BQ.RISQUES.DEPOTS.43._Z.SNF.SOLO._Z.TOTAL_SECTEUR;2021;2021-01-01;2021-12-31;747,66;2025-03-20T09:10:29+00:00;ACPR;Dépôts des sociétés non financières;Dépôts des sociétés non financières;DEPOTS;A;BQ;_Z;43;_Z;RISQUES;TOTAL_SECTEUR;SNF;SOLO;EUR;2;9;N;P1Y;ACPR;E;F;A
ACPR.A.BQ.RISQUES.DERIV_NOTIONNEL_GRE_GRE.47._Z.EC.PHNC._Z.TOP6_AUT_GROUPES;2021;2021-01-01;2021-12-31;19111,6;2025-03-18T17:10:27+00:00;ACPR;Montant notionnels de dérivés de gré à gré avec établissements de crédit;Montant notionnels de dérivés de gré à gré avec établissements de crédit;DERIV_NOTIONNEL_GRE_GRE;A;BQ;_Z;47;_Z;RISQUES;TOP6_AUT_GROUPES;EC;PHNC;EUR;2;9;N;P1Y;ACPR;E;F;A
ACPR.A.BQ.RISQUES.TB_FIN_NEGO_DERIVE_CREDIT10014.466._Z._Z.PHNC._Z.TOP6_AUT_GROUPES;2021;2021-01-01;2021-12-31;10,3;2025-03-18T17:10:28+00:00;ACPR;Contrats d'échange de risque de crédit (CDS) au passif;Contrats d'échange de risque de crédit (CDS) au passif;TB_FIN_NEGO_DERIVE_CREDIT10014;A;BQ;_Z;466;_Z;RISQUES;TOP6_AUT_GROUPES;_Z;PHNC;EUR;2;9;N;P1Y;ACPR;E;F;A
ACPR.A.BQ.RISQUES.TX_NPL_APRES_PROV.570._Z.ENF.PHNC._Z.TOP6_AUT_GROUPES;2021;2021-01-01;2021-12-31;1,79;2025-03-18T17:10:29+00:00;ACPR;Poids des prêts non performants nets des provisions aux entreprises non financières;Poids des prêts non performants nets des provisions aux entreprises non financières;TX_NPL_APRES_PROV;A;BQ;_Z;570;_Z;RISQUES;TOP6_AUT_GROUPES;ENF;PHNC;PC;2;0;N;P1Y;ACPR;E;F;A
ACPR.A.BQ.RISQUES.TX_NPL_APRES_PROV.570._Z.PME.PHNC._Z.TOP6_AUT_GROUPES;2021;2021-01-01;2021-12-31;2,07;2025-03-18T17:10:29+00:00;ACPR;Poids des prêts non performants nets des provisions aux PME;Poids des prêts non performants nets des provisions aux PME;TX_NPL_APRES_PROV;A;BQ;_Z;570;_Z;RISQUES;TOP6_AUT_GROUPES;PME;PHNC;PC;2;0;N;P1Y;ACPR;E;F;A
ACPR.A.BQ.RISQUES.TX_PROV.572._Z.NACE_G.PHNC._Z.TOP6_AUT_GROUPES;2021;2021-01-01;2021-12-31;75,47;2025-03-18T17:10:29+00:00;ACPR;Taux de provisionnement du secteur du commerce;Taux de provisionnement du secteur du commerce;TX_PROV;A;BQ;_Z;572;_Z;RISQUES;TOP6_AUT_GROUPES;NACE_G;PHNC;PC;2;0;N;P1Y;ACPR;E;F;A
ACPR.A.BQ.RISQUES.TB_FIN_NEGO_DERIVE_CREDIT10009.464._Z._Z.PHNC._Z.TOP6_AUT_GROUPES;2021;2021-01-01;2021-12-31;84,1;2025-10-22T14:00:29+00:00;ACPR;Achats de autres dérivés de crédit En notionnel;Achats de autres dérivés de crédit En notionnel;TB_FIN_NEGO_DERIVE_CREDIT10009;A;BQ;_Z;464;_Z;RISQUES;TOP6_AUT_GROUPES;_Z;PHNC;EUR;2;9;N;P1Y;ACPR;E;F;A
ACPR.A.BQ.RISQUES.TB_FIN_NEGO_DERIVES9936.484._Z._Z.PHNC._Z.TOP6_AUT_GROUPES;2021;2021-01-01;2021-12-31;11,59;2025-03-18T17:10:28+00:00;ACPR;Montant au passif de dérivés sur matières premières;Montant au passif de dérivés sur matières premières;TB_FIN_NEGO_DERIVES9936;A;BQ;_Z;484;_Z;RISQUES;TOP6_AUT_GROUPES;_Z;PHNC;EUR;2;9;N;P1Y;ACPR;E;F;A
ACPR.A.BQ.RISQUES.TX_PROV.572._Z.NACE_J.PHNC._Z.TOP6_AUT_GROUPES;2021;2021-01-01;2021-12-31;68,62;2025-03-18T17:10:29+00:00;ACPR;Taux de provisionnement du secteur de l'information et communication;Taux de provisionnement du secteur de l'information et communication;TX_PROV;A;BQ;_Z;572;_Z;RISQUES;TOP6_AUT_GROUPES;NACE_J;PHNC;PC;2;0;N;P1Y;ACPR;E;F;A
ACPR.A.BQ.RISQUES.GB_FIN_NEGO_COURT9872.184._Z._Z.PHNC._Z.TOP6_AUT_GROUPES;2021;2021-01-01;2021-12-31;39,44;2025-03-18T17:10:28+00:00;ACPR;Positions courtes sur Instruments de capitaux propres;Positions courtes sur Instruments de capitaux propres;GB_FIN_NEGO_COURT9872;A;BQ;_Z;184;_Z;RISQUES;TOP6_AUT_GROUPES;_Z;PHNC;EUR;2;9;N;P1Y;ACPR;E;F;A
ACPR.A.BQ.RISQUES.LOANS_PTF_NEGO.222._Z.ENF.PHNC._Z.TOP6_AUT_GROUPES;2021;2021-01-01;2021-12-31;37,1;2025-03-18T17:10:28+00:00;ACPR;Prêts aux Entreprises non financières dans le portefeuille de négociation;Prêts aux Entreprises non financières dans le portefeuille de négociation;LOANS_PTF_NEGO;A;BQ;_Z;222;_Z;RISQUES;TOP6_AUT_GROUPES;ENF;PHNC;EUR;2;9;N;P1Y;ACPR;E;F;A
ACPR.A.BQ.RISQUES.OBLIG_PTF_NEGO.238._Z.EF.PHNC._Z.TOP6_AUT_GROUPES;2021;2021-01-01;2021-12-31;22,4;2025-03-18T17:10:28+00:00;ACPR;Titre de créances émis par les autres entreprises financières dans le portefeuille de négociation;Titre de créances émis par les autres entreprises financières dans le portefeuille de négociation;OBLIG_PTF_NEGO;A;BQ;_Z;238;_Z;RISQUES;TOP6_AUT_GROUPES;EF;PHNC;EUR;2;9;N;P1Y;ACPR;E;F;A
ACPR.A.BQ.RISQUES.TB_FIN_NEGO_DERIVES9937.485._Z._Z.PHNC._Z.TOP6_AUT_GROUPES;2021;2021-01-01;2021-12-31;2,63;2025-03-18T17:10:28+00:00;ACPR;Montant au passif de dérivés sur autres produits;Montant au passif de dérivés sur autres produits;TB_FIN_NEGO_DERIVES9937;A;BQ;_Z;485;_Z;RISQUES;TOP6_AUT_GROUPES;_Z;PHNC;EUR;2;9;N;P1Y;ACPR;E;F;A
ACPR.A.BQ.RISQUES.TX_NPL.569._Z.NACE_Q.PHNC._Z.TOP6_AUT_GROUPES;2021;2021-01-01;2021-12-31;1,93;2025-03-18T17:10:29+00:00;ACPR;Taux de prêts non performants du secteur de la santé humaine et action sociale;Taux de prêts non performants du secteur de la santé humaine et action sociale;TX_NPL;A;BQ;_Z;569;_Z;RISQUES;TOP6_AUT_GROUPES;NACE_Q;PHNC;PC;2;0;N;P1Y;ACPR;E;F;A
ACPR.A.BQ.RISQUES.TX_NPL.569.CH.MENAGES_ENF.PHNC._Z.TOP6_AUT_GROUPES;2021;2021-01-01;2021-12-31;1,0;2025-03-18T17:10:29+00:00;ACPR;Taux de prêts non performants en Suisse;Taux de prêts non performants en Suisse;TX_NPL;A;BQ;_Z;569;CH;RISQUES;TOP6_AUT_GROUPES;MENAGES_ENF;PHNC;PC;2;0;N;P1Y;ACPR;E;F;A
ACPR.A.BQ.RISQUES.CRED_CLIENT.34.DE.MENAGES.PHNC._Z.TOP6_AUT_GROUPES;2021;2021-01-01;2021-12-31;51,37;2025-03-18T17:10:27+00:00;ACPR;Crédits aux ménages - Allemagne;Crédits aux ménages - Allemagne;CRED_CLIENT;A;BQ;_Z;34;DE;RISQUES;TOP6_AUT_GROUPES;MENAGES;PHNC;EUR;2;9;N;P1Y;ACPR;E;F;A
ACPR.A.BQ.RISQUES.GB_FIN_TX_DOUT_MEN_ENF8964.39._Z.MENAGES.PHNC._Z.TOP6_AUT_GROUPES;2021;2021-01-01;2021-12-31;2006,7;2025-03-31T08:10:37+00:00;ACPR;Prêts et avances bruts au coût amorti du secteur bancaire français (IFRS) - ménages;Prêts et avances bruts au coût amorti du secteur bancaire français (IFRS) - ménages;GB_FIN_TX_DOUT_MEN_ENF8964;A;BQ;_Z;39;_Z;RISQUES;TOP6_AUT_GROUPES;MENAGES;PHNC;EUR;2;9;N;P1Y;ACPR;E;F;A
ACPR.A.BQ.RISQUES.GB_FIN_TX_DOUT_MEN_ENF8965.39._Z.ENF.PHNC._Z.TOP6_AUT_GROUPES;2021;2021-01-01;2021-12-31;61,49;2025-03-31T08:10:37+00:00;ACPR;Prêts et avances bruts non performants au coût amorti du secteur bancaire français (IFRS) - entreprises non financières;Prêts et avances bruts non performants au coût amorti du secteur bancaire français (IFRS) - entreprises non financières;GB_FIN_TX_DOUT_MEN_ENF8965;A;BQ;_Z;39;_Z;RISQUES;TOP6_AUT_GROUPES;ENF;PHNC;EUR;2;9;N;P1Y;ACPR;E;F;A
ACPR.A.BQ.RISQUES.TX_PROV_NPL.573._Z.MENAGES_ENF.PHNC._Z.TOP6_AUT_GROUPES;2021;2021-01-01;2021-12-31;1,41;2025-03-18T17:10:29+00:00;ACPR;Poids des provisions des prêts non performants aux ménages et aux entreprises non financières;Poids des provisions des prêts non performants aux ménages et aux entreprises non financières;TX_PROV_NPL;A;BQ;_Z;573;_Z;RISQUES;TOP6_AUT_GROUPES;MENAGES_ENF;PHNC;PC;2;0;N;P1Y;ACPR;E;F;A
ACPR.A.BQ.RISQUES.TX_PROV.572._Z.NACE_A.PHNC._Z.TOP6_AUT_GROUPES;2021;2021-01-01;2021-12-31;85,29;2025-03-18T17:10:29+00:00;ACPR;Taux de provisionnement du secteur de l'agriculture, sylviculture et pêche;Taux de provisionnement du secteur de l'agriculture, sylviculture et pêche;TX_PROV;A;BQ;_Z;572;_Z;RISQUES;TOP6_AUT_GROUPES;NACE_A;PHNC;PC;2;0;N;P1Y;ACPR;E;F;A
ACPR.A.BQ.RISQUES.CRED_AFF.31._Z.APU.SOLO._Z.TOTAL_SECTEUR;2021;2021-01-01;2021-12-31;3,76;2025-03-18T17:10:26+00:00;ACPR;Affacturage aux administrations publiques;Affacturage aux administrations publiques;CRED_AFF;A;BQ;_Z;31;_Z;RISQUES;TOTAL_SECTEUR;APU;SOLO;EUR;2;9;N;P1Y;ACPR;E;F;A
ACPR.A.BQ.RISQUES.CRED_CLIENT.34._Z.NACE_O.PHNC._Z.TOP6_AUT_GROUPES;2021;2021-01-01;2021-12-31;5,03;2025-03-18T17:10:27+00:00;ACPR;Crédits au secteur de l'administration publique;Crédits au secteur de l'administration publique;CRED_CLIENT;A;BQ;_Z;34;_Z;RISQUES;TOP6_AUT_GROUPES;NACE_O;PHNC;EUR;2;9;N;P1Y;ACPR;E;F;A
ACPR.A.BQ.RISQUES.CRED_BAIL.33._Z._Z.SOLO._Z.TOTAL_SECTEUR;2021;2021-01-01;2021-12-31;100,45;2025-10-22T14:00:28+00:00;ACPR;Crédit-bail et opérations assimilées à l'ensemble de la clientèle non financière;Crédit-bail et opérations assimilées à l'ensemble de la clientèle non financière;CRED_BAIL;A;BQ;_Z;33;_Z;RISQUES;TOTAL_SECTEUR;_Z;SOLO;EUR;2;9;N;P1Y;ACPR;E;F;A
ACPR.A.BQ.RISQUES.CRED_CLIENT.34.FR.MENAGES.PHNC._Z.TOP6_AUT_GROUPES;2021;2021-01-01;2021-12-31;1471,41;2025-03-18T17:10:27+00:00;ACPR;Crédits aux ménages - France;Crédits aux ménages - France;CRED_CLIENT;A;BQ;_Z;34;FR;RISQUES;TOP6_AUT_GROUPES;MENAGES;PHNC;EUR;2;9;N;P1Y;ACPR;E;F;A
ACPR.A.BQ.RISQUES.CRED_EQUIP.35._Z._Z.SOLO._Z.TOTAL_SECTEUR;2021;2021-01-01;2021-12-31;658,27;2025-10-22T14:00:28+00:00;ACPR;Crédits à l'équipement à l'ensemble de la clientèle non financière;Crédits à l'équipement à l'ensemble de la clientèle non financière;CRED_EQUIP;A;BQ;_Z;35;_Z;RISQUES;TOTAL_SECTEUR;_Z;SOLO;EUR;2;9;N;P1Y;ACPR;E;F;A
ACPR.A.BQ.RISQUES.CREDITS_BRUTS.39._Z.NACE_N.PHNC._Z.TOP6_AUT_GROUPES;2021;2021-01-01;2021-12-31;94,89;2025-03-18T17:10:27+00:00;ACPR;Crédits bruts aux entreprises du secteur de l'activité de services administratifs et de soutien;Crédits bruts aux entreprises du secteur de l'activité de services administratifs et de soutien;CREDITS_BRUTS;A;BQ;_Z;39;_Z;RISQUES;TOP6_AUT_GROUPES;NACE_N;PHNC;EUR;2;9;N;P1Y;ACPR;E;F;A
ACPR.A.BQ.RISQUES.TX_PROV.572.CH.MENAGES_ENF.PHNC._Z.TOP6_AUT_GROUPES;2021;2021-01-01;2021-12-31;54,5;2025-03-18T17:10:29+00:00;ACPR;Taux de provisionnement en Suisse;Taux de provisionnement en Suisse;TX_PROV;A;BQ;_Z;572;CH;RISQUES;TOP6_AUT_GROUPES;MENAGES_ENF;PHNC;PC;2;0;N;P1Y;ACPR;E;F;A
ACPR.A.BQ.RISQUES.CRED_CLIENT.34._Z.NACE_G.PHNC._Z.TOP6_AUT_GROUPES;2021;2021-01-01;2021-12-31;212,67;2025-03-18T17:10:26+00:00;ACPR;Crédits au secteur du commerce;Crédits au secteur du commerce;CRED_CLIENT;A;BQ;_Z;34;_Z;RISQUES;TOP6_AUT_GROUPES;NACE_G;PHNC;EUR;2;9;N;P1Y;ACPR;E;F;A
ACPR.A.BQ.RISQUES.TX_PROV.572._Z.NACE_I.PHNC._Z.TOP6_AUT_GROUPES;2021;2021-01-01;2021-12-31;75,63;2025-03-18T17:10:29+00:00;ACPR;Taux de provisionnement du secteur de l'hébergement et restauration;Taux de provisionnement du secteur de l'hébergement et restauration;TX_PROV;A;BQ;_Z;572;_Z;RISQUES;TOP6_AUT_GROUPES;NACE_I;PHNC;PC;2;0;N;P1Y;ACPR;E;F;A
ACPR.A.BQ.RISQUES.CRED_CLIENT.34._Z.NACE_Q.PHNC._Z.TOP6_AUT_GROUPES;2021;2021-01-01;2021-12-31;33,43;2025-03-18T17:10:27+00:00;ACPR;Crédits au secteur de la santé humaine et action sociale;Crédits au secteur de la santé humaine et action sociale;CRED_CLIENT;A;BQ;_Z;34;_Z;RISQUES;TOP6_AUT_GROUPES;NACE_Q;PHNC;EUR;2;9;N;P1Y;ACPR;E;F;A
ACPR.A.BQ.RISQUES.TX_PROV.572._Z.NACE_O.PHNC._Z.TOP6_AUT_GROUPES;2021;2021-01-01;2021-12-31;63,66;2025-03-18T17:10:29+00:00;ACPR;Taux de provisionnement du secteur de l'administration publique;Taux de provisionnement du secteur de l'administration publique;TX_PROV;A;BQ;_Z;572;_Z;RISQUES;TOP6_AUT_GROUPES;NACE_O;PHNC;PC;2;0;N;P1Y;ACPR;E;F;A
ACPR.A.BQ.RISQUES.TX_PROV.572.ES.MENAGES_ENF.PHNC._Z.TOP6_AUT_GROUPES;2021;2021-01-01;2021-12-31;69,2;2025-03-18T17:10:29+00:00;ACPR;Taux de provisionnement en Espagne;Taux de provisionnement en Espagne;TX_PROV;A;BQ;_Z;572;ES;RISQUES;TOP6_AUT_GROUPES;MENAGES_ENF;PHNC;PC;2;0;N;P1Y;ACPR;E;F;A
ACPR.A.BQ.RISQUES.TX_PROV.572.LU.MENAGES_ENF.PHNC._Z.TOP6_AUT_GROUPES;2021;2021-01-01;2021-12-31;36,6;2025-03-18T17:10:29+00:00;ACPR;Taux de provisionnement au Luxembourg;Taux de provisionnement au Luxembourg;TX_PROV;A;BQ;_Z;572;LU;RISQUES;TOP6_AUT_GROUPES;MENAGES_ENF;PHNC;PC;2;0;N;P1Y;ACPR;E;F;A
ACPR.A.BQ.RISQUES.CRED_CLIENT.34._Z.APU.PHNC._Z.TOP6_AUT_GROUPES;2021;2021-01-01;2021-12-31;398,96;2025-03-18T17:10:26+00:00;ACPR;Administrations publiques (crédits nets);Administrations publiques (crédits nets);CRED_CLIENT;A;BQ;_Z;34;_Z;RISQUES;TOP6_AUT_GROUPES;APU;PHNC;EUR;2;9;N;P1Y;ACPR;E;F;A
ACPR.A.BQ.RISQUES.CRED_CLIENT.34.DE.ENF.PHNC._Z.TOP6_AUT_GROUPES;2021;2021-01-01;2021-12-31;44,21;2025-03-18T17:10:27+00:00;ACPR;Crédits aux entreprises non financières - Allemagne;Crédits aux entreprises non financières - Allemagne;CRED_CLIENT;A;BQ;_Z;34;DE;RISQUES;TOP6_AUT_GROUPES;ENF;PHNC;EUR;2;9;N;P1Y;ACPR;E;F;A
ACPR.A.BQ.RISQUES.CRED_CLIENT.34.PL.ENF.PHNC._Z.TOP6_AUT_GROUPES;2021;2021-01-01;2021-12-31;20,45;2025-03-18T17:10:27+00:00;ACPR;Crédits aux entreprises non financières - Pologne;Crédits aux entreprises non financières - Pologne;CRED_CLIENT;A;BQ;_Z;34;PL;RISQUES;TOP6_AUT_GROUPES;ENF;PHNC;EUR;2;9;N;P1Y;ACPR;E;F;A
ACPR.A.BQ.RISQUES.CREDITS_BRUTS.39._Z.NACE_H.PHNC._Z.TOP6_AUT_GROUPES;2021;2021-01-01;2021-12-31;105,06;2025-03-18T17:10:27+00:00;ACPR;Crédits bruts aux entreprises du secteur du transports et entreposage;Crédits bruts aux entreprises du secteur du transports et entreposage;CREDITS_BRUTS;A;BQ;_Z;39;_Z;RISQUES;TOP6_AUT_GROUPES;NACE_H;PHNC;EUR;2;9;N;P1Y;ACPR;E;F;A
ACPR.A.BQ.RISQUES.DERIV_NOTIONNEL_GRE_GRE.47._Z.AUTRES.PHNC._Z.TOP6_AUT_GROUPES;2021;2021-01-01;2021-12-31;3862,0;2025-03-18T17:10:27+00:00;ACPR;Montant notionnels de dérivés de gré à gré avec autres contreparties;Montant notionnels de dérivés de gré à gré avec autres contreparties;DERIV_NOTIONNEL_GRE_GRE;A;BQ;_Z;47;_Z;RISQUES;TOP6_AUT_GROUPES;AUTRES;PHNC;EUR;2;9;N;P1Y;ACPR;E;F;A
ACPR.A.BQ.RISQUES.TB_FIN_NEGO_DERIVE_CREDIT10008.463._Z._Z.PHNC._Z.TOP6_AUT_GROUPES;2021;2021-01-01;2021-12-31;72,52;2025-03-18T17:10:28+00:00;ACPR;Vente de autres dérivés de crédit En notionnel;Vente de autres dérivés de crédit En notionnel;TB_FIN_NEGO_DERIVE_CREDIT10008;A;BQ;_Z;463;_Z;RISQUES;TOP6_AUT_GROUPES;_Z;PHNC;EUR;2;9;N;P1Y;ACPR;E;F;A
ACPR.A.BQ.RISQUES.CRED_CLIENT.34._Z.NACE_A.PHNC._Z.TOP6_AUT_GROUPES;2021;2021-01-01;2021-12-31;64,42;2025-03-18T17:10:26+00:00;ACPR;Crédits au secteur de l'agriculture, sylviculture et pêche;Crédits au secteur de l'agriculture, sylviculture et pêche;CRED_CLIENT;A;BQ;_Z;34;_Z;RISQUES;TOP6_AUT_GROUPES;NACE_A;PHNC;EUR;2;9;N;P1Y;ACPR;E;F;A
ACPR.A.BQ.RISQUES.DEPOTS.43._Z.MENAGES.SOLO._Z.TOTAL_SECTEUR;2021;2021-01-01;2021-12-31;1747,68;2025-03-20T09:10:29+00:00;ACPR;Dépôts des ménages;Dépôts des ménages;DEPOTS;A;BQ;_Z;43;_Z;RISQUES;TOTAL_SECTEUR;MENAGES;SOLO;EUR;2;9;N;P1Y;ACPR;E;F;A
ACPR.A.BQ.RISQUES.CREDITS_BRUTS.39._Z.NACE_M.PHNC._Z.TOP6_AUT_GROUPES;2021;2021-01-01;2021-12-31;100,11;2025-03-18T17:10:27+00:00;ACPR;Crédits bruts aux entreprises du secteur des activités spécialisées, scientifiques et techniques;Crédits bruts aux entreprises du secteur des activités spécialisées, scientifiques et techniques;CREDITS_BRUTS;A;BQ;_Z;39;_Z;RISQUES;TOP6_AUT_GROUPES;NACE_M;PHNC;EUR;2;9;N;P1Y;ACPR;E;F;A
ACPR.A.BQ.RISQUES.TX_PROV_NPL.573._Z.GE.PHNC._Z.TOP6_AUT_GROUPES;2021;2021-01-01;2021-12-31;1,46;2025-03-18T17:10:29+00:00;ACPR;Poids des provisions des prêts non performants aux grandes entreprises;Poids des provisions des prêts non performants aux grandes entreprises;TX_PROV_NPL;A;BQ;_Z;573;_Z;RISQUES;TOP6_AUT_GROUPES;GE;PHNC;PC;2;0;N;P1Y;ACPR;E;F;A
ACPR.A.BQ.RISQUES.CRED_CLIENT.34._Z.NACE_R.PHNC._Z.TOP6_AUT_GROUPES;2021;2021-01-01;2021-12-31;9,95;2025-03-18T17:10:27+00:00;ACPR;Crédits au secteur des arts, spectacles et activités récréatives;Crédits au secteur des arts, spectacles et activités récréatives;CRED_CLIENT;A;BQ;_Z;34;_Z;RISQUES;TOP6_AUT_GROUPES;NACE_R;PHNC;EUR;2;9;N;P1Y;ACPR;E;F;A
ACPR.A.BQ.RISQUES.GB_FIN_NEGO_PASSIF_9849.187._Z._Z.PHNC._Z.TOP6_AUT_GROUPES;2021;2021-01-01;2021-12-31;202,86;2025-03-18T17:10:28+00:00;ACPR;Positions courtes dans le portefeuille de négociation coté passif;Positions courtes dans le portefeuille de négociation coté passif;GB_FIN_NEGO_PASSIF_9849;A;BQ;_Z;187;_Z;RISQUES;TOP6_AUT_GROUPES;_Z;PHNC;EUR;2;9;N;P1Y;ACPR;E;F;A
ACPR.A.BQ.RISQUES.TX_PROV.572._Z.NACE_C.PHNC._Z.TOP6_AUT_GROUPES;2021;2021-01-01;2021-12-31;69,27;2025-03-18T17:10:29+00:00;ACPR;Taux de provisionnement du secteur des industrie manufacturière;Taux de provisionnement du secteur des industrie manufacturière;TX_PROV;A;BQ;_Z;572;_Z;RISQUES;TOP6_AUT_GROUPES;NACE_C;PHNC;PC;2;0;N;P1Y;ACPR;E;F;A
ACPR.A.BQ.RISQUES.TX_PROV.572._Z.PME.PHNC._Z.TOP6_AUT_GROUPES;2021;2021-01-01;2021-12-31;48,48;2025-03-18T17:10:29+00:00;ACPR;Taux de provisionnement aux PME;Taux de provisionnement aux PME;TX_PROV;A;BQ;_Z;572;_Z;RISQUES;TOP6_AUT_GROUPES;PME;PHNC;PC;2;0;N;P1Y;ACPR;E;F;A
ACPR.A.BQ.RISQUES.TX_NPL.569._Z.GE.PHNC._Z.TOP6_AUT_GROUPES;2021;2021-01-01;2021-12-31;3,0;2025-03-18T17:10:28+00:00;ACPR;Taux de prêts non performants aux grandes entreprises;Taux de prêts non performants aux grandes entreprises;TX_NPL;A;BQ;_Z;569;_Z;RISQUES;TOP6_AUT_GROUPES;GE;PHNC;PC;2;0;N;P1Y;ACPR;E;F;A
ACPR.A.BQ.RISQUES.TX_PROV.572._Z.NACE_H.PHNC._Z.TOP6_AUT_GROUPES;2021;2021-01-01;2021-12-31;49,6;2025-03-18T17:10:29+00:00;ACPR;Taux de provisionnement du secteur du transports et entreposage;Taux de provisionnement du secteur du transports et entreposage;TX_PROV;A;BQ;_Z;572;_Z;RISQUES;TOP6_AUT_GROUPES;NACE_H;PHNC;PC;2;0;N;P1Y;ACPR;E;F;A
ACPR.A.BQ.RISQUES.CREDITS_BRUTS.39._Z.NACE_G.PHNC._Z.TOP6_AUT_GROUPES;2021;2021-01-01;2021-12-31;219,64;2025-03-18T17:10:27+00:00;ACPR;Crédits bruts aux entreprises du secteur du commerce;Crédits bruts aux entreprises du secteur du commerce;CREDITS_BRUTS;A;BQ;_Z;39;_Z;RISQUES;TOP6_AUT_GROUPES;NACE_G;PHNC;EUR;2;9;N;P1Y;ACPR;E;F;A
ACPR.A.BQ.RISQUES.GB_FIN_TX_DOUT_MEN_ENF8961.39._Z.ENF.PHNC._Z.TOP6_AUT_GROUPES;2021;2021-01-01;2021-12-31;1769,77;2025-03-31T08:10:37+00:00;ACPR;Prêts et avances bruts au coût amorti du secteur bancaire français (IFRS) - entreprises non financières;Prêts et avances bruts au coût amorti du secteur bancaire français (IFRS) - entreprises non financières;GB_FIN_TX_DOUT_MEN_ENF8961;A;BQ;_Z;39;_Z;RISQUES;TOP6_AUT_GROUPES;ENF;PHNC;EUR;2;9;N;P1Y;ACPR;E;F;A
ACPR.A.BQ.RISQUES.CRED_CLIENT.34._Z._Z.PHNC._Z.TOP6_AUT_GROUPES;2021;2021-01-01;2021-12-31;5883,21;2025-03-18T17:10:26+00:00;ACPR;Crédits net du secteur bancaire français;Crédits net du secteur bancaire français;CRED_CLIENT;A;BQ;_Z;34;_Z;RISQUES;TOP6_AUT_GROUPES;_Z;PHNC;EUR;2;9;N;P1Y;ACPR;E;F;A
ACPR.A.BQ.RISQUES.CRED_TOTAL.37._Z.APU.SOLO._Z.TOTAL_SECTEUR;2021;2021-01-01;2021-12-31;183,55;2025-03-18T17:10:27+00:00;ACPR;Crédits aux administrations publiques résidentes;Crédits aux administrations publiques résidentes;CRED_TOTAL;A;BQ;_Z;37;_Z;RISQUES;TOTAL_SECTEUR;APU;SOLO;EUR;2;9;N;P1Y;ACPR;E;F;A
ACPR.A.BQ.RISQUES.LOANS_PTF_NEGO.222._Z.EC.PHNC._Z.TOP6_AUT_GROUPES;2021;2021-01-01;2021-12-31;187,32;2025-03-18T17:10:28+00:00;ACPR;Prêts aux Établissements de crédit dans le portefeuille de négociation;Prêts aux Établissements de crédit dans le portefeuille de négociation;LOANS_PTF_NEGO;A;BQ;_Z;222;_Z;RISQUES;TOP6_AUT_GROUPES;EC;PHNC;EUR;2;9;N;P1Y;ACPR;E;F;A
ACPR.A.BQ.RISQUES.TB_FIN_NEGO_DERIVES9926.476._Z._Z.PHNC._Z.TOP6_AUT_GROUPES;2021;2021-01-01;2021-12-31;150,59;2025-03-18T17:10:28+00:00;ACPR;Montant à l'actif de dérivés sur change et or;Montant à l'actif de dérivés sur change et or;TB_FIN_NEGO_DERIVES9926;A;BQ;_Z;476;_Z;RISQUES;TOP6_AUT_GROUPES;_Z;PHNC;EUR;2;9;N;P1Y;ACPR;E;F;A
ACPR.A.BQ.RISQUES.TB_FIN_NEGO_DERIVES9932.480._Z._Z.PHNC._Z.TOP6_AUT_GROUPES;2021;2021-01-01;2021-12-31;268,7;2025-03-18T17:10:28+00:00;ACPR;Montant au passif de dérivés sur taux d'intérêt;Montant au passif de dérivés sur taux d'intérêt;TB_FIN_NEGO_DERIVES9932;A;BQ;_Z;480;_Z;RISQUES;TOP6_AUT_GROUPES;_Z;PHNC;EUR;2;9;N;P1Y;ACPR;E;F;A
ACPR.A.BQ.RISQUES.TB_FIN_NEGO_VENTE_OPTION9980.496._Z._Z.PHNC._Z.TOP6_AUT_GROUPES;2021;2021-01-01;2021-12-31;3367,16;2025-03-18T17:10:28+00:00;ACPR;Ventes d'options sur Taux d'intérêt;Ventes d'options sur Taux d'intérêt;TB_FIN_NEGO_VENTE_OPTION9980;A;BQ;_Z;496;_Z;RISQUES;TOP6_AUT_GROUPES;_Z;PHNC;EUR;2;9;N;P1Y;ACPR;E;F;A
ACPR.A.BQ.RISQUES.TX_NEGO_BILAN_PASSIF.568._Z._Z.PHNC._Z.TOP6_AUT_GROUPES;2021;2021-01-01;2021-12-31;15,1;2025-10-22T14:00:30+00:00;ACPR;Part du portefeuille de négociation au passif du bilan;Part du portefeuille de négociation au passif du bilan;TX_NEGO_BILAN_PASSIF;A;BQ;_Z;568;_Z;RISQUES;TOP6_AUT_GROUPES;_Z;PHNC;PC;2;0;N;P1Y;ACPR;E;F;A
ACPR.A.BQ.RISQUES.TX_NPL.569._Z.ENF.PHNC._Z.TOP6_AUT_GROUPES;2021;2021-01-01;2021-12-31;3,47;2025-03-18T17:10:28+00:00;ACPR;Taux de prêts non performants aux entreprises non financières;Taux de prêts non performants aux entreprises non financières;TX_NPL;A;BQ;_Z;569;_Z;RISQUES;TOP6_AUT_GROUPES;ENF;PHNC;PC;2;0;N;P1Y;ACPR;E;F;A
ACPR.A.BQ.RISQUES.TX_NPL.569.US.MENAGES_ENF.PHNC._Z.TOP6_AUT_GROUPES;2021;2021-01-01;2021-12-31;1,0;2025-03-18T17:10:29+00:00;ACPR;Taux de prêts non performants aux Etats-Unis;Taux de prêts non performants aux Etats-Unis;TX_NPL;A;BQ;_Z;569;US;RISQUES;TOP6_AUT_GROUPES;MENAGES_ENF;PHNC;PC;2;0;N;P1Y;ACPR;E;F;A
ACPR.A.BQ.RISQUES.CREDITS_BRUTS_MENAGES_ENF_PAYS.40.US.MENAGES_ENF.PHNC._Z.TOP6_AUT_GROUPES;2021;2021-01-01;2021-12-31;86,06;2025-03-18T17:10:27+00:00;ACPR;Crédits bruts aux ménages et entreprises non financières aux états unis;Crédits bruts aux ménages et entreprises non financières aux Etats unis;CREDITS_BRUTS_MENAGES_ENF_PAYS;A;BQ;_Z;40;US;RISQUES;TOP6_AUT_GROUPES;MENAGES_ENF;PHNC;EUR;2;9;N;P1Y;ACPR;E;F;A
ACPR.A.BQ.RISQUES.DERIV_ACTIF_GRE_GRE.45._Z.EC.PHNC._Z.TOP6_AUT_GROUPES;2021;2021-01-01;2021-12-31;278,33;2025-03-18T17:10:27+00:00;ACPR;Montant à l'actif de dérivés de gré à gré avec établissements de crédit;Dérivés de gré à gré (Actifs) avec établissements de crédit;DERIV_ACTIF_GRE_GRE;A;BQ;_Z;45;_Z;RISQUES;TOP6_AUT_GROUPES;EC;PHNC;EUR;2;9;N;P1Y;ACPR;E;F;A
ACPR.A.BQ.RISQUES.DERIV_PASSIF_ORGA.50._Z._Z.PHNC._Z.TOP6_AUT_GROUPES;2021;2021-01-01;2021-12-31;22,53;2025-03-18T17:10:27+00:00;ACPR;Montant au passif de dérivés sur marchés organisés;Passif de dérivés sur marchés organisés;DERIV_PASSIF_ORGA;A;BQ;_Z;50;_Z;RISQUES;TOP6_AUT_GROUPES;_Z;PHNC;EUR;2;9;N;P1Y;ACPR;E;F;A
ACPR.A.BQ.RISQUES.TX_PROV.572.US.MENAGES_ENF.PHNC._Z.TOP6_AUT_GROUPES;2021;2021-01-01;2021-12-31;70,3;2025-03-18T17:10:29+00:00;ACPR;Taux de provisionnement aux Etats-Unis;Taux de provisionnement aux Etats-Unis;TX_PROV;A;BQ;_Z;572;US;RISQUES;TOP6_AUT_GROUPES;MENAGES_ENF;PHNC;PC;2;0;N;P1Y;ACPR;E;F;A
ACPR.A.BQ.RISQUES.TX_NPL.569._Z.NACE_I.PHNC._Z.TOP6_AUT_GROUPES;2021;2021-01-01;2021-12-31;9,35;2025-03-18T17:10:28+00:00;ACPR;Taux de prêts non performants du secteur de l'hébergement et restauration;Taux de prêts non performants du secteur de l'hébergement et restauration;TX_NPL;A;BQ;_Z;569;_Z;RISQUES;TOP6_AUT_GROUPES;NACE_I;PHNC;PC;2;0;N;P1Y;ACPR;E;F;A
ACPR.A.BQ.RISQUES.CRED_CLIENT.34._Z.HORS_EC_BC.PHNC._Z.TOP6_AUT_GROUPES;2021;2021-01-01;2021-12-31;4352,19;2025-03-18T17:10:26+00:00;ACPR;Crédits nets  hors EC et banques centrales;Crédits nets  hors EC et banques centrales;CRED_CLIENT;A;BQ;_Z;34;_Z;RISQUES;TOP6_AUT_GROUPES;HORS_EC_BC;PHNC;EUR;2;9;N;P1Y;ACPR;E;F;A
ACPR.A.BQ.RISQUES.CRED_CLIENT.34._Z.NACE_L.PHNC._Z.TOP6_AUT_GROUPES;2021;2021-01-01;2021-12-31;398,88;2025-03-18T17:10:27+00:00;ACPR;Crédits au secteur des activités immobilières;Crédits au secteur des activités immobilières;CRED_CLIENT;A;BQ;_Z;34;_Z;RISQUES;TOP6_AUT_GROUPES;NACE_L;PHNC;EUR;2;9;N;P1Y;ACPR;E;F;A
ACPR.A.BQ.RISQUES.DEPOTS.43._Z.HORS_EC_BC.PHNC._Z.TOP6_AUT_GROUPES;2021;2021-01-01;2021-12-31;4537,19;2025-03-18T17:10:27+00:00;ACPR;Dépôts  hors EC et banques centrales;Dépôts  hors EC et banques centrales;DEPOTS;A;BQ;_Z;43;_Z;RISQUES;TOP6_AUT_GROUPES;HORS_EC_BC;PHNC;EUR;2;9;N;P1Y;ACPR;E;F;A
ACPR.A.BQ.RISQUES.CRED_CLIENT.34._Z.BC.PHNC._Z.TOP6_AUT_GROUPES;2021;2021-01-01;2021-12-31;1251,74;2025-03-18T17:10:26+00:00;ACPR;Banques Centrales (crédits nets);Banques Centrales (crédits nets);CRED_CLIENT;A;BQ;_Z;34;_Z;RISQUES;TOP6_AUT_GROUPES;BC;PHNC;EUR;2;9;N;P1Y;ACPR;E;F;A
ACPR.A.BQ.RISQUES.TX_NPL.569._Z.NACE_D.PHNC._Z.TOP6_AUT_GROUPES;2021;2021-01-01;2021-12-31;0,94;2025-03-18T17:10:28+00:00;ACPR;Taux de prêts non performants du secteur de l'électricité, gaz, vapeur et air conditionné;Taux de prêts non performants du secteur de l'électricité, gaz, vapeur et air conditionné;TX_NPL;A;BQ;_Z;569;_Z;RISQUES;TOP6_AUT_GROUPES;NACE_D;PHNC;PC;2;0;N;P1Y;ACPR;E;F;A
ACPR.A.BQ.RISQUES.TX_PROV.572._Z.NACE_D.PHNC._Z.TOP6_AUT_GROUPES;2021;2021-01-01;2021-12-31;95,89;2025-03-18T17:10:29+00:00;ACPR;Taux de provisionnement du secteur de l'électricité, gaz, vapeur et air conditionné;Taux de provisionnement du secteur de l'électricité, gaz, vapeur et air conditionné;TX_PROV;A;BQ;_Z;572;_Z;RISQUES;TOP6_AUT_GROUPES;NACE_D;PHNC;PC;2;0;N;P1Y;ACPR;E;F;A
ACPR.A.BQ.RISQUES.CRED_EQUIP.35._Z.MENAGES.SOLO._Z.TOTAL_SECTEUR;2021;2021-01-01;2021-12-31;39,09;2025-03-18T17:10:27+00:00;ACPR;Crédits à l'équipement aux Ménages;Crédits à l'équipement aux Ménages;CRED_EQUIP;A;BQ;_Z;35;_Z;RISQUES;TOTAL_SECTEUR;MENAGES;SOLO;EUR;2;9;N;P1Y;ACPR;E;F;A
ACPR.A.BQ.RISQUES.CRED_TRESO.38._Z.APU.SOLO._Z.TOTAL_SECTEUR;2021;2021-01-01;2021-12-31;6,76;2025-03-18T17:10:27+00:00;ACPR;Crédits de trésorerie aux administrations publiques;Crédits de trésorerie aux administrations publiques;CRED_TRESO;A;BQ;_Z;38;_Z;RISQUES;TOTAL_SECTEUR;APU;SOLO;EUR;2;9;N;P1Y;ACPR;E;F;A
ACPR.A.BQ.RISQUES.TX_PROV.572._Z.NACE_S.PHNC._Z.TOP6_AUT_GROUPES;2021;2021-01-01;2021-12-31;91,77;2025-03-18T17:10:29+00:00;ACPR;Taux de provisionnement du secteur des autres activités de services;Taux de provisionnement du secteur des autres activités de services;TX_PROV;A;BQ;_Z;572;_Z;RISQUES;TOP6_AUT_GROUPES;NACE_S;PHNC;PC;2;0;N;P1Y;ACPR;E;F;A
ACPR.A.BQ.RISQUES.TX_PROV.572.DE.MENAGES_ENF.PHNC._Z.TOP6_AUT_GROUPES;2021;2021-01-01;2021-12-31;89,4;2025-03-18T17:10:29+00:00;ACPR;Taux de provisionnement en Allemagne;Taux de provisionnement en Allemagne;TX_PROV;A;BQ;_Z;572;DE;RISQUES;TOP6_AUT_GROUPES;MENAGES_ENF;PHNC;PC;2;0;N;P1Y;ACPR;E;F;A
ACPR.A.BQ.RISQUES.TB_FIN_NEGO_DERIVE_CREDIT10013.465._Z._Z.PHNC._Z.TOP6_AUT_GROUPES;2021;2021-01-01;2021-12-31;9,95;2025-03-18T17:10:28+00:00;ACPR;Contrats d'échange de risque de crédit (CDS) à l'actif;Contrats d'échange de risque de crédit (CDS) à l'actif;TB_FIN_NEGO_DERIVE_CREDIT10013;A;BQ;_Z;465;_Z;RISQUES;TOP6_AUT_GROUPES;_Z;PHNC;EUR;2;9;N;P1Y;ACPR;E;F;A
ACPR.A.BQ.RISQUES.DERIV_ACTIF_ORGA.46._Z._Z.PHNC._Z.TOP6_AUT_GROUPES;2021;2021-01-01;2021-12-31;19,25;2025-03-18T17:10:27+00:00;ACPR;Montant à l'actif de dérivés sur marchés organisés;Dérivés sur marchés organisés (Actif);DERIV_ACTIF_ORGA;A;BQ;_Z;46;_Z;RISQUES;TOP6_AUT_GROUPES;_Z;PHNC;EUR;2;9;N;P1Y;ACPR;E;F;A
ACPR.A.BQ.RISQUES.DT_PL_PTF_NEGO.58._Z.EF.PHNC._Z.TOP6_AUT_GROUPES;2021;2021-01-01;2021-12-31;321,4;2025-03-18T17:10:27+00:00;ACPR;Dépôts et titres des autres entreprises financières donnés en pension livrée du portefeuille de négociation;Dépôts et titres des autres entreprises financières donnés en pension livrée du portefeuille de négociation;DT_PL_PTF_NEGO;A;BQ;_Z;58;_Z;RISQUES;TOP6_AUT_GROUPES;EF;PHNC;EUR;2;9;N;P1Y;ACPR;E;F;A
ACPR.A.BQ.RISQUES.DT_PL_PTF_NEGO.58._Z.ENF.PHNC._Z.TOP6_AUT_GROUPES;2021;2021-01-01;2021-12-31;51,73;2025-03-18T17:10:27+00:00;ACPR;Dépôts et titres des entreprises non financières donnés en pension livrée du portefeuille de négociation;Dépôts et titres des entreprises non financières donnés en pension livrée du portefeuille de négociation;DT_PL_PTF_NEGO;A;BQ;_Z;58;_Z;RISQUES;TOP6_AUT_GROUPES;ENF;PHNC;EUR;2;9;N;P1Y;ACPR;E;F;A
ACPR.A.BQ.RISQUES.LOANS_PTF_NEGO.222._Z.APU.PHNC._Z.TOP6_AUT_GROUPES;2021;2021-01-01;2021-12-31;17,84;2025-03-18T17:10:28+00:00;ACPR;Prêts aux Administrations publiques dans le portefeuille de négociation;Prêts aux Administrations publiques dans le portefeuille de négociation;LOANS_PTF_NEGO;A;BQ;_Z;222;_Z;RISQUES;TOP6_AUT_GROUPES;APU;PHNC;EUR;2;9;N;P1Y;ACPR;E;F;A
ACPR.A.BQ.RISQUES.TB_FIN_NEGO_DERIVE_CREDIT10000.458._Z._Z.PHNC._Z.TOP6_AUT_GROUPES;2021;2021-01-01;2021-12-31;566,32;2025-03-18T17:10:28+00:00;ACPR;Achats de contrats d'échange de risque de crédit (CDS) En notionnel;Achats de contrats d'échange de risque de crédit (CDS) En notionnel;TB_FIN_NEGO_DERIVE_CREDIT10000;A;BQ;_Z;458;_Z;RISQUES;TOP6_AUT_GROUPES;_Z;PHNC;EUR;2;9;N;P1Y;ACPR;E;F;A
ACPR.A.BQ.RISQUES.TB_FIN_NEGO_DERIVES9927.477._Z._Z.PHNC._Z.TOP6_AUT_GROUPES;2021;2021-01-01;2021-12-31;10,67;2025-03-18T17:10:28+00:00;ACPR;Montant à l'actif de dérivés sur crédit;Montant à l'actif de dérivés sur crédit;TB_FIN_NEGO_DERIVES9927;A;BQ;_Z;477;_Z;RISQUES;TOP6_AUT_GROUPES;_Z;PHNC;EUR;2;9;N;P1Y;ACPR;E;F;A
ACPR.A.BQ.RISQUES.TB_FIN_NEGO_PART_BILAN9839.486._Z._Z.PHNC._Z.TOP6_AUT_GROUPES;2021;2021-01-01;2021-12-31;1503,9;2025-03-18T17:10:28+00:00;ACPR;Portefeuille de négociation - Actif;Portefeuille de négociation - Actif;TB_FIN_NEGO_PART_BILAN9839;A;BQ;_Z;486;_Z;RISQUES;TOP6_AUT_GROUPES;_Z;PHNC;EUR;2;9;N;P1Y;ACPR;E;F;A
ACPR.A.BQ.RISQUES.TX_NPL.569._Z.NACE_K.PHNC._Z.TOP6_AUT_GROUPES;2021;2021-01-01;2021-12-31;2,32;2025-03-18T17:10:28+00:00;ACPR;Taux de prêts non performants du secteur des activité financières et d'assurance;Taux de prêts non performants du secteur des activité financières et d'assurance;TX_NPL;A;BQ;_Z;569;_Z;RISQUES;TOP6_AUT_GROUPES;NACE_K;PHNC;PC;2;0;N;P1Y;ACPR;E;F;A
ACPR.A.BQ.RISQUES.TB_FIN_NEGO_DERIVES9931.479._Z._Z.PHNC._Z.TOP6_AUT_GROUPES;2021;2021-01-01;2021-12-31;1,19;2025-03-18T17:10:28+00:00;ACPR;Montant à l'actif de dérivés sur autres produits;Montant à l'actif de dérivés sur autres produits;TB_FIN_NEGO_DERIVES9931;A;BQ;_Z;479;_Z;RISQUES;TOP6_AUT_GROUPES;_Z;PHNC;EUR;2;9;N;P1Y;ACPR;E;F;A
ACPR.A.BQ.RISQUES.CRED_CLIENT.34._Z.EC.PHNC._Z.TOP6_AUT_GROUPES;2021;2021-01-01;2021-12-31;279,29;2025-03-18T17:10:26+00:00;ACPR;Établissements de crédit (crédits nets);Établissements de crédit (crédits nets);CRED_CLIENT;A;BQ;_Z;34;_Z;RISQUES;TOP6_AUT_GROUPES;EC;PHNC;EUR;2;9;N;P1Y;ACPR;E;F;A
ACPR.A.BQ.RISQUES.TX_NPL.569.PL.MENAGES_ENF.PHNC._Z.TOP6_AUT_GROUPES;2021;2021-01-01;2021-12-31;4,0;2025-03-18T17:10:29+00:00;ACPR;Taux de prêts non performants en Pologne;Taux de prêts non performants en Pologne;TX_NPL;A;BQ;_Z;569;PL;RISQUES;TOP6_AUT_GROUPES;MENAGES_ENF;PHNC;PC;2;0;N;P1Y;ACPR;E;F;A
ACPR.A.BQ.RISQUES.CRED_AFF.31._Z.SNF.SOLO._Z.TOTAL_SECTEUR;2020;2020-01-01;2020-12-31;35,59;2025-03-18T17:10:26+00:00;ACPR;Affacturage aux sociétés non financières;Affacturage aux sociétés non financières;CRED_AFF;A;BQ;_Z;31;_Z;RISQUES;TOTAL_SECTEUR;SNF;SOLO;EUR;2;9;N;P1Y;ACPR;E;F;A
ACPR.A.BQ.RISQUES.TB_FIN_NEGO_DERIVE_CREDIT10016.468._Z._Z.PHNC._Z.TOP6_AUT_GROUPES;2020;2020-01-01;2020-12-31;0,0;2025-03-18T17:10:28+00:00;ACPR;Options sur écart de crédit (Credit spread options) au passif;Options sur écart de crédit (Credit spread options) au passif;TB_FIN_NEGO_DERIVE_CREDIT10016;A;BQ;_Z;468;_Z;RISQUES;TOP6_AUT_GROUPES;_Z;PHNC;EUR;2;9;N;P1Y;ACPR;E;F;A
ACPR.A.BQ.RISQUES.CRED_CLIENT.34.BE.ENF.PHNC._Z.TOP6_AUT_GROUPES;2020;2020-01-01;2020-12-31;53,58;2025-03-18T17:10:27+00:00;ACPR;Crédits aux entreprises non financières - Belgique;Crédits aux entreprises non financières - Belgique;CRED_CLIENT;A;BQ;_Z;34;BE;RISQUES;TOP6_AUT_GROUPES;ENF;PHNC;EUR;2;9;N;P1Y;ACPR;E;F;A
ACPR.A.BQ.RISQUES.CREDITS_BRUTS.39._Z.NACE_O.PHNC._Z.TOP6_AUT_GROUPES;2020;2020-01-01;2020-12-31;5,0;2025-03-18T17:10:27+00:00;ACPR;Crédits bruts aux entreprises du secteur de l'administration publique;Crédits bruts aux entreprises du secteur de l'administration publique;CREDITS_BRUTS;A;BQ;_Z;39;_Z;RISQUES;TOP6_AUT_GROUPES;NACE_O;PHNC;EUR;2;9;N;P1Y;ACPR;E;F;A
ACPR.A.BQ.RISQUES.TX_PROV.572._Z.NACE_A.PHNC._Z.TOP6_AUT_GROUPES;2020;2020-01-01;2020-12-31;74,54;2025-03-18T17:10:29+00:00;ACPR;Taux de provisionnement du secteur de l'agriculture, sylviculture et pêche;Taux de provisionnement du secteur de l'agriculture, sylviculture et pêche;TX_PROV;A;BQ;_Z;572;_Z;RISQUES;TOP6_AUT_GROUPES;NACE_A;PHNC;PC;2;0;N;P1Y;ACPR;E;F;A
ACPR.A.BQ.RISQUES.CRED_BAIL.33._Z.SNF.SOLO._Z.TOTAL_SECTEUR;2020;2020-01-01;2020-12-31;75,62;2025-03-18T17:10:26+00:00;ACPR;Crédit-bail et opérations assimilées aux sociétés non financières;Crédit-bail et opérations assimilées aux sociétés non financières;CRED_BAIL;A;BQ;_Z;33;_Z;RISQUES;TOTAL_SECTEUR;SNF;SOLO;EUR;2;9;N;P1Y;ACPR;E;F;A
ACPR.A.BQ.RISQUES.CRED_CLIENT.34._Z.NACE_K.PHNC._Z.TOP6_AUT_GROUPES;2020;2020-01-01;2020-12-31;109,89;2025-03-18T17:10:27+00:00;ACPR;Crédits au secteur de l'activité financières et d'assurance;Crédits au secteur de l'activité financières et d'assurance;CRED_CLIENT;A;BQ;_Z;34;_Z;RISQUES;TOP6_AUT_GROUPES;NACE_K;PHNC;EUR;2;9;N;P1Y;ACPR;E;F;A
ACPR.A.BQ.RISQUES.DERIV_PASSIF_GRE_GRE.49._Z._Z.PHNC._Z.TOP6_AUT_GROUPES;2020;2020-01-01;2020-12-31;622,8;2025-03-18T17:10:27+00:00;ACPR;Montant au passif de dérivés de gré à gré;Passif de dérivés de gré à gré;DERIV_PASSIF_GRE_GRE;A;BQ;_Z;49;_Z;RISQUES;TOP6_AUT_GROUPES;_Z;PHNC;EUR;2;9;N;P1Y;ACPR;E;F;A
ACPR.A.BQ.RISQUES.TX_PROV.572._Z.NACE_L.PHNC._Z.TOP6_AUT_GROUPES;2020;2020-01-01;2020-12-31;69,58;2025-03-18T17:10:29+00:00;ACPR;Taux de provisionnement du secteur des activités immobilières;Taux de provisionnement du secteur des activités immobilières;TX_PROV;A;BQ;_Z;572;_Z;RISQUES;TOP6_AUT_GROUPES;NACE_L;PHNC;PC;2;0;N;P1Y;ACPR;E;F;A
ACPR.A.BQ.RISQUES.S3_ENFCA_BASE100.662._Z.ENF.PHNC._Z.TOP6_AUT_GROUPES;2020;2020-01-01;2020-12-31;108,11;2025-10-22T14:00:31+00:00;ACPR;Encours de prêts et avances (brut comptable) aux entreprises non financières en stade 3 - coût amorti - base 100;Encours de prêts et avances (brut comptable) aux entreprises non financières en stade 3 - coût amorti - base 100;S3_ENFCA_BASE100;A;BQ;_Z;662;_Z;RISQUES;TOP6_AUT_GROUPES;ENF;PHNC;PC;2;0;N;P1Y;ACPR;E;F;A
ACPR.A.BQ.RISQUES.S3_MCA.662._Z.MENAGES.PHNC._Z.TOP6_AUT_GROUPES;2020;2020-01-01;2020-12-31;47,95;2025-03-31T08:10:38+00:00;ACPR;Encours de prêts et avances (brut comptable) aux ménages en stade 3 - coût amorti;Encours de prêts et avances (brut comptable) aux ménages en stade 3 - coût amorti;S3_MCA;A;BQ;_Z;662;_Z;RISQUES;TOP6_AUT_GROUPES;MENAGES;PHNC;EUR;2;9;N;P1Y;ACPR;E;F;A
ACPR.A.BQ.RISQUES.CRED_TRESO.38._Z._Z.SOLO._Z.TOTAL_SECTEUR;2020;2020-01-01;2020-12-31;415,66;2025-10-22T14:00:28+00:00;ACPR;Crédits de trésorerie à l'ensemble de la clientèle non financière;Crédits de trésorerie à l'ensemble de la clientèle non financière;CRED_TRESO;A;BQ;_Z;38;_Z;RISQUES;TOTAL_SECTEUR;_Z;SOLO;EUR;2;9;N;P1Y;ACPR;E;F;A
ACPR.A.BQ.RISQUES.GB_FIN_TX_DOUT_MEN_ENF8963.39._Z.GE.PHNC._Z.TOP6_AUT_GROUPES;2020;2020-01-01;2020-12-31;920,24;2025-03-31T08:10:37+00:00;ACPR;Prêts et avances bruts au coût amorti du secteur bancaire français (IFRS) - grandes entreprises;Prêts et avances bruts au coût amorti du secteur bancaire français (IFRS) - grandes entreprises;GB_FIN_TX_DOUT_MEN_ENF8963;A;BQ;_Z;39;_Z;RISQUES;TOP6_AUT_GROUPES;GE;PHNC;EUR;2;9;N;P1Y;ACPR;E;F;A
ACPR.A.BQ.RISQUES.GB_FIN_TX_DOUT_MEN_ENF8962.39._Z.PME.PHNC._Z.TOP6_AUT_GROUPES;2020;2020-01-01;2020-12-31;766,77;2025-03-31T08:10:37+00:00;ACPR;Prêts et avances bruts au coût amorti du secteur bancaire français (IFRS) - PME;Prêts et avances bruts au coût amorti du secteur bancaire français (IFRS) - PME;GB_FIN_TX_DOUT_MEN_ENF8962;A;BQ;_Z;39;_Z;RISQUES;TOP6_AUT_GROUPES;PME;PHNC;EUR;2;9;N;P1Y;ACPR;E;F;A
ACPR.A.BQ.RISQUES.S2_ENFCA_BASE100.661._Z.ENF.PHNC._Z.TOP6_AUT_GROUPES;2020;2020-01-01;2020-12-31;154,5;2025-10-22T14:00:31+00:00;ACPR;Encours de prêts et avances (brut comptable) aux entreprises non financières en stade 2 - coût amorti - base 100;Encours de prêts et avances (brut comptable) aux entreprises non financières en stade 2 - coût amorti - base 100;S2_ENFCA_BASE100;A;BQ;_Z;661;_Z;RISQUES;TOP6_AUT_GROUPES;ENF;PHNC;PC;2;0;N;P1Y;ACPR;E;F;A
ACPR.A.BQ.RISQUES.OBLIG_PTF_NEGO.238._Z.EC.PHNC._Z.TOP6_AUT_GROUPES;2020;2020-01-01;2020-12-31;16,47;2025-03-18T17:10:28+00:00;ACPR;Titre de créances émis par les établissements de crédit dans le portefeuille de négociation;Titre de créances émis par les établissements de crédit dans le portefeuille de négociation;OBLIG_PTF_NEGO;A;BQ;_Z;238;_Z;RISQUES;TOP6_AUT_GROUPES;EC;PHNC;EUR;2;9;N;P1Y;ACPR;E;F;A
ACPR.A.BQ.RISQUES.CREDITS_BRUTS_MENAGES_ENF_PAYS.40.FR.MENAGES_ENF.PHNC._Z.TOP6_AUT_GROUPES;2020;2020-01-01;2020-12-31;2361,32;2025-03-18T17:10:27+00:00;ACPR;Crédits bruts aux ménages et entreprises non financières en France;Crédits bruts aux ménages et entreprises non financières en France;CREDITS_BRUTS_MENAGES_ENF_PAYS;A;BQ;_Z;40;FR;RISQUES;TOP6_AUT_GROUPES;MENAGES_ENF;PHNC;EUR;2;9;N;P1Y;ACPR;E;F;A
ACPR.A.BQ.RISQUES.GB_FIN_NEGO_ACTIF_9847.183._Z._Z.PHNC._Z.TOP6_AUT_GROUPES;2020;2020-01-01;2020-12-31;605,61;2025-03-18T17:10:28+00:00;ACPR;Prêts et avances yc les operations de pensions sur titres coté actif;Prêts et avances yc les operations de pensions sur titres coté actif;GB_FIN_NEGO_ACTIF_9847;A;BQ;_Z;183;_Z;RISQUES;TOP6_AUT_GROUPES;_Z;PHNC;EUR;2;9;N;P1Y;ACPR;E;F;A
ACPR.A.BQ.RISQUES.LOANS_PTF_NEGO.222._Z.EC.PHNC._Z.TOP6_AUT_GROUPES;2020;2020-01-01;2020-12-31;207,25;2025-03-18T17:10:28+00:00;ACPR;Prêts aux Établissements de crédit dans le portefeuille de négociation;Prêts aux Établissements de crédit dans le portefeuille de négociation;LOANS_PTF_NEGO;A;BQ;_Z;222;_Z;RISQUES;TOP6_AUT_GROUPES;EC;PHNC;EUR;2;9;N;P1Y;ACPR;E;F;A
ACPR.A.BQ.RISQUES.RATIO_CREDEP.363._Z.HORS_EC_BC.PHNC._Z.TOP6_AUT_GROUPES;2020;2020-01-01;2020-12-31;95,6;2025-03-18T17:10:28+00:00;ACPR;Ratio crédits / Dépôts  hors EC et banques centrales;Ratio crédits / Dépôts  hors EC et banques centrales;RATIO_CREDEP;A;BQ;_Z;363;_Z;RISQUES;TOP6_AUT_GROUPES;HORS_EC_BC;PHNC;PC;2;9;N;P1Y;ACPR;E;F;A
ACPR.A.BQ.RISQUES.TB_FIN_NEGO_DERIVE_CREDIT10017.469._Z._Z.PHNC._Z.TOP6_AUT_GROUPES;2020;2020-01-01;2020-12-31;0,11;2025-03-18T17:10:28+00:00;ACPR;Dérivés de crédit sur transfert de rendement (Total return swaps) à l'actif;Dérivés de crédit sur transfert de rendement (Total return swaps) à l'actif;TB_FIN_NEGO_DERIVE_CREDIT10017;A;BQ;_Z;469;_Z;RISQUES;TOP6_AUT_GROUPES;_Z;PHNC;EUR;2;9;N;P1Y;ACPR;E;F;A
ACPR.A.BQ.RISQUES.TB_FIN_NEGO_DERIVES9932.480._Z._Z.PHNC._Z.TOP6_AUT_GROUPES;2020;2020-01-01;2020-12-31;396,83;2025-03-18T17:10:28+00:00;ACPR;Montant au passif de dérivés sur taux d'intérêt;Montant au passif de dérivés sur taux d'intérêt;TB_FIN_NEGO_DERIVES9932;A;BQ;_Z;480;_Z;RISQUES;TOP6_AUT_GROUPES;_Z;PHNC;EUR;2;9;N;P1Y;ACPR;E;F;A
ACPR.A.BQ.RISQUES.TB_FIN_NEGO_DERIVES9936.484._Z._Z.PHNC._Z.TOP6_AUT_GROUPES;2020;2020-01-01;2020-12-31;4,85;2025-03-18T17:10:28+00:00;ACPR;Montant au passif de dérivés sur matières premières;Montant au passif de dérivés sur matières premières;TB_FIN_NEGO_DERIVES9936;A;BQ;_Z;484;_Z;RISQUES;TOP6_AUT_GROUPES;_Z;PHNC;EUR;2;9;N;P1Y;ACPR;E;F;A
ACPR.A.BQ.RISQUES.TX_NPL.569._Z.NACE_J.PHNC._Z.TOP6_AUT_GROUPES;2020;2020-01-01;2020-12-31;3,22;2025-03-18T17:10:28+00:00;ACPR;Taux de prêts non performants du secteur de l'information et communication;Taux de prêts non performants du secteur de l'information et communication;TX_NPL;A;BQ;_Z;569;_Z;RISQUES;TOP6_AUT_GROUPES;NACE_J;PHNC;PC;2;0;N;P1Y;ACPR;E;F;A
ACPR.A.BQ.RISQUES.TX_NPL.569._Z.PME.PHNC._Z.TOP6_AUT_GROUPES;2020;2020-01-01;2020-12-31;4,38;2025-03-18T17:10:29+00:00;ACPR;Taux de prêts non performants aux PME;Taux de prêts non performants aux PME;TX_NPL;A;BQ;_Z;569;_Z;RISQUES;TOP6_AUT_GROUPES;PME;PHNC;PC;2;0;N;P1Y;ACPR;E;F;A
ACPR.A.BQ.RISQUES.TX_PROV.572._Z.NACE_F.PHNC._Z.TOP6_AUT_GROUPES;2020;2020-01-01;2020-12-31;67,62;2025-03-18T17:10:29+00:00;ACPR;Taux de provisionnement du secteur de la construction;Taux de provisionnement du secteur de la construction;TX_PROV;A;BQ;_Z;572;_Z;RISQUES;TOP6_AUT_GROUPES;NACE_F;PHNC;PC;2;0;N;P1Y;ACPR;E;F;A
ACPR.A.BQ.RISQUES.TX_NPL.569._Z.MENAGES.PHNC._Z.TOP6_AUT_GROUPES;2020;2020-01-01;2020-12-31;2,63;2025-03-18T17:10:28+00:00;ACPR;Taux de prêts non performants aux ménages;Taux de prêts non performants aux ménages;TX_NPL;A;BQ;_Z;569;_Z;RISQUES;TOP6_AUT_GROUPES;MENAGES;PHNC;PC;2;0;N;P1Y;ACPR;E;F;A
ACPR.A.BQ.RISQUES.TX_PROV.572._Z.MENAGES_ENF.PHNC._Z.TOP6_AUT_GROUPES;2020;2020-01-01;2020-12-31;48,9;2025-03-18T17:10:29+00:00;ACPR;Taux de provisionnement aux ménages et aux entreprises non financières;Taux de provisionnement aux ménages et aux entreprises non financières;TX_PROV;A;BQ;_Z;572;_Z;RISQUES;TOP6_AUT_GROUPES;MENAGES_ENF;PHNC;PC;2;0;N;P1Y;ACPR;E;F;A
ACPR.A.BQ.RISQUES.TB_FIN_NEGO_DERIVES9918.585._Z._Z.PHNC._Z._Z;2020;2020-01-01;2020-12-31;2377,94;2025-09-17T10:00:30+00:00;ACPR;Montants notionnels de dérivés sur actions;Montants notionnels de dérivés sur actions;TB_FIN_NEGO_DERIVES9918;A;BQ;_Z;585;_Z;RISQUES;_Z;_Z;PHNC;EUR;2;9;N;P1Y;ACPR;E;F;A
ACPR.A.BQ.RISQUES.TB_FIN_NEGO_DERIVE_CREDIT10014.466._Z._Z.PHNC._Z.TOP6_AUT_GROUPES;2020;2020-01-01;2020-12-31;11,14;2025-03-18T17:10:28+00:00;ACPR;Contrats d'échange de risque de crédit (CDS) au passif;Contrats d'échange de risque de crédit (CDS) au passif;TB_FIN_NEGO_DERIVE_CREDIT10014;A;BQ;_Z;466;_Z;RISQUES;TOP6_AUT_GROUPES;_Z;PHNC;EUR;2;9;N;P1Y;ACPR;E;F;A
ACPR.A.BQ.RISQUES.TB_FIN_NEGO_DERIVES9933.481._Z._Z.PHNC._Z.TOP6_AUT_GROUPES;2020;2020-01-01;2020-12-31;91,68;2025-03-18T17:10:28+00:00;ACPR;Montant au passif de dérivés sur actions;Montant au passif de dérivés sur actions;TB_FIN_NEGO_DERIVES9933;A;BQ;_Z;481;_Z;RISQUES;TOP6_AUT_GROUPES;_Z;PHNC;EUR;2;9;N;P1Y;ACPR;E;F;A
ACPR.A.BQ.RISQUES.TX_NPL.569.FR.MENAGES_ENF.PHNC._Z.TOP6_AUT_GROUPES;2020;2020-01-01;2020-12-31;3,0;2025-03-18T17:10:29+00:00;ACPR;Taux de prêts non performants en France;Taux de prêts non performants en France;TX_NPL;A;BQ;_Z;569;FR;RISQUES;TOP6_AUT_GROUPES;MENAGES_ENF;PHNC;PC;2;0;N;P1Y;ACPR;E;F;A
ACPR.A.BQ.RISQUES.DEPOTS.43._Z.APU.SOLO._Z.TOTAL_SECTEUR;2020;2020-01-01;2020-12-31;24,88;2025-03-20T09:10:29+00:00;ACPR;Dépôts des administrations publiques;Dépôts des administrations publiques;DEPOTS;A;BQ;_Z;43;_Z;RISQUES;TOTAL_SECTEUR;APU;SOLO;EUR;2;9;N;P1Y;ACPR;E;F;A
ACPR.A.BQ.RISQUES.DEPOTS.43._Z.SNF.SOLO._Z.TOTAL_SECTEUR;2020;2020-01-01;2020-12-31;718,97;2025-03-20T09:10:29+00:00;ACPR;Dépôts des sociétés non financières;Dépôts des sociétés non financières;DEPOTS;A;BQ;_Z;43;_Z;RISQUES;TOTAL_SECTEUR;SNF;SOLO;EUR;2;9;N;P1Y;ACPR;E;F;A
ACPR.A.BQ.RISQUES.CRED_EQUIP.35._Z.APU.SOLO._Z.TOTAL_SECTEUR;2020;2020-01-01;2020-12-31;150,06;2025-03-18T17:10:27+00:00;ACPR;Crédits à l'équipement aux administrations publiques;Crédits à l'équipement aux administrations publiques;CRED_EQUIP;A;BQ;_Z;35;_Z;RISQUES;TOTAL_SECTEUR;APU;SOLO;EUR;2;9;N;P1Y;ACPR;E;F;A
ACPR.A.BQ.RISQUES.TX_PROV.572._Z.NACE_K.PHNC._Z.TOP6_AUT_GROUPES;2020;2020-01-01;2020-12-31;85,61;2025-03-18T17:10:29+00:00;ACPR;Taux de provisionnement du secteur des activité financières et d'assurance;Taux de provisionnement du secteur des activité financières et d'assurance;TX_PROV;A;BQ;_Z;572;_Z;RISQUES;TOP6_AUT_GROUPES;NACE_K;PHNC;PC;2;0;N;P1Y;ACPR;E;F;A
ACPR.A.BQ.RISQUES.ACT_PTF_NEGO.3._Z.EC.PHNC._Z.TOP6_AUT_GROUPES;2020;2020-01-01;2020-12-31;14,67;2025-03-18T17:10:26+00:00;ACPR;Instruments de capitaux propres des établissements de crédit dans le portefeuille de négociation;Instruments de capitaux propres des établissements de crédit dans le portefeuille de négociation;ACT_PTF_NEGO;A;BQ;_Z;3;_Z;RISQUES;TOP6_AUT_GROUPES;EC;PHNC;EUR;2;9;N;P1Y;ACPR;E;F;A
ACPR.A.BQ.RISQUES.CRED_AUT.32._Z.APU.SOLO._Z.TOTAL_SECTEUR;2020;2020-01-01;2020-12-31;9,97;2025-03-18T17:10:26+00:00;ACPR;Autres crédits aux administrations publiques;Autres crédits aux administrations publiques;CRED_AUT;A;BQ;_Z;32;_Z;RISQUES;TOTAL_SECTEUR;APU;SOLO;EUR;2;9;N;P1Y;ACPR;E;F;A
ACPR.A.BQ.RISQUES.CRED_AUT.32._Z.SNF.SOLO._Z.TOTAL_SECTEUR;2020;2020-01-01;2020-12-31;42,14;2025-03-18T17:10:26+00:00;ACPR;Autres crédits aux sociétés non financières;Autres crédits aux sociétés non financières;CRED_AUT;A;BQ;_Z;32;_Z;RISQUES;TOTAL_SECTEUR;SNF;SOLO;EUR;2;9;N;P1Y;ACPR;E;F;A
ACPR.A.BQ.RISQUES.CRED_CLIENT.34._Z.NACE_I.PHNC._Z.TOP6_AUT_GROUPES;2020;2020-01-01;2020-12-31;40,45;2025-03-18T17:10:26+00:00;ACPR;Crédits au secteur de l'hébergement et restauration;Crédits au secteur de l'hébergement et restauration;CRED_CLIENT;A;BQ;_Z;34;_Z;RISQUES;TOP6_AUT_GROUPES;NACE_I;PHNC;EUR;2;9;N;P1Y;ACPR;E;F;A
ACPR.A.BQ.RISQUES.CRED_CLIENT.34._Z.NACE_S.PHNC._Z.TOP6_AUT_GROUPES;2020;2020-01-01;2020-12-31;81,18;2025-03-18T17:10:27+00:00;ACPR;Crédits au secteur des autres activités de services;Crédits au secteur des autres activités de services;CRED_CLIENT;A;BQ;_Z;34;_Z;RISQUES;TOP6_AUT_GROUPES;NACE_S;PHNC;EUR;2;9;N;P1Y;ACPR;E;F;A
ACPR.A.BQ.RISQUES.CRED_CLIENT.34.DE.MENAGES.PHNC._Z.TOP6_AUT_GROUPES;2020;2020-01-01;2020-12-31;50,3;2025-03-18T17:10:27+00:00;ACPR;Crédits aux ménages - Allemagne;Crédits aux ménages - Allemagne;CRED_CLIENT;A;BQ;_Z;34;DE;RISQUES;TOP6_AUT_GROUPES;MENAGES;PHNC;EUR;2;9;N;P1Y;ACPR;E;F;A
ACPR.A.BQ.RISQUES.CRED_CLIENT.34._Z.BC.PHNC._Z.TOP6_AUT_GROUPES;2020;2020-01-01;2020-12-31;1073,47;2025-03-18T17:10:26+00:00;ACPR;Banques Centrales (crédits nets);Banques Centrales (crédits nets);CRED_CLIENT;A;BQ;_Z;34;_Z;RISQUES;TOP6_AUT_GROUPES;BC;PHNC;EUR;2;9;N;P1Y;ACPR;E;F;A
ACPR.A.BQ.RISQUES.CRED_CLIENT.34.LU.MENAGES.PHNC._Z.TOP6_AUT_GROUPES;2020;2020-01-01;2020-12-31;9,9;2025-03-18T17:10:27+00:00;ACPR;Crédits aux ménages - Luxembourg;Crédits aux ménages - Luxembourg;CRED_CLIENT;A;BQ;_Z;34;LU;RISQUES;TOP6_AUT_GROUPES;MENAGES;PHNC;EUR;2;9;N;P1Y;ACPR;E;F;A
ACPR.A.BQ.RISQUES.DEPOTS.43._Z._Z.SOLO._Z.TOTAL_SECTEUR;2020;2020-01-01;2020-12-31;2388,44;2025-03-20T09:10:29+00:00;ACPR;Dépôts de la clientèle non financière;Dépôts de la clientèle non financière;DEPOTS;A;BQ;_Z;43;_Z;RISQUES;TOTAL_SECTEUR;_Z;SOLO;EUR;2;9;N;P1Y;ACPR;E;F;A
ACPR.A.BQ.RISQUES.TB_FIN_NEGO_DERIVE_CREDIT10013.465._Z._Z.PHNC._Z.TOP6_AUT_GROUPES;2020;2020-01-01;2020-12-31;10,65;2025-03-18T17:10:28+00:00;ACPR;Contrats d'échange de risque de crédit (CDS) à l'actif;Contrats d'échange de risque de crédit (CDS) à l'actif;TB_FIN_NEGO_DERIVE_CREDIT10013;A;BQ;_Z;465;_Z;RISQUES;TOP6_AUT_GROUPES;_Z;PHNC;EUR;2;9;N;P1Y;ACPR;E;F;A
ACPR.A.BQ.RISQUES.TX_NPL.569._Z.NACE_P.PHNC._Z.TOP6_AUT_GROUPES;2020;2020-01-01;2020-12-31;3,34;2025-03-18T17:10:29+00:00;ACPR;Taux de prêts non performants du secteur de l'enseignement;Taux de prêts non performants du secteur de l'enseignement;TX_NPL;A;BQ;_Z;569;_Z;RISQUES;TOP6_AUT_GROUPES;NACE_P;PHNC;PC;2;0;N;P1Y;ACPR;E;F;A
ACPR.A.BQ.RISQUES.TX_NPL.569._Z.NACE_L.PHNC._Z.TOP6_AUT_GROUPES;2020;2020-01-01;2020-12-31;2,47;2025-03-18T17:10:29+00:00;ACPR;Taux de prêts non performants du secteur des activités immobilières;Taux de prêts non performants du secteur des activités immobilières;TX_NPL;A;BQ;_Z;569;_Z;RISQUES;TOP6_AUT_GROUPES;NACE_L;PHNC;PC;2;0;N;P1Y;ACPR;E;F;A
ACPR.A.BQ.RISQUES.TX_NPL.569.IT.MENAGES_ENF.PHNC._Z.TOP6_AUT_GROUPES;2020;2020-01-01;2020-12-31;7,0;2025-03-18T17:10:29+00:00;ACPR;Taux de prêts non performants en Italie;Taux de prêts non performants en Italie;TX_NPL;A;BQ;_Z;569;IT;RISQUES;TOP6_AUT_GROUPES;MENAGES_ENF;PHNC;PC;2;0;N;P1Y;ACPR;E;F;A
ACPR.A.BQ.RISQUES.DERIV_PASSIF_GRE_GRE.49._Z.AUTRES.PHNC._Z.TOP6_AUT_GROUPES;2020;2020-01-01;2020-12-31;86,05;2025-03-18T17:10:27+00:00;ACPR;Montant au passif de dérivés de gré à gré avec autres contreparties;Passif de dérivés de gré à gré avec autres contreparties;DERIV_PASSIF_GRE_GRE;A;BQ;_Z;49;_Z;RISQUES;TOP6_AUT_GROUPES;AUTRES;PHNC;EUR;2;9;N;P1Y;ACPR;E;F;A
ACPR.A.BQ.RISQUES.TX_PROV.572.CH.MENAGES_ENF.PHNC._Z.TOP6_AUT_GROUPES;2020;2020-01-01;2020-12-31;52,0;2025-03-18T17:10:29+00:00;ACPR;Taux de provisionnement en Suisse;Taux de provisionnement en Suisse;TX_PROV;A;BQ;_Z;572;CH;RISQUES;TOP6_AUT_GROUPES;MENAGES_ENF;PHNC;PC;2;0;N;P1Y;ACPR;E;F;A
ACPR.A.BQ.RISQUES.CREDITS_BRUTS.39._Z.NACE_G.PHNC._Z.TOP6_AUT_GROUPES;2020;2020-01-01;2020-12-31;217,98;2025-03-18T17:10:27+00:00;ACPR;Crédits bruts aux entreprises du secteur du commerce;Crédits bruts aux entreprises du secteur du commerce;CREDITS_BRUTS;A;BQ;_Z;39;_Z;RISQUES;TOP6_AUT_GROUPES;NACE_G;PHNC;EUR;2;9;N;P1Y;ACPR;E;F;A
ACPR.A.BQ.RISQUES.DEPOTS.43._Z.MENAGES_ENF.PHNC._Z.TOP6_AUT_GROUPES;2020;2020-01-01;2020-12-31;3359,61;2025-03-18T17:10:27+00:00;ACPR;Dépôts  aux entreprises non financières et aux ménages;Dépôts  aux entreprises non financières et aux ménages;DEPOTS;A;BQ;_Z;43;_Z;RISQUES;TOP6_AUT_GROUPES;MENAGES_ENF;PHNC;EUR;2;9;N;P1Y;ACPR;E;F;A
ACPR.A.BQ.RISQUES.CRED_CLIENT.34._Z.NACE_E.PHNC._Z.TOP6_AUT_GROUPES;2020;2020-01-01;2020-12-31;9,7;2025-03-18T17:10:26+00:00;ACPR;Crédits au secteur de la production et distribution d'eau;Crédits au secteur de la production et distribution d'eau;CRED_CLIENT;A;BQ;_Z;34;_Z;RISQUES;TOP6_AUT_GROUPES;NACE_E;PHNC;EUR;2;9;N;P1Y;ACPR;E;F;A
ACPR.A.BQ.RISQUES.CRED_CLIENT.34._Z.NACE_L.PHNC._Z.TOP6_AUT_GROUPES;2020;2020-01-01;2020-12-31;376,88;2025-03-18T17:10:27+00:00;ACPR;Crédits au secteur des activités immobilières;Crédits au secteur des activités immobilières;CRED_CLIENT;A;BQ;_Z;34;_Z;RISQUES;TOP6_AUT_GROUPES;NACE_L;PHNC;EUR;2;9;N;P1Y;ACPR;E;F;A
ACPR.A.BQ.RISQUES.TX_PROV.572._Z.NACE_C.PHNC._Z.TOP6_AUT_GROUPES;2020;2020-01-01;2020-12-31;67,05;2025-03-18T17:10:29+00:00;ACPR;Taux de provisionnement du secteur des industrie manufacturière;Taux de provisionnement du secteur des industrie manufacturière;TX_PROV;A;BQ;_Z;572;_Z;RISQUES;TOP6_AUT_GROUPES;NACE_C;PHNC;PC;2;0;N;P1Y;ACPR;E;F;A
ACPR.A.BQ.RISQUES.TX_PROV.572._Z.GE.PHNC._Z.TOP6_AUT_GROUPES;2020;2020-01-01;2020-12-31;48,74;2025-03-18T17:10:29+00:00;ACPR;Taux de provisionnement aux grandes entreprises;Taux de provisionnement aux grandes entreprises;TX_PROV;A;BQ;_Z;572;_Z;RISQUES;TOP6_AUT_GROUPES;GE;PHNC;PC;2;0;N;P1Y;ACPR;E;F;A
ACPR.A.BQ.RISQUES.CRED_CLIENT.34._Z.NACE_F.PHNC._Z.TOP6_AUT_GROUPES;2020;2020-01-01;2020-12-31;75,54;2025-03-18T17:10:26+00:00;ACPR;Crédits au secteur de la construction;Crédits au secteur de la construction;CRED_CLIENT;A;BQ;_Z;34;_Z;RISQUES;TOP6_AUT_GROUPES;NACE_F;PHNC;EUR;2;9;N;P1Y;ACPR;E;F;A
ACPR.A.BQ.RISQUES.CRED_HAB.36._Z.SNF.SOLO._Z.TOTAL_SECTEUR;2020;2020-01-01;2020-12-31;148,9;2025-10-22T14:00:28+00:00;ACPR;Crédits à l'habitat aux sociétés non financières;Crédits à l'habitat aux sociétés non financières;CRED_HAB;A;BQ;_Z;36;_Z;RISQUES;TOTAL_SECTEUR;SNF;SOLO;EUR;2;9;N;P1Y;ACPR;E;F;A
ACPR.A.BQ.RISQUES.GB_FIN_NEGO_ACTIF_9845.181._Z._Z.PHNC._Z.TOP6_AUT_GROUPES;2020;2020-01-01;2020-12-31;174,03;2025-03-18T17:10:28+00:00;ACPR;Instruments de capitaux propres dans le portefeuille de négociation coté actif;Instruments de capitaux propres dans le portefeuille de négociation coté actif;GB_FIN_NEGO_ACTIF_9845;A;BQ;_Z;181;_Z;RISQUES;TOP6_AUT_GROUPES;_Z;PHNC;EUR;2;9;N;P1Y;ACPR;E;F;A
ACPR.A.BQ.RISQUES.TX_PROV.572._Z.NACE_S.PHNC._Z.TOP6_AUT_GROUPES;2020;2020-01-01;2020-12-31;94,56;2025-03-18T17:10:29+00:00;ACPR;Taux de provisionnement du secteur des autres activités de services;Taux de provisionnement du secteur des autres activités de services;TX_PROV;A;BQ;_Z;572;_Z;RISQUES;TOP6_AUT_GROUPES;NACE_S;PHNC;PC;2;0;N;P1Y;ACPR;E;F;A
ACPR.A.BQ.RISQUES.LOANS_PTF_NEGO.222._Z.APU.PHNC._Z.TOP6_AUT_GROUPES;2020;2020-01-01;2020-12-31;19,77;2025-03-18T17:10:28+00:00;ACPR;Prêts aux Administrations publiques dans le portefeuille de négociation;Prêts aux Administrations publiques dans le portefeuille de négociation;LOANS_PTF_NEGO;A;BQ;_Z;222;_Z;RISQUES;TOP6_AUT_GROUPES;APU;PHNC;EUR;2;9;N;P1Y;ACPR;E;F;A
ACPR.A.BQ.RISQUES.RATIO_CREDEP.363._Z._Z.PHNC._Z.TOP6_AUT_GROUPES;2020;2020-01-01;2020-12-31;104,37;2025-03-18T17:10:28+00:00;ACPR;Ratio Crédits/Dépôts du secteur bancaire français;Ratio Crédits/Dépôts du secteur bancaire français;RATIO_CREDEP;A;BQ;_Z;363;_Z;RISQUES;TOP6_AUT_GROUPES;_Z;PHNC;PC;2;0;N;P1Y;ACPR;E;F;A
ACPR.A.BQ.RISQUES.TB_FIN_NEGO_DERIVES9927.477._Z._Z.PHNC._Z.TOP6_AUT_GROUPES;2020;2020-01-01;2020-12-31;11,0;2025-03-18T17:10:28+00:00;ACPR;Montant à l'actif de dérivés sur crédit;Montant à l'actif de dérivés sur crédit;TB_FIN_NEGO_DERIVES9927;A;BQ;_Z;477;_Z;RISQUES;TOP6_AUT_GROUPES;_Z;PHNC;EUR;2;9;N;P1Y;ACPR;E;F;A
ACPR.A.BQ.RISQUES.TB_FIN_NEGO_VENTE_OPTION9982.498._Z._Z.PHNC._Z.TOP6_AUT_GROUPES;2020;2020-01-01;2020-12-31;1584,09;2025-03-18T17:10:28+00:00;ACPR;Ventes d'options sur Change et or;Ventes d'options sur Change et or;TB_FIN_NEGO_VENTE_OPTION9982;A;BQ;_Z;498;_Z;RISQUES;TOP6_AUT_GROUPES;_Z;PHNC;EUR;2;9;N;P1Y;ACPR;E;F;A
ACPR.A.BQ.RISQUES.TX_NPL.569._Z.NACE_G.PHNC._Z.TOP6_AUT_GROUPES;2020;2020-01-01;2020-12-31;4,83;2025-03-18T17:10:28+00:00;ACPR;Taux de prêts non performants du secteur du commerce;Taux de prêts non performants du secteur du commerce;TX_NPL;A;BQ;_Z;569;_Z;RISQUES;TOP6_AUT_GROUPES;NACE_G;PHNC;PC;2;0;N;P1Y;ACPR;E;F;A
ACPR.A.BQ.RISQUES.TX_NPL.569._Z.NACE_K.PHNC._Z.TOP6_AUT_GROUPES;2020;2020-01-01;2020-12-31;2,71;2025-03-18T17:10:28+00:00;ACPR;Taux de prêts non performants du secteur des activité financières et d'assurance;Taux de prêts non performants du secteur des activité financières et d'assurance;TX_NPL;A;BQ;_Z;569;_Z;RISQUES;TOP6_AUT_GROUPES;NACE_K;PHNC;PC;2;0;N;P1Y;ACPR;E;F;A
ACPR.A.BQ.RISQUES.TX_NPL.569._Z.NACE_N.PHNC._Z.TOP6_AUT_GROUPES;2020;2020-01-01;2020-12-31;2,62;2025-03-18T17:10:29+00:00;ACPR;Taux de prêts non performants du secteur de l'activité de services administratifs et de soutien;Taux de prêts non performants du secteur de l'activité de services administratifs et de soutien;TX_NPL;A;BQ;_Z;569;_Z;RISQUES;TOP6_AUT_GROUPES;NACE_N;PHNC;PC;2;0;N;P1Y;ACPR;E;F;A
ACPR.A.BQ.RISQUES.ACTFR_CLIENT_RE_TTES_DEV2222.43._Z._Z.SOLO._Z.TOTAL_SECTEUR;2020;2020-01-01;2020-12-31;1133,61;2025-03-20T09:10:29+00:00;ACPR;Comptes ordinaires créditeurs de la clientèle non financière;Comptes ordinaires créditeurs de la clientèle non financière;ACTFR_CLIENT_RE_TTES_DEV2222;A;BQ;_Z;43;_Z;RISQUES;TOTAL_SECTEUR;_Z;SOLO;EUR;2;9;N;P1Y;ACPR;E;F;A
ACPR.A.BQ.RISQUES.S1_MCA.660._Z.MENAGES.PHNC._Z.TOP6_AUT_GROUPES;2020;2020-01-01;2020-12-31;1751,79;2025-03-31T08:10:38+00:00;ACPR;Encours de prêts et avances (brut comptable) aux ménages en stade 1 - coût amorti;Encours de prêts et avances (brut comptable) aux ménages en stade 1 - coût amorti;S1_MCA;A;BQ;_Z;660;_Z;RISQUES;TOP6_AUT_GROUPES;MENAGES;PHNC;EUR;2;9;N;P1Y;ACPR;E;F;A
ACPR.A.BQ.RISQUES.TB_FIN_NEGO_DERIVES9921.587._Z._Z.PHNC._Z._Z;2020;2020-01-01;2020-12-31;160,48;2025-09-17T10:00:30+00:00;ACPR;Montants notionnels de dérivés sur matières premières;Montants notionnels de dérivés sur matières premières;TB_FIN_NEGO_DERIVES9921;A;BQ;_Z;587;_Z;RISQUES;_Z;_Z;PHNC;EUR;2;9;N;P1Y;ACPR;E;F;A
ACPR.A.BQ.RISQUES.TB_FIN_NEGO_DERIVE_CREDIT10009.464._Z._Z.PHNC._Z.TOP6_AUT_GROUPES;2020;2020-01-01;2020-12-31;70,3;2025-10-22T14:00:29+00:00;ACPR;Achats de autres dérivés de crédit En notionnel;Achats de autres dérivés de crédit En notionnel;TB_FIN_NEGO_DERIVE_CREDIT10009;A;BQ;_Z;464;_Z;RISQUES;TOP6_AUT_GROUPES;_Z;PHNC;EUR;2;9;N;P1Y;ACPR;E;F;A
ACPR.A.BQ.RISQUES.TX_NPL.569._Z.NACE_I.PHNC._Z.TOP6_AUT_GROUPES;2020;2020-01-01;2020-12-31;8,34;2025-03-18T17:10:28+00:00;ACPR;Taux de prêts non performants du secteur de l'hébergement et restauration;Taux de prêts non performants du secteur de l'hébergement et restauration;TX_NPL;A;BQ;_Z;569;_Z;RISQUES;TOP6_AUT_GROUPES;NACE_I;PHNC;PC;2;0;N;P1Y;ACPR;E;F;A
ACPR.A.BQ.RISQUES.CRED_BAIL.33._Z.MENAGES.SOLO._Z.TOTAL_SECTEUR;2020;2020-01-01;2020-12-31;21,95;2025-03-18T17:10:26+00:00;ACPR;Crédit-bail et opérations assimilées aux Ménages;Crédit-bail et opérations assimilées aux Ménages;CRED_BAIL;A;BQ;_Z;33;_Z;RISQUES;TOTAL_SECTEUR;MENAGES;SOLO;EUR;2;9;N;P1Y;ACPR;E;F;A
ACPR.A.BQ.RISQUES.CREDITS_BRUTS.39._Z.NACE_F.PHNC._Z.TOP6_AUT_GROUPES;2020;2020-01-01;2020-12-31;79,64;2025-03-18T17:10:27+00:00;ACPR;Crédits bruts aux entreprises du secteur de la construction;Crédits bruts aux entreprises du secteur de la construction;CREDITS_BRUTS;A;BQ;_Z;39;_Z;RISQUES;TOP6_AUT_GROUPES;NACE_F;PHNC;EUR;2;9;N;P1Y;ACPR;E;F;A
ACPR.A.BQ.RISQUES.CRED_CLIENT.34._Z.NACE_P.PHNC._Z.TOP6_AUT_GROUPES;2020;2020-01-01;2020-12-31;5,79;2025-03-18T17:10:27+00:00;ACPR;Crédits au secteur de l'enseignement;Crédits au secteur de l'enseignement;CRED_CLIENT;A;BQ;_Z;34;_Z;RISQUES;TOP6_AUT_GROUPES;NACE_P;PHNC;EUR;2;9;N;P1Y;ACPR;E;F;A
ACPR.A.BQ.RISQUES.CRED_COD.30._Z._Z.SOLO._Z.TOTAL_SECTEUR;2020;2020-01-01;2020-12-31;40,17;2025-10-22T14:00:28+00:00;ACPR;Comptes ordinaires débiteurs à l'ensemble de la clientèle non financière;Comptes ordinaires débiteurs à l'ensemble de la clientèle non financière;CRED_COD;A;BQ;_Z;30;_Z;RISQUES;TOTAL_SECTEUR;_Z;SOLO;EUR;2;9;N;P1Y;ACPR;E;F;A
ACPR.A.BQ.RISQUES.CRED_CLIENT.34._Z.NACE_A.PHNC._Z.TOP6_AUT_GROUPES;2020;2020-01-01;2020-12-31;63,22;2025-03-18T17:10:26+00:00;ACPR;Crédits au secteur de l'agriculture, sylviculture et pêche;Crédits au secteur de l'agriculture, sylviculture et pêche;CRED_CLIENT;A;BQ;_Z;34;_Z;RISQUES;TOP6_AUT_GROUPES;NACE_A;PHNC;EUR;2;9;N;P1Y;ACPR;E;F;A
ACPR.A.BQ.RISQUES.S1_MCA_BASE100.660._Z.MENAGES.PHNC._Z.TOP6_AUT_GROUPES;2020;2020-01-01;2020-12-31;103,24;2025-10-22T14:00:31+00:00;ACPR;Encours de prêts et avances (brut comptable) aux ménages en stade 1 - coût amorti - base 100;Encours de prêts et avances (brut comptable) aux ménages en stade 1 - coût amorti - base 100;S1_MCA_BASE100;A;BQ;_Z;660;_Z;RISQUES;TOP6_AUT_GROUPES;MENAGES;PHNC;PC;2;0;N;P1Y;ACPR;E;F;A
ACPR.A.BQ.RISQUES.TX_PROV_NPL.573._Z.GE.PHNC._Z.TOP6_AUT_GROUPES;2020;2020-01-01;2020-12-31;1,7;2025-03-18T17:10:29+00:00;ACPR;Poids des provisions des prêts non performants aux grandes entreprises;Poids des provisions des prêts non performants aux grandes entreprises;TX_PROV_NPL;A;BQ;_Z;573;_Z;RISQUES;TOP6_AUT_GROUPES;GE;PHNC;PC;2;0;N;P1Y;ACPR;E;F;A
ACPR.A.BQ.RISQUES.TB_FIN_NEGO_VENTE_OPTION9991.501._Z._Z.PHNC._Z.TOP6_AUT_GROUPES;2020;2020-01-01;2020-12-31;1634,1;2025-03-18T17:10:28+00:00;ACPR;Options achats et ventes sur Capitaux propres;Options achats et ventes sur Capitaux propres;TB_FIN_NEGO_VENTE_OPTION9991;A;BQ;_Z;501;_Z;RISQUES;TOP6_AUT_GROUPES;_Z;PHNC;EUR;2;9;N;P1Y;ACPR;E;F;A
ACPR.A.BQ.RISQUES.TB_FIN_NEGO_DERIVE_CREDIT10006.462._Z._Z.PHNC._Z.TOP6_AUT_GROUPES;2020;2020-01-01;2020-12-31;5,57;2025-03-18T17:10:28+00:00;ACPR;Achats de dérivés de crédit sur transfert de rendement (Total return swaps) En notionnel;Achats de dérivés de crédit sur transfert de rendement (Total return swaps) En notionnel;TB_FIN_NEGO_DERIVE_CREDIT10006;A;BQ;_Z;462;_Z;RISQUES;TOP6_AUT_GROUPES;_Z;PHNC;EUR;2;9;N;P1Y;ACPR;E;F;A
ACPR.A.BQ.RISQUES.TX_PROV.572._Z.NACE_J.PHNC._Z.TOP6_AUT_GROUPES;2020;2020-01-01;2020-12-31;50,71;2025-03-18T17:10:29+00:00;ACPR;Taux de provisionnement du secteur de l'information et communication;Taux de provisionnement du secteur de l'information et communication;TX_PROV;A;BQ;_Z;572;_Z;RISQUES;TOP6_AUT_GROUPES;NACE_J;PHNC;PC;2;0;N;P1Y;ACPR;E;F;A
ACPR.A.BQ.RISQUES.CRED_CLIENT.34.US.MENAGES.PHNC._Z.TOP6_AUT_GROUPES;2020;2020-01-01;2020-12-31;21,24;2025-03-18T17:10:27+00:00;ACPR;Crédits aux ménages - États-Unis;Crédits aux ménages - États-Unis;CRED_CLIENT;A;BQ;_Z;34;US;RISQUES;TOP6_AUT_GROUPES;MENAGES;PHNC;EUR;2;9;N;P1Y;ACPR;E;F;A
ACPR.A.BQ.RISQUES.CRED_CLIENT.34.BE.MENAGES.PHNC._Z.TOP6_AUT_GROUPES;2020;2020-01-01;2020-12-31;76,55;2025-03-18T17:10:27+00:00;ACPR;Crédits aux ménages - Belgique;Crédits aux ménages - Belgique;CRED_CLIENT;A;BQ;_Z;34;BE;RISQUES;TOP6_AUT_GROUPES;MENAGES;PHNC;EUR;2;9;N;P1Y;ACPR;E;F;A
ACPR.A.BQ.RISQUES.CRED_CLIENT.34.DE.ENF.PHNC._Z.TOP6_AUT_GROUPES;2020;2020-01-01;2020-12-31;39,6;2025-03-18T17:10:27+00:00;ACPR;Crédits aux entreprises non financières - Allemagne;Crédits aux entreprises non financières - Allemagne;CRED_CLIENT;A;BQ;_Z;34;DE;RISQUES;TOP6_AUT_GROUPES;ENF;PHNC;EUR;2;9;N;P1Y;ACPR;E;F;A
ACPR.A.BQ.RISQUES.CREDITS_BRUTS.39._Z.NACE_M.PHNC._Z.TOP6_AUT_GROUPES;2020;2020-01-01;2020-12-31;89,81;2025-03-18T17:10:27+00:00;ACPR;Crédits bruts aux entreprises du secteur des activités spécialisées, scientifiques et techniques;Crédits bruts aux entreprises du secteur des activités spécialisées, scientifiques et techniques;CREDITS_BRUTS;A;BQ;_Z;39;_Z;RISQUES;TOP6_AUT_GROUPES;NACE_M;PHNC;EUR;2;9;N;P1Y;ACPR;E;F;A
ACPR.A.BQ.RISQUES.DERIV_ACTIF_GRE_GRE.45._Z.AUTRES.PHNC._Z.TOP6_AUT_GROUPES;2020;2020-01-01;2020-12-31;126,59;2025-03-18T17:10:27+00:00;ACPR;Montant à l'actif de dérivés de gré à gré avec autres contreparties;Dérivés de gré à gré (Actifs) avec autres contreparties;DERIV_ACTIF_GRE_GRE;A;BQ;_Z;45;_Z;RISQUES;TOP6_AUT_GROUPES;AUTRES;PHNC;EUR;2;9;N;P1Y;ACPR;E;F;A
ACPR.A.BQ.RISQUES.DERIV_PASSIF_GRE_GRE.49._Z.EF.PHNC._Z.TOP6_AUT_GROUPES;2020;2020-01-01;2020-12-31;196,3;2025-03-18T17:10:27+00:00;ACPR;Montant au passif de dérivés de gré à gré avec autres entreprises financières;Passif de dérivés de gré à gré avec autres entreprises financières;DERIV_PASSIF_GRE_GRE;A;BQ;_Z;49;_Z;RISQUES;TOP6_AUT_GROUPES;EF;PHNC;EUR;2;9;N;P1Y;ACPR;E;F;A
ACPR.A.BQ.RISQUES.TX_PROV_NPL.573._Z.PME.PHNC._Z.TOP6_AUT_GROUPES;2020;2020-01-01;2020-12-31;2,15;2025-03-18T17:10:29+00:00;ACPR;Poids des provisions des prêts non performants aux PME;Poids des provisions des prêts non performants aux PME;TX_PROV_NPL;A;BQ;_Z;573;_Z;RISQUES;TOP6_AUT_GROUPES;PME;PHNC;PC;2;0;N;P1Y;ACPR;E;F;A
ACPR.A.BQ.RISQUES.TX_PROV.572.GB.MENAGES_ENF.PHNC._Z.TOP6_AUT_GROUPES;2020;2020-01-01;2020-12-31;76,8;2025-03-18T17:10:29+00:00;ACPR;Taux de provisionnement au Royaume-Uni;Taux de provisionnement au Royaume-Uni;TX_PROV;A;BQ;_Z;572;GB;RISQUES;TOP6_AUT_GROUPES;MENAGES_ENF;PHNC;PC;2;0;N;P1Y;ACPR;E;F;A
ACPR.A.BQ.RISQUES.LOANS_PTF_NEGO.222._Z.ENF.PHNC._Z.TOP6_AUT_GROUPES;2020;2020-01-01;2020-12-31;38,01;2025-03-18T17:10:28+00:00;ACPR;Prêts aux Entreprises non financières dans le portefeuille de négociation;Prêts aux Entreprises non financières dans le portefeuille de négociation;LOANS_PTF_NEGO;A;BQ;_Z;222;_Z;RISQUES;TOP6_AUT_GROUPES;ENF;PHNC;EUR;2;9;N;P1Y;ACPR;E;F;A
ACPR.A.BQ.RISQUES.OBLIG_PTF_NEGO.238._Z.EF.PHNC._Z.TOP6_AUT_GROUPES;2020;2020-01-01;2020-12-31;17,53;2025-03-18T17:10:28+00:00;ACPR;Titre de créances émis par les autres entreprises financières dans le portefeuille de négociation;Titre de créances émis par les autres entreprises financières dans le portefeuille de négociation;OBLIG_PTF_NEGO;A;BQ;_Z;238;_Z;RISQUES;TOP6_AUT_GROUPES;EF;PHNC;EUR;2;9;N;P1Y;ACPR;E;F;A
ACPR.A.BQ.RISQUES.TB_FIN_NEGO_DERIVES9937.485._Z._Z.PHNC._Z.TOP6_AUT_GROUPES;2020;2020-01-01;2020-12-31;2,22;2025-03-18T17:10:28+00:00;ACPR;Montant au passif de dérivés sur autres produits;Montant au passif de dérivés sur autres produits;TB_FIN_NEGO_DERIVES9937;A;BQ;_Z;485;_Z;RISQUES;TOP6_AUT_GROUPES;_Z;PHNC;EUR;2;9;N;P1Y;ACPR;E;F;A
ACPR.A.BQ.RISQUES.TB_FIN_NEGO_VENTE_OPTION9993.503._Z._Z.PHNC._Z.TOP6_AUT_GROUPES;2020;2020-01-01;2020-12-31;10493,81;2025-03-18T17:10:28+00:00;ACPR;Options achats et ventes;Options achats et ventes;TB_FIN_NEGO_VENTE_OPTION9993;A;BQ;_Z;503;_Z;RISQUES;TOP6_AUT_GROUPES;_Z;PHNC;EUR;2;9;N;P1Y;ACPR;E;F;A
ACPR.A.BQ.RISQUES.TX_NPL.569.DE.MENAGES_ENF.PHNC._Z.TOP6_AUT_GROUPES;2020;2020-01-01;2020-12-31;4,0;2025-03-18T17:10:29+00:00;ACPR;Taux de prêts non performants en Allemagne;Taux de prêts non performants en Allemagne;TX_NPL;A;BQ;_Z;569;DE;RISQUES;TOP6_AUT_GROUPES;MENAGES_ENF;PHNC;PC;2;0;N;P1Y;ACPR;E;F;A
ACPR.A.BQ.RISQUES.TX_PROV.572._Z.NACE_E.PHNC._Z.TOP6_AUT_GROUPES;2020;2020-01-01;2020-12-31;81,32;2025-03-18T17:10:29+00:00;ACPR;Taux de provisionnement du secteur de la production et distribution d'eau;Taux de provisionnement du secteur de la production et distribution d'eau;TX_PROV;A;BQ;_Z;572;_Z;RISQUES;TOP6_AUT_GROUPES;NACE_E;PHNC;PC;2;0;N;P1Y;ACPR;E;F;A
ACPR.A.BQ.RISQUES.CREDITS_BRUTS_MENAGES_ENF_PAYS.40.IT.MENAGES_ENF.PHNC._Z.TOP6_AUT_GROUPES;2020;2020-01-01;2020-12-31;201,35;2025-03-18T17:10:27+00:00;ACPR;Crédits bruts aux ménages et entreprises non financières en Italie;Crédits bruts aux ménages et entreprises non financières en Italie;CREDITS_BRUTS_MENAGES_ENF_PAYS;A;BQ;_Z;40;IT;RISQUES;TOP6_AUT_GROUPES;MENAGES_ENF;PHNC;EUR;2;9;N;P1Y;ACPR;E;F;A
ACPR.A.BQ.RISQUES.DERIV_ACTIF_GRE_GRE.45._Z.EF.PHNC._Z.TOP6_AUT_GROUPES;2020;2020-01-01;2020-12-31;135,45;2025-03-18T17:10:27+00:00;ACPR;Montant à l'actif de dérivés de gré à gré avec autres entreprises financières;Dérivés de gré à gré (Actifs) avec autres entreprises financières;DERIV_ACTIF_GRE_GRE;A;BQ;_Z;45;_Z;RISQUES;TOP6_AUT_GROUPES;EF;PHNC;EUR;2;9;N;P1Y;ACPR;E;F;A
ACPR.A.BQ.RISQUES.TB_FIN_NEGO_DERIVE_CREDIT9999.473._Z._Z.PHNC._Z.TOP6_AUT_GROUPES;2020;2020-01-01;2020-12-31;498,9;2025-03-18T17:10:28+00:00;ACPR;Vente de contrats d'échange de risque de crédit (CDS) En notionnel;Vente de contrats d'échange de risque de crédit (CDS) En notionnel;TB_FIN_NEGO_DERIVE_CREDIT9999;A;BQ;_Z;473;_Z;RISQUES;TOP6_AUT_GROUPES;_Z;PHNC;EUR;2;9;N;P1Y;ACPR;E;F;A
ACPR.A.BQ.RISQUES.CREDITS_BRUTS.39._Z.NACE_P.PHNC._Z.TOP6_AUT_GROUPES;2020;2020-01-01;2020-12-31;5,94;2025-03-18T17:10:27+00:00;ACPR;Crédits bruts aux entreprises du secteur de l'enseignement;Crédits bruts aux entreprises du secteur de l'enseignement;CREDITS_BRUTS;A;BQ;_Z;39;_Z;RISQUES;TOP6_AUT_GROUPES;NACE_P;PHNC;EUR;2;9;N;P1Y;ACPR;E;F;A
ACPR.A.BQ.RISQUES.CREDITS_BRUTS.39._Z.NACE_R.PHNC._Z.TOP6_AUT_GROUPES;2020;2020-01-01;2020-12-31;10,8;2025-03-18T17:10:27+00:00;ACPR;Crédits bruts aux entreprises du secteur des arts, spectacles et activités récréatives;Crédits bruts aux entreprises du secteur des arts, spectacles et activités récréatives;CREDITS_BRUTS;A;BQ;_Z;39;_Z;RISQUES;TOP6_AUT_GROUPES;NACE_R;PHNC;EUR;2;9;N;P1Y;ACPR;E;F;A
ACPR.A.BQ.RISQUES.TX_NPL.569._Z.NACE_B.PHNC._Z.TOP6_AUT_GROUPES;2020;2020-01-01;2020-12-31;5,04;2025-03-18T17:10:28+00:00;ACPR;Taux de prêts non performants du secteur des industries extractives;Taux de prêts non performants du secteur des industries extractives;TX_NPL;A;BQ;_Z;569;_Z;RISQUES;TOP6_AUT_GROUPES;NACE_B;PHNC;PC;2;0;N;P1Y;ACPR;E;F;A
ACPR.A.BQ.RISQUES.ACT_PTF_NEGO.3._Z._Z.PHNC._Z.TOP6_AUT_GROUPES;2020;2020-01-01;2020-12-31;174,03;2025-03-18T17:10:26+00:00;ACPR;Instruments de capitaux propres dans le portefeuille de négociation;Instruments de capitaux propres dans le portefeuille de négociation;ACT_PTF_NEGO;A;BQ;_Z;3;_Z;RISQUES;TOP6_AUT_GROUPES;_Z;PHNC;EUR;2;9;N;P1Y;ACPR;E;F;A
ACPR.A.BQ.RISQUES.CREDITS_BRUTS_MENAGES_ENF_PAYS.40.CH.MENAGES_ENF.PHNC._Z.TOP6_AUT_GROUPES;2020;2020-01-01;2020-12-31;33,03;2025-03-18T17:10:27+00:00;ACPR;Crédits bruts aux ménages et entreprises non financières en Suisse;Crédits bruts aux ménages et entreprises non financières en Suisse;CREDITS_BRUTS_MENAGES_ENF_PAYS;A;BQ;_Z;40;CH;RISQUES;TOP6_AUT_GROUPES;MENAGES_ENF;PHNC;EUR;2;9;N;P1Y;ACPR;E;F;A
ACPR.A.BQ.RISQUES.CRED_CLIENT.34._Z.APU.PHNC._Z.TOP6_AUT_GROUPES;2020;2020-01-01;2020-12-31;398,2;2025-03-18T17:10:26+00:00;ACPR;Administrations publiques (crédits nets);Administrations publiques (crédits nets);CRED_CLIENT;A;BQ;_Z;34;_Z;RISQUES;TOP6_AUT_GROUPES;APU;PHNC;EUR;2;9;N;P1Y;ACPR;E;F;A
ACPR.A.BQ.RISQUES.CRED_CLIENT.34.GB.ENF.PHNC._Z.TOP6_AUT_GROUPES;2020;2020-01-01;2020-12-31;46,07;2025-03-18T17:10:27+00:00;ACPR;Crédits aux entreprises non financières - Royaume-Uni;Crédits aux entreprises non financières - Royaume-Uni;CRED_CLIENT;A;BQ;_Z;34;GB;RISQUES;TOP6_AUT_GROUPES;ENF;PHNC;EUR;2;9;N;P1Y;ACPR;E;F;A
ACPR.A.BQ.RISQUES.CRED_CLIENT.34.PL.ENF.PHNC._Z.TOP6_AUT_GROUPES;2020;2020-01-01;2020-12-31;18,06;2025-03-18T17:10:27+00:00;ACPR;Crédits aux entreprises non financières - Pologne;Crédits aux entreprises non financières - Pologne;CRED_CLIENT;A;BQ;_Z;34;PL;RISQUES;TOP6_AUT_GROUPES;ENF;PHNC;EUR;2;9;N;P1Y;ACPR;E;F;A
ACPR.A.BQ.RISQUES.CRED_TOTAL.37._Z.MENAGES.SOLO._Z.TOTAL_SECTEUR;2020;2020-01-01;2020-12-31;1406,74;2025-03-18T17:10:27+00:00;ACPR;Crédits aux ménages résidents;Crédits aux ménages résidents;CRED_TOTAL;A;BQ;_Z;37;_Z;RISQUES;TOTAL_SECTEUR;MENAGES;SOLO;EUR;2;9;N;P1Y;ACPR;E;F;A
ACPR.A.BQ.RISQUES.TB_FIN_NEGO_DERIVE_CREDIT10008.463._Z._Z.PHNC._Z.TOP6_AUT_GROUPES;2020;2020-01-01;2020-12-31;56,5;2025-03-18T17:10:28+00:00;ACPR;Vente de autres dérivés de crédit En notionnel;Vente de autres dérivés de crédit En notionnel;TB_FIN_NEGO_DERIVE_CREDIT10008;A;BQ;_Z;463;_Z;RISQUES;TOP6_AUT_GROUPES;_Z;PHNC;EUR;2;9;N;P1Y;ACPR;E;F;A
ACPR.A.BQ.RISQUES.TX_NPL.569._Z.NACE_Q.PHNC._Z.TOP6_AUT_GROUPES;2020;2020-01-01;2020-12-31;2,38;2025-03-18T17:10:29+00:00;ACPR;Taux de prêts non performants du secteur de la santé humaine et action sociale;Taux de prêts non performants du secteur de la santé humaine et action sociale;TX_NPL;A;BQ;_Z;569;_Z;RISQUES;TOP6_AUT_GROUPES;NACE_Q;PHNC;PC;2;0;N;P1Y;ACPR;E;F;A
ACPR.A.BQ.RISQUES.CRED_CLIENT.34.PL.MENAGES.PHNC._Z.TOP6_AUT_GROUPES;2020;2020-01-01;2020-12-31;10,3;2025-03-18T17:10:27+00:00;ACPR;Crédits aux ménages - Pologne;Crédits aux ménages - Pologne;CRED_CLIENT;A;BQ;_Z;34;PL;RISQUES;TOP6_AUT_GROUPES;MENAGES;PHNC;EUR;2;9;N;P1Y;ACPR;E;F;A
ACPR.A.BQ.RISQUES.TX_PROV.572._Z.NACE_I.PHNC._Z.TOP6_AUT_GROUPES;2020;2020-01-01;2020-12-31;84,2;2025-03-18T17:10:29+00:00;ACPR;Taux de provisionnement du secteur de l'hébergement et restauration;Taux de provisionnement du secteur de l'hébergement et restauration;TX_PROV;A;BQ;_Z;572;_Z;RISQUES;TOP6_AUT_GROUPES;NACE_I;PHNC;PC;2;0;N;P1Y;ACPR;E;F;A
ACPR.A.BQ.RISQUES.TX_PROV.572._Z.NACE_M.PHNC._Z.TOP6_AUT_GROUPES;2020;2020-01-01;2020-12-31;67,54;2025-03-18T17:10:29+00:00;ACPR;Taux de provisionnement du secteur des activités spécialisées, scientifiques et techniques;Taux de provisionnement du secteur des activités spécialisées, scientifiques et techniques;TX_PROV;A;BQ;_Z;572;_Z;RISQUES;TOP6_AUT_GROUPES;NACE_M;PHNC;PC;2;0;N;P1Y;ACPR;E;F;A
ACPR.A.BQ.RISQUES.CRED_CLIENT.34._Z.NACE_H.PHNC._Z.TOP6_AUT_GROUPES;2020;2020-01-01;2020-12-31;96,54;2025-03-18T17:10:26+00:00;ACPR;Crédits au secteur du transports et entreposage;Crédits au secteur du transports et entreposage;CRED_CLIENT;A;BQ;_Z;34;_Z;RISQUES;TOP6_AUT_GROUPES;NACE_H;PHNC;EUR;2;9;N;P1Y;ACPR;E;F;A
ACPR.A.BQ.RISQUES.CRED_CLIENT.34._Z.NACE_Q.PHNC._Z.TOP6_AUT_GROUPES;2020;2020-01-01;2020-12-31;31,41;2025-03-18T17:10:27+00:00;ACPR;Crédits au secteur de la santé humaine et action sociale;Crédits au secteur de la santé humaine et action sociale;CRED_CLIENT;A;BQ;_Z;34;_Z;RISQUES;TOP6_AUT_GROUPES;NACE_Q;PHNC;EUR;2;9;N;P1Y;ACPR;E;F;A
ACPR.A.BQ.RISQUES.TX_PROV.572._Z.NACE_O.PHNC._Z.TOP6_AUT_GROUPES;2020;2020-01-01;2020-12-31;77,35;2025-03-18T17:10:29+00:00;ACPR;Taux de provisionnement du secteur de l'administration publique;Taux de provisionnement du secteur de l'administration publique;TX_PROV;A;BQ;_Z;572;_Z;RISQUES;TOP6_AUT_GROUPES;NACE_O;PHNC;PC;2;0;N;P1Y;ACPR;E;F;A
ACPR.A.BQ.RISQUES.TX_PROV.572.ES.MENAGES_ENF.PHNC._Z.TOP6_AUT_GROUPES;2020;2020-01-01;2020-12-31;63,4;2025-03-18T17:10:29+00:00;ACPR;Taux de provisionnement en Espagne;Taux de provisionnement en Espagne;TX_PROV;A;BQ;_Z;572;ES;RISQUES;TOP6_AUT_GROUPES;MENAGES_ENF;PHNC;PC;2;0;N;P1Y;ACPR;E;F;A
ACPR.A.BQ.RISQUES.DEPOTS.43._Z.MENAGES.SOLO._Z.TOTAL_SECTEUR;2020;2020-01-01;2020-12-31;1644,59;2025-03-20T09:10:29+00:00;ACPR;Dépôts des ménages;Dépôts des ménages;DEPOTS;A;BQ;_Z;43;_Z;RISQUES;TOTAL_SECTEUR;MENAGES;SOLO;EUR;2;9;N;P1Y;ACPR;E;F;A
ACPR.A.BQ.RISQUES.CRED_CLIENT.34.GB.MENAGES.PHNC._Z.TOP6_AUT_GROUPES;2020;2020-01-01;2020-12-31;16,72;2025-03-18T17:10:27+00:00;ACPR;Crédits aux ménages - Royaume-Uni;Crédits aux ménages - Royaume-Uni;CRED_CLIENT;A;BQ;_Z;34;GB;RISQUES;TOP6_AUT_GROUPES;MENAGES;PHNC;EUR;2;9;N;P1Y;ACPR;E;F;A
ACPR.A.BQ.RISQUES.CRED_TOTAL.37._Z.SNF.SOLO._Z.TOTAL_SECTEUR;2020;2020-01-01;2020-12-31;1022,17;2025-10-22T14:00:28+00:00;ACPR;Crédits aux sociétés non financières résidentes;Crédits aux sociétés non financières résidentes;CRED_TOTAL;A;BQ;_Z;37;_Z;RISQUES;TOTAL_SECTEUR;SNF;SOLO;EUR;2;9;N;P1Y;ACPR;E;F;A
ACPR.A.BQ.RISQUES.TX_PROV.572.LU.MENAGES_ENF.PHNC._Z.TOP6_AUT_GROUPES;2020;2020-01-01;2020-12-31;27,7;2025-03-18T17:10:29+00:00;ACPR;Taux de provisionnement au Luxembourg;Taux de provisionnement au Luxembourg;TX_PROV;A;BQ;_Z;572;LU;RISQUES;TOP6_AUT_GROUPES;MENAGES_ENF;PHNC;PC;2;0;N;P1Y;ACPR;E;F;A
ACPR.A.BQ.RISQUES.TX_NPL.569.CH.MENAGES_ENF.PHNC._Z.TOP6_AUT_GROUPES;2020;2020-01-01;2020-12-31;2,0;2025-03-18T17:10:29+00:00;ACPR;Taux de prêts non performants en Suisse;Taux de prêts non performants en Suisse;TX_NPL;A;BQ;_Z;569;CH;RISQUES;TOP6_AUT_GROUPES;MENAGES_ENF;PHNC;PC;2;0;N;P1Y;ACPR;E;F;A
ACPR.A.BQ.RISQUES.GB_FIN_NEGO_COURT9872.184._Z._Z.PHNC._Z.TOP6_AUT_GROUPES;2020;2020-01-01;2020-12-31;31,75;2025-03-18T17:10:28+00:00;ACPR;Positions courtes sur Instruments de capitaux propres;Positions courtes sur Instruments de capitaux propres;GB_FIN_NEGO_COURT9872;A;BQ;_Z;184;_Z;RISQUES;TOP6_AUT_GROUPES;_Z;PHNC;EUR;2;9;N;P1Y;ACPR;E;F;A
ACPR.A.BQ.RISQUES.OBLIG_PTF_NEGO.238._Z.APU.PHNC._Z.TOP6_AUT_GROUPES;2020;2020-01-01;2020-12-31;155,84;2025-03-18T17:10:28+00:00;ACPR;Titre de créances émis par les administrations publiques dans le portefeuille de négociation;Titre de créances émis par les administrations publiques dans le portefeuille de négociation;OBLIG_PTF_NEGO;A;BQ;_Z;238;_Z;RISQUES;TOP6_AUT_GROUPES;APU;PHNC;EUR;2;9;N;P1Y;ACPR;E;F;A
ACPR.A.BQ.RISQUES.RATIO_CREDEP.363._Z.MENAGES_ENF.PHNC._Z.TOP6_AUT_GROUPES;2020;2020-01-01;2020-12-31;105,44;2025-03-18T17:10:28+00:00;ACPR;Ratio crédits / Dépôts  aux entreprises non financières et aux ménages;Ratio crédits / Dépôts  aux entreprises non financières et aux ménages;RATIO_CREDEP;A;BQ;_Z;363;_Z;RISQUES;TOP6_AUT_GROUPES;MENAGES_ENF;PHNC;PC;2;9;N;P1Y;ACPR;E;F;A
ACPR.A.BQ.RISQUES.TB_FIN_NEGO_DERIVE_CREDIT10020.472._Z._Z.PHNC._Z.TOP6_AUT_GROUPES;2020;2020-01-01;2020-12-31;0,65;2025-03-18T17:10:28+00:00;ACPR;Autres dérivés de crédit au passif;Autres dérivés de crédit au passif;TB_FIN_NEGO_DERIVE_CREDIT10020;A;BQ;_Z;472;_Z;RISQUES;TOP6_AUT_GROUPES;_Z;PHNC;EUR;2;9;N;P1Y;ACPR;E;F;A
ACPR.A.BQ.RISQUES.TB_FIN_NEGO_PART_OPTION9964.490._Z._Z.PHNC._Z.TOP6_AUT_GROUPES;2020;2020-01-01;2020-12-31;28,58;2025-03-18T17:10:28+00:00;ACPR;Options de gré à gré sur Change et or (somme actif et passif);Options de gré à gré sur Change et or (somme actif et passif);TB_FIN_NEGO_PART_OPTION9964;A;BQ;_Z;490;_Z;RISQUES;TOP6_AUT_GROUPES;_Z;PHNC;EUR;2;9;N;P1Y;ACPR;E;F;A
ACPR.A.BQ.RISQUES.TB_FIN_NEGO_PART_OPTION9967.493._Z._Z.PHNC._Z.TOP6_AUT_GROUPES;2020;2020-01-01;2020-12-31;307,97;2025-03-18T17:10:28+00:00;ACPR;Dérivés sur Change et or (somme actif et passif);Dérivés sur Change et or (somme actif et passif);TB_FIN_NEGO_PART_OPTION9967;A;BQ;_Z;493;_Z;RISQUES;TOP6_AUT_GROUPES;_Z;PHNC;EUR;2;9;N;P1Y;ACPR;E;F;A
ACPR.A.BQ.RISQUES.TB_FIN_NEGO_PART_OPTION9969.495._Z._Z.PHNC._Z.TOP6_AUT_GROUPES;2020;2020-01-01;2020-12-31;273,73;2025-03-18T17:10:28+00:00;ACPR;Options de gré à gré (somme actif et passif);Options de gré à gré (somme actif et passif);TB_FIN_NEGO_PART_OPTION9969;A;BQ;_Z;495;_Z;RISQUES;TOP6_AUT_GROUPES;_Z;PHNC;EUR;2;9;N;P1Y;ACPR;E;F;A
ACPR.A.BQ.RISQUES.TB_FIN_NEGO_VENTE_OPTION9981.497._Z._Z.PHNC._Z.TOP6_AUT_GROUPES;2020;2020-01-01;2020-12-31;881,44;2025-03-18T17:10:28+00:00;ACPR;Ventes d'options sur Capitaux propres;Ventes d'options sur Capitaux propres;TB_FIN_NEGO_VENTE_OPTION9981;A;BQ;_Z;497;_Z;RISQUES;TOP6_AUT_GROUPES;_Z;PHNC;EUR;2;9;N;P1Y;ACPR;E;F;A
ACPR.A.BQ.RISQUES.TB_FIN_NEGO_VENTE_OPTION9983.499._Z._Z.PHNC._Z.TOP6_AUT_GROUPES;2020;2020-01-01;2020-12-31;5924,22;2025-03-18T17:10:28+00:00;ACPR;Ventes d'options;Ventes d'options;TB_FIN_NEGO_VENTE_OPTION9983;A;BQ;_Z;499;_Z;RISQUES;TOP6_AUT_GROUPES;_Z;PHNC;EUR;2;9;N;P1Y;ACPR;E;F;A
ACPR.A.BQ.RISQUES.TX_NEGO_BILAN_ACTIF.567._Z._Z.PHNC._Z.TOP6_AUT_GROUPES;2020;2020-01-01;2020-12-31;19,44;2025-10-22T14:00:30+00:00;ACPR;Part du portefeuille de négociation à l'actif du bilan;Part du portefeuille de négociation à l'actif du bilan;TX_NEGO_BILAN_ACTIF;A;BQ;_Z;567;_Z;RISQUES;TOP6_AUT_GROUPES;_Z;PHNC;PC;2;0;N;P1Y;ACPR;E;F;A
ACPR.A.BQ.RISQUES.TX_NPL.569._Z.NACE_A.PHNC._Z.TOP6_AUT_GROUPES;2020;2020-01-01;2020-12-31;4,58;2025-03-18T17:10:28+00:00;ACPR;Taux de prêts non performants du secteur de l'agriculture, sylviculture et pêche;Taux de prêts non performants du secteur de l'agriculture, sylviculture et pêche;TX_NPL;A;BQ;_Z;569;_Z;RISQUES;TOP6_AUT_GROUPES;NACE_A;PHNC;PC;2;0;N;P1Y;ACPR;E;F;A
ACPR.A.BQ.RISQUES.TX_NPL.569._Z.NACE_F.PHNC._Z.TOP6_AUT_GROUPES;2020;2020-01-01;2020-12-31;7,62;2025-03-18T17:10:28+00:00;ACPR;Taux de prêts non performants du secteur de la construction;Taux de prêts non performants du secteur de la construction;TX_NPL;A;BQ;_Z;569;_Z;RISQUES;TOP6_AUT_GROUPES;NACE_F;PHNC;PC;2;0;N;P1Y;ACPR;E;F;A
ACPR.A.BQ.RISQUES.CREDITS_BRUTS_MENAGES_ENF_PAYS.40.DE.MENAGES_ENF.PHNC._Z.TOP6_AUT_GROUPES;2020;2020-01-01;2020-12-31;93,24;2025-03-18T17:10:27+00:00;ACPR;Crédits bruts aux ménages et entreprises non financières en Allemagne;Crédits bruts aux ménages et entreprises non financières en Allemagne;CREDITS_BRUTS_MENAGES_ENF_PAYS;A;BQ;_Z;40;DE;RISQUES;TOP6_AUT_GROUPES;MENAGES_ENF;PHNC;EUR;2;9;N;P1Y;ACPR;E;F;A
ACPR.A.BQ.RISQUES.CREDITS_BRUTS_MENAGES_ENF_PAYS.40.LU.MENAGES_ENF.PHNC._Z.TOP6_AUT_GROUPES;2020;2020-01-01;2020-12-31;38,73;2025-03-18T17:10:27+00:00;ACPR;Crédits bruts aux ménages et entreprises non financières au Luxembourg;Crédits bruts aux ménages et entreprises non financières au Luxembourg;CREDITS_BRUTS_MENAGES_ENF_PAYS;A;BQ;_Z;40;LU;RISQUES;TOP6_AUT_GROUPES;MENAGES_ENF;PHNC;EUR;2;9;N;P1Y;ACPR;E;F;A
ACPR.A.BQ.RISQUES.CRED_CLIENT.34._Z.NACE_B.PHNC._Z.TOP6_AUT_GROUPES;2020;2020-01-01;2020-12-31;34,65;2025-03-18T17:10:26+00:00;ACPR;Crédits au secteur des industries extractives;Crédits au secteur des industries extractives;CRED_CLIENT;A;BQ;_Z;34;_Z;RISQUES;TOP6_AUT_GROUPES;NACE_B;PHNC;EUR;2;9;N;P1Y;ACPR;E;F;A
ACPR.A.BQ.RISQUES.ACTFR_CLIENT_RE_TTES_DEV2270.43._Z._Z.SOLO._Z.TOTAL_SECTEUR;2020;2020-01-01;2020-12-31;1081,07;2025-03-20T09:10:29+00:00;ACPR;Comptes d'épargne à régime spécial de la clientèle non financière;Comptes d'épargne à régime spécial de la clientèle non financière;ACTFR_CLIENT_RE_TTES_DEV2270;A;BQ;_Z;43;_Z;RISQUES;TOTAL_SECTEUR;_Z;SOLO;EUR;2;9;N;P1Y;ACPR;E;F;A
ACPR.A.BQ.RISQUES.TX_PROV.572._Z.PME.PHNC._Z.TOP6_AUT_GROUPES;2020;2020-01-01;2020-12-31;49,04;2025-03-18T17:10:29+00:00;ACPR;Taux de provisionnement aux PME;Taux de provisionnement aux PME;TX_PROV;A;BQ;_Z;572;_Z;RISQUES;TOP6_AUT_GROUPES;PME;PHNC;PC;2;0;N;P1Y;ACPR;E;F;A
ACPR.A.BQ.RISQUES.CRED_CLIENT.34._Z.EF.PHNC._Z.TOP6_AUT_GROUPES;2020;2020-01-01;2020-12-31;207,96;2025-03-18T17:10:26+00:00;ACPR;Entreprises financières (crédits nets);Entreprises financières (crédits nets);CRED_CLIENT;A;BQ;_Z;34;_Z;RISQUES;TOP6_AUT_GROUPES;EF;PHNC;EUR;2;9;N;P1Y;ACPR;E;F;A
ACPR.A.BQ.RISQUES.TX_NPL.569._Z.GE.PHNC._Z.TOP6_AUT_GROUPES;2020;2020-01-01;2020-12-31;3,49;2025-03-18T17:10:28+00:00;ACPR;Taux de prêts non performants aux grandes entreprises;Taux de prêts non performants aux grandes entreprises;TX_NPL;A;BQ;_Z;569;_Z;RISQUES;TOP6_AUT_GROUPES;GE;PHNC;PC;2;0;N;P1Y;ACPR;E;F;A
ACPR.A.BQ.RISQUES.TX_NPL.569.GB.MENAGES_ENF.PHNC._Z.TOP6_AUT_GROUPES;2020;2020-01-01;2020-12-31;3,0;2025-03-18T17:10:29+00:00;ACPR;Taux de prêts non performants au Royaume uni;Taux de prêts non performants au Royaume uni;TX_NPL;A;BQ;_Z;569;GB;RISQUES;TOP6_AUT_GROUPES;MENAGES_ENF;PHNC;PC;2;0;N;P1Y;ACPR;E;F;A
ACPR.A.BQ.RISQUES.S1_ENFCA.660._Z.ENF.PHNC._Z.TOP6_AUT_GROUPES;2020;2020-01-01;2020-12-31;1393,81;2025-03-31T08:10:38+00:00;ACPR;Encours de prêts et avances (brut comptable) aux entreprises non financières en stade 1 - coût amorti;Encours de prêts et avances (brut comptable) aux entreprises non financières en stade 1 - coût amorti;S1_ENFCA;A;BQ;_Z;660;_Z;RISQUES;TOP6_AUT_GROUPES;ENF;PHNC;EUR;2;9;N;P1Y;ACPR;E;F;A
ACPR.A.BQ.RISQUES.TX_PROV.572._Z.NACE_Q.PHNC._Z.TOP6_AUT_GROUPES;2020;2020-01-01;2020-12-31;71,98;2025-03-18T17:10:29+00:00;ACPR;Taux de provisionnement du secteur de la santé humaine et action sociale;Taux de provisionnement du secteur de la santé humaine et action sociale;TX_PROV;A;BQ;_Z;572;_Z;RISQUES;TOP6_AUT_GROUPES;NACE_Q;PHNC;PC;2;0;N;P1Y;ACPR;E;F;A
ACPR.A.BQ.RISQUES.CRED_COD.30._Z.SNF.SOLO._Z.TOTAL_SECTEUR;2020;2020-01-01;2020-12-31;22,19;2025-03-18T17:10:27+00:00;ACPR;Comptes ordinaires débiteurs aux sociétés non financières;Comptes ordinaires débiteurs aux sociétés non financières;CRED_COD;A;BQ;_Z;30;_Z;RISQUES;TOTAL_SECTEUR;SNF;SOLO;EUR;2;9;N;P1Y;ACPR;E;F;A
ACPR.A.BQ.RISQUES.CRED_TOTAL.37._Z._Z.SOLO._Z.TOTAL_SECTEUR;2020;2020-01-01;2020-12-31;2611,85;2025-03-18T17:10:27+00:00;ACPR;Crédits à l'ensemble de la clientèle non financière résidente;Crédits à l'ensemble de la clientèle non financière résidente;CRED_TOTAL;A;BQ;_Z;37;_Z;RISQUES;TOTAL_SECTEUR;_Z;SOLO;EUR;2;9;N;P1Y;ACPR;E;F;A
ACPR.A.BQ.RISQUES.TX_PROV.572._Z.NACE_R.PHNC._Z.TOP6_AUT_GROUPES;2020;2020-01-01;2020-12-31;89,54;2025-03-18T17:10:29+00:00;ACPR;Taux de provisionnement du secteur des arts, spectacles et activités récréatives;Taux de provisionnement du secteur des arts, spectacles et activités récréatives;TX_PROV;A;BQ;_Z;572;_Z;RISQUES;TOP6_AUT_GROUPES;NACE_R;PHNC;PC;2;0;N;P1Y;ACPR;E;F;A
ACPR.A.BQ.RISQUES.TX_PROV_NPL.573._Z.ENF.PHNC._Z.TOP6_AUT_GROUPES;2020;2020-01-01;2020-12-31;1,9;2025-03-18T17:10:29+00:00;ACPR;Poids des provisions des prêts non performants aux entreprises non financières;Poids des provisions des prêts non performants aux entreprises non financières;TX_PROV_NPL;A;BQ;_Z;573;_Z;RISQUES;TOP6_AUT_GROUPES;ENF;PHNC;PC;2;0;N;P1Y;ACPR;E;F;A
ACPR.A.BQ.RISQUES.CRED_CLIENT.34._Z.NACE_J.PHNC._Z.TOP6_AUT_GROUPES;2020;2020-01-01;2020-12-31;40,93;2025-03-18T17:10:27+00:00;ACPR;Crédits au secteur de l'information et communication;Crédits au secteur de l'information et communication;CRED_CLIENT;A;BQ;_Z;34;_Z;RISQUES;TOP6_AUT_GROUPES;NACE_J;PHNC;EUR;2;9;N;P1Y;ACPR;E;F;A
ACPR.A.BQ.RISQUES.CRED_CLIENT.34._Z.NACE_R.PHNC._Z.TOP6_AUT_GROUPES;2020;2020-01-01;2020-12-31;10,34;2025-03-18T17:10:27+00:00;ACPR;Crédits au secteur des arts, spectacles et activités récréatives;Crédits au secteur des arts, spectacles et activités récréatives;CRED_CLIENT;A;BQ;_Z;34;_Z;RISQUES;TOP6_AUT_GROUPES;NACE_R;PHNC;EUR;2;9;N;P1Y;ACPR;E;F;A
ACPR.A.BQ.RISQUES.CRED_CLIENT.34.IT.MENAGES.PHNC._Z.TOP6_AUT_GROUPES;2020;2020-01-01;2020-12-31;100,79;2025-03-18T17:10:27+00:00;ACPR;Crédits aux ménages - Italie;Crédits aux ménages - Italie;CRED_CLIENT;A;BQ;_Z;34;IT;RISQUES;TOP6_AUT_GROUPES;MENAGES;PHNC;EUR;2;9;N;P1Y;ACPR;E;F;A
ACPR.A.BQ.RISQUES.CRED_HAB.36._Z.APU.SOLO._Z.TOTAL_SECTEUR;2020;2020-01-01;2020-12-31;2,39;2025-03-18T17:10:27+00:00;ACPR;Crédits à l'habitat aux administrations publiques;Crédits à l'habitat aux administrations publiques;CRED_HAB;A;BQ;_Z;36;_Z;RISQUES;TOTAL_SECTEUR;APU;SOLO;EUR;2;9;N;P1Y;ACPR;E;F;A
ACPR.A.BQ.RISQUES.DT_PL_PTF_NEGO.58._Z.BC.PHNC._Z.TOP6_AUT_GROUPES;2020;2020-01-01;2020-12-31;45,0;2025-03-18T17:10:27+00:00;ACPR;Dépôts et titres des Banques Centrales donnés en pension livrée du portefeuille de négociation;Dépôts et titres des Banques Centrales donnés en pension livrée du portefeuille de négociation;DT_PL_PTF_NEGO;A;BQ;_Z;58;_Z;RISQUES;TOP6_AUT_GROUPES;BC;PHNC;EUR;2;9;N;P1Y;ACPR;E;F;A
ACPR.A.BQ.RISQUES.TX_NPL_APRES_PROV.570._Z.ENF.PHNC._Z.TOP6_AUT_GROUPES;2020;2020-01-01;2020-12-31;1,99;2025-03-18T17:10:29+00:00;ACPR;Poids des prêts non performants nets des provisions aux entreprises non financières;Poids des prêts non performants nets des provisions aux entreprises non financières;TX_NPL_APRES_PROV;A;BQ;_Z;570;_Z;RISQUES;TOP6_AUT_GROUPES;ENF;PHNC;PC;2;0;N;P1Y;ACPR;E;F;A
ACPR.A.BQ.RISQUES.DT_PL_PTF_NEGO.58._Z.ENF.PHNC._Z.TOP6_AUT_GROUPES;2020;2020-01-01;2020-12-31;71,0;2025-03-18T17:10:27+00:00;ACPR;Dépôts et titres des entreprises non financières donnés en pension livrée du portefeuille de négociation;Dépôts et titres des entreprises non financières donnés en pension livrée du portefeuille de négociation;DT_PL_PTF_NEGO;A;BQ;_Z;58;_Z;RISQUES;TOP6_AUT_GROUPES;ENF;PHNC;EUR;2;9;N;P1Y;ACPR;E;F;A
ACPR.A.BQ.RISQUES.GB_FIN_NEGO_ACTIF_9844.180._Z._Z.PHNC._Z.TOP6_AUT_GROUPES;2020;2020-01-01;2020-12-31;654,17;2025-03-18T17:10:28+00:00;ACPR;Dérivés dans le portefeuille de négociation coté actif;Dérivés dans le portefeuille de négociation coté actif;GB_FIN_NEGO_ACTIF_9844;A;BQ;_Z;180;_Z;RISQUES;TOP6_AUT_GROUPES;_Z;PHNC;EUR;2;9;N;P1Y;ACPR;E;F;A
ACPR.A.BQ.RISQUES.GB_FIN_NEGO_PASSIF_9851.189._Z._Z.PHNC._Z.TOP6_AUT_GROUPES;2020;2020-01-01;2020-12-31;0,3;2025-03-18T17:10:28+00:00;ACPR;Titres de créances émis dans le portefeuille de négociation coté passif;Titres de créances émis dans le portefeuille de négociation coté passif;GB_FIN_NEGO_PASSIF_9851;A;BQ;_Z;189;_Z;RISQUES;TOP6_AUT_GROUPES;_Z;PHNC;EUR;2;9;N;P1Y;ACPR;E;F;A
ACPR.A.BQ.RISQUES.TB_FIN_NEGO_DERIVE_CREDIT10000.458._Z._Z.PHNC._Z.TOP6_AUT_GROUPES;2020;2020-01-01;2020-12-31;594,43;2025-03-18T17:10:28+00:00;ACPR;Achats de contrats d'échange de risque de crédit (CDS) En notionnel;Achats de contrats d'échange de risque de crédit (CDS) En notionnel;TB_FIN_NEGO_DERIVE_CREDIT10000;A;BQ;_Z;458;_Z;RISQUES;TOP6_AUT_GROUPES;_Z;PHNC;EUR;2;9;N;P1Y;ACPR;E;F;A
ACPR.A.BQ.RISQUES.TB_FIN_NEGO_DERIVE_CREDIT10019.471._Z._Z.PHNC._Z.TOP6_AUT_GROUPES;2020;2020-01-01;2020-12-31;0,24;2025-03-18T17:10:28+00:00;ACPR;Autres dérivés de crédit à l'actif;Autres dérivés de crédit à l'actif;TB_FIN_NEGO_DERIVE_CREDIT10019;A;BQ;_Z;471;_Z;RISQUES;TOP6_AUT_GROUPES;_Z;PHNC;EUR;2;9;N;P1Y;ACPR;E;F;A
ACPR.A.BQ.RISQUES.TB_FIN_NEGO_PART_OPTION9965.491._Z._Z.PHNC._Z.TOP6_AUT_GROUPES;2020;2020-01-01;2020-12-31;804,82;2025-03-18T17:10:28+00:00;ACPR;Dérivés sur Taux d'intérêt (somme actif et passif);Dérivés sur Taux d'intérêt (somme actif et passif);TB_FIN_NEGO_PART_OPTION9965;A;BQ;_Z;491;_Z;RISQUES;TOP6_AUT_GROUPES;_Z;PHNC;EUR;2;9;N;P1Y;ACPR;E;F;A
ACPR.A.BQ.RISQUES.TB_FIN_NEGO_VENTE_OPTION9992.502._Z._Z.PHNC._Z.TOP6_AUT_GROUPES;2020;2020-01-01;2020-12-31;2360,1;2025-03-18T17:10:28+00:00;ACPR;Options achats et ventes sur Change et or;Options achats et ventes sur Change et or;TB_FIN_NEGO_VENTE_OPTION9992;A;BQ;_Z;502;_Z;RISQUES;TOP6_AUT_GROUPES;_Z;PHNC;EUR;2;9;N;P1Y;ACPR;E;F;A
ACPR.A.BQ.RISQUES.TX_NPL.569._Z.MENAGES_ENF.PHNC._Z.TOP6_AUT_GROUPES;2020;2020-01-01;2020-12-31;3,22;2025-03-18T17:10:28+00:00;ACPR;Taux de prêts non performants aux ménages et aux entreprises non financières;Taux de prêts non performants aux ménages et aux entreprises non financières;TX_NPL;A;BQ;_Z;569;_Z;RISQUES;TOP6_AUT_GROUPES;MENAGES_ENF;PHNC;PC;2;0;N;P1Y;ACPR;E;F;A
ACPR.A.BQ.RISQUES.CRED_CLIENT.34.FR.ENF.PHNC._Z.TOP6_AUT_GROUPES;2020;2020-01-01;2020-12-31;923,09;2025-03-18T17:10:27+00:00;ACPR;Crédits aux entreprises non financières - France;Crédits aux entreprises non financières - France;CRED_CLIENT;A;BQ;_Z;34;FR;RISQUES;TOP6_AUT_GROUPES;ENF;PHNC;EUR;2;9;N;P1Y;ACPR;E;F;A
ACPR.A.BQ.RISQUES.GB_FIN_NEGO_PASSIF_9850.188._Z._Z.PHNC._Z.TOP6_AUT_GROUPES;2020;2020-01-01;2020-12-31;607,2;2025-03-18T17:10:28+00:00;ACPR;Dépôts yc les opérations de pensions livrés sur titres dans le portefeuille de négociation coté passif;Dépôts yc les opérations de pensions livrés sur titres dans le portefeuille de négociation coté passif;GB_FIN_NEGO_PASSIF_9850;A;BQ;_Z;188;_Z;RISQUES;TOP6_AUT_GROUPES;_Z;PHNC;EUR;2;9;N;P1Y;ACPR;E;F;A
ACPR.A.BQ.RISQUES.TX_NPL.569._Z.NACE_D.PHNC._Z.TOP6_AUT_GROUPES;2020;2020-01-01;2020-12-31;1,38;2025-03-18T17:10:28+00:00;ACPR;Taux de prêts non performants du secteur de l'électricité, gaz, vapeur et air conditionné;Taux de prêts non performants du secteur de l'électricité, gaz, vapeur et air conditionné;TX_NPL;A;BQ;_Z;569;_Z;RISQUES;TOP6_AUT_GROUPES;NACE_D;PHNC;PC;2;0;N;P1Y;ACPR;E;F;A
ACPR.A.BQ.RISQUES.CRED_AFF.31._Z._Z.SOLO._Z.TOTAL_SECTEUR;2020;2020-01-01;2020-12-31;40,84;2025-10-22T14:00:27+00:00;ACPR;Affacturage à l'ensemble de la clientèle non financière;Affacturage à l'ensemble de la clientèle non financière;CRED_AFF;A;BQ;_Z;31;_Z;RISQUES;TOTAL_SECTEUR;_Z;SOLO;EUR;2;9;N;P1Y;ACPR;E;F;A
ACPR.A.BQ.RISQUES.CREDITS_BRUTS.39._Z.NACE_E.PHNC._Z.TOP6_AUT_GROUPES;2020;2020-01-01;2020-12-31;9,99;2025-03-18T17:10:27+00:00;ACPR;Crédits bruts aux entreprises du secteur de la production et distribution d'eau;Crédits bruts aux entreprises du secteur de la production et distribution d'eau;CREDITS_BRUTS;A;BQ;_Z;39;_Z;RISQUES;TOP6_AUT_GROUPES;NACE_E;PHNC;EUR;2;9;N;P1Y;ACPR;E;F;A
ACPR.A.BQ.RISQUES.TX_PROV.572._Z.ENF.PHNC._Z.TOP6_AUT_GROUPES;2020;2020-01-01;2020-12-31;48,89;2025-03-18T17:10:29+00:00;ACPR;Taux de provisionnement aux entreprises non financières;Taux de provisionnement aux entreprises non financières;TX_PROV;A;BQ;_Z;572;_Z;RISQUES;TOP6_AUT_GROUPES;ENF;PHNC;PC;2;0;N;P1Y;ACPR;E;F;A
ACPR.A.BQ.RISQUES.CRED_AFF.31._Z.MENAGES.SOLO._Z.TOTAL_SECTEUR;2020;2020-01-01;2020-12-31;0,36;2025-03-18T17:10:26+00:00;ACPR;Affacturage aux Ménages;Affacturage aux Ménages;CRED_AFF;A;BQ;_Z;31;_Z;RISQUES;TOTAL_SECTEUR;MENAGES;SOLO;EUR;2;9;N;P1Y;ACPR;E;F;A
ACPR.A.BQ.RISQUES.CRED_TOTAL.37._Z.APU.SOLO._Z.TOTAL_SECTEUR;2020;2020-01-01;2020-12-31;182,91;2025-03-18T17:10:27+00:00;ACPR;Crédits aux administrations publiques résidentes;Crédits aux administrations publiques résidentes;CRED_TOTAL;A;BQ;_Z;37;_Z;RISQUES;TOTAL_SECTEUR;APU;SOLO;EUR;2;9;N;P1Y;ACPR;E;F;A
ACPR.A.BQ.RISQUES.CREDITS_BRUTS.39._Z.NACE_J.PHNC._Z.TOP6_AUT_GROUPES;2020;2020-01-01;2020-12-31;41,61;2025-03-18T17:10:27+00:00;ACPR;Crédits bruts aux entreprises du secteur de l'information et communication;Crédits bruts aux entreprises du secteur de l'information et communication;CREDITS_BRUTS;A;BQ;_Z;39;_Z;RISQUES;TOP6_AUT_GROUPES;NACE_J;PHNC;EUR;2;9;N;P1Y;ACPR;E;F;A
ACPR.A.BQ.RISQUES.CREDITS_BRUTS.39._Z.NACE_S.PHNC._Z.TOP6_AUT_GROUPES;2020;2020-01-01;2020-12-31;83,57;2025-03-18T17:10:27+00:00;ACPR;Crédits bruts aux entreprises du secteur des autres activités de services;Crédits bruts aux entreprises du secteur des autres activités de services;CREDITS_BRUTS;A;BQ;_Z;39;_Z;RISQUES;TOP6_AUT_GROUPES;NACE_S;PHNC;EUR;2;9;N;P1Y;ACPR;E;F;A
ACPR.A.BQ.RISQUES.TB_FIN_NEGO_PART_BILAN9840.487._Z._Z.PHNC._Z.TOP6_AUT_GROUPES;2020;2020-01-01;2020-12-31;1482,87;2025-03-18T17:10:28+00:00;ACPR;Portefeuille de négociation - Passif;Portefeuille de négociation - Passif;TB_FIN_NEGO_PART_BILAN9840;A;BQ;_Z;487;_Z;RISQUES;TOP6_AUT_GROUPES;_Z;PHNC;EUR;2;9;N;P1Y;ACPR;E;F;A
ACPR.A.BQ.RISQUES.TB_FIN_NEGO_DERIVES9922.588._Z._Z.PHNC._Z._Z;2020;2020-01-01;2020-12-31;279,31;2025-09-17T10:00:30+00:00;ACPR;Montants notionnels de dérivés (autres y compris matières premières);Montants notionnels de dérivés (autres y compris matières premières);TB_FIN_NEGO_DERIVES9922;A;BQ;_Z;588;_Z;RISQUES;_Z;_Z;PHNC;EUR;2;9;N;P1Y;ACPR;E;F;A
ACPR.A.BQ.RISQUES.CRED_CLIENT.34.IT.ENF.PHNC._Z.TOP6_AUT_GROUPES;2020;2020-01-01;2020-12-31;91,22;2025-03-18T17:10:27+00:00;ACPR;Crédits aux entreprises non financières - Italie;Crédits aux entreprises non financières - Italie;CRED_CLIENT;A;BQ;_Z;34;IT;RISQUES;TOP6_AUT_GROUPES;ENF;PHNC;EUR;2;9;N;P1Y;ACPR;E;F;A
ACPR.A.BQ.RISQUES.TX_NPL.569._Z.NACE_E.PHNC._Z.TOP6_AUT_GROUPES;2020;2020-01-01;2020-12-31;3,56;2025-03-18T17:10:28+00:00;ACPR;Taux de prêts non performants du secteur de la production et distribution d'eau;Taux de prêts non performants du secteur de la production et distribution d'eau;TX_NPL;A;BQ;_Z;569;_Z;RISQUES;TOP6_AUT_GROUPES;NACE_E;PHNC;PC;2;0;N;P1Y;ACPR;E;F;A
ACPR.A.BQ.RISQUES.CRED_TRESO.38._Z.SNF.SOLO._Z.TOTAL_SECTEUR;2020;2020-01-01;2020-12-31;253,3;2025-03-18T17:10:27+00:00;ACPR;Crédits de trésorerie aux sociétés non financières;Crédits de trésorerie aux sociétés non financières;CRED_TRESO;A;BQ;_Z;38;_Z;RISQUES;TOTAL_SECTEUR;SNF;SOLO;EUR;2;9;N;P1Y;ACPR;E;F;A
ACPR.A.BQ.RISQUES.TX_PROV.572.BE.MENAGES_ENF.PHNC._Z.TOP6_AUT_GROUPES;2020;2020-01-01;2020-12-31;52,7;2025-03-18T17:10:29+00:00;ACPR;Taux de provisionnement en Belgique;Taux de provisionnement en Belgique;TX_PROV;A;BQ;_Z;572;BE;RISQUES;TOP6_AUT_GROUPES;MENAGES_ENF;PHNC;PC;2;0;N;P1Y;ACPR;E;F;A
ACPR.A.BQ.RISQUES.DERIV_NOTIONNEL_GRE_GRE.47._Z.EC.PHNC._Z.TOP6_AUT_GROUPES;2020;2020-01-01;2020-12-31;20103,6;2025-03-18T17:10:27+00:00;ACPR;Montant notionnels de dérivés de gré à gré avec établissements de crédit;Montant notionnels de dérivés de gré à gré avec établissements de crédit;DERIV_NOTIONNEL_GRE_GRE;A;BQ;_Z;47;_Z;RISQUES;TOP6_AUT_GROUPES;EC;PHNC;EUR;2;9;N;P1Y;ACPR;E;F;A
ACPR.A.BQ.RISQUES.CRED_CLIENT.34.ES.ENF.PHNC._Z.TOP6_AUT_GROUPES;2020;2020-01-01;2020-12-31;26,0;2025-03-18T17:10:27+00:00;ACPR;Crédits aux entreprises non financières - Espagne;Crédits aux entreprises non financières - Espagne;CRED_CLIENT;A;BQ;_Z;34;ES;RISQUES;TOP6_AUT_GROUPES;ENF;PHNC;EUR;2;9;N;P1Y;ACPR;E;F;A
ACPR.A.BQ.RISQUES.TX_PROV.572.IT.MENAGES_ENF.PHNC._Z.TOP6_AUT_GROUPES;2020;2020-01-01;2020-12-31;66,0;2025-03-18T17:10:29+00:00;ACPR;Taux de provisionnement en Italie;Taux de provisionnement en Italie;TX_PROV;A;BQ;_Z;572;IT;RISQUES;TOP6_AUT_GROUPES;MENAGES_ENF;PHNC;PC;2;0;N;P1Y;ACPR;E;F;A
ACPR.A.BQ.RISQUES.CRED_CLIENT.34.ES.MENAGES.PHNC._Z.TOP6_AUT_GROUPES;2020;2020-01-01;2020-12-31;20,77;2025-03-18T17:10:27+00:00;ACPR;Crédits aux ménages - Espagne;Crédits aux ménages - Espagne;CRED_CLIENT;A;BQ;_Z;34;ES;RISQUES;TOP6_AUT_GROUPES;MENAGES;PHNC;EUR;2;9;N;P1Y;ACPR;E;F;A
ACPR.A.BQ.RISQUES.CREDITS_BRUTS.39._Z.NACE_I.PHNC._Z.TOP6_AUT_GROUPES;2020;2020-01-01;2020-12-31;43,51;2025-03-18T17:10:27+00:00;ACPR;Crédits bruts aux entreprises du secteur de l'hébergement et restauration;Crédits bruts aux entreprises du secteur de l'hébergement et restauration;CREDITS_BRUTS;A;BQ;_Z;39;_Z;RISQUES;TOP6_AUT_GROUPES;NACE_I;PHNC;EUR;2;9;N;P1Y;ACPR;E;F;A
ACPR.A.BQ.RISQUES.TX_PROV.572.DE.MENAGES_ENF.PHNC._Z.TOP6_AUT_GROUPES;2020;2020-01-01;2020-12-31;80,9;2025-03-18T17:10:29+00:00;ACPR;Taux de provisionnement en Allemagne;Taux de provisionnement en Allemagne;TX_PROV;A;BQ;_Z;572;DE;RISQUES;TOP6_AUT_GROUPES;MENAGES_ENF;PHNC;PC;2;0;N;P1Y;ACPR;E;F;A
ACPR.A.BQ.RISQUES.CRED_CLIENT.34._Z.ENF.PHNC._Z.TOP6_AUT_GROUPES;2020;2020-01-01;2020-12-31;1656,94;2025-03-18T17:10:26+00:00;ACPR;Entreprises non financières (crédits nets);Entreprises non financières (crédits nets);CRED_CLIENT;A;BQ;_Z;34;_Z;RISQUES;TOP6_AUT_GROUPES;ENF;PHNC;EUR;2;9;N;P1Y;ACPR;E;F;A
ACPR.A.BQ.RISQUES.GB_FIN_NEGO_PASSIF_9852.190._Z._Z.PHNC._Z.TOP6_AUT_GROUPES;2020;2020-01-01;2020-12-31;33,28;2025-03-18T17:10:28+00:00;ACPR;Autres passifs financiers dans le portefeuille de négociation coté passif;Autres passifs financiers dans le portefeuille de négociation coté passif;GB_FIN_NEGO_PASSIF_9852;A;BQ;_Z;190;_Z;RISQUES;TOP6_AUT_GROUPES;_Z;PHNC;EUR;2;9;N;P1Y;ACPR;E;F;A
ACPR.A.BQ.RISQUES.TX_PROV_NPL.573._Z.MENAGES.PHNC._Z.TOP6_AUT_GROUPES;2020;2020-01-01;2020-12-31;1,28;2025-03-18T17:10:29+00:00;ACPR;Poids des provisions des prêts non performants aux ménages;Poids des provisions des prêts non performants aux ménages;TX_PROV_NPL;A;BQ;_Z;573;_Z;RISQUES;TOP6_AUT_GROUPES;MENAGES;PHNC;PC;2;0;N;P1Y;ACPR;E;F;A
ACPR.A.BQ.RISQUES.CREDITS_BRUTS.39._Z.NACE_A.PHNC._Z.TOP6_AUT_GROUPES;2020;2020-01-01;2020-12-31;65,46;2025-03-18T17:10:27+00:00;ACPR;Crédits bruts aux entreprises du secteur de l'agriculture, sylviculture et pêche;Crédits bruts aux entreprises du secteur de l'agriculture, sylviculture et pêche;CREDITS_BRUTS;A;BQ;_Z;39;_Z;RISQUES;TOP6_AUT_GROUPES;NACE_A;PHNC;EUR;2;9;N;P1Y;ACPR;E;F;A
ACPR.A.BQ.RISQUES.TX_NPL.569._Z.NACE_H.PHNC._Z.TOP6_AUT_GROUPES;2020;2020-01-01;2020-12-31;4,28;2025-03-18T17:10:28+00:00;ACPR;Taux de prêts non performants du secteur du transports et entreposage;Taux de prêts non performants du secteur du transports et entreposage;TX_NPL;A;BQ;_Z;569;_Z;RISQUES;TOP6_AUT_GROUPES;NACE_H;PHNC;PC;2;0;N;P1Y;ACPR;E;F;A
ACPR.A.BQ.RISQUES.CRED_CLIENT.34.LU.ENF.PHNC._Z.TOP6_AUT_GROUPES;2020;2020-01-01;2020-12-31;28,46;2025-03-18T17:10:27+00:00;ACPR;Crédits aux entreprises non financières - Luxembourg;Crédits aux entreprises non financières - Luxembourg;CRED_CLIENT;A;BQ;_Z;34;LU;RISQUES;TOP6_AUT_GROUPES;ENF;PHNC;EUR;2;9;N;P1Y;ACPR;E;F;A
ACPR.A.BQ.RISQUES.TB_FIN_NEGO_PART_OPTION9966.492._Z._Z.PHNC._Z.TOP6_AUT_GROUPES;2020;2020-01-01;2020-12-31;166,1;2025-03-18T17:10:28+00:00;ACPR;Dérivés sur Capitaux propres (somme actif et passif);Dérivés sur Capitaux propres (somme actif et passif);TB_FIN_NEGO_PART_OPTION9966;A;BQ;_Z;492;_Z;RISQUES;TOP6_AUT_GROUPES;_Z;PHNC;EUR;2;9;N;P1Y;ACPR;E;F;A
ACPR.A.BQ.RISQUES.CREDITS_BRUTS_MENAGES_ENF_PAYS.40.ETR.MENAGES_ENF.PHNC._Z.TOP6_AUT_GROUPES;2020;2020-01-01;2020-12-31;1141,32;2025-04-11T16:10:31+00:00;ACPR;Prêts aux ménages et aux sociétés non financières à l'étranger (brut comptable) du secteur bancaire français (IFRS);Prêts aux ménages et aux sociétés non financières à l'étranger (brut comptable) du secteur bancaire français (IFRS);CREDITS_BRUTS_MENAGES_ENF_PAYS;A;BQ;_Z;40;ETR;RISQUES;TOP6_AUT_GROUPES;MENAGES_ENF;PHNC;EUR;2;9;N;P1Y;ACPR;E;F;A
ACPR.A.BQ.RISQUES.LOANS_PTF_NEGO.222._Z.EF.PHNC._Z.TOP6_AUT_GROUPES;2020;2020-01-01;2020-12-31;314,44;2025-03-18T17:10:28+00:00;ACPR;Prêts aux autres entreprises financières dans le portefeuille de négociation;Prêts aux autres entreprises financières dans le portefeuille de négociation;LOANS_PTF_NEGO;A;BQ;_Z;222;_Z;RISQUES;TOP6_AUT_GROUPES;EF;PHNC;EUR;2;9;N;P1Y;ACPR;E;F;A
ACPR.A.BQ.RISQUES.S2_ENFCA.661._Z.ENF.PHNC._Z.TOP6_AUT_GROUPES;2020;2020-01-01;2020-12-31;228,81;2025-03-31T08:10:38+00:00;ACPR;Encours de prêts et avances (brut comptable) aux entreprises non financières en stade 2 - coût amorti;Encours de prêts et avances (brut comptable) aux entreprises non financières en stade 2 - coût amorti;S2_ENFCA;A;BQ;_Z;661;_Z;RISQUES;TOP6_AUT_GROUPES;ENF;PHNC;EUR;2;9;N;P1Y;ACPR;E;F;A
ACPR.A.BQ.RISQUES.CRED_EQUIP.35._Z.SNF.SOLO._Z.TOTAL_SECTEUR;2020;2020-01-01;2020-12-31;444,43;2025-10-22T14:00:28+00:00;ACPR;Crédits à l'équipement aux sociétés non financières;Crédits à l'équipement aux sociétés non financières;CRED_EQUIP;A;BQ;_Z;35;_Z;RISQUES;TOTAL_SECTEUR;SNF;SOLO;EUR;2;9;N;P1Y;ACPR;E;F;A
ACPR.A.BQ.RISQUES.CRED_TRESO.38._Z.MENAGES.SOLO._Z.TOTAL_SECTEUR;2020;2020-01-01;2020-12-31;151,45;2025-03-18T17:10:27+00:00;ACPR;Crédits de trésorerie aux Ménages;Crédits de trésorerie aux Ménages;CRED_TRESO;A;BQ;_Z;38;_Z;RISQUES;TOTAL_SECTEUR;MENAGES;SOLO;EUR;2;9;N;P1Y;ACPR;E;F;A
ACPR.A.BQ.RISQUES.CREDITS_BRUTS.39._Z.NACE_K.PHNC._Z.TOP6_AUT_GROUPES;2020;2020-01-01;2020-12-31;112,5;2025-03-18T17:10:27+00:00;ACPR;Crédits bruts aux entreprises du secteur des activité financières et d'assurance;Crédits bruts aux entreprises du secteur des activité financières et d'assurance;CREDITS_BRUTS;A;BQ;_Z;39;_Z;RISQUES;TOP6_AUT_GROUPES;NACE_K;PHNC;EUR;2;9;N;P1Y;ACPR;E;F;A
ACPR.A.BQ.RISQUES.DEPOTS.43._Z._Z.PHNC._Z.TOP6_AUT_GROUPES;2020;2020-01-01;2020-12-31;5261,18;2025-03-18T17:10:27+00:00;ACPR;Dépôts du secteur bancaire français;Dépôts du secteur bancaire français;DEPOTS;A;BQ;_Z;43;_Z;RISQUES;TOP6_AUT_GROUPES;_Z;PHNC;EUR;2;9;N;P1Y;ACPR;E;F;A
ACPR.A.BQ.RISQUES.TB_FIN_NEGO_DERIVES9919.493._Z._Z.PHNC._Z._Z;2020;2020-01-01;2020-12-31;16036,38;2025-09-17T10:00:30+00:00;ACPR;Montants notionnels de dérivés sur change et or;Montants notionnels de dérivés sur change et or;TB_FIN_NEGO_DERIVES9919;A;BQ;_Z;493;_Z;RISQUES;_Z;_Z;PHNC;EUR;2;9;N;P1Y;ACPR;E;F;A
ACPR.A.BQ.RISQUES.CREDITS_BRUTS_MENAGES_ENF_PAYS.40.US.MENAGES_ENF.PHNC._Z.TOP6_AUT_GROUPES;2020;2020-01-01;2020-12-31;123,66;2025-03-18T17:10:27+00:00;ACPR;Crédits bruts aux ménages et entreprises non financières aux états unis;Crédits bruts aux ménages et entreprises non financières aux Etats unis;CREDITS_BRUTS_MENAGES_ENF_PAYS;A;BQ;_Z;40;US;RISQUES;TOP6_AUT_GROUPES;MENAGES_ENF;PHNC;EUR;2;9;N;P1Y;ACPR;E;F;A
ACPR.A.BQ.RISQUES.DERIV_ACTIF_GRE_GRE.45._Z.EC.PHNC._Z.TOP6_AUT_GROUPES;2020;2020-01-01;2020-12-31;349,17;2025-03-18T17:10:27+00:00;ACPR;Montant à l'actif de dérivés de gré à gré avec établissements de crédit;Dérivés de gré à gré (Actifs) avec établissements de crédit;DERIV_ACTIF_GRE_GRE;A;BQ;_Z;45;_Z;RISQUES;TOP6_AUT_GROUPES;EC;PHNC;EUR;2;9;N;P1Y;ACPR;E;F;A
ACPR.A.BQ.RISQUES.GB_FIN_NEGO_PASSIF_9848.186._Z._Z.PHNC._Z.TOP6_AUT_GROUPES;2020;2020-01-01;2020-12-31;662,56;2025-03-18T17:10:28+00:00;ACPR;Dérivés dans le portefeuille de négociation coté passif;Dérivés dans le portefeuille de négociation coté passif;GB_FIN_NEGO_PASSIF_9848;A;BQ;_Z;186;_Z;RISQUES;TOP6_AUT_GROUPES;_Z;PHNC;EUR;2;9;N;P1Y;ACPR;E;F;A
ACPR.A.BQ.RISQUES.INDICATEUR9913.582._Z._Z.PHNC._Z.TOP6_AUT_GROUPES;2020;2020-01-01;2020-12-31;323,32;2025-03-18T17:10:28+00:00;ACPR;Value at Risk à 1 jour;Value at Risk à 1 jour;INDICATEUR9913;A;BQ;_Z;582;_Z;RISQUES;TOP6_AUT_GROUPES;_Z;PHNC;EUR;2;6;N;P1Y;ACPR;E;F;A
ACPR.A.BQ.RISQUES.TB_FIN_NEGO_DERIVES9926.476._Z._Z.PHNC._Z.TOP6_AUT_GROUPES;2020;2020-01-01;2020-12-31;153,23;2025-03-18T17:10:28+00:00;ACPR;Montant à l'actif de dérivés sur change et or;Montant à l'actif de dérivés sur change et or;TB_FIN_NEGO_DERIVES9926;A;BQ;_Z;476;_Z;RISQUES;TOP6_AUT_GROUPES;_Z;PHNC;EUR;2;9;N;P1Y;ACPR;E;F;A
ACPR.A.BQ.RISQUES.TB_FIN_NEGO_VENTE_OPTION9980.496._Z._Z.PHNC._Z.TOP6_AUT_GROUPES;2020;2020-01-01;2020-12-31;3458,69;2025-03-18T17:10:28+00:00;ACPR;Ventes d'options sur Taux d'intérêt;Ventes d'options sur Taux d'intérêt;TB_FIN_NEGO_VENTE_OPTION9980;A;BQ;_Z;496;_Z;RISQUES;TOP6_AUT_GROUPES;_Z;PHNC;EUR;2;9;N;P1Y;ACPR;E;F;A
ACPR.A.BQ.RISQUES.TX_NPL.569._Z.ENF.PHNC._Z.TOP6_AUT_GROUPES;2020;2020-01-01;2020-12-31;3,89;2025-03-18T17:10:28+00:00;ACPR;Taux de prêts non performants aux entreprises non financières;Taux de prêts non performants aux entreprises non financières;TX_NPL;A;BQ;_Z;569;_Z;RISQUES;TOP6_AUT_GROUPES;ENF;PHNC;PC;2;0;N;P1Y;ACPR;E;F;A
ACPR.A.BQ.RISQUES.TX_NPL.569.BE.MENAGES_ENF.PHNC._Z.TOP6_AUT_GROUPES;2020;2020-01-01;2020-12-31;3,0;2025-03-18T17:10:29+00:00;ACPR;Taux de prêts non performants en Belgique;Taux de prêts non performants en Belgique;TX_NPL;A;BQ;_Z;569;BE;RISQUES;TOP6_AUT_GROUPES;MENAGES_ENF;PHNC;PC;2;0;N;P1Y;ACPR;E;F;A
ACPR.A.BQ.RISQUES.TX_NPL.569.ES.MENAGES_ENF.PHNC._Z.TOP6_AUT_GROUPES;2020;2020-01-01;2020-12-31;6,0;2025-03-18T17:10:29+00:00;ACPR;Taux de prêts non performants en Espagne;Taux de prêts non performants en Espagne;TX_NPL;A;BQ;_Z;569;ES;RISQUES;TOP6_AUT_GROUPES;MENAGES_ENF;PHNC;PC;2;0;N;P1Y;ACPR;E;F;A
ACPR.A.BQ.RISQUES.TX_NPL.569.LU.MENAGES_ENF.PHNC._Z.TOP6_AUT_GROUPES;2020;2020-01-01;2020-12-31;3,0;2025-03-18T17:10:29+00:00;ACPR;Taux de prêts non performants au Luxembourg;Taux de prêts non performants au Luxembourg;TX_NPL;A;BQ;_Z;569;LU;RISQUES;TOP6_AUT_GROUPES;MENAGES_ENF;PHNC;PC;2;0;N;P1Y;ACPR;E;F;A
ACPR.A.BQ.RISQUES.TX_NPL.569.US.MENAGES_ENF.PHNC._Z.TOP6_AUT_GROUPES;2020;2020-01-01;2020-12-31;2,0;2025-03-18T17:10:29+00:00;ACPR;Taux de prêts non performants aux Etats-Unis;Taux de prêts non performants aux Etats-Unis;TX_NPL;A;BQ;_Z;569;US;RISQUES;TOP6_AUT_GROUPES;MENAGES_ENF;PHNC;PC;2;0;N;P1Y;ACPR;E;F;A
ACPR.A.BQ.RISQUES.TX_NPL_APRES_PROV.570._Z.GE.PHNC._Z.TOP6_AUT_GROUPES;2020;2020-01-01;2020-12-31;1,79;2025-03-18T17:10:29+00:00;ACPR;Poids des prêts non performants nets des provisions aux grandes entreprises;Poids des prêts non performants nets des provisions aux grandes entreprises;TX_NPL_APRES_PROV;A;BQ;_Z;570;_Z;RISQUES;TOP6_AUT_GROUPES;GE;PHNC;PC;2;0;N;P1Y;ACPR;E;F;A
ACPR.A.BQ.RISQUES.GB_FIN_TX_DOUT_MEN_ENF8967.39._Z.GE.PHNC._Z.TOP6_AUT_GROUPES;2020;2020-01-01;2020-12-31;32,14;2025-03-31T08:10:37+00:00;ACPR;Prêts et avances bruts non performants au coût amorti du secteur bancaire français (IFRS) - grandes entreprises;Prêts et avances bruts non performants au coût amorti du secteur bancaire français (IFRS) - grandes entreprises;GB_FIN_TX_DOUT_MEN_ENF8967;A;BQ;_Z;39;_Z;RISQUES;TOP6_AUT_GROUPES;GE;PHNC;EUR;2;9;N;P1Y;ACPR;E;F;A
ACPR.A.BQ.RISQUES.CRED_AUT.32._Z.MENAGES.SOLO._Z.TOTAL_SECTEUR;2020;2020-01-01;2020-12-31;3,88;2025-10-22T14:00:28+00:00;ACPR;Autres crédits aux Ménages;Autres crédits aux Ménages;CRED_AUT;A;BQ;_Z;32;_Z;RISQUES;TOTAL_SECTEUR;MENAGES;SOLO;EUR;2;9;N;P1Y;ACPR;E;F;A
ACPR.A.BQ.RISQUES.CRED_BAIL.33._Z.APU.SOLO._Z.TOTAL_SECTEUR;2020;2020-01-01;2020-12-31;2,84;2025-03-18T17:10:26+00:00;ACPR;Crédit-bail et opérations assimilées aux administrations publiques;Crédit-bail et opérations assimilées aux administrations publiques;CRED_BAIL;A;BQ;_Z;33;_Z;RISQUES;TOTAL_SECTEUR;APU;SOLO;EUR;2;9;N;P1Y;ACPR;E;F;A
ACPR.A.BQ.RISQUES.CRED_CLIENT.34.FR.MENAGES.PHNC._Z.TOP6_AUT_GROUPES;2020;2020-01-01;2020-12-31;1393,21;2025-03-18T17:10:27+00:00;ACPR;Crédits aux ménages - France;Crédits aux ménages - France;CRED_CLIENT;A;BQ;_Z;34;FR;RISQUES;TOP6_AUT_GROUPES;MENAGES;PHNC;EUR;2;9;N;P1Y;ACPR;E;F;A
ACPR.A.BQ.RISQUES.CRED_EQUIP.35._Z._Z.SOLO._Z.TOTAL_SECTEUR;2020;2020-01-01;2020-12-31;634,49;2025-10-22T14:00:28+00:00;ACPR;Crédits à l'équipement à l'ensemble de la clientèle non financière;Crédits à l'équipement à l'ensemble de la clientèle non financière;CRED_EQUIP;A;BQ;_Z;35;_Z;RISQUES;TOTAL_SECTEUR;_Z;SOLO;EUR;2;9;N;P1Y;ACPR;E;F;A
ACPR.A.BQ.RISQUES.TX_PROV.572._Z.NACE_N.PHNC._Z.TOP6_AUT_GROUPES;2020;2020-01-01;2020-12-31;61,99;2025-03-18T17:10:29+00:00;ACPR;Taux de provisionnement du secteur de l'activité de services administratifs et de soutien;Taux de provisionnement du secteur de l'activité de services administratifs et de soutien;TX_PROV;A;BQ;_Z;572;_Z;RISQUES;TOP6_AUT_GROUPES;NACE_N;PHNC;PC;2;0;N;P1Y;ACPR;E;F;A
ACPR.A.BQ.RISQUES.CRED_CLIENT.34._Z.HORS_EC_BC.PHNC._Z.TOP6_AUT_GROUPES;2020;2020-01-01;2020-12-31;4148,67;2025-03-18T17:10:26+00:00;ACPR;Crédits nets  hors EC et banques centrales;Crédits nets  hors EC et banques centrales;CRED_CLIENT;A;BQ;_Z;34;_Z;RISQUES;TOP6_AUT_GROUPES;HORS_EC_BC;PHNC;EUR;2;9;N;P1Y;ACPR;E;F;A
ACPR.A.BQ.RISQUES.GB_FIN_TX_DOUT_MEN_ENF8965.39._Z.ENF.PHNC._Z.TOP6_AUT_GROUPES;2020;2020-01-01;2020-12-31;65,71;2025-03-31T08:10:37+00:00;ACPR;Prêts et avances bruts non performants au coût amorti du secteur bancaire français (IFRS) - entreprises non financières;Prêts et avances bruts non performants au coût amorti du secteur bancaire français (IFRS) - entreprises non financières;GB_FIN_TX_DOUT_MEN_ENF8965;A;BQ;_Z;39;_Z;RISQUES;TOP6_AUT_GROUPES;ENF;PHNC;EUR;2;9;N;P1Y;ACPR;E;F;A
ACPR.A.BQ.RISQUES.GB_FIN_TX_DOUT_MEN_ENF8966.39._Z.PME.PHNC._Z.TOP6_AUT_GROUPES;2020;2020-01-01;2020-12-31;33,56;2025-03-31T08:10:37+00:00;ACPR;Prêts et avances bruts non performants au coût amorti du secteur bancaire français (IFRS) - PME;Prêts et avances bruts non performants au coût amorti du secteur bancaire français (IFRS) - PME;GB_FIN_TX_DOUT_MEN_ENF8966;A;BQ;_Z;39;_Z;RISQUES;TOP6_AUT_GROUPES;PME;PHNC;EUR;2;9;N;P1Y;ACPR;E;F;A
ACPR.A.BQ.RISQUES.TB_FIN_NEGO_DERIVES9925.475._Z._Z.PHNC._Z.TOP6_AUT_GROUPES;2020;2020-01-01;2020-12-31;74,42;2025-03-18T17:10:28+00:00;ACPR;Montant à l'actif de dérivés sur actions;Montant à l'actif de dérivés sur actions;TB_FIN_NEGO_DERIVES9925;A;BQ;_Z;475;_Z;RISQUES;TOP6_AUT_GROUPES;_Z;PHNC;EUR;2;9;N;P1Y;ACPR;E;F;A
ACPR.A.BQ.RISQUES.TX_NPL.569._Z.NACE_O.PHNC._Z.TOP6_AUT_GROUPES;2020;2020-01-01;2020-12-31;3,64;2025-03-18T17:10:29+00:00;ACPR;Taux de prêts non performants du secteur de l'administration publique;Taux de prêts non performants du secteur de l'administration publique;TX_NPL;A;BQ;_Z;569;_Z;RISQUES;TOP6_AUT_GROUPES;NACE_O;PHNC;PC;2;0;N;P1Y;ACPR;E;F;A
ACPR.A.BQ.RISQUES.TX_PROV_NPL.573._Z.MENAGES_ENF.PHNC._Z.TOP6_AUT_GROUPES;2020;2020-01-01;2020-12-31;1,57;2025-03-18T17:10:29+00:00;ACPR;Poids des provisions des prêts non performants aux ménages et aux entreprises non financières;Poids des provisions des prêts non performants aux ménages et aux entreprises non financières;TX_PROV_NPL;A;BQ;_Z;573;_Z;RISQUES;TOP6_AUT_GROUPES;MENAGES_ENF;PHNC;PC;2;0;N;P1Y;ACPR;E;F;A
ACPR.A.BQ.RISQUES.TB_FIN_NEGO_PART_OPTION9968.494._Z._Z.PHNC._Z.TOP6_AUT_GROUPES;2020;2020-01-01;2020-12-31;1278,89;2025-03-18T17:10:28+00:00;ACPR;Dérivés (somme actif et passif);Dérivés (somme actif et passif);TB_FIN_NEGO_PART_OPTION9968;A;BQ;_Z;494;_Z;RISQUES;TOP6_AUT_GROUPES;_Z;PHNC;EUR;2;9;N;P1Y;ACPR;E;F;A
ACPR.A.BQ.RISQUES.CREDITS_BRUTS.39._Z.NACE_L.PHNC._Z.TOP6_AUT_GROUPES;2020;2020-01-01;2020-12-31;383,48;2025-03-18T17:10:27+00:00;ACPR;Crédits bruts aux entreprises du secteur des activités immobilières;Crédits bruts aux entreprises du secteur des activités immobilières;CREDITS_BRUTS;A;BQ;_Z;39;_Z;RISQUES;TOP6_AUT_GROUPES;NACE_L;PHNC;EUR;2;9;N;P1Y;ACPR;E;F;A
ACPR.A.BQ.RISQUES.DERIV_NOTIONNEL_GRE_GRE.47._Z.EF.PHNC._Z.TOP6_AUT_GROUPES;2020;2020-01-01;2020-12-31;36024,07;2025-03-18T17:10:27+00:00;ACPR;Montant notionnels de dérivés de gré à gré avec autres entreprises financières;Montant notionnels de dérivés de gré à gré avec autres entreprises financières;DERIV_NOTIONNEL_GRE_GRE;A;BQ;_Z;47;_Z;RISQUES;TOP6_AUT_GROUPES;EF;PHNC;EUR;2;9;N;P1Y;ACPR;E;F;A
ACPR.A.BQ.RISQUES.CRED_CLIENT.34._Z.MENAGES.PHNC._Z.TOP6_AUT_GROUPES;2020;2020-01-01;2020-12-31;1885,58;2025-03-18T17:10:26+00:00;ACPR;Ménages (crédits nets);Ménages (crédits nets);CRED_CLIENT;A;BQ;_Z;34;_Z;RISQUES;TOP6_AUT_GROUPES;MENAGES;PHNC;EUR;2;9;N;P1Y;ACPR;E;F;A
ACPR.A.BQ.RISQUES.CREDITS_BRUTS_MENAGES_ENF_PAYS.40.GB.MENAGES_ENF.PHNC._Z.TOP6_AUT_GROUPES;2020;2020-01-01;2020-12-31;64,16;2025-03-18T17:10:27+00:00;ACPR;Crédits bruts aux ménages et entreprises non financières au Royaume uni;Crédits bruts aux ménages et entreprises non financières au Royaume uni;CREDITS_BRUTS_MENAGES_ENF_PAYS;A;BQ;_Z;40;GB;RISQUES;TOP6_AUT_GROUPES;MENAGES_ENF;PHNC;EUR;2;9;N;P1Y;ACPR;E;F;A
ACPR.A.BQ.RISQUES.CREDITS_BRUTS_MENAGES_ENF_PAYS.40.BE.MENAGES_ENF.PHNC._Z.TOP6_AUT_GROUPES;2020;2020-01-01;2020-12-31;131,92;2025-03-18T17:10:27+00:00;ACPR;Crédits bruts aux ménages et entreprises non financières en Belgique;Crédits bruts aux ménages et entreprises non financières en Belgique;CREDITS_BRUTS_MENAGES_ENF_PAYS;A;BQ;_Z;40;BE;RISQUES;TOP6_AUT_GROUPES;MENAGES_ENF;PHNC;EUR;2;9;N;P1Y;ACPR;E;F;A
ACPR.A.BQ.RISQUES.TX_PROV.572.FR.MENAGES_ENF.PHNC._Z.TOP6_AUT_GROUPES;2020;2020-01-01;2020-12-31;72,4;2025-03-18T17:10:29+00:00;ACPR;Taux de provisionnement en France;Taux de provisionnement en France;TX_PROV;A;BQ;_Z;572;FR;RISQUES;TOP6_AUT_GROUPES;MENAGES_ENF;PHNC;PC;2;0;N;P1Y;ACPR;E;F;A
ACPR.A.BQ.RISQUES.S1_ENFCA_BASE100.660._Z.ENF.PHNC._Z.TOP6_AUT_GROUPES;2020;2020-01-01;2020-12-31;102,78;2025-10-22T14:00:31+00:00;ACPR;Encours de prêts et avances (brut comptable) aux entreprises non financières en stade 1 - coût amorti - base 100;Encours de prêts et avances (brut comptable) aux entreprises non financières en stade 1 - coût amorti - base 100;S1_ENFCA_BASE100;A;BQ;_Z;660;_Z;RISQUES;TOP6_AUT_GROUPES;ENF;PHNC;PC;2;0;N;P1Y;ACPR;E;F;A
ACPR.A.BQ.RISQUES.CRED_CLIENT.34._Z.NACE_D.PHNC._Z.TOP6_AUT_GROUPES;2020;2020-01-01;2020-12-31;70,21;2025-03-18T17:10:26+00:00;ACPR;Crédits au secteur de l'électricité, gaz, vapeur et air conditionné;Crédits au secteur de l'électricité, gaz, vapeur et air conditionné;CRED_CLIENT;A;BQ;_Z;34;_Z;RISQUES;TOP6_AUT_GROUPES;NACE_D;PHNC;EUR;2;9;N;P1Y;ACPR;E;F;A
ACPR.A.BQ.RISQUES.TB_FIN_NEGO_DERIVES9920.586._Z._Z.PHNC._Z._Z;2020;2020-01-01;2020-12-31;1230,39;2025-09-17T10:00:30+00:00;ACPR;Montants notionnels de dérivés sur crédit;Montants notionnels de dérivés sur crédit;TB_FIN_NEGO_DERIVES9920;A;BQ;_Z;586;_Z;RISQUES;_Z;_Z;PHNC;EUR;2;9;N;P1Y;ACPR;E;F;A
ACPR.A.BQ.RISQUES.CREDITS_BRUTS_MENAGES_ENF_PAYS.40.ES.MENAGES_ENF.PHNC._Z.TOP6_AUT_GROUPES;2020;2020-01-01;2020-12-31;48,66;2025-03-18T17:10:27+00:00;ACPR;Crédits bruts aux ménages et entreprises non financières en Espagne;Crédits bruts aux ménages et entreprises non financières en Espagne;CREDITS_BRUTS_MENAGES_ENF_PAYS;A;BQ;_Z;40;ES;RISQUES;TOP6_AUT_GROUPES;MENAGES_ENF;PHNC;EUR;2;9;N;P1Y;ACPR;E;F;A
ACPR.A.BQ.RISQUES.OBLIG_PTF_NEGO.238._Z.BC.PHNC._Z.TOP6_AUT_GROUPES;2020;2020-01-01;2020-12-31;2,57;2025-03-18T17:10:28+00:00;ACPR;Titre de créances émis par les banques centrales dans le portefeuille de négociation;Titre de créances émis par les banques centrales dans le portefeuille de négociation;OBLIG_PTF_NEGO;A;BQ;_Z;238;_Z;RISQUES;TOP6_AUT_GROUPES;BC;PHNC;EUR;2;9;N;P1Y;ACPR;E;F;A
ACPR.A.BQ.RISQUES.TB_FIN_NEGO_DERIVE_CREDIT10005.461._Z._Z.PHNC._Z.TOP6_AUT_GROUPES;2020;2020-01-01;2020-12-31;4,03;2025-03-18T17:10:28+00:00;ACPR;Vente de dérivés de crédit sur transfert de rendement (Total return swaps) En notionnel;Vente de dérivés de crédit sur transfert de rendement (Total return swaps) En notionnel;TB_FIN_NEGO_DERIVE_CREDIT10005;A;BQ;_Z;461;_Z;RISQUES;TOP6_AUT_GROUPES;_Z;PHNC;EUR;2;9;N;P1Y;ACPR;E;F;A
ACPR.A.BQ.RISQUES.DERIV_NOTIONNEL_GRE_GRE.47._Z._Z.PHNC._Z.TOP6_AUT_GROUPES;2020;2020-01-01;2020-12-31;60245,87;2025-03-18T17:10:27+00:00;ACPR;Montant notionnels de dérivés de gré à gré;Montant notionnels de dérivés de gré à gré;DERIV_NOTIONNEL_GRE_GRE;A;BQ;_Z;47;_Z;RISQUES;TOP6_AUT_GROUPES;_Z;PHNC;EUR;2;9;N;P1Y;ACPR;E;F;A
ACPR.A.BQ.RISQUES.TB_FIN_NEGO_DERIVE_CREDIT10018.470._Z._Z.PHNC._Z.TOP6_AUT_GROUPES;2020;2020-01-01;2020-12-31;0,45;2025-03-18T17:10:28+00:00;ACPR;Dérivés de crédit sur transfert de rendement (Total return swaps) au passif;Dérivés de crédit sur transfert de rendement (Total return swaps) au passif;TB_FIN_NEGO_DERIVE_CREDIT10018;A;BQ;_Z;470;_Z;RISQUES;TOP6_AUT_GROUPES;_Z;PHNC;EUR;2;9;N;P1Y;ACPR;E;F;A
ACPR.A.BQ.RISQUES.TB_FIN_NEGO_PART_OPTION9961.489._Z._Z.PHNC._Z.TOP6_AUT_GROUPES;2020;2020-01-01;2020-12-31;93,12;2025-03-18T17:10:28+00:00;ACPR;Options de gré à gré sur Capitaux propres (somme actif et passif);Options de gré à gré sur Capitaux propres (somme actif et passif);TB_FIN_NEGO_PART_OPTION9961;A;BQ;_Z;489;_Z;RISQUES;TOP6_AUT_GROUPES;_Z;PHNC;EUR;2;9;N;P1Y;ACPR;E;F;A
ACPR.A.BQ.RISQUES.TX_NPL.569._Z.NACE_C.PHNC._Z.TOP6_AUT_GROUPES;2020;2020-01-01;2020-12-31;5,03;2025-03-18T17:10:28+00:00;ACPR;Taux de prêts non performants du secteur des industrie manufacturière;Taux de prêts non performants du secteur des industrie manufacturière;TX_NPL;A;BQ;_Z;569;_Z;RISQUES;TOP6_AUT_GROUPES;NACE_C;PHNC;PC;2;0;N;P1Y;ACPR;E;F;A
ACPR.A.BQ.RISQUES.TX_NPL.569._Z.NACE_M.PHNC._Z.TOP6_AUT_GROUPES;2020;2020-01-01;2020-12-31;3,99;2025-03-18T17:10:29+00:00;ACPR;Taux de prêts non performants du secteur des activités spécialisées, scientifiques et techniques;Taux de prêts non performants du secteur des activités spécialisées, scientifiques et techniques;TX_NPL;A;BQ;_Z;569;_Z;RISQUES;TOP6_AUT_GROUPES;NACE_M;PHNC;PC;2;0;N;P1Y;ACPR;E;F;A
ACPR.A.BQ.RISQUES.TX_NPL.569._Z.NACE_S.PHNC._Z.TOP6_AUT_GROUPES;2020;2020-01-01;2020-12-31;3,03;2025-03-18T17:10:29+00:00;ACPR;Taux de prêts non performants du secteur des autres activités de services;Taux de prêts non performants du secteur des autres activités de services;TX_NPL;A;BQ;_Z;569;_Z;RISQUES;TOP6_AUT_GROUPES;NACE_S;PHNC;PC;2;0;N;P1Y;ACPR;E;F;A
ACPR.A.BQ.RISQUES.TX_NPL_APRES_PROV.570._Z.PME.PHNC._Z.TOP6_AUT_GROUPES;2020;2020-01-01;2020-12-31;2,23;2025-03-18T17:10:29+00:00;ACPR;Poids des prêts non performants nets des provisions aux PME;Poids des prêts non performants nets des provisions aux PME;TX_NPL_APRES_PROV;A;BQ;_Z;570;_Z;RISQUES;TOP6_AUT_GROUPES;PME;PHNC;PC;2;0;N;P1Y;ACPR;E;F;A
ACPR.A.BQ.RISQUES.TX_PROV.572._Z.NACE_G.PHNC._Z.TOP6_AUT_GROUPES;2020;2020-01-01;2020-12-31;73,09;2025-03-18T17:10:29+00:00;ACPR;Taux de provisionnement du secteur du commerce;Taux de provisionnement du secteur du commerce;TX_PROV;A;BQ;_Z;572;_Z;RISQUES;TOP6_AUT_GROUPES;NACE_G;PHNC;PC;2;0;N;P1Y;ACPR;E;F;A
ACPR.A.BQ.RISQUES.TX_PROV.572._Z.NACE_D.PHNC._Z.TOP6_AUT_GROUPES;2020;2020-01-01;2020-12-31;85,76;2025-03-18T17:10:29+00:00;ACPR;Taux de provisionnement du secteur de l'électricité, gaz, vapeur et air conditionné;Taux de provisionnement du secteur de l'électricité, gaz, vapeur et air conditionné;TX_PROV;A;BQ;_Z;572;_Z;RISQUES;TOP6_AUT_GROUPES;NACE_D;PHNC;PC;2;0;N;P1Y;ACPR;E;F;A
ACPR.A.BQ.RISQUES.TX_PROV.572.US.MENAGES_ENF.PHNC._Z.TOP6_AUT_GROUPES;2020;2020-01-01;2020-12-31;65,9;2025-03-18T17:10:29+00:00;ACPR;Taux de provisionnement aux Etats-Unis;Taux de provisionnement aux Etats-Unis;TX_PROV;A;BQ;_Z;572;US;RISQUES;TOP6_AUT_GROUPES;MENAGES_ENF;PHNC;PC;2;0;N;P1Y;ACPR;E;F;A
ACPR.A.BQ.RISQUES.CRED_BAIL.33._Z._Z.SOLO._Z.TOTAL_SECTEUR;2020;2020-01-01;2020-12-31;100,43;2025-10-22T14:00:28+00:00;ACPR;Crédit-bail et opérations assimilées à l'ensemble de la clientèle non financière;Crédit-bail et opérations assimilées à l'ensemble de la clientèle non financière;CRED_BAIL;A;BQ;_Z;33;_Z;RISQUES;TOTAL_SECTEUR;_Z;SOLO;EUR;2;9;N;P1Y;ACPR;E;F;A
ACPR.A.BQ.RISQUES.CRED_CLIENT.34._Z.NACE_C.PHNC._Z.TOP6_AUT_GROUPES;2020;2020-01-01;2020-12-31;212,75;2025-03-18T17:10:26+00:00;ACPR;Crédits au secteur des industrie manufacturière;Crédits au secteur des industrie manufacturière;CRED_CLIENT;A;BQ;_Z;34;_Z;RISQUES;TOP6_AUT_GROUPES;NACE_C;PHNC;EUR;2;9;N;P1Y;ACPR;E;F;A
ACPR.A.BQ.RISQUES.TB_FIN_NEGO_PART_BILAN9839.486._Z._Z.PHNC._Z.TOP6_AUT_GROUPES;2020;2020-01-01;2020-12-31;1654,35;2025-03-18T17:10:28+00:00;ACPR;Portefeuille de négociation - Actif;Portefeuille de négociation - Actif;TB_FIN_NEGO_PART_BILAN9839;A;BQ;_Z;486;_Z;RISQUES;TOP6_AUT_GROUPES;_Z;PHNC;EUR;2;9;N;P1Y;ACPR;E;F;A
ACPR.A.BQ.RISQUES.ACT_PTF_NEGO.3._Z.AUTRES.PHNC._Z.TOP6_AUT_GROUPES;2020;2020-01-01;2020-12-31;0,03;2025-03-18T17:10:26+00:00;ACPR;Instruments de capitaux propres des autres entités dans le portefeuille de négociation;Instruments de capitaux propres des autres entités dans le portefeuille de négociation;ACT_PTF_NEGO;A;BQ;_Z;3;_Z;RISQUES;TOP6_AUT_GROUPES;AUTRES;PHNC;EUR;2;9;N;P1Y;ACPR;E;F;A
ACPR.A.BQ.RISQUES.GB_FIN_TX_DOUT_MEN_ENF8968.39._Z.MENAGES.PHNC._Z.TOP6_AUT_GROUPES;2020;2020-01-01;2020-12-31;50,41;2025-03-31T08:10:37+00:00;ACPR;Prêts et avances bruts non performants au coût amorti du secteur bancaire français (IFRS) - ménages;Prêts et avances bruts non performants au coût amorti du secteur bancaire français (IFRS) - ménages;GB_FIN_TX_DOUT_MEN_ENF8968;A;BQ;_Z;39;_Z;RISQUES;TOP6_AUT_GROUPES;MENAGES;PHNC;EUR;2;9;N;P1Y;ACPR;E;F;A
ACPR.A.BQ.RISQUES.S2_MCA.661._Z.MENAGES.PHNC._Z.TOP6_AUT_GROUPES;2020;2020-01-01;2020-12-31;119,32;2025-03-31T08:10:38+00:00;ACPR;Encours de prêts et avances (brut comptable) aux ménages en stade 2 - coût amorti;Encours de prêts et avances (brut comptable) aux ménages en stade 2 - coût amorti;S2_MCA;A;BQ;_Z;661;_Z;RISQUES;TOP6_AUT_GROUPES;MENAGES;PHNC;EUR;2;9;N;P1Y;ACPR;E;F;A
ACPR.A.BQ.RISQUES.DERIV_NOTIONNEL_ORGA.48._Z._Z.PHNC._Z.TOP6_AUT_GROUPES;2020;2020-01-01;2020-12-31;3906,27;2025-03-18T17:10:27+00:00;ACPR;Montant notionnels de dérivés sur marchés organisés;Montant notionnels de dérivés sur marchés organisés;DERIV_NOTIONNEL_ORGA;A;BQ;_Z;48;_Z;RISQUES;TOP6_AUT_GROUPES;_Z;PHNC;EUR;2;9;N;P1Y;ACPR;E;F;A
ACPR.A.BQ.RISQUES.GB_FIN_NEGO_ACTIF_9846.182._Z._Z.PHNC._Z.TOP6_AUT_GROUPES;2020;2020-01-01;2020-12-31;220,55;2025-03-18T17:10:28+00:00;ACPR;Titres de créances dans le portefeuille de négociation coté actif;Titres de créances dans le portefeuille de négociation coté actif;GB_FIN_NEGO_ACTIF_9846;A;BQ;_Z;182;_Z;RISQUES;TOP6_AUT_GROUPES;_Z;PHNC;EUR;2;9;N;P1Y;ACPR;E;F;A
ACPR.A.BQ.RISQUES.LOANS_PTF_NEGO.222._Z.MENAGES.PHNC._Z.TOP6_AUT_GROUPES;2020;2020-01-01;2020-12-31;0,25;2025-03-18T17:10:28+00:00;ACPR;Prêts aux Ménages dans le portefeuille de négociation;Prêts aux Ménages dans le portefeuille de négociation;LOANS_PTF_NEGO;A;BQ;_Z;222;_Z;RISQUES;TOP6_AUT_GROUPES;MENAGES;PHNC;EUR;2;9;N;P1Y;ACPR;E;F;A
ACPR.A.BQ.RISQUES.TB_FIN_NEGO_DERIVE_CREDIT10002.459._Z._Z.PHNC._Z.TOP6_AUT_GROUPES;2020;2020-01-01;2020-12-31;0,66;2025-03-18T17:10:28+00:00;ACPR;Vente de options sur écart de crédit (CDS) En notionnel;Vente de options sur écart de crédit (CDS) En notionnel;TB_FIN_NEGO_DERIVE_CREDIT10002;A;BQ;_Z;459;_Z;RISQUES;TOP6_AUT_GROUPES;_Z;PHNC;EUR;2;9;N;P1Y;ACPR;E;F;A
ACPR.A.BQ.RISQUES.TB_FIN_NEGO_DERIVE_CREDIT10003.460._Z._Z.PHNC._Z.TOP6_AUT_GROUPES;2020;2020-01-01;2020-12-31;1,66;2025-03-18T17:10:28+00:00;ACPR;Achats de options sur écart de crédit (CDS) En notionnel;Achats de options sur écart de crédit (CDS) En notionnel;TB_FIN_NEGO_DERIVE_CREDIT10003;A;BQ;_Z;460;_Z;RISQUES;TOP6_AUT_GROUPES;_Z;PHNC;EUR;2;9;N;P1Y;ACPR;E;F;A
ACPR.A.BQ.RISQUES.TB_FIN_NEGO_DERIVES9924.474._Z._Z.PHNC._Z.TOP6_AUT_GROUPES;2020;2020-01-01;2020-12-31;407,99;2025-03-18T17:10:28+00:00;ACPR;Montant à l'actif de dérivés sur taux d'intérêt;Montant à l'actif de dérivés sur taux d'intérêt;TB_FIN_NEGO_DERIVES9924;A;BQ;_Z;474;_Z;RISQUES;TOP6_AUT_GROUPES;_Z;PHNC;EUR;2;9;N;P1Y;ACPR;E;F;A
ACPR.A.BQ.RISQUES.TB_FIN_NEGO_DERIVES9934.482._Z._Z.PHNC._Z.TOP6_AUT_GROUPES;2020;2020-01-01;2020-12-31;154,74;2025-03-18T17:10:28+00:00;ACPR;Montant au passif de dérivés sur change et or;Montant au passif de dérivés sur change et or;TB_FIN_NEGO_DERIVES9934;A;BQ;_Z;482;_Z;RISQUES;TOP6_AUT_GROUPES;_Z;PHNC;EUR;2;9;N;P1Y;ACPR;E;F;A
ACPR.A.BQ.RISQUES.TB_FIN_NEGO_PART_OPTION9958.488._Z._Z.PHNC._Z.TOP6_AUT_GROUPES;2020;2020-01-01;2020-12-31;152,03;2025-03-18T17:10:28+00:00;ACPR;Options de gré à gré sur Taux d'intérêt (somme actif et passif);Options de gré à gré sur Taux d'intérêt (somme actif et passif);TB_FIN_NEGO_PART_OPTION9958;A;BQ;_Z;488;_Z;RISQUES;TOP6_AUT_GROUPES;_Z;PHNC;EUR;2;9;N;P1Y;ACPR;E;F;A
ACPR.A.BQ.RISQUES.TX_NPL_APRES_PROV.570._Z.MENAGES.PHNC._Z.TOP6_AUT_GROUPES;2020;2020-01-01;2020-12-31;1,34;2025-03-18T17:10:29+00:00;ACPR;Poids des prêts non performants nets des provisions aux ménages;Poids des prêts non performants nets des provisions aux ménages;TX_NPL_APRES_PROV;A;BQ;_Z;570;_Z;RISQUES;TOP6_AUT_GROUPES;MENAGES;PHNC;PC;2;0;N;P1Y;ACPR;E;F;A
ACPR.A.BQ.RISQUES.TX_PROV.572._Z.NACE_B.PHNC._Z.TOP6_AUT_GROUPES;2020;2020-01-01;2020-12-31;53,65;2025-03-18T17:10:29+00:00;ACPR;Taux de provisionnement du secteur des industries extractives;Taux de provisionnement du secteur des industries extractives;TX_PROV;A;BQ;_Z;572;_Z;RISQUES;TOP6_AUT_GROUPES;NACE_B;PHNC;PC;2;0;N;P1Y;ACPR;E;F;A
ACPR.A.BQ.RISQUES.GB_FIN_TX_DOUT_MEN_ENF8998.39._Z.MENAGES.PHNC._Z.TOP6_AUT_GROUPES;2020;2020-01-01;2020-12-31;53,22;2025-10-22T14:00:31+00:00;ACPR;Part des ménages dans les prêts et avances bruts au coût amorti aux ménages et aux entreprises non financières - secteur bancaire français (IFRS);Part des ménages dans les prêts et avances bruts au coût amorti aux ménages et aux entreprises non financières - secteur bancaire français (IFRS);GB_FIN_TX_DOUT_MEN_ENF8998;A;BQ;_Z;39;_Z;RISQUES;TOP6_AUT_GROUPES;MENAGES;PHNC;PC;2;0;N;P1Y;ACPR;E;F;A
ACPR.A.BQ.RISQUES.GB_FIN_NEGO_COURT9873.185._Z._Z.PHNC._Z.TOP6_AUT_GROUPES;2020;2020-01-01;2020-12-31;147,78;2025-03-18T17:10:28+00:00;ACPR;Positions courtes sur Titres de créance;Positions courtes sur Titres de créance;GB_FIN_NEGO_COURT9873;A;BQ;_Z;185;_Z;RISQUES;TOP6_AUT_GROUPES;_Z;PHNC;EUR;2;9;N;P1Y;ACPR;E;F;A
ACPR.A.BQ.RISQUES.GB_FIN_TX_DOUT_MEN_ENF8964.39._Z.MENAGES.PHNC._Z.TOP6_AUT_GROUPES;2020;2020-01-01;2020-12-31;1919,06;2025-03-31T08:10:37+00:00;ACPR;Prêts et avances bruts au coût amorti du secteur bancaire français (IFRS) - ménages;Prêts et avances bruts au coût amorti du secteur bancaire français (IFRS) - ménages;GB_FIN_TX_DOUT_MEN_ENF8964;A;BQ;_Z;39;_Z;RISQUES;TOP6_AUT_GROUPES;MENAGES;PHNC;EUR;2;9;N;P1Y;ACPR;E;F;A
ACPR.A.BQ.RISQUES.TX_PROV.572.PL.MENAGES_ENF.PHNC._Z.TOP6_AUT_GROUPES;2020;2020-01-01;2020-12-31;77,3;2025-03-18T17:10:29+00:00;ACPR;Taux de provisionnement en Pologne;Taux de provisionnement en Pologne;TX_PROV;A;BQ;_Z;572;PL;RISQUES;TOP6_AUT_GROUPES;MENAGES_ENF;PHNC;PC;2;0;N;P1Y;ACPR;E;F;A
ACPR.A.BQ.RISQUES.CREDITS_BRUTS.39._Z.NACE_C.PHNC._Z.TOP6_AUT_GROUPES;2020;2020-01-01;2020-12-31;220,18;2025-03-18T17:10:27+00:00;ACPR;Crédits bruts aux entreprises du secteur des industrie manufacturière;Crédits bruts aux entreprises du secteur des industrie manufacturière;CREDITS_BRUTS;A;BQ;_Z;39;_Z;RISQUES;TOP6_AUT_GROUPES;NACE_C;PHNC;EUR;2;9;N;P1Y;ACPR;E;F;A
ACPR.A.BQ.RISQUES.DERIV_PASSIF_GRE_GRE.49._Z.EC.PHNC._Z.TOP6_AUT_GROUPES;2020;2020-01-01;2020-12-31;340,45;2025-03-18T17:10:27+00:00;ACPR;Montant au passif de dérivés de gré à gré avec établissements de crédit;Passif de dérivés de gré à gré avec établissements de crédit;DERIV_PASSIF_GRE_GRE;A;BQ;_Z;49;_Z;RISQUES;TOP6_AUT_GROUPES;EC;PHNC;EUR;2;9;N;P1Y;ACPR;E;F;A
ACPR.A.BQ.RISQUES.CRED_AFF.31._Z.APU.SOLO._Z.TOTAL_SECTEUR;2020;2020-01-01;2020-12-31;4,84;2025-03-18T17:10:26+00:00;ACPR;Affacturage aux administrations publiques;Affacturage aux administrations publiques;CRED_AFF;A;BQ;_Z;31;_Z;RISQUES;TOTAL_SECTEUR;APU;SOLO;EUR;2;9;N;P1Y;ACPR;E;F;A
ACPR.A.BQ.RISQUES.CRED_CLIENT.34._Z.NACE_N.PHNC._Z.TOP6_AUT_GROUPES;2020;2020-01-01;2020-12-31;94,93;2025-03-18T17:10:27+00:00;ACPR;Crédits au secteur de l'activité de services administratifs et de soutien;Crédits au secteur de l'activité de services administratifs et de soutien;CRED_CLIENT;A;BQ;_Z;34;_Z;RISQUES;TOP6_AUT_GROUPES;NACE_N;PHNC;EUR;2;9;N;P1Y;ACPR;E;F;A
ACPR.A.BQ.RISQUES.CRED_COD.30._Z.MENAGES.SOLO._Z.TOTAL_SECTEUR;2020;2020-01-01;2020-12-31;9,18;2025-10-22T14:00:28+00:00;ACPR;Comptes ordinaires débiteurs aux Ménages;Comptes ordinaires débiteurs aux Ménages;CRED_COD;A;BQ;_Z;30;_Z;RISQUES;TOTAL_SECTEUR;MENAGES;SOLO;EUR;2;9;N;P1Y;ACPR;E;F;A
ACPR.A.BQ.RISQUES.CREDITS_BRUTS.39._Z.NACE_N.PHNC._Z.TOP6_AUT_GROUPES;2020;2020-01-01;2020-12-31;96,5;2025-03-18T17:10:27+00:00;ACPR;Crédits bruts aux entreprises du secteur de l'activité de services administratifs et de soutien;Crédits bruts aux entreprises du secteur de l'activité de services administratifs et de soutien;CREDITS_BRUTS;A;BQ;_Z;39;_Z;RISQUES;TOP6_AUT_GROUPES;NACE_N;PHNC;EUR;2;9;N;P1Y;ACPR;E;F;A
ACPR.A.BQ.RISQUES.CRED_CLIENT.34._Z.NACE_O.PHNC._Z.TOP6_AUT_GROUPES;2020;2020-01-01;2020-12-31;4,86;2025-03-18T17:10:27+00:00;ACPR;Crédits au secteur de l'administration publique;Crédits au secteur de l'administration publique;CRED_CLIENT;A;BQ;_Z;34;_Z;RISQUES;TOP6_AUT_GROUPES;NACE_O;PHNC;EUR;2;9;N;P1Y;ACPR;E;F;A
ACPR.A.BQ.RISQUES.CRED_COD.30._Z.APU.SOLO._Z.TOTAL_SECTEUR;2020;2020-01-01;2020-12-31;6,86;2025-03-18T17:10:27+00:00;ACPR;Comptes ordinaires débiteurs aux administrations publiques;Comptes ordinaires débiteurs aux administrations publiques;CRED_COD;A;BQ;_Z;30;_Z;RISQUES;TOTAL_SECTEUR;APU;SOLO;EUR;2;9;N;P1Y;ACPR;E;F;A
ACPR.A.BQ.RISQUES.CREDITS_BRUTS.39._Z.NACE_H.PHNC._Z.TOP6_AUT_GROUPES;2020;2020-01-01;2020-12-31;98,66;2025-03-18T17:10:27+00:00;ACPR;Crédits bruts aux entreprises du secteur du transports et entreposage;Crédits bruts aux entreprises du secteur du transports et entreposage;CREDITS_BRUTS;A;BQ;_Z;39;_Z;RISQUES;TOP6_AUT_GROUPES;NACE_H;PHNC;EUR;2;9;N;P1Y;ACPR;E;F;A
ACPR.A.BQ.RISQUES.CRED_CLIENT.34._Z.NACE_M.PHNC._Z.TOP6_AUT_GROUPES;2020;2020-01-01;2020-12-31;87,39;2025-03-18T17:10:27+00:00;ACPR;Crédits au secteur des activités spécialisées, scientifiques et techniques;Crédits au secteur des activités spécialisées, scientifiques et techniques;CRED_CLIENT;A;BQ;_Z;34;_Z;RISQUES;TOP6_AUT_GROUPES;NACE_M;PHNC;EUR;2;9;N;P1Y;ACPR;E;F;A
ACPR.A.BQ.RISQUES.DERIV_NOTIONNEL_GRE_GRE.47._Z.AUTRES.PHNC._Z.TOP6_AUT_GROUPES;2020;2020-01-01;2020-12-31;4118,19;2025-03-18T17:10:27+00:00;ACPR;Montant notionnels de dérivés de gré à gré avec autres contreparties;Montant notionnels de dérivés de gré à gré avec autres contreparties;DERIV_NOTIONNEL_GRE_GRE;A;BQ;_Z;47;_Z;RISQUES;TOP6_AUT_GROUPES;AUTRES;PHNC;EUR;2;9;N;P1Y;ACPR;E;F;A
ACPR.A.BQ.RISQUES.TB_FIN_NEGO_DERIVES9928.478._Z._Z.PHNC._Z.TOP6_AUT_GROUPES;2020;2020-01-01;2020-12-31;5,89;2025-03-18T17:10:28+00:00;ACPR;Montant à l'actif de dérivés sur matières premières;Montant à l'actif de dérivés sur matières premières;TB_FIN_NEGO_DERIVES9928;A;BQ;_Z;478;_Z;RISQUES;TOP6_AUT_GROUPES;_Z;PHNC;EUR;2;9;N;P1Y;ACPR;E;F;A
ACPR.A.BQ.RISQUES.TX_NPL.569.PL.MENAGES_ENF.PHNC._Z.TOP6_AUT_GROUPES;2020;2020-01-01;2020-12-31;5,0;2025-03-18T17:10:29+00:00;ACPR;Taux de prêts non performants en Pologne;Taux de prêts non performants en Pologne;TX_NPL;A;BQ;_Z;569;PL;RISQUES;TOP6_AUT_GROUPES;MENAGES_ENF;PHNC;PC;2;0;N;P1Y;ACPR;E;F;A
ACPR.A.BQ.RISQUES.CRED_CLIENT.34._Z.NACE_G.PHNC._Z.TOP6_AUT_GROUPES;2020;2020-01-01;2020-12-31;210,27;2025-03-18T17:10:26+00:00;ACPR;Crédits au secteur du commerce;Crédits au secteur du commerce;CRED_CLIENT;A;BQ;_Z;34;_Z;RISQUES;TOP6_AUT_GROUPES;NACE_G;PHNC;EUR;2;9;N;P1Y;ACPR;E;F;A
ACPR.A.BQ.RISQUES.TB_FIN_NEGO_VENTE_OPTION9990.500._Z._Z.PHNC._Z.TOP6_AUT_GROUPES;2020;2020-01-01;2020-12-31;6499,61;2025-03-18T17:10:28+00:00;ACPR;Options achats et ventes sur Taux d'intérêt;Options achats et ventes sur Taux d'intérêt;TB_FIN_NEGO_VENTE_OPTION9990;A;BQ;_Z;500;_Z;RISQUES;TOP6_AUT_GROUPES;_Z;PHNC;EUR;2;9;N;P1Y;ACPR;E;F;A
ACPR.A.BQ.RISQUES.CRED_HAB.36._Z._Z.SOLO._Z.TOTAL_SECTEUR;2020;2020-01-01;2020-12-31;1330,07;2025-10-22T14:00:28+00:00;ACPR;Crédits à l'habitat à l'ensemble de la clientèle non financière;Crédits à l'habitat à l'ensemble de la clientèle non financière;CRED_HAB;A;BQ;_Z;36;_Z;RISQUES;TOTAL_SECTEUR;_Z;SOLO;EUR;2;9;N;P1Y;ACPR;E;F;A
ACPR.A.BQ.RISQUES.GB_FIN_NEGO_PASSIF_9849.187._Z._Z.PHNC._Z.TOP6_AUT_GROUPES;2020;2020-01-01;2020-12-31;179,54;2025-03-18T17:10:28+00:00;ACPR;Positions courtes dans le portefeuille de négociation coté passif;Positions courtes dans le portefeuille de négociation coté passif;GB_FIN_NEGO_PASSIF_9849;A;BQ;_Z;187;_Z;RISQUES;TOP6_AUT_GROUPES;_Z;PHNC;EUR;2;9;N;P1Y;ACPR;E;F;A
ACPR.A.BQ.RISQUES.TB_FIN_NEGO_DERIVES_CIES9943.51._Z._Z.PHNC._Z._Z;2020;2020-01-01;2020-12-31;64152,14;2025-09-17T10:00:30+00:00;ACPR;Total des dérivés (montants notionnels);Total des dérivés (montants notionnels);TB_FIN_NEGO_DERIVES_CIES9943;A;BQ;_Z;51;_Z;RISQUES;_Z;_Z;PHNC;EUR;2;9;N;P1Y;ACPR;E;F;A
ACPR.A.BQ.RISQUES.TB_FIN_NEGO_DERIVES9917.491._Z._Z.PHNC._Z._Z;2020;2020-01-01;2020-12-31;44228,12;2025-09-17T10:00:30+00:00;ACPR;Montants notionnels de dérivés sur taux d'intérêt;Montants notionnels de dérivés sur taux d'intérêt;TB_FIN_NEGO_DERIVES9917;A;BQ;_Z;491;_Z;RISQUES;_Z;_Z;PHNC;EUR;2;9;N;P1Y;ACPR;E;F;A
ACPR.A.BQ.RISQUES.TX_PROV.572.NL.MENAGES_ENF.PHNC._Z.TOP6_AUT_GROUPES;2020;2020-01-01;2020-12-31;70,9;2025-03-18T17:10:29+00:00;ACPR;Taux de provisionnement aux Pays-Bas;Taux de provisionnement aux Pays-Bas;TX_PROV;A;BQ;_Z;572;NL;RISQUES;TOP6_AUT_GROUPES;MENAGES_ENF;PHNC;PC;2;0;N;P1Y;ACPR;E;F;A
ACPR.A.BQ.RISQUES.GB_FIN_TX_DOUT_MEN_ENF8999.39._Z.ENF.PHNC._Z.TOP6_AUT_GROUPES;2020;2020-01-01;2020-12-31;46,78;2025-10-22T14:00:31+00:00;ACPR;Part des entreprises non financières dans les prêts et avances bruts au coût amorti aux ménages et aux entreprises non financières - secteur bancaire français (IFRS);Part des entreprises non financières dans les prêts et avances bruts au coût amorti aux ménages et aux entreprises non financières - secteur bancaire français (IFRS);GB_FIN_TX_DOUT_MEN_ENF8999;A;BQ;_Z;39;_Z;RISQUES;TOP6_AUT_GROUPES;ENF;PHNC;PC;2;0;N;P1Y;ACPR;E;F;A
ACPR.A.BQ.RISQUES.CREDITS_BRUTS.39._Z.NACE_Q.PHNC._Z.TOP6_AUT_GROUPES;2020;2020-01-01;2020-12-31;31,96;2025-03-18T17:10:27+00:00;ACPR;Crédits bruts aux entreprises du secteur de la santé humaine et action sociale;Crédits bruts aux entreprises du secteur de la santé humaine et action sociale;CREDITS_BRUTS;A;BQ;_Z;39;_Z;RISQUES;TOP6_AUT_GROUPES;NACE_Q;PHNC;EUR;2;9;N;P1Y;ACPR;E;F;A
ACPR.A.BQ.RISQUES.GB_FIN_TX_DOUT_MEN_ENF8961.39._Z.ENF.PHNC._Z.TOP6_AUT_GROUPES;2020;2020-01-01;2020-12-31;1687,01;2025-03-31T08:10:37+00:00;ACPR;Prêts et avances bruts au coût amorti du secteur bancaire français (IFRS) - entreprises non financières;Prêts et avances bruts au coût amorti du secteur bancaire français (IFRS) - entreprises non financières;GB_FIN_TX_DOUT_MEN_ENF8961;A;BQ;_Z;39;_Z;RISQUES;TOP6_AUT_GROUPES;ENF;PHNC;EUR;2;9;N;P1Y;ACPR;E;F;A
ACPR.A.BQ.RISQUES.S2_MCA_BASE100.661._Z.MENAGES.PHNC._Z.TOP6_AUT_GROUPES;2020;2020-01-01;2020-12-31;102,85;2025-10-22T14:00:31+00:00;ACPR;Encours de prêts et avances (brut comptable) aux ménages en stade 2 - coût amorti - base 100;Encours de prêts et avances (brut comptable) aux ménages en stade 2 - coût amorti - base 100;S2_MCA_BASE100;A;BQ;_Z;661;_Z;RISQUES;TOP6_AUT_GROUPES;MENAGES;PHNC;PC;2;0;N;P1Y;ACPR;E;F;A
ACPR.A.BQ.RISQUES.CRED_CLIENT.34._Z._Z.PHNC._Z.TOP6_AUT_GROUPES;2020;2020-01-01;2020-12-31;5490,91;2025-03-18T17:10:26+00:00;ACPR;Crédits net du secteur bancaire français;Crédits net du secteur bancaire français;CRED_CLIENT;A;BQ;_Z;34;_Z;RISQUES;TOP6_AUT_GROUPES;_Z;PHNC;EUR;2;9;N;P1Y;ACPR;E;F;A
ACPR.A.BQ.RISQUES.CREDITS_BRUTS.39._Z.NACE_B.PHNC._Z.TOP6_AUT_GROUPES;2020;2020-01-01;2020-12-31;35,61;2025-03-18T17:10:27+00:00;ACPR;Crédits bruts aux entreprises du secteur des industries extractives;Crédits bruts aux entreprises du secteur des industries extractives;CREDITS_BRUTS;A;BQ;_Z;39;_Z;RISQUES;TOP6_AUT_GROUPES;NACE_B;PHNC;EUR;2;9;N;P1Y;ACPR;E;F;A
ACPR.A.BQ.RISQUES.CREDITS_BRUTS.39._Z.NACE_D.PHNC._Z.TOP6_AUT_GROUPES;2020;2020-01-01;2020-12-31;71,06;2025-03-18T17:10:27+00:00;ACPR;Crédits bruts aux entreprises du secteur de l'électricité, gaz, vapeur et air conditionné;Crédits bruts aux entreprises du secteur de l'électricité, gaz, vapeur et air conditionné;CREDITS_BRUTS;A;BQ;_Z;39;_Z;RISQUES;TOP6_AUT_GROUPES;NACE_D;PHNC;EUR;2;9;N;P1Y;ACPR;E;F;A
ACPR.A.BQ.RISQUES.LOANS_PTF_NEGO.222._Z.BC.PHNC._Z.TOP6_AUT_GROUPES;2020;2020-01-01;2020-12-31;25,89;2025-03-18T17:10:28+00:00;ACPR;Prêts aux Banques centrales dans le portefeuille de négociation;Prêts aux Banques centrales dans le portefeuille de négociation;LOANS_PTF_NEGO;A;BQ;_Z;222;_Z;RISQUES;TOP6_AUT_GROUPES;BC;PHNC;EUR;2;9;N;P1Y;ACPR;E;F;A
ACPR.A.BQ.RISQUES.TX_NEGO_BILAN_PASSIF.568._Z._Z.PHNC._Z.TOP6_AUT_GROUPES;2020;2020-01-01;2020-12-31;17,42;2025-10-22T14:00:30+00:00;ACPR;Part du portefeuille de négociation au passif du bilan;Part du portefeuille de négociation au passif du bilan;TX_NEGO_BILAN_PASSIF;A;BQ;_Z;568;_Z;RISQUES;TOP6_AUT_GROUPES;_Z;PHNC;PC;2;0;N;P1Y;ACPR;E;F;A
ACPR.A.BQ.RISQUES.TX_NPL.569._Z.NACE_R.PHNC._Z.TOP6_AUT_GROUPES;2020;2020-01-01;2020-12-31;4,72;2025-03-18T17:10:29+00:00;ACPR;Taux de prêts non performants du secteur des arts, spectacles et activités récréatives;Taux de prêts non performants du secteur des arts, spectacles et activités récréatives;TX_NPL;A;BQ;_Z;569;_Z;RISQUES;TOP6_AUT_GROUPES;NACE_R;PHNC;PC;2;0;N;P1Y;ACPR;E;F;A
ACPR.A.BQ.RISQUES.TX_NPL.569.NL.MENAGES_ENF.PHNC._Z.TOP6_AUT_GROUPES;2020;2020-01-01;2020-12-31;1,0;2025-03-18T17:10:29+00:00;ACPR;Taux de prêts non performants aux Pays-Bas;Taux de prêts non performants aux Pays-Bas;TX_NPL;A;BQ;_Z;569;NL;RISQUES;TOP6_AUT_GROUPES;MENAGES_ENF;PHNC;PC;2;0;N;P1Y;ACPR;E;F;A
ACPR.A.BQ.RISQUES.TX_PROV.572._Z.MENAGES.PHNC._Z.TOP6_AUT_GROUPES;2020;2020-01-01;2020-12-31;48,9;2025-03-18T17:10:29+00:00;ACPR;Taux de provisionnement aux ménages;Taux de provisionnement aux ménages;TX_PROV;A;BQ;_Z;572;_Z;RISQUES;TOP6_AUT_GROUPES;MENAGES;PHNC;PC;2;0;N;P1Y;ACPR;E;F;A
ACPR.A.BQ.RISQUES.DERIV_PASSIF_ORGA.50._Z._Z.PHNC._Z.TOP6_AUT_GROUPES;2020;2020-01-01;2020-12-31;39,77;2025-03-18T17:10:27+00:00;ACPR;Montant au passif de dérivés sur marchés organisés;Passif de dérivés sur marchés organisés;DERIV_PASSIF_ORGA;A;BQ;_Z;50;_Z;RISQUES;TOP6_AUT_GROUPES;_Z;PHNC;EUR;2;9;N;P1Y;ACPR;E;F;A
ACPR.A.BQ.RISQUES.DT_PL_PTF_NEGO.58._Z.MENAGES.PHNC._Z.TOP6_AUT_GROUPES;2020;2020-01-01;2020-12-31;0,0;2025-03-18T17:10:28+00:00;ACPR;Dépôts et titres des Ménages donnés en pension livrée du portefeuille de négociation;Dépôts et titres des Ménages donnés en pension livrée du portefeuille de négociation;DT_PL_PTF_NEGO;A;BQ;_Z;58;_Z;RISQUES;TOP6_AUT_GROUPES;MENAGES;PHNC;EUR;2;9;N;P1Y;ACPR;E;F;A
ACPR.A.BQ.RISQUES.CRED_HAB.36._Z.MENAGES.SOLO._Z.TOTAL_SECTEUR;2020;2020-01-01;2020-12-31;1178,58;2025-03-18T17:10:27+00:00;ACPR;Crédits à l'habitat aux Ménages;Crédits à l'habitat aux Ménages;CRED_HAB;A;BQ;_Z;36;_Z;RISQUES;TOTAL_SECTEUR;MENAGES;SOLO;EUR;2;9;N;P1Y;ACPR;E;F;A
ACPR.A.BQ.RISQUES.CREDITS_BRUTS_MENAGES_ENF_PAYS.40.NL.MENAGES_ENF.PHNC._Z.TOP6_AUT_GROUPES;2020;2020-01-01;2020-12-31;25,19;2025-03-18T17:10:27+00:00;ACPR;Crédits bruts aux ménages et entreprises non financières aux Pays bas;Crédits bruts aux ménages et entreprises non financières aux Pays bas;CREDITS_BRUTS_MENAGES_ENF_PAYS;A;BQ;_Z;40;NL;RISQUES;TOP6_AUT_GROUPES;MENAGES_ENF;PHNC;EUR;2;9;N;P1Y;ACPR;E;F;A
ACPR.A.BQ.RISQUES.TB_FIN_NEGO_DERIVE_CREDIT10015.467._Z._Z.PHNC._Z.TOP6_AUT_GROUPES;2020;2020-01-01;2020-12-31;0,0;2025-03-18T17:10:28+00:00;ACPR;Options sur écart de crédit (Credit spread options) à l'actif;Options sur écart de crédit (Credit spread options) à l'actif;TB_FIN_NEGO_DERIVE_CREDIT10015;A;BQ;_Z;467;_Z;RISQUES;TOP6_AUT_GROUPES;_Z;PHNC;EUR;2;9;N;P1Y;ACPR;E;F;A
ACPR.A.BQ.RISQUES.ACT_PTF_NEGO.3._Z.EF.PHNC._Z.TOP6_AUT_GROUPES;2020;2020-01-01;2020-12-31;30,32;2025-03-18T17:10:26+00:00;ACPR;Instruments de capitaux propres des autres entreprises financières dans le portefeuille de négociation;Instruments de capitaux propres des autres entreprises financières dans le portefeuille de négociation;ACT_PTF_NEGO;A;BQ;_Z;3;_Z;RISQUES;TOP6_AUT_GROUPES;EF;PHNC;EUR;2;9;N;P1Y;ACPR;E;F;A
ACPR.A.BQ.RISQUES.CRED_AUT.32._Z._Z.SOLO._Z.TOTAL_SECTEUR;2020;2020-01-01;2020-12-31;62,5;2025-10-22T14:00:27+00:00;ACPR;Autres crédits à l'ensemble de la clientèle non financière;Autres crédits à l'ensemble de la clientèle non financière;CRED_AUT;A;BQ;_Z;32;_Z;RISQUES;TOTAL_SECTEUR;_Z;SOLO;EUR;2;9;N;P1Y;ACPR;E;F;A
ACPR.A.BQ.RISQUES.DEPOTS.43._Z.HORS_EC_BC.PHNC._Z.TOP6_AUT_GROUPES;2020;2020-01-01;2020-12-31;4339,69;2025-03-18T17:10:27+00:00;ACPR;Dépôts  hors EC et banques centrales;Dépôts  hors EC et banques centrales;DEPOTS;A;BQ;_Z;43;_Z;RISQUES;TOP6_AUT_GROUPES;HORS_EC_BC;PHNC;EUR;2;9;N;P1Y;ACPR;E;F;A
ACPR.A.BQ.RISQUES.S3_ENFCA.662._Z.ENF.PHNC._Z.TOP6_AUT_GROUPES;2020;2020-01-01;2020-12-31;64,39;2025-03-31T08:10:38+00:00;ACPR;Encours de prêts et avances (brut comptable) aux entreprises non financières en stade 3 - coût amorti;Encours de prêts et avances (brut comptable) aux entreprises non financières en stade 3 - coût amorti;S3_ENFCA;A;BQ;_Z;662;_Z;RISQUES;TOP6_AUT_GROUPES;ENF;PHNC;EUR;2;9;N;P1Y;ACPR;E;F;A
ACPR.A.BQ.RISQUES.CRED_CLIENT.34._Z.MENAGES_ENF.PHNC._Z.TOP6_AUT_GROUPES;2020;2020-01-01;2020-12-31;3542,52;2025-03-18T17:10:26+00:00;ACPR;Crédits nets  aux entreprises non financières et aux ménages;Crédits nets  aux entreprises non financières et aux ménages;CRED_CLIENT;A;BQ;_Z;34;_Z;RISQUES;TOP6_AUT_GROUPES;MENAGES_ENF;PHNC;EUR;2;9;N;P1Y;ACPR;E;F;A
ACPR.A.BQ.RISQUES.ACT_PTF_NEGO.3._Z.ENF.PHNC._Z.TOP6_AUT_GROUPES;2020;2020-01-01;2020-12-31;129,01;2025-03-18T17:10:26+00:00;ACPR;Instruments de capitaux propres des entreprises non financières dans le portefeuille de négociation;Instruments de capitaux propres des entreprises non financières dans le portefeuille de négociation;ACT_PTF_NEGO;A;BQ;_Z;3;_Z;RISQUES;TOP6_AUT_GROUPES;ENF;PHNC;EUR;2;9;N;P1Y;ACPR;E;F;A
ACPR.A.BQ.RISQUES.TX_NPL_APRES_PROV.570._Z.MENAGES_ENF.PHNC._Z.TOP6_AUT_GROUPES;2020;2020-01-01;2020-12-31;1,65;2025-03-18T17:10:29+00:00;ACPR;Poids des prêts non performants nets des provisions aux ménages et aux entreprises non financières;Poids des prêts non performants nets des provisions aux ménages et aux entreprises non financières;TX_NPL_APRES_PROV;A;BQ;_Z;570;_Z;RISQUES;TOP6_AUT_GROUPES;MENAGES_ENF;PHNC;PC;2;0;N;P1Y;ACPR;E;F;A
ACPR.A.BQ.RISQUES.DERIV_ACTIF_GRE_GRE.45._Z._Z.PHNC._Z.TOP6_AUT_GROUPES;2020;2020-01-01;2020-12-31;611,21;2025-03-18T17:10:27+00:00;ACPR;Montant à l'actif de dérivés de gré à gré;Dérivés de gré à gré (Actifs);DERIV_ACTIF_GRE_GRE;A;BQ;_Z;45;_Z;RISQUES;TOP6_AUT_GROUPES;_Z;PHNC;EUR;2;9;N;P1Y;ACPR;E;F;A
ACPR.A.BQ.RISQUES.CRED_CLIENT.34.US.ENF.PHNC._Z.TOP6_AUT_GROUPES;2020;2020-01-01;2020-12-31;101,01;2025-03-18T17:10:27+00:00;ACPR;Crédits aux entreprises non financières - États-Unis;Crédits aux entreprises non financières - États-Unis;CRED_CLIENT;A;BQ;_Z;34;US;RISQUES;TOP6_AUT_GROUPES;ENF;PHNC;EUR;2;9;N;P1Y;ACPR;E;F;A
ACPR.A.BQ.RISQUES.CRED_EQUIP.35._Z.MENAGES.SOLO._Z.TOTAL_SECTEUR;2020;2020-01-01;2020-12-31;39,6;2025-03-18T17:10:27+00:00;ACPR;Crédits à l'équipement aux Ménages;Crédits à l'équipement aux Ménages;CRED_EQUIP;A;BQ;_Z;35;_Z;RISQUES;TOTAL_SECTEUR;MENAGES;SOLO;EUR;2;9;N;P1Y;ACPR;E;F;A
ACPR.A.BQ.RISQUES.CRED_TRESO.38._Z.APU.SOLO._Z.TOTAL_SECTEUR;2020;2020-01-01;2020-12-31;5,94;2025-03-18T17:10:27+00:00;ACPR;Crédits de trésorerie aux administrations publiques;Crédits de trésorerie aux administrations publiques;CRED_TRESO;A;BQ;_Z;38;_Z;RISQUES;TOTAL_SECTEUR;APU;SOLO;EUR;2;9;N;P1Y;ACPR;E;F;A
ACPR.A.BQ.RISQUES.TX_PROV.572._Z.NACE_P.PHNC._Z.TOP6_AUT_GROUPES;2020;2020-01-01;2020-12-31;78,6;2025-03-18T17:10:29+00:00;ACPR;Taux de provisionnement du secteur de l'enseignement;Taux de provisionnement du secteur de l'enseignement;TX_PROV;A;BQ;_Z;572;_Z;RISQUES;TOP6_AUT_GROUPES;NACE_P;PHNC;PC;2;0;N;P1Y;ACPR;E;F;A
ACPR.A.BQ.RISQUES.ACTFR_CLIENT_RE_TTES_DEV2360.43._Z._Z.SOLO._Z.TOTAL_SECTEUR;2020;2020-01-01;2020-12-31;173,76;2025-03-20T09:10:29+00:00;ACPR;Comptes à terme de la clientèle non financière;Comptes à terme de la clientèle non financière;ACTFR_CLIENT_RE_TTES_DEV2360;A;BQ;_Z;43;_Z;RISQUES;TOTAL_SECTEUR;_Z;SOLO;EUR;2;9;N;P1Y;ACPR;E;F;A
ACPR.A.BQ.RISQUES.CREDITS_BRUTS_MENAGES_ENF_PAYS.40.PL.MENAGES_ENF.PHNC._Z.TOP6_AUT_GROUPES;2020;2020-01-01;2020-12-31;29,45;2025-03-18T17:10:27+00:00;ACPR;Crédits bruts aux ménages et entreprises non financières en Pologne;Crédits bruts aux ménages et entreprises non financières en Pologne;CREDITS_BRUTS_MENAGES_ENF_PAYS;A;BQ;_Z;40;PL;RISQUES;TOP6_AUT_GROUPES;MENAGES_ENF;PHNC;EUR;2;9;N;P1Y;ACPR;E;F;A
ACPR.A.BQ.RISQUES.DERIV_ACTIF_ORGA.46._Z._Z.PHNC._Z.TOP6_AUT_GROUPES;2020;2020-01-01;2020-12-31;42,96;2025-03-18T17:10:27+00:00;ACPR;Montant à l'actif de dérivés sur marchés organisés;Dérivés sur marchés organisés (Actif);DERIV_ACTIF_ORGA;A;BQ;_Z;46;_Z;RISQUES;TOP6_AUT_GROUPES;_Z;PHNC;EUR;2;9;N;P1Y;ACPR;E;F;A
ACPR.A.BQ.RISQUES.DT_PL_PTF_NEGO.58._Z.APU.PHNC._Z.TOP6_AUT_GROUPES;2020;2020-01-01;2020-12-31;16,0;2025-03-18T17:10:27+00:00;ACPR;Dépôts et titres des Administrations Publiques donnés en pension livrée du portefeuille de négociation;Dépôts et titres des Administrations Publiques donnés en pension livrée du portefeuille de négociation;DT_PL_PTF_NEGO;A;BQ;_Z;58;_Z;RISQUES;TOP6_AUT_GROUPES;APU;PHNC;EUR;2;9;N;P1Y;ACPR;E;F;A
ACPR.A.BQ.RISQUES.DT_PL_PTF_NEGO.58._Z.EC.PHNC._Z.TOP6_AUT_GROUPES;2020;2020-01-01;2020-12-31;134,0;2025-03-18T17:10:27+00:00;ACPR;Dépôts et titres des établissements de crédit donnés en pension livrée du portefeuille de négociation;Dépôts et titres des établissements de crédit donnés en pension livrée du portefeuille de négociation;DT_PL_PTF_NEGO;A;BQ;_Z;58;_Z;RISQUES;TOP6_AUT_GROUPES;EC;PHNC;EUR;2;9;N;P1Y;ACPR;E;F;A
ACPR.A.BQ.RISQUES.DT_PL_PTF_NEGO.58._Z.EF.PHNC._Z.TOP6_AUT_GROUPES;2020;2020-01-01;2020-12-31;341,0;2025-03-18T17:10:27+00:00;ACPR;Dépôts et titres des autres entreprises financières donnés en pension livrée du portefeuille de négociation;Dépôts et titres des autres entreprises financières donnés en pension livrée du portefeuille de négociation;DT_PL_PTF_NEGO;A;BQ;_Z;58;_Z;RISQUES;TOP6_AUT_GROUPES;EF;PHNC;EUR;2;9;N;P1Y;ACPR;E;F;A
ACPR.A.BQ.RISQUES.OBLIG_PTF_NEGO.238._Z.ENF.PHNC._Z.TOP6_AUT_GROUPES;2020;2020-01-01;2020-12-31;28,14;2025-03-18T17:10:28+00:00;ACPR;Titre de créances émis par les entreprises non financières dans le portefeuille de négociation;Titre de créances émis par les entreprises non financières dans le portefeuille de négociation;OBLIG_PTF_NEGO;A;BQ;_Z;238;_Z;RISQUES;TOP6_AUT_GROUPES;ENF;PHNC;EUR;2;9;N;P1Y;ACPR;E;F;A
ACPR.A.BQ.RISQUES.TB_FIN_NEGO_DERIVES9931.479._Z._Z.PHNC._Z.TOP6_AUT_GROUPES;2020;2020-01-01;2020-12-31;1,65;2025-03-18T17:10:28+00:00;ACPR;Montant à l'actif de dérivés sur autres produits;Montant à l'actif de dérivés sur autres produits;TB_FIN_NEGO_DERIVES9931;A;BQ;_Z;479;_Z;RISQUES;TOP6_AUT_GROUPES;_Z;PHNC;EUR;2;9;N;P1Y;ACPR;E;F;A
ACPR.A.BQ.RISQUES.TB_FIN_NEGO_DERIVES9935.483._Z._Z.PHNC._Z.TOP6_AUT_GROUPES;2020;2020-01-01;2020-12-31;12,24;2025-03-18T17:10:28+00:00;ACPR;Montant au passif de dérivés sur crédit;Montant au passif de dérivés sur crédit;TB_FIN_NEGO_DERIVES9935;A;BQ;_Z;483;_Z;RISQUES;TOP6_AUT_GROUPES;_Z;PHNC;EUR;2;9;N;P1Y;ACPR;E;F;A
ACPR.A.BQ.RISQUES.TX_PROV.572._Z.NACE_H.PHNC._Z.TOP6_AUT_GROUPES;2020;2020-01-01;2020-12-31;50,12;2025-03-18T17:10:29+00:00;ACPR;Taux de provisionnement du secteur du transports et entreposage;Taux de provisionnement du secteur du transports et entreposage;TX_PROV;A;BQ;_Z;572;_Z;RISQUES;TOP6_AUT_GROUPES;NACE_H;PHNC;PC;2;0;N;P1Y;ACPR;E;F;A
ACPR.A.BQ.RISQUES.S3_MCA_BASE100.662._Z.MENAGES.PHNC._Z.TOP6_AUT_GROUPES;2020;2020-01-01;2020-12-31;96,3;2025-10-22T14:00:31+00:00;ACPR;Encours de prêts et avances (brut comptable) aux ménages en stade 3 - coût amorti - base 100;Encours de prêts et avances (brut comptable) aux ménages en stade 3 - coût amorti - base 100;S3_MCA_BASE100;A;BQ;_Z;662;_Z;RISQUES;TOP6_AUT_GROUPES;MENAGES;PHNC;PC;2;0;N;P1Y;ACPR;E;F;A
ACPR.A.BQ.RISQUES.CRED_CLIENT.34._Z.EC.PHNC._Z.TOP6_AUT_GROUPES;2020;2020-01-01;2020-12-31;268,77;2025-03-18T17:10:26+00:00;ACPR;Établissements de crédit (crédits nets);Établissements de crédit (crédits nets);CRED_CLIENT;A;BQ;_Z;34;_Z;RISQUES;TOP6_AUT_GROUPES;EC;PHNC;EUR;2;9;N;P1Y;ACPR;E;F;A
ACPR.A.BQ.RISQUES.TX_PROV.572.PL.MENAGES_ENF.PHNC._Z.TOP6_AUT_GROUPES;2019;2019-01-01;2019-12-31;69,96;2025-03-18T17:10:29+00:00;ACPR;Taux de provisionnement en Pologne;Taux de provisionnement en Pologne;TX_PROV;A;BQ;_Z;572;PL;RISQUES;TOP6_AUT_GROUPES;MENAGES_ENF;PHNC;PC;2;0;N;P1Y;ACPR;E;F;A
ACPR.A.BQ.RISQUES.ACT_PTF_NEGO.3._Z.ENF.PHNC._Z.TOP6_AUT_GROUPES;2019;2019-01-01;2019-12-31;115,96;2025-03-18T17:10:26+00:00;ACPR;Instruments de capitaux propres des entreprises non financières dans le portefeuille de négociation;Instruments de capitaux propres des entreprises non financières dans le portefeuille de négociation;ACT_PTF_NEGO;A;BQ;_Z;3;_Z;RISQUES;TOP6_AUT_GROUPES;ENF;PHNC;EUR;2;9;N;P1Y;ACPR;E;F;A
ACPR.A.BQ.RISQUES.CRED_CLIENT.34.BE.ENF.PHNC._Z.TOP6_AUT_GROUPES;2019;2019-01-01;2019-12-31;52,3;2025-03-18T17:10:27+00:00;ACPR;Crédits aux entreprises non financières - Belgique;Crédits aux entreprises non financières - Belgique;CRED_CLIENT;A;BQ;_Z;34;BE;RISQUES;TOP6_AUT_GROUPES;ENF;PHNC;EUR;2;9;N;P1Y;ACPR;E;F;A
ACPR.A.BQ.RISQUES.TX_NPL.569._Z.NACE_B.PHNC._Z.TOP6_AUT_GROUPES;2019;2019-01-01;2019-12-31;3,89;2025-03-18T17:10:28+00:00;ACPR;Taux de prêts non performants du secteur des industries extractives;Taux de prêts non performants du secteur des industries extractives;TX_NPL;A;BQ;_Z;569;_Z;RISQUES;TOP6_AUT_GROUPES;NACE_B;PHNC;PC;2;0;N;P1Y;ACPR;E;F;A
ACPR.A.BQ.RISQUES.CRED_CLIENT.34.FR.MENAGES.PHNC._Z.TOP6_AUT_GROUPES;2019;2019-01-01;2019-12-31;1327,28;2025-03-18T17:10:27+00:00;ACPR;Crédits aux ménages - France;Crédits aux ménages - France;CRED_CLIENT;A;BQ;_Z;34;FR;RISQUES;TOP6_AUT_GROUPES;MENAGES;PHNC;EUR;2;9;N;P1Y;ACPR;E;F;A
ACPR.A.BQ.RISQUES.CREDITS_BRUTS.39._Z.NACE_C.PHNC._Z.TOP6_AUT_GROUPES;2019;2019-01-01;2019-12-31;211,67;2025-03-18T17:10:27+00:00;ACPR;Crédits bruts aux entreprises du secteur des industrie manufacturière;Crédits bruts aux entreprises du secteur des industrie manufacturière;CREDITS_BRUTS;A;BQ;_Z;39;_Z;RISQUES;TOP6_AUT_GROUPES;NACE_C;PHNC;EUR;2;9;N;P1Y;ACPR;E;F;A
ACPR.A.BQ.RISQUES.CRED_COD.30._Z._Z.SOLO._Z.TOTAL_SECTEUR;2019;2019-01-01;2019-12-31;48,15;2025-10-22T14:00:28+00:00;ACPR;Comptes ordinaires débiteurs à l'ensemble de la clientèle non financière;Comptes ordinaires débiteurs à l'ensemble de la clientèle non financière;CRED_COD;A;BQ;_Z;30;_Z;RISQUES;TOTAL_SECTEUR;_Z;SOLO;EUR;2;9;N;P1Y;ACPR;E;F;A
ACPR.A.BQ.RISQUES.DERIV_PASSIF_GRE_GRE.49._Z._Z.PHNC._Z.TOP6_AUT_GROUPES;2019;2019-01-01;2019-12-31;562,94;2025-03-18T17:10:27+00:00;ACPR;Montant au passif de dérivés de gré à gré;Passif de dérivés de gré à gré;DERIV_PASSIF_GRE_GRE;A;BQ;_Z;49;_Z;RISQUES;TOP6_AUT_GROUPES;_Z;PHNC;EUR;2;9;N;P1Y;ACPR;E;F;A
ACPR.A.BQ.RISQUES.OBLIG_PTF_NEGO.238._Z.BC.PHNC._Z.TOP6_AUT_GROUPES;2019;2019-01-01;2019-12-31;1,42;2025-03-18T17:10:28+00:00;ACPR;Titre de créances émis par les banques centrales dans le portefeuille de négociation;Titre de créances émis par les banques centrales dans le portefeuille de négociation;OBLIG_PTF_NEGO;A;BQ;_Z;238;_Z;RISQUES;TOP6_AUT_GROUPES;BC;PHNC;EUR;2;9;N;P1Y;ACPR;E;F;A
ACPR.A.BQ.RISQUES.ACT_PTF_NEGO.3._Z.AUTRES.PHNC._Z.TOP6_AUT_GROUPES;2019;2019-01-01;2019-12-31;0,1;2025-03-18T17:10:26+00:00;ACPR;Instruments de capitaux propres des autres entités dans le portefeuille de négociation;Instruments de capitaux propres des autres entités dans le portefeuille de négociation;ACT_PTF_NEGO;A;BQ;_Z;3;_Z;RISQUES;TOP6_AUT_GROUPES;AUTRES;PHNC;EUR;2;9;N;P1Y;ACPR;E;F;A
ACPR.A.BQ.RISQUES.TB_FIN_NEGO_DERIVES_CIES9943.51._Z._Z.PHNC._Z._Z;2019;2019-01-01;2019-12-31;62207,72;2025-09-17T10:00:30+00:00;ACPR;Total des dérivés (montants notionnels);Total des dérivés (montants notionnels);TB_FIN_NEGO_DERIVES_CIES9943;A;BQ;_Z;51;_Z;RISQUES;_Z;_Z;PHNC;EUR;2;9;N;P1Y;ACPR;E;F;A
ACPR.A.BQ.RISQUES.S3_ENFCA_BASE100.662._Z.ENF.PHNC._Z.TOP6_AUT_GROUPES;2019;2019-01-01;2019-12-31;100,0;2025-03-31T08:10:38+00:00;ACPR;Encours de prêts et avances (brut comptable) aux entreprises non financières en stade 3 - coût amorti - base 100;Encours de prêts et avances (brut comptable) aux entreprises non financières en stade 3 - coût amorti - base 100;S3_ENFCA_BASE100;A;BQ;_Z;662;_Z;RISQUES;TOP6_AUT_GROUPES;ENF;PHNC;PC;2;0;N;P1Y;ACPR;E;F;A
ACPR.A.BQ.RISQUES.GB_FIN_TX_DOUT_MEN_ENF8963.39._Z.GE.PHNC._Z.TOP6_AUT_GROUPES;2019;2019-01-01;2019-12-31;933,37;2025-03-31T08:10:37+00:00;ACPR;Prêts et avances bruts au coût amorti du secteur bancaire français (IFRS) - grandes entreprises;Prêts et avances bruts au coût amorti du secteur bancaire français (IFRS) - grandes entreprises;GB_FIN_TX_DOUT_MEN_ENF8963;A;BQ;_Z;39;_Z;RISQUES;TOP6_AUT_GROUPES;GE;PHNC;EUR;2;9;N;P1Y;ACPR;E;F;A
ACPR.A.BQ.RISQUES.GB_FIN_NEGO_ACTIF_9847.183._Z._Z.PHNC._Z.TOP6_AUT_GROUPES;2019;2019-01-01;2019-12-31;543,24;2025-03-18T17:10:28+00:00;ACPR;Prêts et avances yc les operations de pensions sur titres coté actif;Prêts et avances yc les operations de pensions sur titres coté actif;GB_FIN_NEGO_ACTIF_9847;A;BQ;_Z;183;_Z;RISQUES;TOP6_AUT_GROUPES;_Z;PHNC;EUR;2;9;N;P1Y;ACPR;E;F;A
ACPR.A.BQ.RISQUES.GB_FIN_NEGO_PASSIF_9849.187._Z._Z.PHNC._Z.TOP6_AUT_GROUPES;2019;2019-01-01;2019-12-31;148,2;2025-03-18T17:10:28+00:00;ACPR;Positions courtes dans le portefeuille de négociation coté passif;Positions courtes dans le portefeuille de négociation coté passif;GB_FIN_NEGO_PASSIF_9849;A;BQ;_Z;187;_Z;RISQUES;TOP6_AUT_GROUPES;_Z;PHNC;EUR;2;9;N;P1Y;ACPR;E;F;A
ACPR.A.BQ.RISQUES.LOANS_PTF_NEGO.222._Z.BC.PHNC._Z.TOP6_AUT_GROUPES;2019;2019-01-01;2019-12-31;20,24;2025-03-18T17:10:28+00:00;ACPR;Prêts aux Banques centrales dans le portefeuille de négociation;Prêts aux Banques centrales dans le portefeuille de négociation;LOANS_PTF_NEGO;A;BQ;_Z;222;_Z;RISQUES;TOP6_AUT_GROUPES;BC;PHNC;EUR;2;9;N;P1Y;ACPR;E;F;A
ACPR.A.BQ.RISQUES.LOANS_PTF_NEGO.222._Z.EC.PHNC._Z.TOP6_AUT_GROUPES;2019;2019-01-01;2019-12-31;185,29;2025-03-18T17:10:28+00:00;ACPR;Prêts aux Établissements de crédit dans le portefeuille de négociation;Prêts aux Établissements de crédit dans le portefeuille de négociation;LOANS_PTF_NEGO;A;BQ;_Z;222;_Z;RISQUES;TOP6_AUT_GROUPES;EC;PHNC;EUR;2;9;N;P1Y;ACPR;E;F;A
ACPR.A.BQ.RISQUES.TB_FIN_NEGO_DERIVE_CREDIT10017.469._Z._Z.PHNC._Z.TOP6_AUT_GROUPES;2019;2019-01-01;2019-12-31;0,08;2025-03-18T17:10:28+00:00;ACPR;Dérivés de crédit sur transfert de rendement (Total return swaps) à l'actif;Dérivés de crédit sur transfert de rendement (Total return swaps) à l'actif;TB_FIN_NEGO_DERIVE_CREDIT10017;A;BQ;_Z;469;_Z;RISQUES;TOP6_AUT_GROUPES;_Z;PHNC;EUR;2;9;N;P1Y;ACPR;E;F;A
ACPR.A.BQ.RISQUES.TX_NEGO_BILAN_PASSIF.568._Z._Z.PHNC._Z.TOP6_AUT_GROUPES;2019;2019-01-01;2019-12-31;17,0;2025-03-18T17:10:28+00:00;ACPR;Part du portefeuille de négociation au passif du bilan;Part du portefeuille de négociation au passif du bilan;TX_NEGO_BILAN_PASSIF;A;BQ;_Z;568;_Z;RISQUES;TOP6_AUT_GROUPES;_Z;PHNC;PC;2;0;N;P1Y;ACPR;E;F;A
ACPR.A.BQ.RISQUES.TX_NPL.569._Z.ENF.PHNC._Z.TOP6_AUT_GROUPES;2019;2019-01-01;2019-12-31;3,95;2025-03-18T17:10:28+00:00;ACPR;Taux de prêts non performants aux entreprises non financières;Taux de prêts non performants aux entreprises non financières;TX_NPL;A;BQ;_Z;569;_Z;RISQUES;TOP6_AUT_GROUPES;ENF;PHNC;PC;2;0;N;P1Y;ACPR;E;F;A
ACPR.A.BQ.RISQUES.TX_NPL.569._Z.NACE_J.PHNC._Z.TOP6_AUT_GROUPES;2019;2019-01-01;2019-12-31;4,46;2025-03-18T17:10:28+00:00;ACPR;Taux de prêts non performants du secteur de l'information et communication;Taux de prêts non performants du secteur de l'information et communication;TX_NPL;A;BQ;_Z;569;_Z;RISQUES;TOP6_AUT_GROUPES;NACE_J;PHNC;PC;2;0;N;P1Y;ACPR;E;F;A
ACPR.A.BQ.RISQUES.TX_PROV.572._Z.NACE_C.PHNC._Z.TOP6_AUT_GROUPES;2019;2019-01-01;2019-12-31;65,11;2025-03-18T17:10:29+00:00;ACPR;Taux de provisionnement du secteur des industrie manufacturière;Taux de provisionnement du secteur des industrie manufacturière;TX_PROV;A;BQ;_Z;572;_Z;RISQUES;TOP6_AUT_GROUPES;NACE_C;PHNC;PC;2;0;N;P1Y;ACPR;E;F;A
ACPR.A.BQ.RISQUES.CREDITS_BRUTS.39._Z.NACE_E.PHNC._Z.TOP6_AUT_GROUPES;2019;2019-01-01;2019-12-31;9,52;2025-03-18T17:10:27+00:00;ACPR;Crédits bruts aux entreprises du secteur de la production et distribution d'eau;Crédits bruts aux entreprises du secteur de la production et distribution d'eau;CREDITS_BRUTS;A;BQ;_Z;39;_Z;RISQUES;TOP6_AUT_GROUPES;NACE_E;PHNC;EUR;2;9;N;P1Y;ACPR;E;F;A
ACPR.A.BQ.RISQUES.TX_PROV.572._Z.ENF.PHNC._Z.TOP6_AUT_GROUPES;2019;2019-01-01;2019-12-31;51,11;2025-03-18T17:10:29+00:00;ACPR;Taux de provisionnement aux entreprises non financières;Taux de provisionnement aux entreprises non financières;TX_PROV;A;BQ;_Z;572;_Z;RISQUES;TOP6_AUT_GROUPES;ENF;PHNC;PC;2;0;N;P1Y;ACPR;E;F;A
ACPR.A.BQ.RISQUES.CREDITS_BRUTS_MENAGES_ENF_PAYS.40.BE.MENAGES_ENF.PHNC._Z.TOP6_AUT_GROUPES;2019;2019-01-01;2019-12-31;128,69;2025-03-18T17:10:27+00:00;ACPR;Crédits bruts aux ménages et entreprises non financières en Belgique;Crédits bruts aux ménages et entreprises non financières en Belgique;CREDITS_BRUTS_MENAGES_ENF_PAYS;A;BQ;_Z;40;BE;RISQUES;TOP6_AUT_GROUPES;MENAGES_ENF;PHNC;EUR;2;9;N;P1Y;ACPR;E;F;A
ACPR.A.BQ.RISQUES.TX_NPL.569._Z.MENAGES.PHNC._Z.TOP6_AUT_GROUPES;2019;2019-01-01;2019-12-31;2,92;2025-03-18T17:10:28+00:00;ACPR;Taux de prêts non performants aux ménages;Taux de prêts non performants aux ménages;TX_NPL;A;BQ;_Z;569;_Z;RISQUES;TOP6_AUT_GROUPES;MENAGES;PHNC;PC;2;0;N;P1Y;ACPR;E;F;A
ACPR.A.BQ.RISQUES.TB_FIN_NEGO_DERIVES9922.588._Z._Z.PHNC._Z._Z;2019;2019-01-01;2019-12-31;491,77;2025-09-17T10:00:30+00:00;ACPR;Montants notionnels de dérivés (autres y compris matières premières);Montants notionnels de dérivés (autres y compris matières premières);TB_FIN_NEGO_DERIVES9922;A;BQ;_Z;588;_Z;RISQUES;_Z;_Z;PHNC;EUR;2;9;N;P1Y;ACPR;E;F;A
ACPR.A.BQ.RISQUES.TX_NPL.569._Z.GE.PHNC._Z.TOP6_AUT_GROUPES;2019;2019-01-01;2019-12-31;3,27;2025-03-18T17:10:28+00:00;ACPR;Taux de prêts non performants aux grandes entreprises;Taux de prêts non performants aux grandes entreprises;TX_NPL;A;BQ;_Z;569;_Z;RISQUES;TOP6_AUT_GROUPES;GE;PHNC;PC;2;0;N;P1Y;ACPR;E;F;A
ACPR.A.BQ.RISQUES.TB_FIN_NEGO_DERIVE_CREDIT10005.461._Z._Z.PHNC._Z.TOP6_AUT_GROUPES;2019;2019-01-01;2019-12-31;3,46;2025-03-18T17:10:28+00:00;ACPR;Vente de dérivés de crédit sur transfert de rendement (Total return swaps) En notionnel;Vente de dérivés de crédit sur transfert de rendement (Total return swaps) En notionnel;TB_FIN_NEGO_DERIVE_CREDIT10005;A;BQ;_Z;461;_Z;RISQUES;TOP6_AUT_GROUPES;_Z;PHNC;EUR;2;9;N;P1Y;ACPR;E;F;A
ACPR.A.BQ.RISQUES.TX_NPL.569._Z.NACE_C.PHNC._Z.TOP6_AUT_GROUPES;2019;2019-01-01;2019-12-31;4,23;2025-03-18T17:10:28+00:00;ACPR;Taux de prêts non performants du secteur des industrie manufacturière;Taux de prêts non performants du secteur des industrie manufacturière;TX_NPL;A;BQ;_Z;569;_Z;RISQUES;TOP6_AUT_GROUPES;NACE_C;PHNC;PC;2;0;N;P1Y;ACPR;E;F;A
ACPR.A.BQ.RISQUES.TX_NPL.569._Z.NACE_M.PHNC._Z.TOP6_AUT_GROUPES;2019;2019-01-01;2019-12-31;3,4;2025-03-18T17:10:29+00:00;ACPR;Taux de prêts non performants du secteur des activités spécialisées, scientifiques et techniques;Taux de prêts non performants du secteur des activités spécialisées, scientifiques et techniques;TX_NPL;A;BQ;_Z;569;_Z;RISQUES;TOP6_AUT_GROUPES;NACE_M;PHNC;PC;2;0;N;P1Y;ACPR;E;F;A
ACPR.A.BQ.RISQUES.TX_NPL.569.FR.MENAGES_ENF.PHNC._Z.TOP6_AUT_GROUPES;2019;2019-01-01;2019-12-31;3,04;2025-03-18T17:10:29+00:00;ACPR;Taux de prêts non performants en France;Taux de prêts non performants en France;TX_NPL;A;BQ;_Z;569;FR;RISQUES;TOP6_AUT_GROUPES;MENAGES_ENF;PHNC;PC;2;0;N;P1Y;ACPR;E;F;A
ACPR.A.BQ.RISQUES.TX_NPL_APRES_PROV.570._Z.ENF.PHNC._Z.TOP6_AUT_GROUPES;2019;2019-01-01;2019-12-31;1,93;2025-03-18T17:10:29+00:00;ACPR;Poids des prêts non performants nets des provisions aux entreprises non financières;Poids des prêts non performants nets des provisions aux entreprises non financières;TX_NPL_APRES_PROV;A;BQ;_Z;570;_Z;RISQUES;TOP6_AUT_GROUPES;ENF;PHNC;PC;2;0;N;P1Y;ACPR;E;F;A
ACPR.A.BQ.RISQUES.DEPOTS.43._Z.APU.SOLO._Z.TOTAL_SECTEUR;2019;2019-01-01;2019-12-31;39,17;2025-03-20T09:10:29+00:00;ACPR;Dépôts des administrations publiques;Dépôts des administrations publiques;DEPOTS;A;BQ;_Z;43;_Z;RISQUES;TOTAL_SECTEUR;APU;SOLO;EUR;2;9;N;P1Y;ACPR;E;F;A
ACPR.A.BQ.RISQUES.CREDITS_BRUTS.39._Z.NACE_I.PHNC._Z.TOP6_AUT_GROUPES;2019;2019-01-01;2019-12-31;36,14;2025-03-18T17:10:27+00:00;ACPR;Crédits bruts aux entreprises du secteur de l'hébergement et restauration;Crédits bruts aux entreprises du secteur de l'hébergement et restauration;CREDITS_BRUTS;A;BQ;_Z;39;_Z;RISQUES;TOP6_AUT_GROUPES;NACE_I;PHNC;EUR;2;9;N;P1Y;ACPR;E;F;A
ACPR.A.BQ.RISQUES.TX_PROV.572._Z.NACE_K.PHNC._Z.TOP6_AUT_GROUPES;2019;2019-01-01;2019-12-31;72,68;2025-03-18T17:10:29+00:00;ACPR;Taux de provisionnement du secteur des activité financières et d'assurance;Taux de provisionnement du secteur des activité financières et d'assurance;TX_PROV;A;BQ;_Z;572;_Z;RISQUES;TOP6_AUT_GROUPES;NACE_K;PHNC;PC;2;0;N;P1Y;ACPR;E;F;A
ACPR.A.BQ.RISQUES.TX_PROV.572.IT.MENAGES_ENF.PHNC._Z.TOP6_AUT_GROUPES;2019;2019-01-01;2019-12-31;62,53;2025-03-18T17:10:29+00:00;ACPR;Taux de provisionnement en Italie;Taux de provisionnement en Italie;TX_PROV;A;BQ;_Z;572;IT;RISQUES;TOP6_AUT_GROUPES;MENAGES_ENF;PHNC;PC;2;0;N;P1Y;ACPR;E;F;A
ACPR.A.BQ.RISQUES.ACT_PTF_NEGO.3._Z.EC.PHNC._Z.TOP6_AUT_GROUPES;2019;2019-01-01;2019-12-31;15,34;2025-03-18T17:10:26+00:00;ACPR;Instruments de capitaux propres des établissements de crédit dans le portefeuille de négociation;Instruments de capitaux propres des établissements de crédit dans le portefeuille de négociation;ACT_PTF_NEGO;A;BQ;_Z;3;_Z;RISQUES;TOP6_AUT_GROUPES;EC;PHNC;EUR;2;9;N;P1Y;ACPR;E;F;A
ACPR.A.BQ.RISQUES.CRED_CLIENT.34.FR.ENF.PHNC._Z.TOP6_AUT_GROUPES;2019;2019-01-01;2019-12-31;813,26;2025-03-18T17:10:27+00:00;ACPR;Crédits aux entreprises non financières - France;Crédits aux entreprises non financières - France;CRED_CLIENT;A;BQ;_Z;34;FR;RISQUES;TOP6_AUT_GROUPES;ENF;PHNC;EUR;2;9;N;P1Y;ACPR;E;F;A
ACPR.A.BQ.RISQUES.TX_PROV.572._Z.NACE_R.PHNC._Z.TOP6_AUT_GROUPES;2019;2019-01-01;2019-12-31;63,8;2025-03-18T17:10:29+00:00;ACPR;Taux de provisionnement du secteur des arts, spectacles et activités récréatives;Taux de provisionnement du secteur des arts, spectacles et activités récréatives;TX_PROV;A;BQ;_Z;572;_Z;RISQUES;TOP6_AUT_GROUPES;NACE_R;PHNC;PC;2;0;N;P1Y;ACPR;E;F;A
ACPR.A.BQ.RISQUES.CRED_CLIENT.34._Z.BC.PHNC._Z.TOP6_AUT_GROUPES;2019;2019-01-01;2019-12-31;616,87;2025-03-18T17:10:26+00:00;ACPR;Banques Centrales (crédits nets);Banques Centrales (crédits nets);CRED_CLIENT;A;BQ;_Z;34;_Z;RISQUES;TOP6_AUT_GROUPES;BC;PHNC;EUR;2;9;N;P1Y;ACPR;E;F;A
ACPR.A.BQ.RISQUES.CRED_CLIENT.34._Z.NACE_C.PHNC._Z.TOP6_AUT_GROUPES;2019;2019-01-01;2019-12-31;205,84;2025-03-18T17:10:26+00:00;ACPR;Crédits au secteur des industrie manufacturière;Crédits au secteur des industrie manufacturière;CRED_CLIENT;A;BQ;_Z;34;_Z;RISQUES;TOP6_AUT_GROUPES;NACE_C;PHNC;EUR;2;9;N;P1Y;ACPR;E;F;A
ACPR.A.BQ.RISQUES.CRED_TOTAL.37._Z._Z.SOLO._Z.TOTAL_SECTEUR;2019;2019-01-01;2019-12-31;2402,11;2025-03-18T17:10:27+00:00;ACPR;Crédits à l'ensemble de la clientèle non financière résidente;Crédits à l'ensemble de la clientèle non financière résidente;CRED_TOTAL;A;BQ;_Z;37;_Z;RISQUES;TOTAL_SECTEUR;_Z;SOLO;EUR;2;9;N;P1Y;ACPR;E;F;A
ACPR.A.BQ.RISQUES.CREDITS_BRUTS.39._Z.NACE_D.PHNC._Z.TOP6_AUT_GROUPES;2019;2019-01-01;2019-12-31;69,3;2025-03-18T17:10:27+00:00;ACPR;Crédits bruts aux entreprises du secteur de l'électricité, gaz, vapeur et air conditionné;Crédits bruts aux entreprises du secteur de l'électricité, gaz, vapeur et air conditionné;CREDITS_BRUTS;A;BQ;_Z;39;_Z;RISQUES;TOP6_AUT_GROUPES;NACE_D;PHNC;EUR;2;9;N;P1Y;ACPR;E;F;A
ACPR.A.BQ.RISQUES.DT_PL_PTF_NEGO.58._Z.APU.PHNC._Z.TOP6_AUT_GROUPES;2019;2019-01-01;2019-12-31;9,0;2025-03-18T17:10:27+00:00;ACPR;Dépôts et titres des Administrations Publiques donnés en pension livrée du portefeuille de négociation;Dépôts et titres des Administrations Publiques donnés en pension livrée du portefeuille de négociation;DT_PL_PTF_NEGO;A;BQ;_Z;58;_Z;RISQUES;TOP6_AUT_GROUPES;APU;PHNC;EUR;2;9;N;P1Y;ACPR;E;F;A
ACPR.A.BQ.RISQUES.DERIV_PASSIF_GRE_GRE.49._Z.AUTRES.PHNC._Z.TOP6_AUT_GROUPES;2019;2019-01-01;2019-12-31;74,12;2025-03-18T17:10:27+00:00;ACPR;Montant au passif de dérivés de gré à gré avec autres contreparties;Passif de dérivés de gré à gré avec autres contreparties;DERIV_PASSIF_GRE_GRE;A;BQ;_Z;49;_Z;RISQUES;TOP6_AUT_GROUPES;AUTRES;PHNC;EUR;2;9;N;P1Y;ACPR;E;F;A
ACPR.A.BQ.RISQUES.DEPOTS.43._Z._Z.SOLO._Z.TOTAL_SECTEUR;2019;2019-01-01;2019-12-31;2088,81;2025-10-22T14:00:31+00:00;ACPR;Dépôts de la clientèle non financière;Dépôts de la clientèle non financière;DEPOTS;A;BQ;_Z;43;_Z;RISQUES;TOTAL_SECTEUR;_Z;SOLO;EUR;2;9;N;P1Y;ACPR;E;F;A
ACPR.A.BQ.RISQUES.TX_NPL.569._Z.NACE_L.PHNC._Z.TOP6_AUT_GROUPES;2019;2019-01-01;2019-12-31;2,95;2025-03-18T17:10:29+00:00;ACPR;Taux de prêts non performants du secteur des activités immobilières;Taux de prêts non performants du secteur des activités immobilières;TX_NPL;A;BQ;_Z;569;_Z;RISQUES;TOP6_AUT_GROUPES;NACE_L;PHNC;PC;2;0;N;P1Y;ACPR;E;F;A
ACPR.A.BQ.RISQUES.TX_PROV_NPL.573._Z.ENF.PHNC._Z.TOP6_AUT_GROUPES;2019;2019-01-01;2019-12-31;2,02;2025-03-18T17:10:29+00:00;ACPR;Poids des provisions des prêts non performants aux entreprises non financières;Poids des provisions des prêts non performants aux entreprises non financières;TX_PROV_NPL;A;BQ;_Z;573;_Z;RISQUES;TOP6_AUT_GROUPES;ENF;PHNC;PC;2;0;N;P1Y;ACPR;E;F;A
ACPR.A.BQ.RISQUES.TX_PROV.572._Z.NACE_H.PHNC._Z.TOP6_AUT_GROUPES;2019;2019-01-01;2019-12-31;59,78;2025-03-18T17:10:29+00:00;ACPR;Taux de provisionnement du secteur du transports et entreposage;Taux de provisionnement du secteur du transports et entreposage;TX_PROV;A;BQ;_Z;572;_Z;RISQUES;TOP6_AUT_GROUPES;NACE_H;PHNC;PC;2;0;N;P1Y;ACPR;E;F;A
ACPR.A.BQ.RISQUES.DERIV_NOTIONNEL_GRE_GRE.47._Z.EF.PHNC._Z.TOP6_AUT_GROUPES;2019;2019-01-01;2019-12-31;36493,2;2025-03-18T17:10:27+00:00;ACPR;Montant notionnels de dérivés de gré à gré avec autres entreprises financières;Montant notionnels de dérivés de gré à gré avec autres entreprises financières;DERIV_NOTIONNEL_GRE_GRE;A;BQ;_Z;47;_Z;RISQUES;TOP6_AUT_GROUPES;EF;PHNC;EUR;2;9;N;P1Y;ACPR;E;F;A
ACPR.A.BQ.RISQUES.CRED_CLIENT.34._Z.ENF.PHNC._Z.TOP6_AUT_GROUPES;2019;2019-01-01;2019-12-31;1555,87;2025-03-18T17:10:26+00:00;ACPR;Entreprises non financières (crédits nets);Entreprises non financières (crédits nets);CRED_CLIENT;A;BQ;_Z;34;_Z;RISQUES;TOP6_AUT_GROUPES;ENF;PHNC;EUR;2;9;N;P1Y;ACPR;E;F;A
ACPR.A.BQ.RISQUES.CRED_TRESO.38._Z.APU.SOLO._Z.TOTAL_SECTEUR;2019;2019-01-01;2019-12-31;5,81;2025-10-22T14:00:28+00:00;ACPR;Crédits de trésorerie aux administrations publiques;Crédits de trésorerie aux administrations publiques;CRED_TRESO;A;BQ;_Z;38;_Z;RISQUES;TOTAL_SECTEUR;APU;SOLO;EUR;2;9;N;P1Y;ACPR;E;F;A
ACPR.A.BQ.RISQUES.DEPOTS.43._Z._Z.PHNC._Z.TOP6_AUT_GROUPES;2019;2019-01-01;2019-12-31;4464,68;2025-03-18T17:10:27+00:00;ACPR;Dépôts du secteur bancaire français;Dépôts du secteur bancaire français;DEPOTS;A;BQ;_Z;43;_Z;RISQUES;TOP6_AUT_GROUPES;_Z;PHNC;EUR;2;9;N;P1Y;ACPR;E;F;A
ACPR.A.BQ.RISQUES.CRED_CLIENT.34._Z.NACE_E.PHNC._Z.TOP6_AUT_GROUPES;2019;2019-01-01;2019-12-31;9,27;2025-03-18T17:10:26+00:00;ACPR;Crédits au secteur de la production et distribution d'eau;Crédits au secteur de la production et distribution d'eau;CRED_CLIENT;A;BQ;_Z;34;_Z;RISQUES;TOP6_AUT_GROUPES;NACE_E;PHNC;EUR;2;9;N;P1Y;ACPR;E;F;A
ACPR.A.BQ.RISQUES.CRED_CLIENT.34._Z._Z.PHNC._Z.TOP6_AUT_GROUPES;2019;2019-01-01;2019-12-31;4875,71;2025-03-18T17:10:26+00:00;ACPR;Crédits net du secteur bancaire français;Crédits net du secteur bancaire français;CRED_CLIENT;A;BQ;_Z;34;_Z;RISQUES;TOP6_AUT_GROUPES;_Z;PHNC;EUR;2;9;N;P1Y;ACPR;E;F;A
ACPR.A.BQ.RISQUES.INDICATEUR9913.582._Z._Z.PHNC._Z.TOP6_AUT_GROUPES;2019;2019-01-01;2019-12-31;260,64;2025-03-18T17:10:28+00:00;ACPR;Value at Risk à 1 jour;Value at Risk à 1 jour;INDICATEUR9913;A;BQ;_Z;582;_Z;RISQUES;TOP6_AUT_GROUPES;_Z;PHNC;EUR;2;6;N;P1Y;ACPR;E;F;A
ACPR.A.BQ.RISQUES.TB_FIN_NEGO_DERIVES9926.476._Z._Z.PHNC._Z.TOP6_AUT_GROUPES;2019;2019-01-01;2019-12-31;119,53;2025-03-18T17:10:28+00:00;ACPR;Montant à l'actif de dérivés sur change et or;Montant à l'actif de dérivés sur change et or;TB_FIN_NEGO_DERIVES9926;A;BQ;_Z;476;_Z;RISQUES;TOP6_AUT_GROUPES;_Z;PHNC;EUR;2;9;N;P1Y;ACPR;E;F;A
ACPR.A.BQ.RISQUES.TX_NPL.569._Z.NACE_I.PHNC._Z.TOP6_AUT_GROUPES;2019;2019-01-01;2019-12-31;7,46;2025-03-18T17:10:28+00:00;ACPR;Taux de prêts non performants du secteur de l'hébergement et restauration;Taux de prêts non performants du secteur de l'hébergement et restauration;TX_NPL;A;BQ;_Z;569;_Z;RISQUES;TOP6_AUT_GROUPES;NACE_I;PHNC;PC;2;0;N;P1Y;ACPR;E;F;A
ACPR.A.BQ.RISQUES.CRED_CLIENT.34._Z.NACE_F.PHNC._Z.TOP6_AUT_GROUPES;2019;2019-01-01;2019-12-31;65,71;2025-03-18T17:10:26+00:00;ACPR;Crédits au secteur de la construction;Crédits au secteur de la construction;CRED_CLIENT;A;BQ;_Z;34;_Z;RISQUES;TOP6_AUT_GROUPES;NACE_F;PHNC;EUR;2;9;N;P1Y;ACPR;E;F;A
ACPR.A.BQ.RISQUES.CREDITS_BRUTS.39._Z.NACE_Q.PHNC._Z.TOP6_AUT_GROUPES;2019;2019-01-01;2019-12-31;31,49;2025-03-18T17:10:27+00:00;ACPR;Crédits bruts aux entreprises du secteur de la santé humaine et action sociale;Crédits bruts aux entreprises du secteur de la santé humaine et action sociale;CREDITS_BRUTS;A;BQ;_Z;39;_Z;RISQUES;TOP6_AUT_GROUPES;NACE_Q;PHNC;EUR;2;9;N;P1Y;ACPR;E;F;A
ACPR.A.BQ.RISQUES.S1_ENFCA.660._Z.ENF.PHNC._Z.TOP6_AUT_GROUPES;2019;2019-01-01;2019-12-31;1356,09;2025-03-31T08:10:38+00:00;ACPR;Encours de prêts et avances (brut comptable) aux entreprises non financières en stade 1 - coût amorti;Encours de prêts et avances (brut comptable) aux entreprises non financières en stade 1 - coût amorti;S1_ENFCA;A;BQ;_Z;660;_Z;RISQUES;TOP6_AUT_GROUPES;ENF;PHNC;EUR;2;9;N;P1Y;ACPR;E;F;A
ACPR.A.BQ.RISQUES.TX_PROV.572._Z.NACE_Q.PHNC._Z.TOP6_AUT_GROUPES;2019;2019-01-01;2019-12-31;68,92;2025-03-18T17:10:29+00:00;ACPR;Taux de provisionnement du secteur de la santé humaine et action sociale;Taux de provisionnement du secteur de la santé humaine et action sociale;TX_PROV;A;BQ;_Z;572;_Z;RISQUES;TOP6_AUT_GROUPES;NACE_Q;PHNC;PC;2;0;N;P1Y;ACPR;E;F;A
ACPR.A.BQ.RISQUES.DERIV_ACTIF_ORGA.46._Z._Z.PHNC._Z.TOP6_AUT_GROUPES;2019;2019-01-01;2019-12-31;24,82;2025-03-18T17:10:27+00:00;ACPR;Montant à l'actif de dérivés sur marchés organisés;Dérivés sur marchés organisés (Actif);DERIV_ACTIF_ORGA;A;BQ;_Z;46;_Z;RISQUES;TOP6_AUT_GROUPES;_Z;PHNC;EUR;2;9;N;P1Y;ACPR;E;F;A
ACPR.A.BQ.RISQUES.DT_PL_PTF_NEGO.58._Z.EF.PHNC._Z.TOP6_AUT_GROUPES;2019;2019-01-01;2019-12-31;278,0;2025-03-18T17:10:27+00:00;ACPR;Dépôts et titres des autres entreprises financières donnés en pension livrée du portefeuille de négociation;Dépôts et titres des autres entreprises financières donnés en pension livrée du portefeuille de négociation;DT_PL_PTF_NEGO;A;BQ;_Z;58;_Z;RISQUES;TOP6_AUT_GROUPES;EF;PHNC;EUR;2;9;N;P1Y;ACPR;E;F;A
ACPR.A.BQ.RISQUES.GB_FIN_NEGO_ACTIF_9845.181._Z._Z.PHNC._Z.TOP6_AUT_GROUPES;2019;2019-01-01;2019-12-31;166,55;2025-03-18T17:10:28+00:00;ACPR;Instruments de capitaux propres dans le portefeuille de négociation coté actif;Instruments de capitaux propres dans le portefeuille de négociation coté actif;GB_FIN_NEGO_ACTIF_9845;A;BQ;_Z;181;_Z;RISQUES;TOP6_AUT_GROUPES;_Z;PHNC;EUR;2;9;N;P1Y;ACPR;E;F;A
ACPR.A.BQ.RISQUES.GB_FIN_NEGO_PASSIF_9852.190._Z._Z.PHNC._Z.TOP6_AUT_GROUPES;2019;2019-01-01;2019-12-31;40,44;2025-03-18T17:10:28+00:00;ACPR;Autres passifs financiers dans le portefeuille de négociation coté passif;Autres passifs financiers dans le portefeuille de négociation coté passif;GB_FIN_NEGO_PASSIF_9852;A;BQ;_Z;190;_Z;RISQUES;TOP6_AUT_GROUPES;_Z;PHNC;EUR;2;9;N;P1Y;ACPR;E;F;A
ACPR.A.BQ.RISQUES.OBLIG_PTF_NEGO.238._Z.ENF.PHNC._Z.TOP6_AUT_GROUPES;2019;2019-01-01;2019-12-31;28,07;2025-03-18T17:10:28+00:00;ACPR;Titre de créances émis par les entreprises non financières dans le portefeuille de négociation;Titre de créances émis par les entreprises non financières dans le portefeuille de négociation;OBLIG_PTF_NEGO;A;BQ;_Z;238;_Z;RISQUES;TOP6_AUT_GROUPES;ENF;PHNC;EUR;2;9;N;P1Y;ACPR;E;F;A
ACPR.A.BQ.RISQUES.TX_NPL.569._Z.MENAGES_ENF.PHNC._Z.TOP6_AUT_GROUPES;2019;2019-01-01;2019-12-31;3,39;2025-03-18T17:10:28+00:00;ACPR;Taux de prêts non performants aux ménages et aux entreprises non financières;Taux de prêts non performants aux ménages et aux entreprises non financières;TX_NPL;A;BQ;_Z;569;_Z;RISQUES;TOP6_AUT_GROUPES;MENAGES_ENF;PHNC;PC;2;0;N;P1Y;ACPR;E;F;A
ACPR.A.BQ.RISQUES.TX_NPL.569._Z.NACE_G.PHNC._Z.TOP6_AUT_GROUPES;2019;2019-01-01;2019-12-31;4,94;2025-03-18T17:10:28+00:00;ACPR;Taux de prêts non performants du secteur du commerce;Taux de prêts non performants du secteur du commerce;TX_NPL;A;BQ;_Z;569;_Z;RISQUES;TOP6_AUT_GROUPES;NACE_G;PHNC;PC;2;0;N;P1Y;ACPR;E;F;A
ACPR.A.BQ.RISQUES.TB_FIN_NEGO_VENTE_OPTION9992.502._Z._Z.PHNC._Z.TOP6_AUT_GROUPES;2019;2019-01-01;2019-12-31;2043,79;2025-03-18T17:10:28+00:00;ACPR;Options achats et ventes sur Change et or;Options achats et ventes sur Change et or;TB_FIN_NEGO_VENTE_OPTION9992;A;BQ;_Z;502;_Z;RISQUES;TOP6_AUT_GROUPES;_Z;PHNC;EUR;2;9;N;P1Y;ACPR;E;F;A
ACPR.A.BQ.RISQUES.TB_FIN_NEGO_DERIVES9921.587._Z._Z.PHNC._Z._Z;2019;2019-01-01;2019-12-31;346,44;2025-09-17T10:00:30+00:00;ACPR;Montants notionnels de dérivés sur matières premières;Montants notionnels de dérivés sur matières premières;TB_FIN_NEGO_DERIVES9921;A;BQ;_Z;587;_Z;RISQUES;_Z;_Z;PHNC;EUR;2;9;N;P1Y;ACPR;E;F;A
ACPR.A.BQ.RISQUES.CREDITS_BRUTS_MENAGES_ENF_PAYS.40.NL.MENAGES_ENF.PHNC._Z.TOP6_AUT_GROUPES;2019;2019-01-01;2019-12-31;27,94;2025-03-18T17:10:27+00:00;ACPR;Crédits bruts aux ménages et entreprises non financières aux Pays bas;Crédits bruts aux ménages et entreprises non financières aux Pays bas;CREDITS_BRUTS_MENAGES_ENF_PAYS;A;BQ;_Z;40;NL;RISQUES;TOP6_AUT_GROUPES;MENAGES_ENF;PHNC;EUR;2;9;N;P1Y;ACPR;E;F;A
ACPR.A.BQ.RISQUES.GB_FIN_TX_DOUT_MEN_ENF8964.39._Z.MENAGES.PHNC._Z.TOP6_AUT_GROUPES;2019;2019-01-01;2019-12-31;1862,67;2025-03-31T08:10:37+00:00;ACPR;Prêts et avances bruts au coût amorti du secteur bancaire français (IFRS) - ménages;Prêts et avances bruts au coût amorti du secteur bancaire français (IFRS) - ménages;GB_FIN_TX_DOUT_MEN_ENF8964;A;BQ;_Z;39;_Z;RISQUES;TOP6_AUT_GROUPES;MENAGES;PHNC;EUR;2;9;N;P1Y;ACPR;E;F;A
ACPR.A.BQ.RISQUES.GB_FIN_TX_DOUT_MEN_ENF8998.39._Z.MENAGES.PHNC._Z.TOP6_AUT_GROUPES;2019;2019-01-01;2019-12-31;54,2;2025-10-22T14:00:31+00:00;ACPR;Part des ménages dans les prêts et avances bruts au coût amorti aux ménages et aux entreprises non financières - secteur bancaire français (IFRS);Part des ménages dans les prêts et avances bruts au coût amorti aux ménages et aux entreprises non financières - secteur bancaire français (IFRS);GB_FIN_TX_DOUT_MEN_ENF8998;A;BQ;_Z;39;_Z;RISQUES;TOP6_AUT_GROUPES;MENAGES;PHNC;PC;2;0;N;P1Y;ACPR;E;F;A
ACPR.A.BQ.RISQUES.CREDITS_BRUTS.39._Z.NACE_P.PHNC._Z.TOP6_AUT_GROUPES;2019;2019-01-01;2019-12-31;5,4;2025-03-18T17:10:27+00:00;ACPR;Crédits bruts aux entreprises du secteur de l'enseignement;Crédits bruts aux entreprises du secteur de l'enseignement;CREDITS_BRUTS;A;BQ;_Z;39;_Z;RISQUES;TOP6_AUT_GROUPES;NACE_P;PHNC;EUR;2;9;N;P1Y;ACPR;E;F;A
ACPR.A.BQ.RISQUES.CREDITS_BRUTS.39._Z.NACE_K.PHNC._Z.TOP6_AUT_GROUPES;2019;2019-01-01;2019-12-31;83,11;2025-03-18T17:10:27+00:00;ACPR;Crédits bruts aux entreprises du secteur des activité financières et d'assurance;Crédits bruts aux entreprises du secteur des activité financières et d'assurance;CREDITS_BRUTS;A;BQ;_Z;39;_Z;RISQUES;TOP6_AUT_GROUPES;NACE_K;PHNC;EUR;2;9;N;P1Y;ACPR;E;F;A
ACPR.A.BQ.RISQUES.CREDITS_BRUTS.39._Z.NACE_F.PHNC._Z.TOP6_AUT_GROUPES;2019;2019-01-01;2019-12-31;69,55;2025-03-18T17:10:27+00:00;ACPR;Crédits bruts aux entreprises du secteur de la construction;Crédits bruts aux entreprises du secteur de la construction;CREDITS_BRUTS;A;BQ;_Z;39;_Z;RISQUES;TOP6_AUT_GROUPES;NACE_F;PHNC;EUR;2;9;N;P1Y;ACPR;E;F;A
ACPR.A.BQ.RISQUES.CRED_CLIENT.34._Z.NACE_A.PHNC._Z.TOP6_AUT_GROUPES;2019;2019-01-01;2019-12-31;61,34;2025-03-18T17:10:26+00:00;ACPR;Crédits au secteur de l'agriculture, sylviculture et pêche;Crédits au secteur de l'agriculture, sylviculture et pêche;CRED_CLIENT;A;BQ;_Z;34;_Z;RISQUES;TOP6_AUT_GROUPES;NACE_A;PHNC;EUR;2;9;N;P1Y;ACPR;E;F;A
ACPR.A.BQ.RISQUES.CREDITS_BRUTS_MENAGES_ENF_PAYS.40.CH.MENAGES_ENF.PHNC._Z.TOP6_AUT_GROUPES;2019;2019-01-01;2019-12-31;34,35;2025-03-18T17:10:27+00:00;ACPR;Crédits bruts aux ménages et entreprises non financières en Suisse;Crédits bruts aux ménages et entreprises non financières en Suisse;CREDITS_BRUTS_MENAGES_ENF_PAYS;A;BQ;_Z;40;CH;RISQUES;TOP6_AUT_GROUPES;MENAGES_ENF;PHNC;EUR;2;9;N;P1Y;ACPR;E;F;A
ACPR.A.BQ.RISQUES.LOANS_PTF_NEGO.222._Z.MENAGES.PHNC._Z.TOP6_AUT_GROUPES;2019;2019-01-01;2019-12-31;0,2;2025-03-18T17:10:28+00:00;ACPR;Prêts aux Ménages dans le portefeuille de négociation;Prêts aux Ménages dans le portefeuille de négociation;LOANS_PTF_NEGO;A;BQ;_Z;222;_Z;RISQUES;TOP6_AUT_GROUPES;MENAGES;PHNC;EUR;2;9;N;P1Y;ACPR;E;F;A
ACPR.A.BQ.RISQUES.TB_FIN_NEGO_VENTE_OPTION9990.500._Z._Z.PHNC._Z.TOP6_AUT_GROUPES;2019;2019-01-01;2019-12-31;7447,95;2025-03-18T17:10:28+00:00;ACPR;Options achats et ventes sur Taux d'intérêt;Options achats et ventes sur Taux d'intérêt;TB_FIN_NEGO_VENTE_OPTION9990;A;BQ;_Z;500;_Z;RISQUES;TOP6_AUT_GROUPES;_Z;PHNC;EUR;2;9;N;P1Y;ACPR;E;F;A
ACPR.A.BQ.RISQUES.CRED_CLIENT.34.US.MENAGES.PHNC._Z.TOP6_AUT_GROUPES;2019;2019-01-01;2019-12-31;25,37;2025-03-18T17:10:27+00:00;ACPR;Crédits aux ménages - États-Unis;Crédits aux ménages - États-Unis;CRED_CLIENT;A;BQ;_Z;34;US;RISQUES;TOP6_AUT_GROUPES;MENAGES;PHNC;EUR;2;9;N;P1Y;ACPR;E;F;A
ACPR.A.BQ.RISQUES.CRED_CLIENT.34._Z.NACE_G.PHNC._Z.TOP6_AUT_GROUPES;2019;2019-01-01;2019-12-31;196,89;2025-03-18T17:10:26+00:00;ACPR;Crédits au secteur du commerce;Crédits au secteur du commerce;CRED_CLIENT;A;BQ;_Z;34;_Z;RISQUES;TOP6_AUT_GROUPES;NACE_G;PHNC;EUR;2;9;N;P1Y;ACPR;E;F;A
ACPR.A.BQ.RISQUES.CRED_TOTAL.37._Z.SNF.SOLO._Z.TOTAL_SECTEUR;2019;2019-01-01;2019-12-31;891,0;2025-10-22T14:00:28+00:00;ACPR;Crédits aux sociétés non financières résidentes;Crédits aux sociétés non financières résidentes;CRED_TOTAL;A;BQ;_Z;37;_Z;RISQUES;TOTAL_SECTEUR;SNF;SOLO;EUR;2;9;N;P1Y;ACPR;E;F;A
ACPR.A.BQ.RISQUES.CRED_CLIENT.34._Z.NACE_Q.PHNC._Z.TOP6_AUT_GROUPES;2019;2019-01-01;2019-12-31;31,04;2025-03-18T17:10:27+00:00;ACPR;Crédits au secteur de la santé humaine et action sociale;Crédits au secteur de la santé humaine et action sociale;CRED_CLIENT;A;BQ;_Z;34;_Z;RISQUES;TOP6_AUT_GROUPES;NACE_Q;PHNC;EUR;2;9;N;P1Y;ACPR;E;F;A
ACPR.A.BQ.RISQUES.CRED_CLIENT.34.DE.ENF.PHNC._Z.TOP6_AUT_GROUPES;2019;2019-01-01;2019-12-31;41,41;2025-03-18T17:10:27+00:00;ACPR;Crédits aux entreprises non financières - Allemagne;Crédits aux entreprises non financières - Allemagne;CRED_CLIENT;A;BQ;_Z;34;DE;RISQUES;TOP6_AUT_GROUPES;ENF;PHNC;EUR;2;9;N;P1Y;ACPR;E;F;A
ACPR.A.BQ.RISQUES.TX_PROV.572.ES.MENAGES_ENF.PHNC._Z.TOP6_AUT_GROUPES;2019;2019-01-01;2019-12-31;54,53;2025-03-18T17:10:29+00:00;ACPR;Taux de provisionnement en Espagne;Taux de provisionnement en Espagne;TX_PROV;A;BQ;_Z;572;ES;RISQUES;TOP6_AUT_GROUPES;MENAGES_ENF;PHNC;PC;2;0;N;P1Y;ACPR;E;F;A
ACPR.A.BQ.RISQUES.CRED_CLIENT.34._Z.NACE_M.PHNC._Z.TOP6_AUT_GROUPES;2019;2019-01-01;2019-12-31;77,96;2025-03-18T17:10:27+00:00;ACPR;Crédits au secteur des activités spécialisées, scientifiques et techniques;Crédits au secteur des activités spécialisées, scientifiques et techniques;CRED_CLIENT;A;BQ;_Z;34;_Z;RISQUES;TOP6_AUT_GROUPES;NACE_M;PHNC;EUR;2;9;N;P1Y;ACPR;E;F;A
ACPR.A.BQ.RISQUES.ACTFR_CLIENT_RE_TTES_DEV2270.43._Z._Z.SOLO._Z.TOTAL_SECTEUR;2019;2019-01-01;2019-12-31;1009,4;2025-03-20T09:10:29+00:00;ACPR;Comptes d'épargne à régime spécial de la clientèle non financière;Comptes d'épargne à régime spécial de la clientèle non financière;ACTFR_CLIENT_RE_TTES_DEV2270;A;BQ;_Z;43;_Z;RISQUES;TOTAL_SECTEUR;_Z;SOLO;EUR;2;9;N;P1Y;ACPR;E;F;A
ACPR.A.BQ.RISQUES.GB_FIN_NEGO_ACTIF_9846.182._Z._Z.PHNC._Z.TOP6_AUT_GROUPES;2019;2019-01-01;2019-12-31;180,25;2025-03-18T17:10:28+00:00;ACPR;Titres de créances dans le portefeuille de négociation coté actif;Titres de créances dans le portefeuille de négociation coté actif;GB_FIN_NEGO_ACTIF_9846;A;BQ;_Z;182;_Z;RISQUES;TOP6_AUT_GROUPES;_Z;PHNC;EUR;2;9;N;P1Y;ACPR;E;F;A
ACPR.A.BQ.RISQUES.TB_FIN_NEGO_DERIVE_CREDIT10008.463._Z._Z.PHNC._Z.TOP6_AUT_GROUPES;2019;2019-01-01;2019-12-31;59,19;2025-03-18T17:10:28+00:00;ACPR;Vente de autres dérivés de crédit En notionnel;Vente de autres dérivés de crédit En notionnel;TB_FIN_NEGO_DERIVE_CREDIT10008;A;BQ;_Z;463;_Z;RISQUES;TOP6_AUT_GROUPES;_Z;PHNC;EUR;2;9;N;P1Y;ACPR;E;F;A
ACPR.A.BQ.RISQUES.TB_FIN_NEGO_DERIVES9928.478._Z._Z.PHNC._Z.TOP6_AUT_GROUPES;2019;2019-01-01;2019-12-31;6,82;2025-03-18T17:10:28+00:00;ACPR;Montant à l'actif de dérivés sur matières premières;Montant à l'actif de dérivés sur matières premières;TB_FIN_NEGO_DERIVES9928;A;BQ;_Z;478;_Z;RISQUES;TOP6_AUT_GROUPES;_Z;PHNC;EUR;2;9;N;P1Y;ACPR;E;F;A
ACPR.A.BQ.RISQUES.TX_PROV_NPL.573._Z.PME.PHNC._Z.TOP6_AUT_GROUPES;2019;2019-01-01;2019-12-31;2,54;2025-03-18T17:10:29+00:00;ACPR;Poids des provisions des prêts non performants aux PME;Poids des provisions des prêts non performants aux PME;TX_PROV_NPL;A;BQ;_Z;573;_Z;RISQUES;TOP6_AUT_GROUPES;PME;PHNC;PC;2;0;N;P1Y;ACPR;E;F;A
ACPR.A.BQ.RISQUES.CRED_CLIENT.34._Z.NACE_O.PHNC._Z.TOP6_AUT_GROUPES;2019;2019-01-01;2019-12-31;14,17;2025-03-18T17:10:27+00:00;ACPR;Crédits au secteur de l'administration publique;Crédits au secteur de l'administration publique;CRED_CLIENT;A;BQ;_Z;34;_Z;RISQUES;TOP6_AUT_GROUPES;NACE_O;PHNC;EUR;2;9;N;P1Y;ACPR;E;F;A
ACPR.A.BQ.RISQUES.GB_FIN_NEGO_COURT9872.184._Z._Z.PHNC._Z.TOP6_AUT_GROUPES;2019;2019-01-01;2019-12-31;28,29;2025-03-18T17:10:28+00:00;ACPR;Positions courtes sur Instruments de capitaux propres;Positions courtes sur Instruments de capitaux propres;GB_FIN_NEGO_COURT9872;A;BQ;_Z;184;_Z;RISQUES;TOP6_AUT_GROUPES;_Z;PHNC;EUR;2;9;N;P1Y;ACPR;E;F;A
ACPR.A.BQ.RISQUES.LOANS_PTF_NEGO.222._Z.ENF.PHNC._Z.TOP6_AUT_GROUPES;2019;2019-01-01;2019-12-31;37,21;2025-03-18T17:10:28+00:00;ACPR;Prêts aux Entreprises non financières dans le portefeuille de négociation;Prêts aux Entreprises non financières dans le portefeuille de négociation;LOANS_PTF_NEGO;A;BQ;_Z;222;_Z;RISQUES;TOP6_AUT_GROUPES;ENF;PHNC;EUR;2;9;N;P1Y;ACPR;E;F;A
ACPR.A.BQ.RISQUES.RATIO_CREDEP.363._Z.MENAGES_ENF.PHNC._Z.TOP6_AUT_GROUPES;2019;2019-01-01;2019-12-31;114,42;2025-03-18T17:10:28+00:00;ACPR;Ratio crédits / Dépôts  aux entreprises non financières et aux ménages;Ratio crédits / Dépôts  aux entreprises non financières et aux ménages;RATIO_CREDEP;A;BQ;_Z;363;_Z;RISQUES;TOP6_AUT_GROUPES;MENAGES_ENF;PHNC;PC;2;9;N;P1Y;ACPR;E;F;A
ACPR.A.BQ.RISQUES.TB_FIN_NEGO_DERIVE_CREDIT10006.462._Z._Z.PHNC._Z.TOP6_AUT_GROUPES;2019;2019-01-01;2019-12-31;5,51;2025-03-18T17:10:28+00:00;ACPR;Achats de dérivés de crédit sur transfert de rendement (Total return swaps) En notionnel;Achats de dérivés de crédit sur transfert de rendement (Total return swaps) En notionnel;TB_FIN_NEGO_DERIVE_CREDIT10006;A;BQ;_Z;462;_Z;RISQUES;TOP6_AUT_GROUPES;_Z;PHNC;EUR;2;9;N;P1Y;ACPR;E;F;A
ACPR.A.BQ.RISQUES.TB_FIN_NEGO_DERIVE_CREDIT10016.468._Z._Z.PHNC._Z.TOP6_AUT_GROUPES;2019;2019-01-01;2019-12-31;0,0;2025-03-18T17:10:28+00:00;ACPR;Options sur écart de crédit (Credit spread options) au passif;Options sur écart de crédit (Credit spread options) au passif;TB_FIN_NEGO_DERIVE_CREDIT10016;A;BQ;_Z;468;_Z;RISQUES;TOP6_AUT_GROUPES;_Z;PHNC;EUR;2;9;N;P1Y;ACPR;E;F;A
ACPR.A.BQ.RISQUES.TB_FIN_NEGO_DERIVES9924.474._Z._Z.PHNC._Z.TOP6_AUT_GROUPES;2019;2019-01-01;2019-12-31;392,19;2025-03-18T17:10:28+00:00;ACPR;Montant à l'actif de dérivés sur taux d'intérêt;Montant à l'actif de dérivés sur taux d'intérêt;TB_FIN_NEGO_DERIVES9924;A;BQ;_Z;474;_Z;RISQUES;TOP6_AUT_GROUPES;_Z;PHNC;EUR;2;9;N;P1Y;ACPR;E;F;A
ACPR.A.BQ.RISQUES.TB_FIN_NEGO_PART_OPTION9967.493._Z._Z.PHNC._Z.TOP6_AUT_GROUPES;2019;2019-01-01;2019-12-31;235,74;2025-03-18T17:10:28+00:00;ACPR;Dérivés sur Change et or (somme actif et passif);Dérivés sur Change et or (somme actif et passif);TB_FIN_NEGO_PART_OPTION9967;A;BQ;_Z;493;_Z;RISQUES;TOP6_AUT_GROUPES;_Z;PHNC;EUR;2;9;N;P1Y;ACPR;E;F;A
ACPR.A.BQ.RISQUES.TB_FIN_NEGO_PART_OPTION9969.495._Z._Z.PHNC._Z.TOP6_AUT_GROUPES;2019;2019-01-01;2019-12-31;252,72;2025-03-18T17:10:28+00:00;ACPR;Options de gré à gré (somme actif et passif);Options de gré à gré (somme actif et passif);TB_FIN_NEGO_PART_OPTION9969;A;BQ;_Z;495;_Z;RISQUES;TOP6_AUT_GROUPES;_Z;PHNC;EUR;2;9;N;P1Y;ACPR;E;F;A
ACPR.A.BQ.RISQUES.CREDITS_BRUTS_MENAGES_ENF_PAYS.40.DE.MENAGES_ENF.PHNC._Z.TOP6_AUT_GROUPES;2019;2019-01-01;2019-12-31;92,61;2025-03-18T17:10:27+00:00;ACPR;Crédits bruts aux ménages et entreprises non financières en Allemagne;Crédits bruts aux ménages et entreprises non financières en Allemagne;CREDITS_BRUTS_MENAGES_ENF_PAYS;A;BQ;_Z;40;DE;RISQUES;TOP6_AUT_GROUPES;MENAGES_ENF;PHNC;EUR;2;9;N;P1Y;ACPR;E;F;A
ACPR.A.BQ.RISQUES.CREDITS_BRUTS_MENAGES_ENF_PAYS.40.LU.MENAGES_ENF.PHNC._Z.TOP6_AUT_GROUPES;2019;2019-01-01;2019-12-31;41,15;2025-03-18T17:10:27+00:00;ACPR;Crédits bruts aux ménages et entreprises non financières au Luxembourg;Crédits bruts aux ménages et entreprises non financières au Luxembourg;CREDITS_BRUTS_MENAGES_ENF_PAYS;A;BQ;_Z;40;LU;RISQUES;TOP6_AUT_GROUPES;MENAGES_ENF;PHNC;EUR;2;9;N;P1Y;ACPR;E;F;A
ACPR.A.BQ.RISQUES.TX_PROV.572.LU.MENAGES_ENF.PHNC._Z.TOP6_AUT_GROUPES;2019;2019-01-01;2019-12-31;56,17;2025-03-18T17:10:29+00:00;ACPR;Taux de provisionnement au Luxembourg;Taux de provisionnement au Luxembourg;TX_PROV;A;BQ;_Z;572;LU;RISQUES;TOP6_AUT_GROUPES;MENAGES_ENF;PHNC;PC;2;0;N;P1Y;ACPR;E;F;A
ACPR.A.BQ.RISQUES.TB_FIN_NEGO_DERIVE_CREDIT9999.473._Z._Z.PHNC._Z.TOP6_AUT_GROUPES;2019;2019-01-01;2019-12-31;538,21;2025-03-18T17:10:28+00:00;ACPR;Vente de contrats d'échange de risque de crédit (CDS) En notionnel;Vente de contrats d'échange de risque de crédit (CDS) En notionnel;TB_FIN_NEGO_DERIVE_CREDIT9999;A;BQ;_Z;473;_Z;RISQUES;TOP6_AUT_GROUPES;_Z;PHNC;EUR;2;9;N;P1Y;ACPR;E;F;A
ACPR.A.BQ.RISQUES.TX_PROV_NPL.573._Z.GE.PHNC._Z.TOP6_AUT_GROUPES;2019;2019-01-01;2019-12-31;1,66;2025-03-18T17:10:29+00:00;ACPR;Poids des provisions des prêts non performants aux grandes entreprises;Poids des provisions des prêts non performants aux grandes entreprises;TX_PROV_NPL;A;BQ;_Z;573;_Z;RISQUES;TOP6_AUT_GROUPES;GE;PHNC;PC;2;0;N;P1Y;ACPR;E;F;A
ACPR.A.BQ.RISQUES.CRED_HAB.36._Z._Z.SOLO._Z.TOTAL_SECTEUR;2019;2019-01-01;2019-12-31;1247,42;2025-10-22T14:00:28+00:00;ACPR;Crédits à l'habitat à l'ensemble de la clientèle non financière;Crédits à l'habitat à l'ensemble de la clientèle non financière;CRED_HAB;A;BQ;_Z;36;_Z;RISQUES;TOTAL_SECTEUR;_Z;SOLO;EUR;2;9;N;P1Y;ACPR;E;F;A
ACPR.A.BQ.RISQUES.CRED_AUT.32._Z.MENAGES.SOLO._Z.TOTAL_SECTEUR;2019;2019-01-01;2019-12-31;3,85;2025-10-22T14:00:28+00:00;ACPR;Autres crédits aux Ménages;Autres crédits aux Ménages;CRED_AUT;A;BQ;_Z;32;_Z;RISQUES;TOTAL_SECTEUR;MENAGES;SOLO;EUR;2;9;N;P1Y;ACPR;E;F;A
ACPR.A.BQ.RISQUES.CRED_CLIENT.34.GB.MENAGES.PHNC._Z.TOP6_AUT_GROUPES;2019;2019-01-01;2019-12-31;17,57;2025-03-18T17:10:27+00:00;ACPR;Crédits aux ménages - Royaume-Uni;Crédits aux ménages - Royaume-Uni;CRED_CLIENT;A;BQ;_Z;34;GB;RISQUES;TOP6_AUT_GROUPES;MENAGES;PHNC;EUR;2;9;N;P1Y;ACPR;E;F;A
ACPR.A.BQ.RISQUES.DERIV_ACTIF_GRE_GRE.45._Z.EF.PHNC._Z.TOP6_AUT_GROUPES;2019;2019-01-01;2019-12-31;152,04;2025-03-18T17:10:27+00:00;ACPR;Montant à l'actif de dérivés de gré à gré avec autres entreprises financières;Dérivés de gré à gré (Actifs) avec autres entreprises financières;DERIV_ACTIF_GRE_GRE;A;BQ;_Z;45;_Z;RISQUES;TOP6_AUT_GROUPES;EF;PHNC;EUR;2;9;N;P1Y;ACPR;E;F;A
ACPR.A.BQ.RISQUES.TX_NPL.569.CH.MENAGES_ENF.PHNC._Z.TOP6_AUT_GROUPES;2019;2019-01-01;2019-12-31;1,45;2025-03-18T17:10:29+00:00;ACPR;Taux de prêts non performants en Suisse;Taux de prêts non performants en Suisse;TX_NPL;A;BQ;_Z;569;CH;RISQUES;TOP6_AUT_GROUPES;MENAGES_ENF;PHNC;PC;2;0;N;P1Y;ACPR;E;F;A
ACPR.A.BQ.RISQUES.ACT_PTF_NEGO.3._Z._Z.PHNC._Z.TOP6_AUT_GROUPES;2019;2019-01-01;2019-12-31;166,55;2025-03-18T17:10:26+00:00;ACPR;Instruments de capitaux propres dans le portefeuille de négociation;Instruments de capitaux propres dans le portefeuille de négociation;ACT_PTF_NEGO;A;BQ;_Z;3;_Z;RISQUES;TOP6_AUT_GROUPES;_Z;PHNC;EUR;2;9;N;P1Y;ACPR;E;F;A
ACPR.A.BQ.RISQUES.CRED_TRESO.38._Z._Z.SOLO._Z.TOTAL_SECTEUR;2019;2019-01-01;2019-12-31;310,04;2025-10-22T14:00:28+00:00;ACPR;Crédits de trésorerie à l'ensemble de la clientèle non financière;Crédits de trésorerie à l'ensemble de la clientèle non financière;CRED_TRESO;A;BQ;_Z;38;_Z;RISQUES;TOTAL_SECTEUR;_Z;SOLO;EUR;2;9;N;P1Y;ACPR;E;F;A
ACPR.A.BQ.RISQUES.DERIV_NOTIONNEL_ORGA.48._Z._Z.PHNC._Z.TOP6_AUT_GROUPES;2019;2019-01-01;2019-12-31;4743,08;2025-03-18T17:10:27+00:00;ACPR;Montant notionnels de dérivés sur marchés organisés;Montant notionnels de dérivés sur marchés organisés;DERIV_NOTIONNEL_ORGA;A;BQ;_Z;48;_Z;RISQUES;TOP6_AUT_GROUPES;_Z;PHNC;EUR;2;9;N;P1Y;ACPR;E;F;A
ACPR.A.BQ.RISQUES.CRED_COD.30._Z.APU.SOLO._Z.TOTAL_SECTEUR;2019;2019-01-01;2019-12-31;6,8;2025-03-18T17:10:27+00:00;ACPR;Comptes ordinaires débiteurs aux administrations publiques;Comptes ordinaires débiteurs aux administrations publiques;CRED_COD;A;BQ;_Z;30;_Z;RISQUES;TOTAL_SECTEUR;APU;SOLO;EUR;2;9;N;P1Y;ACPR;E;F;A
ACPR.A.BQ.RISQUES.CREDITS_BRUTS.39._Z.NACE_H.PHNC._Z.TOP6_AUT_GROUPES;2019;2019-01-01;2019-12-31;94,06;2025-03-18T17:10:27+00:00;ACPR;Crédits bruts aux entreprises du secteur du transports et entreposage;Crédits bruts aux entreprises du secteur du transports et entreposage;CREDITS_BRUTS;A;BQ;_Z;39;_Z;RISQUES;TOP6_AUT_GROUPES;NACE_H;PHNC;EUR;2;9;N;P1Y;ACPR;E;F;A
ACPR.A.BQ.RISQUES.CREDITS_BRUTS.39._Z.NACE_M.PHNC._Z.TOP6_AUT_GROUPES;2019;2019-01-01;2019-12-31;79,8;2025-03-18T17:10:27+00:00;ACPR;Crédits bruts aux entreprises du secteur des activités spécialisées, scientifiques et techniques;Crédits bruts aux entreprises du secteur des activités spécialisées, scientifiques et techniques;CREDITS_BRUTS;A;BQ;_Z;39;_Z;RISQUES;TOP6_AUT_GROUPES;NACE_M;PHNC;EUR;2;9;N;P1Y;ACPR;E;F;A
ACPR.A.BQ.RISQUES.TX_PROV.572._Z.NACE_I.PHNC._Z.TOP6_AUT_GROUPES;2019;2019-01-01;2019-12-31;75,36;2025-03-18T17:10:29+00:00;ACPR;Taux de provisionnement du secteur de l'hébergement et restauration;Taux de provisionnement du secteur de l'hébergement et restauration;TX_PROV;A;BQ;_Z;572;_Z;RISQUES;TOP6_AUT_GROUPES;NACE_I;PHNC;PC;2;0;N;P1Y;ACPR;E;F;A
ACPR.A.BQ.RISQUES.TX_PROV.572._Z.NACE_M.PHNC._Z.TOP6_AUT_GROUPES;2019;2019-01-01;2019-12-31;67,58;2025-03-18T17:10:29+00:00;ACPR;Taux de provisionnement du secteur des activités spécialisées, scientifiques et techniques;Taux de provisionnement du secteur des activités spécialisées, scientifiques et techniques;TX_PROV;A;BQ;_Z;572;_Z;RISQUES;TOP6_AUT_GROUPES;NACE_M;PHNC;PC;2;0;N;P1Y;ACPR;E;F;A
ACPR.A.BQ.RISQUES.CRED_CLIENT.34._Z.NACE_H.PHNC._Z.TOP6_AUT_GROUPES;2019;2019-01-01;2019-12-31;92,01;2025-03-18T17:10:26+00:00;ACPR;Crédits au secteur du transports et entreposage;Crédits au secteur du transports et entreposage;CRED_CLIENT;A;BQ;_Z;34;_Z;RISQUES;TOP6_AUT_GROUPES;NACE_H;PHNC;EUR;2;9;N;P1Y;ACPR;E;F;A
ACPR.A.BQ.RISQUES.CRED_CLIENT.34._Z.APU.PHNC._Z.TOP6_AUT_GROUPES;2019;2019-01-01;2019-12-31;385,71;2025-03-18T17:10:26+00:00;ACPR;Administrations publiques (crédits nets);Administrations publiques (crédits nets);CRED_CLIENT;A;BQ;_Z;34;_Z;RISQUES;TOP6_AUT_GROUPES;APU;PHNC;EUR;2;9;N;P1Y;ACPR;E;F;A
ACPR.A.BQ.RISQUES.CREDITS_BRUTS_MENAGES_ENF_PAYS.40.IT.MENAGES_ENF.PHNC._Z.TOP6_AUT_GROUPES;2019;2019-01-01;2019-12-31;192,34;2025-03-18T17:10:27+00:00;ACPR;Crédits bruts aux ménages et entreprises non financières en Italie;Crédits bruts aux ménages et entreprises non financières en Italie;CREDITS_BRUTS_MENAGES_ENF_PAYS;A;BQ;_Z;40;IT;RISQUES;TOP6_AUT_GROUPES;MENAGES_ENF;PHNC;EUR;2;9;N;P1Y;ACPR;E;F;A
ACPR.A.BQ.RISQUES.TX_NPL_APRES_PROV.570._Z.MENAGES.PHNC._Z.TOP6_AUT_GROUPES;2019;2019-01-01;2019-12-31;1,49;2025-03-18T17:10:29+00:00;ACPR;Poids des prêts non performants nets des provisions aux ménages;Poids des prêts non performants nets des provisions aux ménages;TX_NPL_APRES_PROV;A;BQ;_Z;570;_Z;RISQUES;TOP6_AUT_GROUPES;MENAGES;PHNC;PC;2;0;N;P1Y;ACPR;E;F;A
ACPR.A.BQ.RISQUES.TX_PROV.572._Z.NACE_E.PHNC._Z.TOP6_AUT_GROUPES;2019;2019-01-01;2019-12-31;63,64;2025-03-18T17:10:29+00:00;ACPR;Taux de provisionnement du secteur de la production et distribution d'eau;Taux de provisionnement du secteur de la production et distribution d'eau;TX_PROV;A;BQ;_Z;572;_Z;RISQUES;TOP6_AUT_GROUPES;NACE_E;PHNC;PC;2;0;N;P1Y;ACPR;E;F;A
ACPR.A.BQ.RISQUES.OBLIG_PTF_NEGO.238._Z.EF.PHNC._Z.TOP6_AUT_GROUPES;2019;2019-01-01;2019-12-31;15,75;2025-03-18T17:10:28+00:00;ACPR;Titre de créances émis par les autres entreprises financières dans le portefeuille de négociation;Titre de créances émis par les autres entreprises financières dans le portefeuille de négociation;OBLIG_PTF_NEGO;A;BQ;_Z;238;_Z;RISQUES;TOP6_AUT_GROUPES;EF;PHNC;EUR;2;9;N;P1Y;ACPR;E;F;A
ACPR.A.BQ.RISQUES.TB_FIN_NEGO_DERIVE_CREDIT10003.460._Z._Z.PHNC._Z.TOP6_AUT_GROUPES;2019;2019-01-01;2019-12-31;0,09;2025-03-18T17:10:28+00:00;ACPR;Achats de options sur écart de crédit (CDS) En notionnel;Achats de options sur écart de crédit (CDS) En notionnel;TB_FIN_NEGO_DERIVE_CREDIT10003;A;BQ;_Z;460;_Z;RISQUES;TOP6_AUT_GROUPES;_Z;PHNC;EUR;2;9;N;P1Y;ACPR;E;F;A
ACPR.A.BQ.RISQUES.TB_FIN_NEGO_DERIVE_CREDIT10020.472._Z._Z.PHNC._Z.TOP6_AUT_GROUPES;2019;2019-01-01;2019-12-31;0,73;2025-03-18T17:10:28+00:00;ACPR;Autres dérivés de crédit au passif;Autres dérivés de crédit au passif;TB_FIN_NEGO_DERIVE_CREDIT10020;A;BQ;_Z;472;_Z;RISQUES;TOP6_AUT_GROUPES;_Z;PHNC;EUR;2;9;N;P1Y;ACPR;E;F;A
ACPR.A.BQ.RISQUES.TB_FIN_NEGO_DERIVES9937.485._Z._Z.PHNC._Z.TOP6_AUT_GROUPES;2019;2019-01-01;2019-12-31;1,65;2025-03-18T17:10:28+00:00;ACPR;Montant au passif de dérivés sur autres produits;Montant au passif de dérivés sur autres produits;TB_FIN_NEGO_DERIVES9937;A;BQ;_Z;485;_Z;RISQUES;TOP6_AUT_GROUPES;_Z;PHNC;EUR;2;9;N;P1Y;ACPR;E;F;A
ACPR.A.BQ.RISQUES.TB_FIN_NEGO_PART_OPTION9964.490._Z._Z.PHNC._Z.TOP6_AUT_GROUPES;2019;2019-01-01;2019-12-31;27,95;2025-03-18T17:10:28+00:00;ACPR;Options de gré à gré sur Change et or (somme actif et passif);Options de gré à gré sur Change et or (somme actif et passif);TB_FIN_NEGO_PART_OPTION9964;A;BQ;_Z;490;_Z;RISQUES;TOP6_AUT_GROUPES;_Z;PHNC;EUR;2;9;N;P1Y;ACPR;E;F;A
ACPR.A.BQ.RISQUES.TB_FIN_NEGO_VENTE_OPTION9991.501._Z._Z.PHNC._Z.TOP6_AUT_GROUPES;2019;2019-01-01;2019-12-31;2030,54;2025-03-18T17:10:28+00:00;ACPR;Options achats et ventes sur Capitaux propres;Options achats et ventes sur Capitaux propres;TB_FIN_NEGO_VENTE_OPTION9991;A;BQ;_Z;501;_Z;RISQUES;TOP6_AUT_GROUPES;_Z;PHNC;EUR;2;9;N;P1Y;ACPR;E;F;A
ACPR.A.BQ.RISQUES.TX_NPL.569._Z.NACE_A.PHNC._Z.TOP6_AUT_GROUPES;2019;2019-01-01;2019-12-31;4,55;2025-03-18T17:10:28+00:00;ACPR;Taux de prêts non performants du secteur de l'agriculture, sylviculture et pêche;Taux de prêts non performants du secteur de l'agriculture, sylviculture et pêche;TX_NPL;A;BQ;_Z;569;_Z;RISQUES;TOP6_AUT_GROUPES;NACE_A;PHNC;PC;2;0;N;P1Y;ACPR;E;F;A
ACPR.A.BQ.RISQUES.TX_NPL.569._Z.NACE_F.PHNC._Z.TOP6_AUT_GROUPES;2019;2019-01-01;2019-12-31;8,47;2025-03-18T17:10:28+00:00;ACPR;Taux de prêts non performants du secteur de la construction;Taux de prêts non performants du secteur de la construction;TX_NPL;A;BQ;_Z;569;_Z;RISQUES;TOP6_AUT_GROUPES;NACE_F;PHNC;PC;2;0;N;P1Y;ACPR;E;F;A
ACPR.A.BQ.RISQUES.DERIV_ACTIF_GRE_GRE.45._Z.AUTRES.PHNC._Z.TOP6_AUT_GROUPES;2019;2019-01-01;2019-12-31;102,4;2025-03-18T17:10:27+00:00;ACPR;Montant à l'actif de dérivés de gré à gré avec autres contreparties;Dérivés de gré à gré (Actifs) avec autres contreparties;DERIV_ACTIF_GRE_GRE;A;BQ;_Z;45;_Z;RISQUES;TOP6_AUT_GROUPES;AUTRES;PHNC;EUR;2;9;N;P1Y;ACPR;E;F;A
ACPR.A.BQ.RISQUES.TX_NPL.569._Z.NACE_Q.PHNC._Z.TOP6_AUT_GROUPES;2019;2019-01-01;2019-12-31;2,08;2025-03-18T17:10:29+00:00;ACPR;Taux de prêts non performants du secteur de la santé humaine et action sociale;Taux de prêts non performants du secteur de la santé humaine et action sociale;TX_NPL;A;BQ;_Z;569;_Z;RISQUES;TOP6_AUT_GROUPES;NACE_Q;PHNC;PC;2;0;N;P1Y;ACPR;E;F;A
ACPR.A.BQ.RISQUES.TX_NEGO_BILAN_ACTIF.567._Z._Z.PHNC._Z.TOP6_AUT_GROUPES;2019;2019-01-01;2019-12-31;19,0;2025-03-18T17:10:28+00:00;ACPR;Part du portefeuille de négociation à l'actif du bilan;Part du portefeuille de négociation à l'actif du bilan;TX_NEGO_BILAN_ACTIF;A;BQ;_Z;567;_Z;RISQUES;TOP6_AUT_GROUPES;_Z;PHNC;PC;2;0;N;P1Y;ACPR;E;F;A
ACPR.A.BQ.RISQUES.CRED_HAB.36._Z.SNF.SOLO._Z.TOTAL_SECTEUR;2019;2019-01-01;2019-12-31;143,24;2025-10-22T14:00:28+00:00;ACPR;Crédits à l'habitat aux sociétés non financières;Crédits à l'habitat aux sociétés non financières;CRED_HAB;A;BQ;_Z;36;_Z;RISQUES;TOTAL_SECTEUR;SNF;SOLO;EUR;2;9;N;P1Y;ACPR;E;F;A
ACPR.A.BQ.RISQUES.CREDITS_BRUTS_MENAGES_ENF_PAYS.40.US.MENAGES_ENF.PHNC._Z.TOP6_AUT_GROUPES;2019;2019-01-01;2019-12-31;124,9;2025-03-18T17:10:27+00:00;ACPR;Crédits bruts aux ménages et entreprises non financières aux états unis;Crédits bruts aux ménages et entreprises non financières aux Etats unis;CREDITS_BRUTS_MENAGES_ENF_PAYS;A;BQ;_Z;40;US;RISQUES;TOP6_AUT_GROUPES;MENAGES_ENF;PHNC;EUR;2;9;N;P1Y;ACPR;E;F;A
ACPR.A.BQ.RISQUES.GB_FIN_TX_DOUT_MEN_ENF8999.39._Z.ENF.PHNC._Z.TOP6_AUT_GROUPES;2019;2019-01-01;2019-12-31;45,8;2025-10-22T14:00:31+00:00;ACPR;Part des entreprises non financières dans les prêts et avances bruts au coût amorti aux ménages et aux entreprises non financières - secteur bancaire français (IFRS);Part des entreprises non financières dans les prêts et avances bruts au coût amorti aux ménages et aux entreprises non financières - secteur bancaire français (IFRS);GB_FIN_TX_DOUT_MEN_ENF8999;A;BQ;_Z;39;_Z;RISQUES;TOP6_AUT_GROUPES;ENF;PHNC;PC;2;0;N;P1Y;ACPR;E;F;A
ACPR.A.BQ.RISQUES.CRED_CLIENT.34._Z.NACE_R.PHNC._Z.TOP6_AUT_GROUPES;2019;2019-01-01;2019-12-31;8,07;2025-03-18T17:10:27+00:00;ACPR;Crédits au secteur des arts, spectacles et activités récréatives;Crédits au secteur des arts, spectacles et activités récréatives;CRED_CLIENT;A;BQ;_Z;34;_Z;RISQUES;TOP6_AUT_GROUPES;NACE_R;PHNC;EUR;2;9;N;P1Y;ACPR;E;F;A
ACPR.A.BQ.RISQUES.CRED_AFF.31._Z.MENAGES.SOLO._Z.TOTAL_SECTEUR;2019;2019-01-01;2019-12-31;0,44;2025-03-18T17:10:26+00:00;ACPR;Affacturage aux Ménages;Affacturage aux Ménages;CRED_AFF;A;BQ;_Z;31;_Z;RISQUES;TOTAL_SECTEUR;MENAGES;SOLO;EUR;2;9;N;P1Y;ACPR;E;F;A
ACPR.A.BQ.RISQUES.TB_FIN_NEGO_DERIVES9927.477._Z._Z.PHNC._Z.TOP6_AUT_GROUPES;2019;2019-01-01;2019-12-31;12,38;2025-03-18T17:10:28+00:00;ACPR;Montant à l'actif de dérivés sur crédit;Montant à l'actif de dérivés sur crédit;TB_FIN_NEGO_DERIVES9927;A;BQ;_Z;477;_Z;RISQUES;TOP6_AUT_GROUPES;_Z;PHNC;EUR;2;9;N;P1Y;ACPR;E;F;A
ACPR.A.BQ.RISQUES.CRED_CLIENT.34.IT.MENAGES.PHNC._Z.TOP6_AUT_GROUPES;2019;2019-01-01;2019-12-31;98,59;2025-03-18T17:10:27+00:00;ACPR;Crédits aux ménages - Italie;Crédits aux ménages - Italie;CRED_CLIENT;A;BQ;_Z;34;IT;RISQUES;TOP6_AUT_GROUPES;MENAGES;PHNC;EUR;2;9;N;P1Y;ACPR;E;F;A
ACPR.A.BQ.RISQUES.CRED_HAB.36._Z.APU.SOLO._Z.TOTAL_SECTEUR;2019;2019-01-01;2019-12-31;2,37;2025-10-22T14:00:28+00:00;ACPR;Crédits à l'habitat aux administrations publiques;Crédits à l'habitat aux administrations publiques;CRED_HAB;A;BQ;_Z;36;_Z;RISQUES;TOTAL_SECTEUR;APU;SOLO;EUR;2;9;N;P1Y;ACPR;E;F;A
ACPR.A.BQ.RISQUES.CREDITS_BRUTS.39._Z.NACE_B.PHNC._Z.TOP6_AUT_GROUPES;2019;2019-01-01;2019-12-31;33,26;2025-03-18T17:10:27+00:00;ACPR;Crédits bruts aux entreprises du secteur des industries extractives;Crédits bruts aux entreprises du secteur des industries extractives;CREDITS_BRUTS;A;BQ;_Z;39;_Z;RISQUES;TOP6_AUT_GROUPES;NACE_B;PHNC;EUR;2;9;N;P1Y;ACPR;E;F;A
ACPR.A.BQ.RISQUES.TB_FIN_NEGO_DERIVE_CREDIT10015.467._Z._Z.PHNC._Z.TOP6_AUT_GROUPES;2019;2019-01-01;2019-12-31;0,0;2025-03-18T17:10:28+00:00;ACPR;Options sur écart de crédit (Credit spread options) à l'actif;Options sur écart de crédit (Credit spread options) à l'actif;TB_FIN_NEGO_DERIVE_CREDIT10015;A;BQ;_Z;467;_Z;RISQUES;TOP6_AUT_GROUPES;_Z;PHNC;EUR;2;9;N;P1Y;ACPR;E;F;A
ACPR.A.BQ.RISQUES.TB_FIN_NEGO_DERIVES9933.481._Z._Z.PHNC._Z.TOP6_AUT_GROUPES;2019;2019-01-01;2019-12-31;72,45;2025-03-18T17:10:28+00:00;ACPR;Montant au passif de dérivés sur actions;Montant au passif de dérivés sur actions;TB_FIN_NEGO_DERIVES9933;A;BQ;_Z;481;_Z;RISQUES;TOP6_AUT_GROUPES;_Z;PHNC;EUR;2;9;N;P1Y;ACPR;E;F;A
ACPR.A.BQ.RISQUES.TX_NPL.569._Z.NACE_S.PHNC._Z.TOP6_AUT_GROUPES;2019;2019-01-01;2019-12-31;3,94;2025-03-18T17:10:29+00:00;ACPR;Taux de prêts non performants du secteur des autres activités de services;Taux de prêts non performants du secteur des autres activités de services;TX_NPL;A;BQ;_Z;569;_Z;RISQUES;TOP6_AUT_GROUPES;NACE_S;PHNC;PC;2;0;N;P1Y;ACPR;E;F;A
ACPR.A.BQ.RISQUES.TX_NPL_APRES_PROV.570._Z.GE.PHNC._Z.TOP6_AUT_GROUPES;2019;2019-01-01;2019-12-31;1,6;2025-03-18T17:10:29+00:00;ACPR;Poids des prêts non performants nets des provisions aux grandes entreprises;Poids des prêts non performants nets des provisions aux grandes entreprises;TX_NPL_APRES_PROV;A;BQ;_Z;570;_Z;RISQUES;TOP6_AUT_GROUPES;GE;PHNC;PC;2;0;N;P1Y;ACPR;E;F;A
ACPR.A.BQ.RISQUES.TX_NPL_APRES_PROV.570._Z.PME.PHNC._Z.TOP6_AUT_GROUPES;2019;2019-01-01;2019-12-31;2,41;2025-03-18T17:10:29+00:00;ACPR;Poids des prêts non performants nets des provisions aux PME;Poids des prêts non performants nets des provisions aux PME;TX_NPL_APRES_PROV;A;BQ;_Z;570;_Z;RISQUES;TOP6_AUT_GROUPES;PME;PHNC;PC;2;0;N;P1Y;ACPR;E;F;A
ACPR.A.BQ.RISQUES.TX_PROV.572._Z.NACE_G.PHNC._Z.TOP6_AUT_GROUPES;2019;2019-01-01;2019-12-31;68,42;2025-03-18T17:10:29+00:00;ACPR;Taux de provisionnement du secteur du commerce;Taux de provisionnement du secteur du commerce;TX_PROV;A;BQ;_Z;572;_Z;RISQUES;TOP6_AUT_GROUPES;NACE_G;PHNC;PC;2;0;N;P1Y;ACPR;E;F;A
ACPR.A.BQ.RISQUES.DT_PL_PTF_NEGO.58._Z.ENF.PHNC._Z.TOP6_AUT_GROUPES;2019;2019-01-01;2019-12-31;58,0;2025-03-18T17:10:27+00:00;ACPR;Dépôts et titres des entreprises non financières donnés en pension livrée du portefeuille de négociation;Dépôts et titres des entreprises non financières donnés en pension livrée du portefeuille de négociation;DT_PL_PTF_NEGO;A;BQ;_Z;58;_Z;RISQUES;TOP6_AUT_GROUPES;ENF;PHNC;EUR;2;9;N;P1Y;ACPR;E;F;A
ACPR.A.BQ.RISQUES.GB_FIN_NEGO_ACTIF_9844.180._Z._Z.PHNC._Z.TOP6_AUT_GROUPES;2019;2019-01-01;2019-12-31;592,19;2025-03-18T17:10:28+00:00;ACPR;Dérivés dans le portefeuille de négociation coté actif;Dérivés dans le portefeuille de négociation coté actif;GB_FIN_NEGO_ACTIF_9844;A;BQ;_Z;180;_Z;RISQUES;TOP6_AUT_GROUPES;_Z;PHNC;EUR;2;9;N;P1Y;ACPR;E;F;A
ACPR.A.BQ.RISQUES.GB_FIN_NEGO_PASSIF_9851.189._Z._Z.PHNC._Z.TOP6_AUT_GROUPES;2019;2019-01-01;2019-12-31;0,35;2025-03-18T17:10:28+00:00;ACPR;Titres de créances émis dans le portefeuille de négociation coté passif;Titres de créances émis dans le portefeuille de négociation coté passif;GB_FIN_NEGO_PASSIF_9851;A;BQ;_Z;189;_Z;RISQUES;TOP6_AUT_GROUPES;_Z;PHNC;EUR;2;9;N;P1Y;ACPR;E;F;A
ACPR.A.BQ.RISQUES.LOANS_PTF_NEGO.222._Z.APU.PHNC._Z.TOP6_AUT_GROUPES;2019;2019-01-01;2019-12-31;13,69;2025-03-18T17:10:28+00:00;ACPR;Prêts aux Administrations publiques dans le portefeuille de négociation;Prêts aux Administrations publiques dans le portefeuille de négociation;LOANS_PTF_NEGO;A;BQ;_Z;222;_Z;RISQUES;TOP6_AUT_GROUPES;APU;PHNC;EUR;2;9;N;P1Y;ACPR;E;F;A
ACPR.A.BQ.RISQUES.RATIO_CREDEP.363._Z._Z.PHNC._Z.TOP6_AUT_GROUPES;2019;2019-01-01;2019-12-31;109,21;2025-03-18T17:10:28+00:00;ACPR;Ratio Crédits/Dépôts du secteur bancaire français;Ratio Crédits/Dépôts du secteur bancaire français;RATIO_CREDEP;A;BQ;_Z;363;_Z;RISQUES;TOP6_AUT_GROUPES;_Z;PHNC;PC;2;0;N;P1Y;ACPR;E;F;A
ACPR.A.BQ.RISQUES.TX_NPL.569._Z.NACE_N.PHNC._Z.TOP6_AUT_GROUPES;2019;2019-01-01;2019-12-31;2,13;2025-03-18T17:10:29+00:00;ACPR;Taux de prêts non performants du secteur de l'activité de services administratifs et de soutien;Taux de prêts non performants du secteur de l'activité de services administratifs et de soutien;TX_NPL;A;BQ;_Z;569;_Z;RISQUES;TOP6_AUT_GROUPES;NACE_N;PHNC;PC;2;0;N;P1Y;ACPR;E;F;A
ACPR.A.BQ.RISQUES.DERIV_ACTIF_GRE_GRE.45._Z._Z.PHNC._Z.TOP6_AUT_GROUPES;2019;2019-01-01;2019-12-31;567,38;2025-03-18T17:10:27+00:00;ACPR;Montant à l'actif de dérivés de gré à gré;Dérivés de gré à gré (Actifs);DERIV_ACTIF_GRE_GRE;A;BQ;_Z;45;_Z;RISQUES;TOP6_AUT_GROUPES;_Z;PHNC;EUR;2;9;N;P1Y;ACPR;E;F;A
ACPR.A.BQ.RISQUES.TB_FIN_NEGO_DERIVES9925.475._Z._Z.PHNC._Z.TOP6_AUT_GROUPES;2019;2019-01-01;2019-12-31;60,32;2025-03-18T17:10:28+00:00;ACPR;Montant à l'actif de dérivés sur actions;Montant à l'actif de dérivés sur actions;TB_FIN_NEGO_DERIVES9925;A;BQ;_Z;475;_Z;RISQUES;TOP6_AUT_GROUPES;_Z;PHNC;EUR;2;9;N;P1Y;ACPR;E;F;A
ACPR.A.BQ.RISQUES.TX_NPL_APRES_PROV.570._Z.MENAGES_ENF.PHNC._Z.TOP6_AUT_GROUPES;2019;2019-01-01;2019-12-31;1,69;2025-03-18T17:10:29+00:00;ACPR;Poids des prêts non performants nets des provisions aux ménages et aux entreprises non financières;Poids des prêts non performants nets des provisions aux ménages et aux entreprises non financières;TX_NPL_APRES_PROV;A;BQ;_Z;570;_Z;RISQUES;TOP6_AUT_GROUPES;MENAGES_ENF;PHNC;PC;2;0;N;P1Y;ACPR;E;F;A
ACPR.A.BQ.RISQUES.TB_FIN_NEGO_PART_BILAN9839.486._Z._Z.PHNC._Z.TOP6_AUT_GROUPES;2019;2019-01-01;2019-12-31;1482,23;2025-03-18T17:10:28+00:00;ACPR;Portefeuille de négociation - Actif;Portefeuille de négociation - Actif;TB_FIN_NEGO_PART_BILAN9839;A;BQ;_Z;486;_Z;RISQUES;TOP6_AUT_GROUPES;_Z;PHNC;EUR;2;9;N;P1Y;ACPR;E;F;A
ACPR.A.BQ.RISQUES.DEPOTS.43._Z.SNF.SOLO._Z.TOTAL_SECTEUR;2019;2019-01-01;2019-12-31;553,95;2025-03-20T09:10:29+00:00;ACPR;Dépôts des sociétés non financières;Dépôts des sociétés non financières;DEPOTS;A;BQ;_Z;43;_Z;RISQUES;TOTAL_SECTEUR;SNF;SOLO;EUR;2;9;N;P1Y;ACPR;E;F;A
ACPR.A.BQ.RISQUES.TB_FIN_NEGO_DERIVE_CREDIT10014.466._Z._Z.PHNC._Z.TOP6_AUT_GROUPES;2019;2019-01-01;2019-12-31;12,37;2025-03-18T17:10:28+00:00;ACPR;Contrats d'échange de risque de crédit (CDS) au passif;Contrats d'échange de risque de crédit (CDS) au passif;TB_FIN_NEGO_DERIVE_CREDIT10014;A;BQ;_Z;466;_Z;RISQUES;TOP6_AUT_GROUPES;_Z;PHNC;EUR;2;9;N;P1Y;ACPR;E;F;A
ACPR.A.BQ.RISQUES.TB_FIN_NEGO_DERIVES9920.586._Z._Z.PHNC._Z._Z;2019;2019-01-01;2019-12-31;1282,04;2025-09-17T10:00:30+00:00;ACPR;Montants notionnels de dérivés sur crédit;Montants notionnels de dérivés sur crédit;TB_FIN_NEGO_DERIVES9920;A;BQ;_Z;586;_Z;RISQUES;_Z;_Z;PHNC;EUR;2;9;N;P1Y;ACPR;E;F;A
ACPR.A.BQ.RISQUES.CRED_CLIENT.34._Z.NACE_I.PHNC._Z.TOP6_AUT_GROUPES;2019;2019-01-01;2019-12-31;34,1;2025-03-18T17:10:26+00:00;ACPR;Crédits au secteur de l'hébergement et restauration;Crédits au secteur de l'hébergement et restauration;CRED_CLIENT;A;BQ;_Z;34;_Z;RISQUES;TOP6_AUT_GROUPES;NACE_I;PHNC;EUR;2;9;N;P1Y;ACPR;E;F;A
ACPR.A.BQ.RISQUES.CRED_CLIENT.34.DE.MENAGES.PHNC._Z.TOP6_AUT_GROUPES;2019;2019-01-01;2019-12-31;48,47;2025-03-18T17:10:27+00:00;ACPR;Crédits aux ménages - Allemagne;Crédits aux ménages - Allemagne;CRED_CLIENT;A;BQ;_Z;34;DE;RISQUES;TOP6_AUT_GROUPES;MENAGES;PHNC;EUR;2;9;N;P1Y;ACPR;E;F;A
ACPR.A.BQ.RISQUES.GB_FIN_NEGO_PASSIF_9850.188._Z._Z.PHNC._Z.TOP6_AUT_GROUPES;2019;2019-01-01;2019-12-31;505,07;2025-03-18T17:10:28+00:00;ACPR;Dépôts yc les opérations de pensions livrés sur titres dans le portefeuille de négociation coté passif;Dépôts yc les opérations de pensions livrés sur titres dans le portefeuille de négociation coté passif;GB_FIN_NEGO_PASSIF_9850;A;BQ;_Z;188;_Z;RISQUES;TOP6_AUT_GROUPES;_Z;PHNC;EUR;2;9;N;P1Y;ACPR;E;F;A
ACPR.A.BQ.RISQUES.CRED_EQUIP.35._Z.APU.SOLO._Z.TOTAL_SECTEUR;2019;2019-01-01;2019-12-31;149,4;2025-10-22T14:00:28+00:00;ACPR;Crédits à l'équipement aux administrations publiques;Crédits à l'équipement aux administrations publiques;CRED_EQUIP;A;BQ;_Z;35;_Z;RISQUES;TOTAL_SECTEUR;APU;SOLO;EUR;2;9;N;P1Y;ACPR;E;F;A
ACPR.A.BQ.RISQUES.CRED_TRESO.38._Z.SNF.SOLO._Z.TOTAL_SECTEUR;2019;2019-01-01;2019-12-31;149,26;2025-10-22T14:00:28+00:00;ACPR;Crédits de trésorerie aux sociétés non financières;Crédits de trésorerie aux sociétés non financières;CRED_TRESO;A;BQ;_Z;38;_Z;RISQUES;TOTAL_SECTEUR;SNF;SOLO;EUR;2;9;N;P1Y;ACPR;E;F;A
ACPR.A.BQ.RISQUES.CREDITS_BRUTS.39._Z.NACE_A.PHNC._Z.TOP6_AUT_GROUPES;2019;2019-01-01;2019-12-31;63,59;2025-03-18T17:10:27+00:00;ACPR;Crédits bruts aux entreprises du secteur de l'agriculture, sylviculture et pêche;Crédits bruts aux entreprises du secteur de l'agriculture, sylviculture et pêche;CREDITS_BRUTS;A;BQ;_Z;39;_Z;RISQUES;TOP6_AUT_GROUPES;NACE_A;PHNC;EUR;2;9;N;P1Y;ACPR;E;F;A
ACPR.A.BQ.RISQUES.TX_PROV.572.BE.MENAGES_ENF.PHNC._Z.TOP6_AUT_GROUPES;2019;2019-01-01;2019-12-31;52,59;2025-03-18T17:10:29+00:00;ACPR;Taux de provisionnement en Belgique;Taux de provisionnement en Belgique;TX_PROV;A;BQ;_Z;572;BE;RISQUES;TOP6_AUT_GROUPES;MENAGES_ENF;PHNC;PC;2;0;N;P1Y;ACPR;E;F;A
ACPR.A.BQ.RISQUES.S2_MCA.661._Z.MENAGES.PHNC._Z.TOP6_AUT_GROUPES;2019;2019-01-01;2019-12-31;116,01;2025-03-31T08:10:38+00:00;ACPR;Encours de prêts et avances (brut comptable) aux ménages en stade 2 - coût amorti;Encours de prêts et avances (brut comptable) aux ménages en stade 2 - coût amorti;S2_MCA;A;BQ;_Z;661;_Z;RISQUES;TOP6_AUT_GROUPES;MENAGES;PHNC;EUR;2;9;N;P1Y;ACPR;E;F;A
ACPR.A.BQ.RISQUES.S1_MCA.660._Z.MENAGES.PHNC._Z.TOP6_AUT_GROUPES;2019;2019-01-01;2019-12-31;1696,86;2025-03-31T08:10:38+00:00;ACPR;Encours de prêts et avances (brut comptable) aux ménages en stade 1 - coût amorti;Encours de prêts et avances (brut comptable) aux ménages en stade 1 - coût amorti;S1_MCA;A;BQ;_Z;660;_Z;RISQUES;TOP6_AUT_GROUPES;MENAGES;PHNC;EUR;2;9;N;P1Y;ACPR;E;F;A
ACPR.A.BQ.RISQUES.ACTFR_CLIENT_RE_TTES_DEV2222.43._Z._Z.SOLO._Z.TOTAL_SECTEUR;2019;2019-01-01;2019-12-31;899,63;2025-03-20T09:10:29+00:00;ACPR;Comptes ordinaires créditeurs de la clientèle non financière;Comptes ordinaires créditeurs de la clientèle non financière;ACTFR_CLIENT_RE_TTES_DEV2222;A;BQ;_Z;43;_Z;RISQUES;TOTAL_SECTEUR;_Z;SOLO;EUR;2;9;N;P1Y;ACPR;E;F;A
ACPR.A.BQ.RISQUES.CRED_EQUIP.35._Z._Z.SOLO._Z.TOTAL_SECTEUR;2019;2019-01-01;2019-12-31;602,69;2025-10-22T14:00:28+00:00;ACPR;Crédits à l'équipement à l'ensemble de la clientèle non financière;Crédits à l'équipement à l'ensemble de la clientèle non financière;CRED_EQUIP;A;BQ;_Z;35;_Z;RISQUES;TOTAL_SECTEUR;_Z;SOLO;EUR;2;9;N;P1Y;ACPR;E;F;A
ACPR.A.BQ.RISQUES.CRED_CLIENT.34.ES.MENAGES.PHNC._Z.TOP6_AUT_GROUPES;2019;2019-01-01;2019-12-31;21,43;2025-03-18T17:10:27+00:00;ACPR;Crédits aux ménages - Espagne;Crédits aux ménages - Espagne;CRED_CLIENT;A;BQ;_Z;34;ES;RISQUES;TOP6_AUT_GROUPES;MENAGES;PHNC;EUR;2;9;N;P1Y;ACPR;E;F;A
ACPR.A.BQ.RISQUES.CRED_EQUIP.35._Z.MENAGES.SOLO._Z.TOTAL_SECTEUR;2019;2019-01-01;2019-12-31;39,07;2025-03-18T17:10:27+00:00;ACPR;Crédits à l'équipement aux Ménages;Crédits à l'équipement aux Ménages;CRED_EQUIP;A;BQ;_Z;35;_Z;RISQUES;TOTAL_SECTEUR;MENAGES;SOLO;EUR;2;9;N;P1Y;ACPR;E;F;A
ACPR.A.BQ.RISQUES.TX_PROV_NPL.573._Z.MENAGES.PHNC._Z.TOP6_AUT_GROUPES;2019;2019-01-01;2019-12-31;1,43;2025-03-18T17:10:29+00:00;ACPR;Poids des provisions des prêts non performants aux ménages;Poids des provisions des prêts non performants aux ménages;TX_PROV_NPL;A;BQ;_Z;573;_Z;RISQUES;TOP6_AUT_GROUPES;MENAGES;PHNC;PC;2;0;N;P1Y;ACPR;E;F;A
ACPR.A.BQ.RISQUES.TX_NPL.569._Z.NACE_H.PHNC._Z.TOP6_AUT_GROUPES;2019;2019-01-01;2019-12-31;3,63;2025-03-18T17:10:28+00:00;ACPR;Taux de prêts non performants du secteur du transports et entreposage;Taux de prêts non performants du secteur du transports et entreposage;TX_NPL;A;BQ;_Z;569;_Z;RISQUES;TOP6_AUT_GROUPES;NACE_H;PHNC;PC;2;0;N;P1Y;ACPR;E;F;A
ACPR.A.BQ.RISQUES.TX_NPL.569._Z.NACE_P.PHNC._Z.TOP6_AUT_GROUPES;2019;2019-01-01;2019-12-31;2,47;2025-03-18T17:10:29+00:00;ACPR;Taux de prêts non performants du secteur de l'enseignement;Taux de prêts non performants du secteur de l'enseignement;TX_NPL;A;BQ;_Z;569;_Z;RISQUES;TOP6_AUT_GROUPES;NACE_P;PHNC;PC;2;0;N;P1Y;ACPR;E;F;A
ACPR.A.BQ.RISQUES.TX_NPL.569.IT.MENAGES_ENF.PHNC._Z.TOP6_AUT_GROUPES;2019;2019-01-01;2019-12-31;8,19;2025-03-18T17:10:29+00:00;ACPR;Taux de prêts non performants en Italie;Taux de prêts non performants en Italie;TX_NPL;A;BQ;_Z;569;IT;RISQUES;TOP6_AUT_GROUPES;MENAGES_ENF;PHNC;PC;2;0;N;P1Y;ACPR;E;F;A
ACPR.A.BQ.RISQUES.TB_FIN_NEGO_PART_OPTION9966.492._Z._Z.PHNC._Z.TOP6_AUT_GROUPES;2019;2019-01-01;2019-12-31;132,77;2025-03-18T17:10:28+00:00;ACPR;Dérivés sur Capitaux propres (somme actif et passif);Dérivés sur Capitaux propres (somme actif et passif);TB_FIN_NEGO_PART_OPTION9966;A;BQ;_Z;492;_Z;RISQUES;TOP6_AUT_GROUPES;_Z;PHNC;EUR;2;9;N;P1Y;ACPR;E;F;A
ACPR.A.BQ.RISQUES.GB_FIN_TX_DOUT_MEN_ENF8962.39._Z.PME.PHNC._Z.TOP6_AUT_GROUPES;2019;2019-01-01;2019-12-31;640,31;2025-03-31T08:10:37+00:00;ACPR;Prêts et avances bruts au coût amorti du secteur bancaire français (IFRS) - PME;Prêts et avances bruts au coût amorti du secteur bancaire français (IFRS) - PME;GB_FIN_TX_DOUT_MEN_ENF8962;A;BQ;_Z;39;_Z;RISQUES;TOP6_AUT_GROUPES;PME;PHNC;EUR;2;9;N;P1Y;ACPR;E;F;A
ACPR.A.BQ.RISQUES.TB_FIN_NEGO_DERIVE_CREDIT10009.464._Z._Z.PHNC._Z.TOP6_AUT_GROUPES;2019;2019-01-01;2019-12-31;65,47;2025-03-18T17:10:28+00:00;ACPR;Achats de autres dérivés de crédit En notionnel;Achats de autres dérivés de crédit En notionnel;TB_FIN_NEGO_DERIVE_CREDIT10009;A;BQ;_Z;464;_Z;RISQUES;TOP6_AUT_GROUPES;_Z;PHNC;EUR;2;9;N;P1Y;ACPR;E;F;A
ACPR.A.BQ.RISQUES.ACT_PTF_NEGO.3._Z.EF.PHNC._Z.TOP6_AUT_GROUPES;2019;2019-01-01;2019-12-31;35,16;2025-03-18T17:10:26+00:00;ACPR;Instruments de capitaux propres des autres entreprises financières dans le portefeuille de négociation;Instruments de capitaux propres des autres entreprises financières dans le portefeuille de négociation;ACT_PTF_NEGO;A;BQ;_Z;3;_Z;RISQUES;TOP6_AUT_GROUPES;EF;PHNC;EUR;2;9;N;P1Y;ACPR;E;F;A
ACPR.A.BQ.RISQUES.CRED_BAIL.33._Z.MENAGES.SOLO._Z.TOTAL_SECTEUR;2019;2019-01-01;2019-12-31;21,6;2025-03-18T17:10:26+00:00;ACPR;Crédit-bail et opérations assimilées aux Ménages;Crédit-bail et opérations assimilées aux Ménages;CRED_BAIL;A;BQ;_Z;33;_Z;RISQUES;TOTAL_SECTEUR;MENAGES;SOLO;EUR;2;9;N;P1Y;ACPR;E;F;A
ACPR.A.BQ.RISQUES.TX_PROV.572._Z.NACE_P.PHNC._Z.TOP6_AUT_GROUPES;2019;2019-01-01;2019-12-31;74,56;2025-03-18T17:10:29+00:00;ACPR;Taux de provisionnement du secteur de l'enseignement;Taux de provisionnement du secteur de l'enseignement;TX_PROV;A;BQ;_Z;572;_Z;RISQUES;TOP6_AUT_GROUPES;NACE_P;PHNC;PC;2;0;N;P1Y;ACPR;E;F;A
ACPR.A.BQ.RISQUES.S3_ENFCA.662._Z.ENF.PHNC._Z.TOP6_AUT_GROUPES;2019;2019-01-01;2019-12-31;59,56;2025-03-31T08:10:38+00:00;ACPR;Encours de prêts et avances (brut comptable) aux entreprises non financières en stade 3 - coût amorti;Encours de prêts et avances (brut comptable) aux entreprises non financières en stade 3 - coût amorti;S3_ENFCA;A;BQ;_Z;662;_Z;RISQUES;TOP6_AUT_GROUPES;ENF;PHNC;EUR;2;9;N;P1Y;ACPR;E;F;A
ACPR.A.BQ.RISQUES.TB_FIN_NEGO_DERIVES9917.491._Z._Z.PHNC._Z._Z;2019;2019-01-01;2019-12-31;45522,99;2025-09-17T10:00:30+00:00;ACPR;Montants notionnels de dérivés sur taux d'intérêt;Montants notionnels de dérivés sur taux d'intérêt;TB_FIN_NEGO_DERIVES9917;A;BQ;_Z;491;_Z;RISQUES;_Z;_Z;PHNC;EUR;2;9;N;P1Y;ACPR;E;F;A
ACPR.A.BQ.RISQUES.LOANS_PTF_NEGO.222._Z.EF.PHNC._Z.TOP6_AUT_GROUPES;2019;2019-01-01;2019-12-31;286,62;2025-03-18T17:10:28+00:00;ACPR;Prêts aux autres entreprises financières dans le portefeuille de négociation;Prêts aux autres entreprises financières dans le portefeuille de négociation;LOANS_PTF_NEGO;A;BQ;_Z;222;_Z;RISQUES;TOP6_AUT_GROUPES;EF;PHNC;EUR;2;9;N;P1Y;ACPR;E;F;A
ACPR.A.BQ.RISQUES.CRED_HAB.36._Z.MENAGES.SOLO._Z.TOTAL_SECTEUR;2019;2019-01-01;2019-12-31;1101,56;2025-03-18T17:10:27+00:00;ACPR;Crédits à l'habitat aux Ménages;Crédits à l'habitat aux Ménages;CRED_HAB;A;BQ;_Z;36;_Z;RISQUES;TOTAL_SECTEUR;MENAGES;SOLO;EUR;2;9;N;P1Y;ACPR;E;F;A
ACPR.A.BQ.RISQUES.TB_FIN_NEGO_DERIVES9919.493._Z._Z.PHNC._Z._Z;2019;2019-01-01;2019-12-31;11998,79;2025-09-17T10:00:30+00:00;ACPR;Montants notionnels de dérivés sur change et or;Montants notionnels de dérivés sur change et or;TB_FIN_NEGO_DERIVES9919;A;BQ;_Z;493;_Z;RISQUES;_Z;_Z;PHNC;EUR;2;9;N;P1Y;ACPR;E;F;A
ACPR.A.BQ.RISQUES.CREDITS_BRUTS_MENAGES_ENF_PAYS.40.FR.MENAGES_ENF.PHNC._Z.TOP6_AUT_GROUPES;2019;2019-01-01;2019-12-31;2184,11;2025-03-18T17:10:27+00:00;ACPR;Crédits bruts aux ménages et entreprises non financières en France;Crédits bruts aux ménages et entreprises non financières en France;CREDITS_BRUTS_MENAGES_ENF_PAYS;A;BQ;_Z;40;FR;RISQUES;TOP6_AUT_GROUPES;MENAGES_ENF;PHNC;EUR;2;9;N;P1Y;ACPR;E;F;A
ACPR.A.BQ.RISQUES.GB_FIN_NEGO_PASSIF_9848.186._Z._Z.PHNC._Z.TOP6_AUT_GROUPES;2019;2019-01-01;2019-12-31;586,41;2025-03-18T17:10:28+00:00;ACPR;Dérivés dans le portefeuille de négociation coté passif;Dérivés dans le portefeuille de négociation coté passif;GB_FIN_NEGO_PASSIF_9848;A;BQ;_Z;186;_Z;RISQUES;TOP6_AUT_GROUPES;_Z;PHNC;EUR;2;9;N;P1Y;ACPR;E;F;A
ACPR.A.BQ.RISQUES.RATIO_CREDEP.363._Z.HORS_EC_BC.PHNC._Z.TOP6_AUT_GROUPES;2019;2019-01-01;2019-12-31;104,12;2025-03-18T17:10:28+00:00;ACPR;Ratio crédits / Dépôts  hors EC et banques centrales;Ratio crédits / Dépôts  hors EC et banques centrales;RATIO_CREDEP;A;BQ;_Z;363;_Z;RISQUES;TOP6_AUT_GROUPES;HORS_EC_BC;PHNC;PC;2;9;N;P1Y;ACPR;E;F;A
ACPR.A.BQ.RISQUES.TB_FIN_NEGO_VENTE_OPTION9980.496._Z._Z.PHNC._Z.TOP6_AUT_GROUPES;2019;2019-01-01;2019-12-31;4106,74;2025-03-18T17:10:28+00:00;ACPR;Ventes d'options sur Taux d'intérêt;Ventes d'options sur Taux d'intérêt;TB_FIN_NEGO_VENTE_OPTION9980;A;BQ;_Z;496;_Z;RISQUES;TOP6_AUT_GROUPES;_Z;PHNC;EUR;2;9;N;P1Y;ACPR;E;F;A
ACPR.A.BQ.RISQUES.TX_NPL.569._Z.NACE_R.PHNC._Z.TOP6_AUT_GROUPES;2019;2019-01-01;2019-12-31;5,16;2025-03-18T17:10:29+00:00;ACPR;Taux de prêts non performants du secteur des arts, spectacles et activités récréatives;Taux de prêts non performants du secteur des arts, spectacles et activités récréatives;TX_NPL;A;BQ;_Z;569;_Z;RISQUES;TOP6_AUT_GROUPES;NACE_R;PHNC;PC;2;0;N;P1Y;ACPR;E;F;A
ACPR.A.BQ.RISQUES.TX_NPL.569.BE.MENAGES_ENF.PHNC._Z.TOP6_AUT_GROUPES;2019;2019-01-01;2019-12-31;2,42;2025-03-18T17:10:29+00:00;ACPR;Taux de prêts non performants en Belgique;Taux de prêts non performants en Belgique;TX_NPL;A;BQ;_Z;569;BE;RISQUES;TOP6_AUT_GROUPES;MENAGES_ENF;PHNC;PC;2;0;N;P1Y;ACPR;E;F;A
ACPR.A.BQ.RISQUES.TX_NPL.569.LU.MENAGES_ENF.PHNC._Z.TOP6_AUT_GROUPES;2019;2019-01-01;2019-12-31;1,0;2025-03-18T17:10:29+00:00;ACPR;Taux de prêts non performants au Luxembourg;Taux de prêts non performants au Luxembourg;TX_NPL;A;BQ;_Z;569;LU;RISQUES;TOP6_AUT_GROUPES;MENAGES_ENF;PHNC;PC;2;0;N;P1Y;ACPR;E;F;A
ACPR.A.BQ.RISQUES.TX_NPL.569.NL.MENAGES_ENF.PHNC._Z.TOP6_AUT_GROUPES;2019;2019-01-01;2019-12-31;1,41;2025-03-18T17:10:29+00:00;ACPR;Taux de prêts non performants aux Pays-Bas;Taux de prêts non performants aux Pays-Bas;TX_NPL;A;BQ;_Z;569;NL;RISQUES;TOP6_AUT_GROUPES;MENAGES_ENF;PHNC;PC;2;0;N;P1Y;ACPR;E;F;A
ACPR.A.BQ.RISQUES.TX_NPL.569.US.MENAGES_ENF.PHNC._Z.TOP6_AUT_GROUPES;2019;2019-01-01;2019-12-31;1,54;2025-03-18T17:10:29+00:00;ACPR;Taux de prêts non performants aux Etats-Unis;Taux de prêts non performants aux Etats-Unis;TX_NPL;A;BQ;_Z;569;US;RISQUES;TOP6_AUT_GROUPES;MENAGES_ENF;PHNC;PC;2;0;N;P1Y;ACPR;E;F;A
ACPR.A.BQ.RISQUES.TX_PROV.572._Z.MENAGES.PHNC._Z.TOP6_AUT_GROUPES;2019;2019-01-01;2019-12-31;48,9;2025-03-18T17:10:29+00:00;ACPR;Taux de provisionnement aux ménages;Taux de provisionnement aux ménages;TX_PROV;A;BQ;_Z;572;_Z;RISQUES;TOP6_AUT_GROUPES;MENAGES;PHNC;PC;2;0;N;P1Y;ACPR;E;F;A
ACPR.A.BQ.RISQUES.TX_PROV.572._Z.NACE_F.PHNC._Z.TOP6_AUT_GROUPES;2019;2019-01-01;2019-12-31;65,33;2025-03-18T17:10:29+00:00;ACPR;Taux de provisionnement du secteur de la construction;Taux de provisionnement du secteur de la construction;TX_PROV;A;BQ;_Z;572;_Z;RISQUES;TOP6_AUT_GROUPES;NACE_F;PHNC;PC;2;0;N;P1Y;ACPR;E;F;A
ACPR.A.BQ.RISQUES.S3_MCA_BASE100.662._Z.MENAGES.PHNC._Z.TOP6_AUT_GROUPES;2019;2019-01-01;2019-12-31;100,0;2025-03-31T08:10:38+00:00;ACPR;Encours de prêts et avances (brut comptable) aux ménages en stade 3 - coût amorti - base 100;Encours de prêts et avances (brut comptable) aux ménages en stade 3 - coût amorti - base 100;S3_MCA_BASE100;A;BQ;_Z;662;_Z;RISQUES;TOP6_AUT_GROUPES;MENAGES;PHNC;PC;2;0;N;P1Y;ACPR;E;F;A
ACPR.A.BQ.RISQUES.CRED_AFF.31._Z.APU.SOLO._Z.TOTAL_SECTEUR;2019;2019-01-01;2019-12-31;5,19;2025-10-22T14:00:27+00:00;ACPR;Affacturage aux administrations publiques;Affacturage aux administrations publiques;CRED_AFF;A;BQ;_Z;31;_Z;RISQUES;TOTAL_SECTEUR;APU;SOLO;EUR;2;9;N;P1Y;ACPR;E;F;A
ACPR.A.BQ.RISQUES.DERIV_PASSIF_GRE_GRE.49._Z.EF.PHNC._Z.TOP6_AUT_GROUPES;2019;2019-01-01;2019-12-31;184,74;2025-03-18T17:10:27+00:00;ACPR;Montant au passif de dérivés de gré à gré avec autres entreprises financières;Passif de dérivés de gré à gré avec autres entreprises financières;DERIV_PASSIF_GRE_GRE;A;BQ;_Z;49;_Z;RISQUES;TOP6_AUT_GROUPES;EF;PHNC;EUR;2;9;N;P1Y;ACPR;E;F;A
ACPR.A.BQ.RISQUES.CRED_AFF.31._Z._Z.SOLO._Z.TOTAL_SECTEUR;2019;2019-01-01;2019-12-31;45,27;2025-10-22T14:00:27+00:00;ACPR;Affacturage à l'ensemble de la clientèle non financière;Affacturage à l'ensemble de la clientèle non financière;CRED_AFF;A;BQ;_Z;31;_Z;RISQUES;TOTAL_SECTEUR;_Z;SOLO;EUR;2;9;N;P1Y;ACPR;E;F;A
ACPR.A.BQ.RISQUES.CRED_BAIL.33._Z.SNF.SOLO._Z.TOTAL_SECTEUR;2019;2019-01-01;2019-12-31;73,11;2025-10-22T14:00:28+00:00;ACPR;Crédit-bail et opérations assimilées aux sociétés non financières;Crédit-bail et opérations assimilées aux sociétés non financières;CRED_BAIL;A;BQ;_Z;33;_Z;RISQUES;TOTAL_SECTEUR;SNF;SOLO;EUR;2;9;N;P1Y;ACPR;E;F;A
ACPR.A.BQ.RISQUES.CRED_COD.30._Z.MENAGES.SOLO._Z.TOTAL_SECTEUR;2019;2019-01-01;2019-12-31;8,95;2025-10-22T14:00:28+00:00;ACPR;Comptes ordinaires débiteurs aux Ménages;Comptes ordinaires débiteurs aux Ménages;CRED_COD;A;BQ;_Z;30;_Z;RISQUES;TOTAL_SECTEUR;MENAGES;SOLO;EUR;2;9;N;P1Y;ACPR;E;F;A
ACPR.A.BQ.RISQUES.DERIV_PASSIF_GRE_GRE.49._Z.EC.PHNC._Z.TOP6_AUT_GROUPES;2019;2019-01-01;2019-12-31;304,08;2025-03-18T17:10:27+00:00;ACPR;Montant au passif de dérivés de gré à gré avec établissements de crédit;Passif de dérivés de gré à gré avec établissements de crédit;DERIV_PASSIF_GRE_GRE;A;BQ;_Z;49;_Z;RISQUES;TOP6_AUT_GROUPES;EC;PHNC;EUR;2;9;N;P1Y;ACPR;E;F;A
ACPR.A.BQ.RISQUES.TX_PROV.572._Z.NACE_L.PHNC._Z.TOP6_AUT_GROUPES;2019;2019-01-01;2019-12-31;61,99;2025-03-18T17:10:29+00:00;ACPR;Taux de provisionnement du secteur des activités immobilières;Taux de provisionnement du secteur des activités immobilières;TX_PROV;A;BQ;_Z;572;_Z;RISQUES;TOP6_AUT_GROUPES;NACE_L;PHNC;PC;2;0;N;P1Y;ACPR;E;F;A
ACPR.A.BQ.RISQUES.CRED_CLIENT.34._Z.HORS_EC_BC.PHNC._Z.TOP6_AUT_GROUPES;2019;2019-01-01;2019-12-31;3990,75;2025-03-18T17:10:26+00:00;ACPR;Crédits nets  hors EC et banques centrales;Crédits nets  hors EC et banques centrales;CRED_CLIENT;A;BQ;_Z;34;_Z;RISQUES;TOP6_AUT_GROUPES;HORS_EC_BC;PHNC;EUR;2;9;N;P1Y;ACPR;E;F;A
ACPR.A.BQ.RISQUES.CRED_CLIENT.34._Z.NACE_P.PHNC._Z.TOP6_AUT_GROUPES;2019;2019-01-01;2019-12-31;5,3;2025-03-18T17:10:27+00:00;ACPR;Crédits au secteur de l'enseignement;Crédits au secteur de l'enseignement;CRED_CLIENT;A;BQ;_Z;34;_Z;RISQUES;TOP6_AUT_GROUPES;NACE_P;PHNC;EUR;2;9;N;P1Y;ACPR;E;F;A
ACPR.A.BQ.RISQUES.CREDITS_BRUTS.39._Z.NACE_J.PHNC._Z.TOP6_AUT_GROUPES;2019;2019-01-01;2019-12-31;38,24;2025-03-18T17:10:27+00:00;ACPR;Crédits bruts aux entreprises du secteur de l'information et communication;Crédits bruts aux entreprises du secteur de l'information et communication;CREDITS_BRUTS;A;BQ;_Z;39;_Z;RISQUES;TOP6_AUT_GROUPES;NACE_J;PHNC;EUR;2;9;N;P1Y;ACPR;E;F;A
ACPR.A.BQ.RISQUES.CREDITS_BRUTS_MENAGES_ENF_PAYS.40.ES.MENAGES_ENF.PHNC._Z.TOP6_AUT_GROUPES;2019;2019-01-01;2019-12-31;49,26;2025-03-18T17:10:27+00:00;ACPR;Crédits bruts aux ménages et entreprises non financières en Espagne;Crédits bruts aux ménages et entreprises non financières en Espagne;CREDITS_BRUTS_MENAGES_ENF_PAYS;A;BQ;_Z;40;ES;RISQUES;TOP6_AUT_GROUPES;MENAGES_ENF;PHNC;EUR;2;9;N;P1Y;ACPR;E;F;A
ACPR.A.BQ.RISQUES.GB_FIN_TX_DOUT_MEN_ENF8965.39._Z.ENF.PHNC._Z.TOP6_AUT_GROUPES;2019;2019-01-01;2019-12-31;62,23;2025-03-31T08:10:37+00:00;ACPR;Prêts et avances bruts non performants au coût amorti du secteur bancaire français (IFRS) - entreprises non financières;Prêts et avances bruts non performants au coût amorti du secteur bancaire français (IFRS) - entreprises non financières;GB_FIN_TX_DOUT_MEN_ENF8965;A;BQ;_Z;39;_Z;RISQUES;TOP6_AUT_GROUPES;ENF;PHNC;EUR;2;9;N;P1Y;ACPR;E;F;A
ACPR.A.BQ.RISQUES.GB_FIN_TX_DOUT_MEN_ENF8966.39._Z.PME.PHNC._Z.TOP6_AUT_GROUPES;2019;2019-01-01;2019-12-31;31,74;2025-03-31T08:10:37+00:00;ACPR;Prêts et avances bruts non performants au coût amorti du secteur bancaire français (IFRS) - PME;Prêts et avances bruts non performants au coût amorti du secteur bancaire français (IFRS) - PME;GB_FIN_TX_DOUT_MEN_ENF8966;A;BQ;_Z;39;_Z;RISQUES;TOP6_AUT_GROUPES;PME;PHNC;EUR;2;9;N;P1Y;ACPR;E;F;A
ACPR.A.BQ.RISQUES.S1_MCA_BASE100.660._Z.MENAGES.PHNC._Z.TOP6_AUT_GROUPES;2019;2019-01-01;2019-12-31;100,0;2025-03-31T08:10:38+00:00;ACPR;Encours de prêts et avances (brut comptable) aux ménages en stade 1 - coût amorti - base 100;Encours de prêts et avances (brut comptable) aux ménages en stade 1 - coût amorti - base 100;S1_MCA_BASE100;A;BQ;_Z;660;_Z;RISQUES;TOP6_AUT_GROUPES;MENAGES;PHNC;PC;2;0;N;P1Y;ACPR;E;F;A
ACPR.A.BQ.RISQUES.GB_FIN_NEGO_COURT9873.185._Z._Z.PHNC._Z.TOP6_AUT_GROUPES;2019;2019-01-01;2019-12-31;119,91;2025-03-18T17:10:28+00:00;ACPR;Positions courtes sur Titres de créance;Positions courtes sur Titres de créance;GB_FIN_NEGO_COURT9873;A;BQ;_Z;185;_Z;RISQUES;TOP6_AUT_GROUPES;_Z;PHNC;EUR;2;9;N;P1Y;ACPR;E;F;A
ACPR.A.BQ.RISQUES.CRED_CLIENT.34._Z.MENAGES_ENF.PHNC._Z.TOP6_AUT_GROUPES;2019;2019-01-01;2019-12-31;3384,35;2025-03-18T17:10:26+00:00;ACPR;Crédits nets  aux entreprises non financières et aux ménages;Crédits nets  aux entreprises non financières et aux ménages;CRED_CLIENT;A;BQ;_Z;34;_Z;RISQUES;TOP6_AUT_GROUPES;MENAGES_ENF;PHNC;EUR;2;9;N;P1Y;ACPR;E;F;A
ACPR.A.BQ.RISQUES.CRED_CLIENT.34._Z.NACE_S.PHNC._Z.TOP6_AUT_GROUPES;2019;2019-01-01;2019-12-31;102,28;2025-03-18T17:10:27+00:00;ACPR;Crédits au secteur des autres activités de services;Crédits au secteur des autres activités de services;CRED_CLIENT;A;BQ;_Z;34;_Z;RISQUES;TOP6_AUT_GROUPES;NACE_S;PHNC;EUR;2;9;N;P1Y;ACPR;E;F;A
ACPR.A.BQ.RISQUES.GB_FIN_TX_DOUT_MEN_ENF8961.39._Z.ENF.PHNC._Z.TOP6_AUT_GROUPES;2019;2019-01-01;2019-12-31;1573,68;2025-03-31T08:10:37+00:00;ACPR;Prêts et avances bruts au coût amorti du secteur bancaire français (IFRS) - entreprises non financières;Prêts et avances bruts au coût amorti du secteur bancaire français (IFRS) - entreprises non financières;GB_FIN_TX_DOUT_MEN_ENF8961;A;BQ;_Z;39;_Z;RISQUES;TOP6_AUT_GROUPES;ENF;PHNC;EUR;2;9;N;P1Y;ACPR;E;F;A
ACPR.A.BQ.RISQUES.CRED_CLIENT.34._Z.EF.PHNC._Z.TOP6_AUT_GROUPES;2019;2019-01-01;2019-12-31;220,69;2025-03-18T17:10:26+00:00;ACPR;Entreprises financières (crédits nets);Entreprises financières (crédits nets);CRED_CLIENT;A;BQ;_Z;34;_Z;RISQUES;TOP6_AUT_GROUPES;EF;PHNC;EUR;2;9;N;P1Y;ACPR;E;F;A
ACPR.A.BQ.RISQUES.CRED_CLIENT.34.LU.MENAGES.PHNC._Z.TOP6_AUT_GROUPES;2019;2019-01-01;2019-12-31;10,07;2025-03-18T17:10:27+00:00;ACPR;Crédits aux ménages - Luxembourg;Crédits aux ménages - Luxembourg;CRED_CLIENT;A;BQ;_Z;34;LU;RISQUES;TOP6_AUT_GROUPES;MENAGES;PHNC;EUR;2;9;N;P1Y;ACPR;E;F;A
ACPR.A.BQ.RISQUES.TX_PROV.572.FR.MENAGES_ENF.PHNC._Z.TOP6_AUT_GROUPES;2019;2019-01-01;2019-12-31;65,68;2025-03-18T17:10:29+00:00;ACPR;Taux de provisionnement en France;Taux de provisionnement en France;TX_PROV;A;BQ;_Z;572;FR;RISQUES;TOP6_AUT_GROUPES;MENAGES_ENF;PHNC;PC;2;0;N;P1Y;ACPR;E;F;A
ACPR.A.BQ.RISQUES.TX_PROV.572.US.MENAGES_ENF.PHNC._Z.TOP6_AUT_GROUPES;2019;2019-01-01;2019-12-31;55,79;2025-03-18T17:10:29+00:00;ACPR;Taux de provisionnement aux Etats-Unis;Taux de provisionnement aux Etats-Unis;TX_PROV;A;BQ;_Z;572;US;RISQUES;TOP6_AUT_GROUPES;MENAGES_ENF;PHNC;PC;2;0;N;P1Y;ACPR;E;F;A
ACPR.A.BQ.RISQUES.S1_ENFCA_BASE100.660._Z.ENF.PHNC._Z.TOP6_AUT_GROUPES;2019;2019-01-01;2019-12-31;100,0;2025-03-31T08:10:38+00:00;ACPR;Encours de prêts et avances (brut comptable) aux entreprises non financières en stade 1 - coût amorti - base 100;Encours de prêts et avances (brut comptable) aux entreprises non financières en stade 1 - coût amorti - base 100;S1_ENFCA_BASE100;A;BQ;_Z;660;_Z;RISQUES;TOP6_AUT_GROUPES;ENF;PHNC;PC;2;0;N;P1Y;ACPR;E;F;A
ACPR.A.BQ.RISQUES.CRED_AUT.32._Z._Z.SOLO._Z.TOTAL_SECTEUR;2019;2019-01-01;2019-12-31;61,17;2025-10-22T14:00:27+00:00;ACPR;Autres crédits à l'ensemble de la clientèle non financière;Autres crédits à l'ensemble de la clientèle non financière;CRED_AUT;A;BQ;_Z;32;_Z;RISQUES;TOTAL_SECTEUR;_Z;SOLO;EUR;2;9;N;P1Y;ACPR;E;F;A
ACPR.A.BQ.RISQUES.CRED_AUT.32._Z.SNF.SOLO._Z.TOTAL_SECTEUR;2019;2019-01-01;2019-12-31;41,99;2025-10-22T14:00:28+00:00;ACPR;Autres crédits aux sociétés non financières;Autres crédits aux sociétés non financières;CRED_AUT;A;BQ;_Z;32;_Z;RISQUES;TOTAL_SECTEUR;SNF;SOLO;EUR;2;9;N;P1Y;ACPR;E;F;A
ACPR.A.BQ.RISQUES.CRED_CLIENT.34._Z.NACE_D.PHNC._Z.TOP6_AUT_GROUPES;2019;2019-01-01;2019-12-31;68,15;2025-03-18T17:10:26+00:00;ACPR;Crédits au secteur de l'électricité, gaz, vapeur et air conditionné;Crédits au secteur de l'électricité, gaz, vapeur et air conditionné;CRED_CLIENT;A;BQ;_Z;34;_Z;RISQUES;TOP6_AUT_GROUPES;NACE_D;PHNC;EUR;2;9;N;P1Y;ACPR;E;F;A
ACPR.A.BQ.RISQUES.CRED_CLIENT.34.IT.ENF.PHNC._Z.TOP6_AUT_GROUPES;2019;2019-01-01;2019-12-31;83,9;2025-03-18T17:10:27+00:00;ACPR;Crédits aux entreprises non financières - Italie;Crédits aux entreprises non financières - Italie;CRED_CLIENT;A;BQ;_Z;34;IT;RISQUES;TOP6_AUT_GROUPES;ENF;PHNC;EUR;2;9;N;P1Y;ACPR;E;F;A
ACPR.A.BQ.RISQUES.TB_FIN_NEGO_DERIVES9918.585._Z._Z.PHNC._Z._Z;2019;2019-01-01;2019-12-31;2912,14;2025-09-17T10:00:30+00:00;ACPR;Montants notionnels de dérivés sur actions;Montants notionnels de dérivés sur actions;TB_FIN_NEGO_DERIVES9918;A;BQ;_Z;585;_Z;RISQUES;_Z;_Z;PHNC;EUR;2;9;N;P1Y;ACPR;E;F;A
ACPR.A.BQ.RISQUES.TX_NPL.569._Z.NACE_E.PHNC._Z.TOP6_AUT_GROUPES;2019;2019-01-01;2019-12-31;3,98;2025-03-18T17:10:28+00:00;ACPR;Taux de prêts non performants du secteur de la production et distribution d'eau;Taux de prêts non performants du secteur de la production et distribution d'eau;TX_NPL;A;BQ;_Z;569;_Z;RISQUES;TOP6_AUT_GROUPES;NACE_E;PHNC;PC;2;0;N;P1Y;ACPR;E;F;A
ACPR.A.BQ.RISQUES.TB_FIN_NEGO_PART_BILAN9840.487._Z._Z.PHNC._Z.TOP6_AUT_GROUPES;2019;2019-01-01;2019-12-31;1280,47;2025-03-18T17:10:28+00:00;ACPR;Portefeuille de négociation - Passif;Portefeuille de négociation - Passif;TB_FIN_NEGO_PART_BILAN9840;A;BQ;_Z;487;_Z;RISQUES;TOP6_AUT_GROUPES;_Z;PHNC;EUR;2;9;N;P1Y;ACPR;E;F;A
ACPR.A.BQ.RISQUES.S2_ENFCA_BASE100.661._Z.ENF.PHNC._Z.TOP6_AUT_GROUPES;2019;2019-01-01;2019-12-31;100,0;2025-03-31T08:10:38+00:00;ACPR;Encours de prêts et avances (brut comptable) aux entreprises non financières en stade 2 - coût amorti - base 100;Encours de prêts et avances (brut comptable) aux entreprises non financières en stade 2 - coût amorti - base 100;S2_ENFCA_BASE100;A;BQ;_Z;661;_Z;RISQUES;TOP6_AUT_GROUPES;ENF;PHNC;PC;2;0;N;P1Y;ACPR;E;F;A
ACPR.A.BQ.RISQUES.CRED_CLIENT.34._Z.MENAGES.PHNC._Z.TOP6_AUT_GROUPES;2019;2019-01-01;2019-12-31;1828,48;2025-03-18T17:10:26+00:00;ACPR;Ménages (crédits nets);Ménages (crédits nets);CRED_CLIENT;A;BQ;_Z;34;_Z;RISQUES;TOP6_AUT_GROUPES;MENAGES;PHNC;EUR;2;9;N;P1Y;ACPR;E;F;A
ACPR.A.BQ.RISQUES.CRED_CLIENT.34._Z.NACE_K.PHNC._Z.TOP6_AUT_GROUPES;2019;2019-01-01;2019-12-31;81,04;2025-03-18T17:10:27+00:00;ACPR;Crédits au secteur de l'activité financières et d'assurance;Crédits au secteur de l'activité financières et d'assurance;CRED_CLIENT;A;BQ;_Z;34;_Z;RISQUES;TOP6_AUT_GROUPES;NACE_K;PHNC;EUR;2;9;N;P1Y;ACPR;E;F;A
ACPR.A.BQ.RISQUES.CRED_CLIENT.34.ES.ENF.PHNC._Z.TOP6_AUT_GROUPES;2019;2019-01-01;2019-12-31;26,22;2025-03-18T17:10:27+00:00;ACPR;Crédits aux entreprises non financières - Espagne;Crédits aux entreprises non financières - Espagne;CRED_CLIENT;A;BQ;_Z;34;ES;RISQUES;TOP6_AUT_GROUPES;ENF;PHNC;EUR;2;9;N;P1Y;ACPR;E;F;A
ACPR.A.BQ.RISQUES.CRED_EQUIP.35._Z.SNF.SOLO._Z.TOTAL_SECTEUR;2019;2019-01-01;2019-12-31;413,78;2025-10-22T14:00:28+00:00;ACPR;Crédits à l'équipement aux sociétés non financières;Crédits à l'équipement aux sociétés non financières;CRED_EQUIP;A;BQ;_Z;35;_Z;RISQUES;TOTAL_SECTEUR;SNF;SOLO;EUR;2;9;N;P1Y;ACPR;E;F;A
ACPR.A.BQ.RISQUES.DERIV_NOTIONNEL_GRE_GRE.47._Z._Z.PHNC._Z.TOP6_AUT_GROUPES;2019;2019-01-01;2019-12-31;57464,64;2025-03-18T17:10:27+00:00;ACPR;Montant notionnels de dérivés de gré à gré;Montant notionnels de dérivés de gré à gré;DERIV_NOTIONNEL_GRE_GRE;A;BQ;_Z;47;_Z;RISQUES;TOP6_AUT_GROUPES;_Z;PHNC;EUR;2;9;N;P1Y;ACPR;E;F;A
ACPR.A.BQ.RISQUES.DT_PL_PTF_NEGO.58._Z.BC.PHNC._Z.TOP6_AUT_GROUPES;2019;2019-01-01;2019-12-31;43,0;2025-03-18T17:10:27+00:00;ACPR;Dépôts et titres des Banques Centrales donnés en pension livrée du portefeuille de négociation;Dépôts et titres des Banques Centrales donnés en pension livrée du portefeuille de négociation;DT_PL_PTF_NEGO;A;BQ;_Z;58;_Z;RISQUES;TOP6_AUT_GROUPES;BC;PHNC;EUR;2;9;N;P1Y;ACPR;E;F;A
ACPR.A.BQ.RISQUES.TB_FIN_NEGO_PART_OPTION9961.489._Z._Z.PHNC._Z.TOP6_AUT_GROUPES;2019;2019-01-01;2019-12-31;81,28;2025-03-18T17:10:28+00:00;ACPR;Options de gré à gré sur Capitaux propres (somme actif et passif);Options de gré à gré sur Capitaux propres (somme actif et passif);TB_FIN_NEGO_PART_OPTION9961;A;BQ;_Z;489;_Z;RISQUES;TOP6_AUT_GROUPES;_Z;PHNC;EUR;2;9;N;P1Y;ACPR;E;F;A
ACPR.A.BQ.RISQUES.CRED_BAIL.33._Z._Z.SOLO._Z.TOTAL_SECTEUR;2019;2019-01-01;2019-12-31;97,63;2025-10-22T14:00:28+00:00;ACPR;Crédit-bail et opérations assimilées à l'ensemble de la clientèle non financière;Crédit-bail et opérations assimilées à l'ensemble de la clientèle non financière;CRED_BAIL;A;BQ;_Z;33;_Z;RISQUES;TOTAL_SECTEUR;_Z;SOLO;EUR;2;9;N;P1Y;ACPR;E;F;A
ACPR.A.BQ.RISQUES.CRED_CLIENT.34._Z.NACE_N.PHNC._Z.TOP6_AUT_GROUPES;2019;2019-01-01;2019-12-31;82,79;2025-03-18T17:10:27+00:00;ACPR;Crédits au secteur de l'activité de services administratifs et de soutien;Crédits au secteur de l'activité de services administratifs et de soutien;CRED_CLIENT;A;BQ;_Z;34;_Z;RISQUES;TOP6_AUT_GROUPES;NACE_N;PHNC;EUR;2;9;N;P1Y;ACPR;E;F;A
ACPR.A.BQ.RISQUES.TX_PROV.572._Z.MENAGES_ENF.PHNC._Z.TOP6_AUT_GROUPES;2019;2019-01-01;2019-12-31;50,08;2025-03-18T17:10:29+00:00;ACPR;Taux de provisionnement aux ménages et aux entreprises non financières;Taux de provisionnement aux ménages et aux entreprises non financières;TX_PROV;A;BQ;_Z;572;_Z;RISQUES;TOP6_AUT_GROUPES;MENAGES_ENF;PHNC;PC;2;0;N;P1Y;ACPR;E;F;A
ACPR.A.BQ.RISQUES.GB_FIN_TX_DOUT_MEN_ENF8968.39._Z.MENAGES.PHNC._Z.TOP6_AUT_GROUPES;2019;2019-01-01;2019-12-31;54,35;2025-03-31T08:10:37+00:00;ACPR;Prêts et avances bruts non performants au coût amorti du secteur bancaire français (IFRS) - ménages;Prêts et avances bruts non performants au coût amorti du secteur bancaire français (IFRS) - ménages;GB_FIN_TX_DOUT_MEN_ENF8968;A;BQ;_Z;39;_Z;RISQUES;TOP6_AUT_GROUPES;MENAGES;PHNC;EUR;2;9;N;P1Y;ACPR;E;F;A
ACPR.A.BQ.RISQUES.TX_PROV.572.GB.MENAGES_ENF.PHNC._Z.TOP6_AUT_GROUPES;2019;2019-01-01;2019-12-31;82,46;2025-03-18T17:10:29+00:00;ACPR;Taux de provisionnement au Royaume-Uni;Taux de provisionnement au Royaume-Uni;TX_PROV;A;BQ;_Z;572;GB;RISQUES;TOP6_AUT_GROUPES;MENAGES_ENF;PHNC;PC;2;0;N;P1Y;ACPR;E;F;A
ACPR.A.BQ.RISQUES.CRED_CLIENT.34.GB.ENF.PHNC._Z.TOP6_AUT_GROUPES;2019;2019-01-01;2019-12-31;45,32;2025-03-18T17:10:27+00:00;ACPR;Crédits aux entreprises non financières - Royaume-Uni;Crédits aux entreprises non financières - Royaume-Uni;CRED_CLIENT;A;BQ;_Z;34;GB;RISQUES;TOP6_AUT_GROUPES;ENF;PHNC;EUR;2;9;N;P1Y;ACPR;E;F;A
ACPR.A.BQ.RISQUES.OBLIG_PTF_NEGO.238._Z.APU.PHNC._Z.TOP6_AUT_GROUPES;2019;2019-01-01;2019-12-31;114,92;2025-03-18T17:10:28+00:00;ACPR;Titre de créances émis par les administrations publiques dans le portefeuille de négociation;Titre de créances émis par les administrations publiques dans le portefeuille de négociation;OBLIG_PTF_NEGO;A;BQ;_Z;238;_Z;RISQUES;TOP6_AUT_GROUPES;APU;PHNC;EUR;2;9;N;P1Y;ACPR;E;F;A
ACPR.A.BQ.RISQUES.TB_FIN_NEGO_DERIVE_CREDIT10002.459._Z._Z.PHNC._Z.TOP6_AUT_GROUPES;2019;2019-01-01;2019-12-31;0,19;2025-03-18T17:10:28+00:00;ACPR;Vente de options sur écart de crédit (CDS) En notionnel;Vente de options sur écart de crédit (CDS) En notionnel;TB_FIN_NEGO_DERIVE_CREDIT10002;A;BQ;_Z;459;_Z;RISQUES;TOP6_AUT_GROUPES;_Z;PHNC;EUR;2;9;N;P1Y;ACPR;E;F;A
ACPR.A.BQ.RISQUES.TB_FIN_NEGO_DERIVES9934.482._Z._Z.PHNC._Z.TOP6_AUT_GROUPES;2019;2019-01-01;2019-12-31;116,21;2025-03-18T17:10:28+00:00;ACPR;Montant au passif de dérivés sur change et or;Montant au passif de dérivés sur change et or;TB_FIN_NEGO_DERIVES9934;A;BQ;_Z;482;_Z;RISQUES;TOP6_AUT_GROUPES;_Z;PHNC;EUR;2;9;N;P1Y;ACPR;E;F;A
ACPR.A.BQ.RISQUES.TB_FIN_NEGO_PART_OPTION9958.488._Z._Z.PHNC._Z.TOP6_AUT_GROUPES;2019;2019-01-01;2019-12-31;143,49;2025-03-18T17:10:28+00:00;ACPR;Options de gré à gré sur Taux d'intérêt (somme actif et passif);Options de gré à gré sur Taux d'intérêt (somme actif et passif);TB_FIN_NEGO_PART_OPTION9958;A;BQ;_Z;488;_Z;RISQUES;TOP6_AUT_GROUPES;_Z;PHNC;EUR;2;9;N;P1Y;ACPR;E;F;A
ACPR.A.BQ.RISQUES.TB_FIN_NEGO_VENTE_OPTION9981.497._Z._Z.PHNC._Z.TOP6_AUT_GROUPES;2019;2019-01-01;2019-12-31;1096,35;2025-03-18T17:10:28+00:00;ACPR;Ventes d'options sur Capitaux propres;Ventes d'options sur Capitaux propres;TB_FIN_NEGO_VENTE_OPTION9981;A;BQ;_Z;497;_Z;RISQUES;TOP6_AUT_GROUPES;_Z;PHNC;EUR;2;9;N;P1Y;ACPR;E;F;A
ACPR.A.BQ.RISQUES.TB_FIN_NEGO_VENTE_OPTION9983.499._Z._Z.PHNC._Z.TOP6_AUT_GROUPES;2019;2019-01-01;2019-12-31;6603,68;2025-03-18T17:10:28+00:00;ACPR;Ventes d'options;Ventes d'options;TB_FIN_NEGO_VENTE_OPTION9983;A;BQ;_Z;499;_Z;RISQUES;TOP6_AUT_GROUPES;_Z;PHNC;EUR;2;9;N;P1Y;ACPR;E;F;A
ACPR.A.BQ.RISQUES.TX_NPL.569.DE.MENAGES_ENF.PHNC._Z.TOP6_AUT_GROUPES;2019;2019-01-01;2019-12-31;3,63;2025-03-18T17:10:29+00:00;ACPR;Taux de prêts non performants en Allemagne;Taux de prêts non performants en Allemagne;TX_NPL;A;BQ;_Z;569;DE;RISQUES;TOP6_AUT_GROUPES;MENAGES_ENF;PHNC;PC;2;0;N;P1Y;ACPR;E;F;A
ACPR.A.BQ.RISQUES.TX_PROV.572._Z.NACE_B.PHNC._Z.TOP6_AUT_GROUPES;2019;2019-01-01;2019-12-31;41,55;2025-03-18T17:10:29+00:00;ACPR;Taux de provisionnement du secteur des industries extractives;Taux de provisionnement du secteur des industries extractives;TX_PROV;A;BQ;_Z;572;_Z;RISQUES;TOP6_AUT_GROUPES;NACE_B;PHNC;PC;2;0;N;P1Y;ACPR;E;F;A
ACPR.A.BQ.RISQUES.TX_NPL.569._Z.NACE_O.PHNC._Z.TOP6_AUT_GROUPES;2019;2019-01-01;2019-12-31;1,34;2025-03-18T17:10:29+00:00;ACPR;Taux de prêts non performants du secteur de l'administration publique;Taux de prêts non performants du secteur de l'administration publique;TX_NPL;A;BQ;_Z;569;_Z;RISQUES;TOP6_AUT_GROUPES;NACE_O;PHNC;PC;2;0;N;P1Y;ACPR;E;F;A
ACPR.A.BQ.RISQUES.TB_FIN_NEGO_DERIVES9931.479._Z._Z.PHNC._Z.TOP6_AUT_GROUPES;2019;2019-01-01;2019-12-31;0,95;2025-03-18T17:10:28+00:00;ACPR;Montant à l'actif de dérivés sur autres produits;Montant à l'actif de dérivés sur autres produits;TB_FIN_NEGO_DERIVES9931;A;BQ;_Z;479;_Z;RISQUES;TOP6_AUT_GROUPES;_Z;PHNC;EUR;2;9;N;P1Y;ACPR;E;F;A
ACPR.A.BQ.RISQUES.TX_PROV_NPL.573._Z.MENAGES_ENF.PHNC._Z.TOP6_AUT_GROUPES;2019;2019-01-01;2019-12-31;1,7;2025-03-18T17:10:29+00:00;ACPR;Poids des provisions des prêts non performants aux ménages et aux entreprises non financières;Poids des provisions des prêts non performants aux ménages et aux entreprises non financières;TX_PROV_NPL;A;BQ;_Z;573;_Z;RISQUES;TOP6_AUT_GROUPES;MENAGES_ENF;PHNC;PC;2;0;N;P1Y;ACPR;E;F;A
ACPR.A.BQ.RISQUES.GB_FIN_TX_DOUT_MEN_ENF8967.39._Z.GE.PHNC._Z.TOP6_AUT_GROUPES;2019;2019-01-01;2019-12-31;30,49;2025-03-31T08:10:37+00:00;ACPR;Prêts et avances bruts non performants au coût amorti du secteur bancaire français (IFRS) - grandes entreprises;Prêts et avances bruts non performants au coût amorti du secteur bancaire français (IFRS) - grandes entreprises;GB_FIN_TX_DOUT_MEN_ENF8967;A;BQ;_Z;39;_Z;RISQUES;TOP6_AUT_GROUPES;GE;PHNC;EUR;2;9;N;P1Y;ACPR;E;F;A
ACPR.A.BQ.RISQUES.S3_MCA.662._Z.MENAGES.PHNC._Z.TOP6_AUT_GROUPES;2019;2019-01-01;2019-12-31;49,79;2025-03-31T08:10:38+00:00;ACPR;Encours de prêts et avances (brut comptable) aux ménages en stade 3 - coût amorti;Encours de prêts et avances (brut comptable) aux ménages en stade 3 - coût amorti;S3_MCA;A;BQ;_Z;662;_Z;RISQUES;TOP6_AUT_GROUPES;MENAGES;PHNC;EUR;2;9;N;P1Y;ACPR;E;F;A
ACPR.A.BQ.RISQUES.TX_PROV.572._Z.NACE_A.PHNC._Z.TOP6_AUT_GROUPES;2019;2019-01-01;2019-12-31;77,96;2025-03-18T17:10:29+00:00;ACPR;Taux de provisionnement du secteur de l'agriculture, sylviculture et pêche;Taux de provisionnement du secteur de l'agriculture, sylviculture et pêche;TX_PROV;A;BQ;_Z;572;_Z;RISQUES;TOP6_AUT_GROUPES;NACE_A;PHNC;PC;2;0;N;P1Y;ACPR;E;F;A
ACPR.A.BQ.RISQUES.CRED_AFF.31._Z.SNF.SOLO._Z.TOTAL_SECTEUR;2019;2019-01-01;2019-12-31;39,59;2025-10-22T14:00:27+00:00;ACPR;Affacturage aux sociétés non financières;Affacturage aux sociétés non financières;CRED_AFF;A;BQ;_Z;31;_Z;RISQUES;TOTAL_SECTEUR;SNF;SOLO;EUR;2;9;N;P1Y;ACPR;E;F;A
ACPR.A.BQ.RISQUES.CRED_BAIL.33._Z.APU.SOLO._Z.TOTAL_SECTEUR;2019;2019-01-01;2019-12-31;2,91;2025-03-18T17:10:26+00:00;ACPR;Crédit-bail et opérations assimilées aux administrations publiques;Crédit-bail et opérations assimilées aux administrations publiques;CRED_BAIL;A;BQ;_Z;33;_Z;RISQUES;TOTAL_SECTEUR;APU;SOLO;EUR;2;9;N;P1Y;ACPR;E;F;A
ACPR.A.BQ.RISQUES.CREDITS_BRUTS.39._Z.NACE_N.PHNC._Z.TOP6_AUT_GROUPES;2019;2019-01-01;2019-12-31;83,95;2025-03-18T17:10:27+00:00;ACPR;Crédits bruts aux entreprises du secteur de l'activité de services administratifs et de soutien;Crédits bruts aux entreprises du secteur de l'activité de services administratifs et de soutien;CREDITS_BRUTS;A;BQ;_Z;39;_Z;RISQUES;TOP6_AUT_GROUPES;NACE_N;PHNC;EUR;2;9;N;P1Y;ACPR;E;F;A
ACPR.A.BQ.RISQUES.CREDITS_BRUTS.39._Z.NACE_O.PHNC._Z.TOP6_AUT_GROUPES;2019;2019-01-01;2019-12-31;14,33;2025-03-18T17:10:27+00:00;ACPR;Crédits bruts aux entreprises du secteur de l'administration publique;Crédits bruts aux entreprises du secteur de l'administration publique;CREDITS_BRUTS;A;BQ;_Z;39;_Z;RISQUES;TOP6_AUT_GROUPES;NACE_O;PHNC;EUR;2;9;N;P1Y;ACPR;E;F;A
ACPR.A.BQ.RISQUES.CREDITS_BRUTS.39._Z.NACE_S.PHNC._Z.TOP6_AUT_GROUPES;2019;2019-01-01;2019-12-31;104,74;2025-03-18T17:10:27+00:00;ACPR;Crédits bruts aux entreprises du secteur des autres activités de services;Crédits bruts aux entreprises du secteur des autres activités de services;CREDITS_BRUTS;A;BQ;_Z;39;_Z;RISQUES;TOP6_AUT_GROUPES;NACE_S;PHNC;EUR;2;9;N;P1Y;ACPR;E;F;A
ACPR.A.BQ.RISQUES.TX_PROV.572._Z.NACE_N.PHNC._Z.TOP6_AUT_GROUPES;2019;2019-01-01;2019-12-31;65,01;2025-03-18T17:10:29+00:00;ACPR;Taux de provisionnement du secteur de l'activité de services administratifs et de soutien;Taux de provisionnement du secteur de l'activité de services administratifs et de soutien;TX_PROV;A;BQ;_Z;572;_Z;RISQUES;TOP6_AUT_GROUPES;NACE_N;PHNC;PC;2;0;N;P1Y;ACPR;E;F;A
ACPR.A.BQ.RISQUES.TX_PROV.572.CH.MENAGES_ENF.PHNC._Z.TOP6_AUT_GROUPES;2019;2019-01-01;2019-12-31;53,57;2025-03-18T17:10:29+00:00;ACPR;Taux de provisionnement en Suisse;Taux de provisionnement en Suisse;TX_PROV;A;BQ;_Z;572;CH;RISQUES;TOP6_AUT_GROUPES;MENAGES_ENF;PHNC;PC;2;0;N;P1Y;ACPR;E;F;A
ACPR.A.BQ.RISQUES.CRED_CLIENT.34.PL.ENF.PHNC._Z.TOP6_AUT_GROUPES;2019;2019-01-01;2019-12-31;20,9;2025-03-18T17:10:27+00:00;ACPR;Crédits aux entreprises non financières - Pologne;Crédits aux entreprises non financières - Pologne;CRED_CLIENT;A;BQ;_Z;34;PL;RISQUES;TOP6_AUT_GROUPES;ENF;PHNC;EUR;2;9;N;P1Y;ACPR;E;F;A
ACPR.A.BQ.RISQUES.CRED_TOTAL.37._Z.MENAGES.SOLO._Z.TOTAL_SECTEUR;2019;2019-01-01;2019-12-31;1329,69;2025-03-18T17:10:27+00:00;ACPR;Crédits aux ménages résidents;Crédits aux ménages résidents;CRED_TOTAL;A;BQ;_Z;37;_Z;RISQUES;TOTAL_SECTEUR;MENAGES;SOLO;EUR;2;9;N;P1Y;ACPR;E;F;A
ACPR.A.BQ.RISQUES.TX_PROV.572._Z.NACE_O.PHNC._Z.TOP6_AUT_GROUPES;2019;2019-01-01;2019-12-31;84,53;2025-03-18T17:10:29+00:00;ACPR;Taux de provisionnement du secteur de l'administration publique;Taux de provisionnement du secteur de l'administration publique;TX_PROV;A;BQ;_Z;572;_Z;RISQUES;TOP6_AUT_GROUPES;NACE_O;PHNC;PC;2;0;N;P1Y;ACPR;E;F;A
ACPR.A.BQ.RISQUES.CREDITS_BRUTS.39._Z.NACE_R.PHNC._Z.TOP6_AUT_GROUPES;2019;2019-01-01;2019-12-31;8,34;2025-03-18T17:10:27+00:00;ACPR;Crédits bruts aux entreprises du secteur des arts, spectacles et activités récréatives;Crédits bruts aux entreprises du secteur des arts, spectacles et activités récréatives;CREDITS_BRUTS;A;BQ;_Z;39;_Z;RISQUES;TOP6_AUT_GROUPES;NACE_R;PHNC;EUR;2;9;N;P1Y;ACPR;E;F;A
ACPR.A.BQ.RISQUES.DERIV_NOTIONNEL_GRE_GRE.47._Z.AUTRES.PHNC._Z.TOP6_AUT_GROUPES;2019;2019-01-01;2019-12-31;3632,6;2025-03-18T17:10:27+00:00;ACPR;Montant notionnels de dérivés de gré à gré avec autres contreparties;Montant notionnels de dérivés de gré à gré avec autres contreparties;DERIV_NOTIONNEL_GRE_GRE;A;BQ;_Z;47;_Z;RISQUES;TOP6_AUT_GROUPES;AUTRES;PHNC;EUR;2;9;N;P1Y;ACPR;E;F;A
ACPR.A.BQ.RISQUES.TX_NPL.569.PL.MENAGES_ENF.PHNC._Z.TOP6_AUT_GROUPES;2019;2019-01-01;2019-12-31;4,8;2025-03-18T17:10:29+00:00;ACPR;Taux de prêts non performants en Pologne;Taux de prêts non performants en Pologne;TX_NPL;A;BQ;_Z;569;PL;RISQUES;TOP6_AUT_GROUPES;MENAGES_ENF;PHNC;PC;2;0;N;P1Y;ACPR;E;F;A
ACPR.A.BQ.RISQUES.TX_PROV.572._Z.NACE_J.PHNC._Z.TOP6_AUT_GROUPES;2019;2019-01-01;2019-12-31;47,55;2025-03-18T17:10:29+00:00;ACPR;Taux de provisionnement du secteur de l'information et communication;Taux de provisionnement du secteur de l'information et communication;TX_PROV;A;BQ;_Z;572;_Z;RISQUES;TOP6_AUT_GROUPES;NACE_J;PHNC;PC;2;0;N;P1Y;ACPR;E;F;A
ACPR.A.BQ.RISQUES.CRED_CLIENT.34._Z.NACE_B.PHNC._Z.TOP6_AUT_GROUPES;2019;2019-01-01;2019-12-31;32,72;2025-03-18T17:10:26+00:00;ACPR;Crédits au secteur des industries extractives;Crédits au secteur des industries extractives;CRED_CLIENT;A;BQ;_Z;34;_Z;RISQUES;TOP6_AUT_GROUPES;NACE_B;PHNC;EUR;2;9;N;P1Y;ACPR;E;F;A
ACPR.A.BQ.RISQUES.TB_FIN_NEGO_VENTE_OPTION9993.503._Z._Z.PHNC._Z.TOP6_AUT_GROUPES;2019;2019-01-01;2019-12-31;11522,28;2025-03-18T17:10:28+00:00;ACPR;Options achats et ventes;Options achats et ventes;TB_FIN_NEGO_VENTE_OPTION9993;A;BQ;_Z;503;_Z;RISQUES;TOP6_AUT_GROUPES;_Z;PHNC;EUR;2;9;N;P1Y;ACPR;E;F;A
ACPR.A.BQ.RISQUES.DEPOTS.43._Z.MENAGES.SOLO._Z.TOTAL_SECTEUR;2019;2019-01-01;2019-12-31;1495,7;2025-03-20T09:10:29+00:00;ACPR;Dépôts des ménages;Dépôts des ménages;DEPOTS;A;BQ;_Z;43;_Z;RISQUES;TOTAL_SECTEUR;MENAGES;SOLO;EUR;2;9;N;P1Y;ACPR;E;F;A
ACPR.A.BQ.RISQUES.CRED_CLIENT.34.PL.MENAGES.PHNC._Z.TOP6_AUT_GROUPES;2019;2019-01-01;2019-12-31;10,0;2025-03-18T17:10:27+00:00;ACPR;Crédits aux ménages - Pologne;Crédits aux ménages - Pologne;CRED_CLIENT;A;BQ;_Z;34;PL;RISQUES;TOP6_AUT_GROUPES;MENAGES;PHNC;EUR;2;9;N;P1Y;ACPR;E;F;A
ACPR.A.BQ.RISQUES.CRED_CLIENT.34.BE.MENAGES.PHNC._Z.TOP6_AUT_GROUPES;2019;2019-01-01;2019-12-31;74,75;2025-03-18T17:10:27+00:00;ACPR;Crédits aux ménages - Belgique;Crédits aux ménages - Belgique;CRED_CLIENT;A;BQ;_Z;34;BE;RISQUES;TOP6_AUT_GROUPES;MENAGES;PHNC;EUR;2;9;N;P1Y;ACPR;E;F;A
ACPR.A.BQ.RISQUES.TX_PROV.572._Z.NACE_S.PHNC._Z.TOP6_AUT_GROUPES;2019;2019-01-01;2019-12-31;59,53;2025-03-18T17:10:29+00:00;ACPR;Taux de provisionnement du secteur des autres activités de services;Taux de provisionnement du secteur des autres activités de services;TX_PROV;A;BQ;_Z;572;_Z;RISQUES;TOP6_AUT_GROUPES;NACE_S;PHNC;PC;2;0;N;P1Y;ACPR;E;F;A
ACPR.A.BQ.RISQUES.TX_PROV.572._Z.PME.PHNC._Z.TOP6_AUT_GROUPES;2019;2019-01-01;2019-12-31;51,31;2025-03-18T17:10:29+00:00;ACPR;Taux de provisionnement aux PME;Taux de provisionnement aux PME;TX_PROV;A;BQ;_Z;572;_Z;RISQUES;TOP6_AUT_GROUPES;PME;PHNC;PC;2;0;N;P1Y;ACPR;E;F;A
ACPR.A.BQ.RISQUES.TX_NPL.569.GB.MENAGES_ENF.PHNC._Z.TOP6_AUT_GROUPES;2019;2019-01-01;2019-12-31;2,12;2025-03-18T17:10:29+00:00;ACPR;Taux de prêts non performants au Royaume uni;Taux de prêts non performants au Royaume uni;TX_NPL;A;BQ;_Z;569;GB;RISQUES;TOP6_AUT_GROUPES;MENAGES_ENF;PHNC;PC;2;0;N;P1Y;ACPR;E;F;A
ACPR.A.BQ.RISQUES.TB_FIN_NEGO_DERIVE_CREDIT10013.465._Z._Z.PHNC._Z.TOP6_AUT_GROUPES;2019;2019-01-01;2019-12-31;12,04;2025-03-18T17:10:28+00:00;ACPR;Contrats d'échange de risque de crédit (CDS) à l'actif;Contrats d'échange de risque de crédit (CDS) à l'actif;TB_FIN_NEGO_DERIVE_CREDIT10013;A;BQ;_Z;465;_Z;RISQUES;TOP6_AUT_GROUPES;_Z;PHNC;EUR;2;9;N;P1Y;ACPR;E;F;A
ACPR.A.BQ.RISQUES.S2_ENFCA.661._Z.ENF.PHNC._Z.TOP6_AUT_GROUPES;2019;2019-01-01;2019-12-31;148,09;2025-03-31T08:10:38+00:00;ACPR;Encours de prêts et avances (brut comptable) aux entreprises non financières en stade 2 - coût amorti;Encours de prêts et avances (brut comptable) aux entreprises non financières en stade 2 - coût amorti;S2_ENFCA;A;BQ;_Z;661;_Z;RISQUES;TOP6_AUT_GROUPES;ENF;PHNC;EUR;2;9;N;P1Y;ACPR;E;F;A
ACPR.A.BQ.RISQUES.CRED_CLIENT.34.US.ENF.PHNC._Z.TOP6_AUT_GROUPES;2019;2019-01-01;2019-12-31;98,45;2025-03-18T17:10:27+00:00;ACPR;Crédits aux entreprises non financières - États-Unis;Crédits aux entreprises non financières - États-Unis;CRED_CLIENT;A;BQ;_Z;34;US;RISQUES;TOP6_AUT_GROUPES;ENF;PHNC;EUR;2;9;N;P1Y;ACPR;E;F;A
ACPR.A.BQ.RISQUES.CREDITS_BRUTS_MENAGES_ENF_PAYS.40.ETR.MENAGES_ENF.PHNC._Z.TOP6_AUT_GROUPES;2019;2019-01-01;2019-12-31;1164,14;2025-04-11T16:10:31+00:00;ACPR;Prêts aux ménages et aux sociétés non financières à l'étranger (brut comptable) du secteur bancaire français (IFRS);Prêts aux ménages et aux sociétés non financières à l'étranger (brut comptable) du secteur bancaire français (IFRS);CREDITS_BRUTS_MENAGES_ENF_PAYS;A;BQ;_Z;40;ETR;RISQUES;TOP6_AUT_GROUPES;MENAGES_ENF;PHNC;EUR;2;9;N;P1Y;ACPR;E;F;A
ACPR.A.BQ.RISQUES.S2_MCA_BASE100.661._Z.MENAGES.PHNC._Z.TOP6_AUT_GROUPES;2019;2019-01-01;2019-12-31;100,0;2025-03-31T08:10:38+00:00;ACPR;Encours de prêts et avances (brut comptable) aux ménages en stade 2 - coût amorti - base 100;Encours de prêts et avances (brut comptable) aux ménages en stade 2 - coût amorti - base 100;S2_MCA_BASE100;A;BQ;_Z;661;_Z;RISQUES;TOP6_AUT_GROUPES;MENAGES;PHNC;PC;2;0;N;P1Y;ACPR;E;F;A
ACPR.A.BQ.RISQUES.TB_FIN_NEGO_DERIVES9936.484._Z._Z.PHNC._Z.TOP6_AUT_GROUPES;2019;2019-01-01;2019-12-31;7,04;2025-03-18T17:10:28+00:00;ACPR;Montant au passif de dérivés sur matières premières;Montant au passif de dérivés sur matières premières;TB_FIN_NEGO_DERIVES9936;A;BQ;_Z;484;_Z;RISQUES;TOP6_AUT_GROUPES;_Z;PHNC;EUR;2;9;N;P1Y;ACPR;E;F;A
ACPR.A.BQ.RISQUES.TX_NPL.569._Z.PME.PHNC._Z.TOP6_AUT_GROUPES;2019;2019-01-01;2019-12-31;4,96;2025-03-18T17:10:29+00:00;ACPR;Taux de prêts non performants aux PME;Taux de prêts non performants aux PME;TX_NPL;A;BQ;_Z;569;_Z;RISQUES;TOP6_AUT_GROUPES;PME;PHNC;PC;2;0;N;P1Y;ACPR;E;F;A
ACPR.A.BQ.RISQUES.TX_NPL.569.ES.MENAGES_ENF.PHNC._Z.TOP6_AUT_GROUPES;2019;2019-01-01;2019-12-31;6,0;2025-03-18T17:10:29+00:00;ACPR;Taux de prêts non performants en Espagne;Taux de prêts non performants en Espagne;TX_NPL;A;BQ;_Z;569;ES;RISQUES;TOP6_AUT_GROUPES;MENAGES_ENF;PHNC;PC;2;0;N;P1Y;ACPR;E;F;A
ACPR.A.BQ.RISQUES.TX_PROV.572._Z.GE.PHNC._Z.TOP6_AUT_GROUPES;2019;2019-01-01;2019-12-31;50,9;2025-03-18T17:10:29+00:00;ACPR;Taux de provisionnement aux grandes entreprises;Taux de provisionnement aux grandes entreprises;TX_PROV;A;BQ;_Z;572;_Z;RISQUES;TOP6_AUT_GROUPES;GE;PHNC;PC;2;0;N;P1Y;ACPR;E;F;A
ACPR.A.BQ.RISQUES.CREDITS_BRUTS_MENAGES_ENF_PAYS.40.GB.MENAGES_ENF.PHNC._Z.TOP6_AUT_GROUPES;2019;2019-01-01;2019-12-31;64,01;2025-03-18T17:10:27+00:00;ACPR;Crédits bruts aux ménages et entreprises non financières au Royaume uni;Crédits bruts aux ménages et entreprises non financières au Royaume uni;CREDITS_BRUTS_MENAGES_ENF_PAYS;A;BQ;_Z;40;GB;RISQUES;TOP6_AUT_GROUPES;MENAGES_ENF;PHNC;EUR;2;9;N;P1Y;ACPR;E;F;A
ACPR.A.BQ.RISQUES.DERIV_ACTIF_GRE_GRE.45._Z.EC.PHNC._Z.TOP6_AUT_GROUPES;2019;2019-01-01;2019-12-31;312,93;2025-03-18T17:10:27+00:00;ACPR;Montant à l'actif de dérivés de gré à gré avec établissements de crédit;Dérivés de gré à gré (Actifs) avec établissements de crédit;DERIV_ACTIF_GRE_GRE;A;BQ;_Z;45;_Z;RISQUES;TOP6_AUT_GROUPES;EC;PHNC;EUR;2;9;N;P1Y;ACPR;E;F;A
ACPR.A.BQ.RISQUES.DERIV_PASSIF_ORGA.50._Z._Z.PHNC._Z.TOP6_AUT_GROUPES;2019;2019-01-01;2019-12-31;23,46;2025-03-18T17:10:27+00:00;ACPR;Montant au passif de dérivés sur marchés organisés;Passif de dérivés sur marchés organisés;DERIV_PASSIF_ORGA;A;BQ;_Z;50;_Z;RISQUES;TOP6_AUT_GROUPES;_Z;PHNC;EUR;2;9;N;P1Y;ACPR;E;F;A
ACPR.A.BQ.RISQUES.DT_PL_PTF_NEGO.58._Z.MENAGES.PHNC._Z.TOP6_AUT_GROUPES;2019;2019-01-01;2019-12-31;0,0;2025-03-18T17:10:28+00:00;ACPR;Dépôts et titres des Ménages donnés en pension livrée du portefeuille de négociation;Dépôts et titres des Ménages donnés en pension livrée du portefeuille de négociation;DT_PL_PTF_NEGO;A;BQ;_Z;58;_Z;RISQUES;TOP6_AUT_GROUPES;MENAGES;PHNC;EUR;2;9;N;P1Y;ACPR;E;F;A
ACPR.A.BQ.RISQUES.DEPOTS.43._Z.MENAGES_ENF.PHNC._Z.TOP6_AUT_GROUPES;2019;2019-01-01;2019-12-31;2957,79;2025-03-18T17:10:27+00:00;ACPR;Dépôts  aux entreprises non financières et aux ménages;Dépôts  aux entreprises non financières et aux ménages;DEPOTS;A;BQ;_Z;43;_Z;RISQUES;TOP6_AUT_GROUPES;MENAGES_ENF;PHNC;EUR;2;9;N;P1Y;ACPR;E;F;A
ACPR.A.BQ.RISQUES.CRED_TOTAL.37._Z.APU.SOLO._Z.TOTAL_SECTEUR;2019;2019-01-01;2019-12-31;181,5;2025-10-22T14:00:28+00:00;ACPR;Crédits aux administrations publiques résidentes;Crédits aux administrations publiques résidentes;CRED_TOTAL;A;BQ;_Z;37;_Z;RISQUES;TOTAL_SECTEUR;APU;SOLO;EUR;2;9;N;P1Y;ACPR;E;F;A
ACPR.A.BQ.RISQUES.CRED_TRESO.38._Z.MENAGES.SOLO._Z.TOTAL_SECTEUR;2019;2019-01-01;2019-12-31;151,85;2025-03-18T17:10:27+00:00;ACPR;Crédits de trésorerie aux Ménages;Crédits de trésorerie aux Ménages;CRED_TRESO;A;BQ;_Z;38;_Z;RISQUES;TOTAL_SECTEUR;MENAGES;SOLO;EUR;2;9;N;P1Y;ACPR;E;F;A
ACPR.A.BQ.RISQUES.TB_FIN_NEGO_DERIVE_CREDIT10018.470._Z._Z.PHNC._Z.TOP6_AUT_GROUPES;2019;2019-01-01;2019-12-31;0,19;2025-03-18T17:10:28+00:00;ACPR;Dérivés de crédit sur transfert de rendement (Total return swaps) au passif;Dérivés de crédit sur transfert de rendement (Total return swaps) au passif;TB_FIN_NEGO_DERIVE_CREDIT10018;A;BQ;_Z;470;_Z;RISQUES;TOP6_AUT_GROUPES;_Z;PHNC;EUR;2;9;N;P1Y;ACPR;E;F;A
ACPR.A.BQ.RISQUES.TB_FIN_NEGO_DERIVES9932.480._Z._Z.PHNC._Z.TOP6_AUT_GROUPES;2019;2019-01-01;2019-12-31;375,76;2025-03-18T17:10:28+00:00;ACPR;Montant au passif de dérivés sur taux d'intérêt;Montant au passif de dérivés sur taux d'intérêt;TB_FIN_NEGO_DERIVES9932;A;BQ;_Z;480;_Z;RISQUES;TOP6_AUT_GROUPES;_Z;PHNC;EUR;2;9;N;P1Y;ACPR;E;F;A
ACPR.A.BQ.RISQUES.CRED_AUT.32._Z.APU.SOLO._Z.TOTAL_SECTEUR;2019;2019-01-01;2019-12-31;9,02;2025-10-22T14:00:27+00:00;ACPR;Autres crédits aux administrations publiques;Autres crédits aux administrations publiques;CRED_AUT;A;BQ;_Z;32;_Z;RISQUES;TOTAL_SECTEUR;APU;SOLO;EUR;2;9;N;P1Y;ACPR;E;F;A
ACPR.A.BQ.RISQUES.DEPOTS.43._Z.HORS_EC_BC.PHNC._Z.TOP6_AUT_GROUPES;2019;2019-01-01;2019-12-31;3833,0;2025-03-18T17:10:27+00:00;ACPR;Dépôts  hors EC et banques centrales;Dépôts  hors EC et banques centrales;DEPOTS;A;BQ;_Z;43;_Z;RISQUES;TOP6_AUT_GROUPES;HORS_EC_BC;PHNC;EUR;2;9;N;P1Y;ACPR;E;F;A
ACPR.A.BQ.RISQUES.OBLIG_PTF_NEGO.238._Z.EC.PHNC._Z.TOP6_AUT_GROUPES;2019;2019-01-01;2019-12-31;20,09;2025-03-18T17:10:28+00:00;ACPR;Titre de créances émis par les établissements de crédit dans le portefeuille de négociation;Titre de créances émis par les établissements de crédit dans le portefeuille de négociation;OBLIG_PTF_NEGO;A;BQ;_Z;238;_Z;RISQUES;TOP6_AUT_GROUPES;EC;PHNC;EUR;2;9;N;P1Y;ACPR;E;F;A
ACPR.A.BQ.RISQUES.DERIV_NOTIONNEL_GRE_GRE.47._Z.EC.PHNC._Z.TOP6_AUT_GROUPES;2019;2019-01-01;2019-12-31;17338,84;2025-03-18T17:10:27+00:00;ACPR;Montant notionnels de dérivés de gré à gré avec établissements de crédit;Montant notionnels de dérivés de gré à gré avec établissements de crédit;DERIV_NOTIONNEL_GRE_GRE;A;BQ;_Z;47;_Z;RISQUES;TOP6_AUT_GROUPES;EC;PHNC;EUR;2;9;N;P1Y;ACPR;E;F;A
ACPR.A.BQ.RISQUES.CRED_CLIENT.34._Z.NACE_L.PHNC._Z.TOP6_AUT_GROUPES;2019;2019-01-01;2019-12-31;349,75;2025-03-18T17:10:27+00:00;ACPR;Crédits au secteur des activités immobilières;Crédits au secteur des activités immobilières;CRED_CLIENT;A;BQ;_Z;34;_Z;RISQUES;TOP6_AUT_GROUPES;NACE_L;PHNC;EUR;2;9;N;P1Y;ACPR;E;F;A
ACPR.A.BQ.RISQUES.TB_FIN_NEGO_VENTE_OPTION9982.498._Z._Z.PHNC._Z.TOP6_AUT_GROUPES;2019;2019-01-01;2019-12-31;1400,59;2025-03-18T17:10:28+00:00;ACPR;Ventes d'options sur Change et or;Ventes d'options sur Change et or;TB_FIN_NEGO_VENTE_OPTION9982;A;BQ;_Z;498;_Z;RISQUES;TOP6_AUT_GROUPES;_Z;PHNC;EUR;2;9;N;P1Y;ACPR;E;F;A
ACPR.A.BQ.RISQUES.TX_NPL.569._Z.NACE_D.PHNC._Z.TOP6_AUT_GROUPES;2019;2019-01-01;2019-12-31;2,46;2025-03-18T17:10:28+00:00;ACPR;Taux de prêts non performants du secteur de l'électricité, gaz, vapeur et air conditionné;Taux de prêts non performants du secteur de l'électricité, gaz, vapeur et air conditionné;TX_NPL;A;BQ;_Z;569;_Z;RISQUES;TOP6_AUT_GROUPES;NACE_D;PHNC;PC;2;0;N;P1Y;ACPR;E;F;A
ACPR.A.BQ.RISQUES.CRED_COD.30._Z.SNF.SOLO._Z.TOTAL_SECTEUR;2019;2019-01-01;2019-12-31;29,92;2025-10-22T14:00:28+00:00;ACPR;Comptes ordinaires débiteurs aux sociétés non financières;Comptes ordinaires débiteurs aux sociétés non financières;CRED_COD;A;BQ;_Z;30;_Z;RISQUES;TOTAL_SECTEUR;SNF;SOLO;EUR;2;9;N;P1Y;ACPR;E;F;A
ACPR.A.BQ.RISQUES.CREDITS_BRUTS.39._Z.NACE_G.PHNC._Z.TOP6_AUT_GROUPES;2019;2019-01-01;2019-12-31;203,78;2025-03-18T17:10:27+00:00;ACPR;Crédits bruts aux entreprises du secteur du commerce;Crédits bruts aux entreprises du secteur du commerce;CREDITS_BRUTS;A;BQ;_Z;39;_Z;RISQUES;TOP6_AUT_GROUPES;NACE_G;PHNC;EUR;2;9;N;P1Y;ACPR;E;F;A
ACPR.A.BQ.RISQUES.TX_PROV.572.DE.MENAGES_ENF.PHNC._Z.TOP6_AUT_GROUPES;2019;2019-01-01;2019-12-31;81,04;2025-03-18T17:10:29+00:00;ACPR;Taux de provisionnement en Allemagne;Taux de provisionnement en Allemagne;TX_PROV;A;BQ;_Z;572;DE;RISQUES;TOP6_AUT_GROUPES;MENAGES_ENF;PHNC;PC;2;0;N;P1Y;ACPR;E;F;A
ACPR.A.BQ.RISQUES.TX_PROV.572.NL.MENAGES_ENF.PHNC._Z.TOP6_AUT_GROUPES;2019;2019-01-01;2019-12-31;73,46;2025-03-18T17:10:29+00:00;ACPR;Taux de provisionnement aux Pays-Bas;Taux de provisionnement aux Pays-Bas;TX_PROV;A;BQ;_Z;572;NL;RISQUES;TOP6_AUT_GROUPES;MENAGES_ENF;PHNC;PC;2;0;N;P1Y;ACPR;E;F;A
ACPR.A.BQ.RISQUES.ACTFR_CLIENT_RE_TTES_DEV2360.43._Z._Z.SOLO._Z.TOTAL_SECTEUR;2019;2019-01-01;2019-12-31;179,78;2025-03-20T09:10:29+00:00;ACPR;Comptes à terme de la clientèle non financière;Comptes à terme de la clientèle non financière;ACTFR_CLIENT_RE_TTES_DEV2360;A;BQ;_Z;43;_Z;RISQUES;TOTAL_SECTEUR;_Z;SOLO;EUR;2;9;N;P1Y;ACPR;E;F;A
ACPR.A.BQ.RISQUES.TX_PROV.572._Z.NACE_D.PHNC._Z.TOP6_AUT_GROUPES;2019;2019-01-01;2019-12-31;67,53;2025-03-18T17:10:29+00:00;ACPR;Taux de provisionnement du secteur de l'électricité, gaz, vapeur et air conditionné;Taux de provisionnement du secteur de l'électricité, gaz, vapeur et air conditionné;TX_PROV;A;BQ;_Z;572;_Z;RISQUES;TOP6_AUT_GROUPES;NACE_D;PHNC;PC;2;0;N;P1Y;ACPR;E;F;A
ACPR.A.BQ.RISQUES.CRED_CLIENT.34._Z.NACE_J.PHNC._Z.TOP6_AUT_GROUPES;2019;2019-01-01;2019-12-31;37,43;2025-03-18T17:10:27+00:00;ACPR;Crédits au secteur de l'information et communication;Crédits au secteur de l'information et communication;CRED_CLIENT;A;BQ;_Z;34;_Z;RISQUES;TOP6_AUT_GROUPES;NACE_J;PHNC;EUR;2;9;N;P1Y;ACPR;E;F;A
ACPR.A.BQ.RISQUES.CREDITS_BRUTS_MENAGES_ENF_PAYS.40.PL.MENAGES_ENF.PHNC._Z.TOP6_AUT_GROUPES;2019;2019-01-01;2019-12-31;31,98;2025-03-18T17:10:27+00:00;ACPR;Crédits bruts aux ménages et entreprises non financières en Pologne;Crédits bruts aux ménages et entreprises non financières en Pologne;CREDITS_BRUTS_MENAGES_ENF_PAYS;A;BQ;_Z;40;PL;RISQUES;TOP6_AUT_GROUPES;MENAGES_ENF;PHNC;EUR;2;9;N;P1Y;ACPR;E;F;A
ACPR.A.BQ.RISQUES.DT_PL_PTF_NEGO.58._Z.EC.PHNC._Z.TOP6_AUT_GROUPES;2019;2019-01-01;2019-12-31;118,0;2025-03-18T17:10:27+00:00;ACPR;Dépôts et titres des établissements de crédit donnés en pension livrée du portefeuille de négociation;Dépôts et titres des établissements de crédit donnés en pension livrée du portefeuille de négociation;DT_PL_PTF_NEGO;A;BQ;_Z;58;_Z;RISQUES;TOP6_AUT_GROUPES;EC;PHNC;EUR;2;9;N;P1Y;ACPR;E;F;A
ACPR.A.BQ.RISQUES.TB_FIN_NEGO_DERIVE_CREDIT10000.458._Z._Z.PHNC._Z.TOP6_AUT_GROUPES;2019;2019-01-01;2019-12-31;609,93;2025-03-18T17:10:28+00:00;ACPR;Achats de contrats d'échange de risque de crédit (CDS) En notionnel;Achats de contrats d'échange de risque de crédit (CDS) En notionnel;TB_FIN_NEGO_DERIVE_CREDIT10000;A;BQ;_Z;458;_Z;RISQUES;TOP6_AUT_GROUPES;_Z;PHNC;EUR;2;9;N;P1Y;ACPR;E;F;A
ACPR.A.BQ.RISQUES.TB_FIN_NEGO_DERIVE_CREDIT10019.471._Z._Z.PHNC._Z.TOP6_AUT_GROUPES;2019;2019-01-01;2019-12-31;0,26;2025-03-18T17:10:28+00:00;ACPR;Autres dérivés de crédit à l'actif;Autres dérivés de crédit à l'actif;TB_FIN_NEGO_DERIVE_CREDIT10019;A;BQ;_Z;471;_Z;RISQUES;TOP6_AUT_GROUPES;_Z;PHNC;EUR;2;9;N;P1Y;ACPR;E;F;A
ACPR.A.BQ.RISQUES.TB_FIN_NEGO_DERIVES9935.483._Z._Z.PHNC._Z.TOP6_AUT_GROUPES;2019;2019-01-01;2019-12-31;13,3;2025-03-18T17:10:28+00:00;ACPR;Montant au passif de dérivés sur crédit;Montant au passif de dérivés sur crédit;TB_FIN_NEGO_DERIVES9935;A;BQ;_Z;483;_Z;RISQUES;TOP6_AUT_GROUPES;_Z;PHNC;EUR;2;9;N;P1Y;ACPR;E;F;A
ACPR.A.BQ.RISQUES.TB_FIN_NEGO_PART_OPTION9965.491._Z._Z.PHNC._Z.TOP6_AUT_GROUPES;2019;2019-01-01;2019-12-31;767,95;2025-03-18T17:10:28+00:00;ACPR;Dérivés sur Taux d'intérêt (somme actif et passif);Dérivés sur Taux d'intérêt (somme actif et passif);TB_FIN_NEGO_PART_OPTION9965;A;BQ;_Z;491;_Z;RISQUES;TOP6_AUT_GROUPES;_Z;PHNC;EUR;2;9;N;P1Y;ACPR;E;F;A
ACPR.A.BQ.RISQUES.TX_NPL.569._Z.NACE_K.PHNC._Z.TOP6_AUT_GROUPES;2019;2019-01-01;2019-12-31;3,42;2025-03-18T17:10:28+00:00;ACPR;Taux de prêts non performants du secteur des activité financières et d'assurance;Taux de prêts non performants du secteur des activité financières et d'assurance;TX_NPL;A;BQ;_Z;569;_Z;RISQUES;TOP6_AUT_GROUPES;NACE_K;PHNC;PC;2;0;N;P1Y;ACPR;E;F;A
ACPR.A.BQ.RISQUES.TB_FIN_NEGO_PART_OPTION9968.494._Z._Z.PHNC._Z.TOP6_AUT_GROUPES;2019;2019-01-01;2019-12-31;1136,46;2025-03-18T17:10:28+00:00;ACPR;Dérivés (somme actif et passif);Dérivés (somme actif et passif);TB_FIN_NEGO_PART_OPTION9968;A;BQ;_Z;494;_Z;RISQUES;TOP6_AUT_GROUPES;_Z;PHNC;EUR;2;9;N;P1Y;ACPR;E;F;A
ACPR.A.BQ.RISQUES.CRED_CLIENT.34._Z.EC.PHNC._Z.TOP6_AUT_GROUPES;2019;2019-01-01;2019-12-31;268,09;2025-03-18T17:10:26+00:00;ACPR;Établissements de crédit (crédits nets);Établissements de crédit (crédits nets);CRED_CLIENT;A;BQ;_Z;34;_Z;RISQUES;TOP6_AUT_GROUPES;EC;PHNC;EUR;2;9;N;P1Y;ACPR;E;F;A
ACPR.A.BQ.RISQUES.CRED_CLIENT.34.LU.ENF.PHNC._Z.TOP6_AUT_GROUPES;2019;2019-01-01;2019-12-31;30,84;2025-03-18T17:10:27+00:00;ACPR;Crédits aux entreprises non financières - Luxembourg;Crédits aux entreprises non financières - Luxembourg;CRED_CLIENT;A;BQ;_Z;34;LU;RISQUES;TOP6_AUT_GROUPES;ENF;PHNC;EUR;2;9;N;P1Y;ACPR;E;F;A
ACPR.A.BQ.RISQUES.CREDITS_BRUTS.39._Z.NACE_L.PHNC._Z.TOP6_AUT_GROUPES;2019;2019-01-01;2019-12-31;356,26;2025-03-18T17:10:27+00:00;ACPR;Crédits bruts aux entreprises du secteur des activités immobilières;Crédits bruts aux entreprises du secteur des activités immobilières;CREDITS_BRUTS;A;BQ;_Z;39;_Z;RISQUES;TOP6_AUT_GROUPES;NACE_L;PHNC;EUR;2;9;N;P1Y;ACPR;E;F;A
ACPR.A.BQ.RISQUES.TX_PROV_NPL.573._Z.MENAGES_ENF.PHNC._Z.TOP6_AUT_GROUPES;2018;2018-01-01;2018-12-31;1,93;2025-03-18T17:10:29+00:00;ACPR;Poids des provisions des prêts non performants aux ménages et aux entreprises non financières;Poids des provisions des prêts non performants aux ménages et aux entreprises non financières;TX_PROV_NPL;A;BQ;_Z;573;_Z;RISQUES;TOP6_AUT_GROUPES;MENAGES_ENF;PHNC;PC;2;0;N;P1Y;ACPR;E;F;A
ACPR.A.BQ.RISQUES.CREDITS_BRUTS.39._Z.NACE_S.PHNC._Z.TOP6_AUT_GROUPES;2018;2018-01-01;2018-12-31;103,29;2025-03-18T17:10:27+00:00;ACPR;Crédits bruts aux entreprises du secteur des autres activités de services;Crédits bruts aux entreprises du secteur des autres activités de services;CREDITS_BRUTS;A;BQ;_Z;39;_Z;RISQUES;TOP6_AUT_GROUPES;NACE_S;PHNC;EUR;2;9;N;P1Y;ACPR;E;F;A
ACPR.A.BQ.RISQUES.TX_PROV.572._Z.NACE_N.PHNC._Z.TOP6_AUT_GROUPES;2018;2018-01-01;2018-12-31;62,42;2025-03-18T17:10:29+00:00;ACPR;Taux de provisionnement du secteur de l'activité de services administratifs et de soutien;Taux de provisionnement du secteur de l'activité de services administratifs et de soutien;TX_PROV;A;BQ;_Z;572;_Z;RISQUES;TOP6_AUT_GROUPES;NACE_N;PHNC;PC;2;0;N;P1Y;ACPR;E;F;A
ACPR.A.BQ.RISQUES.CREDITS_BRUTS.39._Z.NACE_C.PHNC._Z.TOP6_AUT_GROUPES;2018;2018-01-01;2018-12-31;200,3;2025-03-18T17:10:27+00:00;ACPR;Crédits bruts aux entreprises du secteur des industrie manufacturière;Crédits bruts aux entreprises du secteur des industrie manufacturière;CREDITS_BRUTS;A;BQ;_Z;39;_Z;RISQUES;TOP6_AUT_GROUPES;NACE_C;PHNC;EUR;2;9;N;P1Y;ACPR;E;F;A
ACPR.A.BQ.RISQUES.DERIV_NOTIONNEL_GRE_GRE.47._Z.EC.PHNC._Z.TOP6_AUT_GROUPES;2018;2018-01-01;2018-12-31;23940,26;2025-03-18T17:10:27+00:00;ACPR;Montant notionnels de dérivés de gré à gré avec établissements de crédit;Montant notionnels de dérivés de gré à gré avec établissements de crédit;DERIV_NOTIONNEL_GRE_GRE;A;BQ;_Z;47;_Z;RISQUES;TOP6_AUT_GROUPES;EC;PHNC;EUR;2;9;N;P1Y;ACPR;E;F;A
ACPR.A.BQ.RISQUES.ACT_PTF_NEGO.3._Z.AUTRES.PHNC._Z.TOP6_AUT_GROUPES;2018;2018-01-01;2018-12-31;0,08;2025-03-18T17:10:26+00:00;ACPR;Instruments de capitaux propres des autres entités dans le portefeuille de négociation;Instruments de capitaux propres des autres entités dans le portefeuille de négociation;ACT_PTF_NEGO;A;BQ;_Z;3;_Z;RISQUES;TOP6_AUT_GROUPES;AUTRES;PHNC;EUR;2;9;N;P1Y;ACPR;E;F;A
ACPR.A.BQ.RISQUES.S3_ENFCA_BASE100.662._Z.ENF.PHNC._Z.TOP6_AUT_GROUPES;2018;2018-01-01;2018-12-31;104,12;2025-10-22T14:00:31+00:00;ACPR;Encours de prêts et avances (brut comptable) aux entreprises non financières en stade 3 - coût amorti - base 100;Encours de prêts et avances (brut comptable) aux entreprises non financières en stade 3 - coût amorti - base 100;S3_ENFCA_BASE100;A;BQ;_Z;662;_Z;RISQUES;TOP6_AUT_GROUPES;ENF;PHNC;PC;2;0;N;P1Y;ACPR;E;F;A
ACPR.A.BQ.RISQUES.CRED_CLIENT.34.ES.ENF.PHNC._Z.TOP6_AUT_GROUPES;2018;2018-01-01;2018-12-31;23,39;2025-03-18T17:10:27+00:00;ACPR;Crédits aux entreprises non financières - Espagne;Crédits aux entreprises non financières - Espagne;CRED_CLIENT;A;BQ;_Z;34;ES;RISQUES;TOP6_AUT_GROUPES;ENF;PHNC;EUR;2;9;N;P1Y;ACPR;E;F;A
ACPR.A.BQ.RISQUES.GB_FIN_NEGO_PASSIF_9848.186._Z._Z.PHNC._Z.TOP6_AUT_GROUPES;2018;2018-01-01;2018-12-31;539,92;2025-03-18T17:10:28+00:00;ACPR;Dérivés dans le portefeuille de négociation coté passif;Dérivés dans le portefeuille de négociation coté passif;GB_FIN_NEGO_PASSIF_9848;A;BQ;_Z;186;_Z;RISQUES;TOP6_AUT_GROUPES;_Z;PHNC;EUR;2;9;N;P1Y;ACPR;E;F;A
ACPR.A.BQ.RISQUES.LOANS_PTF_NEGO.222._Z.BC.PHNC._Z.TOP6_AUT_GROUPES;2018;2018-01-01;2018-12-31;17,43;2025-03-18T17:10:28+00:00;ACPR;Prêts aux Banques centrales dans le portefeuille de négociation;Prêts aux Banques centrales dans le portefeuille de négociation;LOANS_PTF_NEGO;A;BQ;_Z;222;_Z;RISQUES;TOP6_AUT_GROUPES;BC;PHNC;EUR;2;9;N;P1Y;ACPR;E;F;A
ACPR.A.BQ.RISQUES.RATIO_CREDEP.363._Z.HORS_EC_BC.PHNC._Z.TOP6_AUT_GROUPES;2018;2018-01-01;2018-12-31;103,94;2025-03-18T17:10:28+00:00;ACPR;Ratio crédits / Dépôts  hors EC et banques centrales;Ratio crédits / Dépôts  hors EC et banques centrales;RATIO_CREDEP;A;BQ;_Z;363;_Z;RISQUES;TOP6_AUT_GROUPES;HORS_EC_BC;PHNC;PC;2;9;N;P1Y;ACPR;E;F;A
ACPR.A.BQ.RISQUES.TB_FIN_NEGO_DERIVES9932.480._Z._Z.PHNC._Z.TOP6_AUT_GROUPES;2018;2018-01-01;2018-12-31;309,85;2025-03-18T17:10:28+00:00;ACPR;Montant au passif de dérivés sur taux d'intérêt;Montant au passif de dérivés sur taux d'intérêt;TB_FIN_NEGO_DERIVES9932;A;BQ;_Z;480;_Z;RISQUES;TOP6_AUT_GROUPES;_Z;PHNC;EUR;2;9;N;P1Y;ACPR;E;F;A
ACPR.A.BQ.RISQUES.TX_NPL.569.ES.MENAGES_ENF.PHNC._Z.TOP6_AUT_GROUPES;2018;2018-01-01;2018-12-31;6,88;2025-03-18T17:10:29+00:00;ACPR;Taux de prêts non performants en Espagne;Taux de prêts non performants en Espagne;TX_NPL;A;BQ;_Z;569;ES;RISQUES;TOP6_AUT_GROUPES;MENAGES_ENF;PHNC;PC;2;0;N;P1Y;ACPR;E;F;A
ACPR.A.BQ.RISQUES.TX_NPL.569.LU.MENAGES_ENF.PHNC._Z.TOP6_AUT_GROUPES;2018;2018-01-01;2018-12-31;1,74;2025-03-18T17:10:29+00:00;ACPR;Taux de prêts non performants au Luxembourg;Taux de prêts non performants au Luxembourg;TX_NPL;A;BQ;_Z;569;LU;RISQUES;TOP6_AUT_GROUPES;MENAGES_ENF;PHNC;PC;2;0;N;P1Y;ACPR;E;F;A
ACPR.A.BQ.RISQUES.TX_PROV.572._Z.MENAGES.PHNC._Z.TOP6_AUT_GROUPES;2018;2018-01-01;2018-12-31;49,78;2025-03-18T17:10:29+00:00;ACPR;Taux de provisionnement aux ménages;Taux de provisionnement aux ménages;TX_PROV;A;BQ;_Z;572;_Z;RISQUES;TOP6_AUT_GROUPES;MENAGES;PHNC;PC;2;0;N;P1Y;ACPR;E;F;A
ACPR.A.BQ.RISQUES.CRED_CLIENT.34._Z.NACE_N.PHNC._Z.TOP6_AUT_GROUPES;2018;2018-01-01;2018-12-31;64,85;2025-03-18T17:10:27+00:00;ACPR;Crédits au secteur de l'activité de services administratifs et de soutien;Crédits au secteur de l'activité de services administratifs et de soutien;CRED_CLIENT;A;BQ;_Z;34;_Z;RISQUES;TOP6_AUT_GROUPES;NACE_N;PHNC;EUR;2;9;N;P1Y;ACPR;E;F;A
ACPR.A.BQ.RISQUES.TB_FIN_NEGO_VENTE_OPTION9982.498._Z._Z.PHNC._Z.TOP6_AUT_GROUPES;2018;2018-01-01;2018-12-31;1784,71;2025-03-18T17:10:28+00:00;ACPR;Ventes d'options sur Change et or;Ventes d'options sur Change et or;TB_FIN_NEGO_VENTE_OPTION9982;A;BQ;_Z;498;_Z;RISQUES;TOP6_AUT_GROUPES;_Z;PHNC;EUR;2;9;N;P1Y;ACPR;E;F;A
ACPR.A.BQ.RISQUES.TX_PROV.572.BE.MENAGES_ENF.PHNC._Z.TOP6_AUT_GROUPES;2018;2018-01-01;2018-12-31;55,45;2025-03-18T17:10:29+00:00;ACPR;Taux de provisionnement en Belgique;Taux de provisionnement en Belgique;TX_PROV;A;BQ;_Z;572;BE;RISQUES;TOP6_AUT_GROUPES;MENAGES_ENF;PHNC;PC;2;0;N;P1Y;ACPR;E;F;A
ACPR.A.BQ.RISQUES.TX_PROV.572._Z.NACE_P.PHNC._Z.TOP6_AUT_GROUPES;2018;2018-01-01;2018-12-31;72,5;2025-03-18T17:10:29+00:00;ACPR;Taux de provisionnement du secteur de l'enseignement;Taux de provisionnement du secteur de l'enseignement;TX_PROV;A;BQ;_Z;572;_Z;RISQUES;TOP6_AUT_GROUPES;NACE_P;PHNC;PC;2;0;N;P1Y;ACPR;E;F;A
ACPR.A.BQ.RISQUES.TB_FIN_NEGO_DERIVE_CREDIT10014.466._Z._Z.PHNC._Z.TOP6_AUT_GROUPES;2018;2018-01-01;2018-12-31;10,09;2025-03-18T17:10:28+00:00;ACPR;Contrats d'échange de risque de crédit (CDS) au passif;Contrats d'échange de risque de crédit (CDS) au passif;TB_FIN_NEGO_DERIVE_CREDIT10014;A;BQ;_Z;466;_Z;RISQUES;TOP6_AUT_GROUPES;_Z;PHNC;EUR;2;9;N;P1Y;ACPR;E;F;A
ACPR.A.BQ.RISQUES.DT_PL_PTF_NEGO.58._Z.BC.PHNC._Z.TOP6_AUT_GROUPES;2018;2018-01-01;2018-12-31;32,0;2025-03-18T17:10:27+00:00;ACPR;Dépôts et titres des Banques Centrales donnés en pension livrée du portefeuille de négociation;Dépôts et titres des Banques Centrales donnés en pension livrée du portefeuille de négociation;DT_PL_PTF_NEGO;A;BQ;_Z;58;_Z;RISQUES;TOP6_AUT_GROUPES;BC;PHNC;EUR;2;9;N;P1Y;ACPR;E;F;A
ACPR.A.BQ.RISQUES.TB_FIN_NEGO_DERIVE_CREDIT10018.470._Z._Z.PHNC._Z.TOP6_AUT_GROUPES;2018;2018-01-01;2018-12-31;0,3;2025-03-18T17:10:28+00:00;ACPR;Dérivés de crédit sur transfert de rendement (Total return swaps) au passif;Dérivés de crédit sur transfert de rendement (Total return swaps) au passif;TB_FIN_NEGO_DERIVE_CREDIT10018;A;BQ;_Z;470;_Z;RISQUES;TOP6_AUT_GROUPES;_Z;PHNC;EUR;2;9;N;P1Y;ACPR;E;F;A
ACPR.A.BQ.RISQUES.TX_NPL.569.FR.MENAGES_ENF.PHNC._Z.TOP6_AUT_GROUPES;2018;2018-01-01;2018-12-31;3,31;2025-03-18T17:10:29+00:00;ACPR;Taux de prêts non performants en France;Taux de prêts non performants en France;TX_NPL;A;BQ;_Z;569;FR;RISQUES;TOP6_AUT_GROUPES;MENAGES_ENF;PHNC;PC;2;0;N;P1Y;ACPR;E;F;A
ACPR.A.BQ.RISQUES.TX_NPL_APRES_PROV.570._Z.GE.PHNC._Z.TOP6_AUT_GROUPES;2018;2018-01-01;2018-12-31;1,64;2025-03-18T17:10:29+00:00;ACPR;Poids des prêts non performants nets des provisions aux grandes entreprises;Poids des prêts non performants nets des provisions aux grandes entreprises;TX_NPL_APRES_PROV;A;BQ;_Z;570;_Z;RISQUES;TOP6_AUT_GROUPES;GE;PHNC;PC;2;0;N;P1Y;ACPR;E;F;A
ACPR.A.BQ.RISQUES.TX_PROV.572.US.MENAGES_ENF.PHNC._Z.TOP6_AUT_GROUPES;2018;2018-01-01;2018-12-31;53,61;2025-03-18T17:10:29+00:00;ACPR;Taux de provisionnement aux Etats-Unis;Taux de provisionnement aux Etats-Unis;TX_PROV;A;BQ;_Z;572;US;RISQUES;TOP6_AUT_GROUPES;MENAGES_ENF;PHNC;PC;2;0;N;P1Y;ACPR;E;F;A
ACPR.A.BQ.RISQUES.CREDITS_BRUTS_MENAGES_ENF_PAYS.40.US.MENAGES_ENF.PHNC._Z.TOP6_AUT_GROUPES;2018;2018-01-01;2018-12-31;123,3;2025-03-18T17:10:27+00:00;ACPR;Crédits bruts aux ménages et entreprises non financières aux états unis;Crédits bruts aux ménages et entreprises non financières aux Etats unis;CREDITS_BRUTS_MENAGES_ENF_PAYS;A;BQ;_Z;40;US;RISQUES;TOP6_AUT_GROUPES;MENAGES_ENF;PHNC;EUR;2;9;N;P1Y;ACPR;E;F;A
ACPR.A.BQ.RISQUES.CRED_CLIENT.34._Z.MENAGES_ENF.PHNC._Z.TOP6_AUT_GROUPES;2018;2018-01-01;2018-12-31;3178,23;2025-03-18T17:10:26+00:00;ACPR;Crédits nets  aux entreprises non financières et aux ménages;Crédits nets  aux entreprises non financières et aux ménages;CRED_CLIENT;A;BQ;_Z;34;_Z;RISQUES;TOP6_AUT_GROUPES;MENAGES_ENF;PHNC;EUR;2;9;N;P1Y;ACPR;E;F;A
ACPR.A.BQ.RISQUES.CRED_CLIENT.34._Z.NACE_L.PHNC._Z.TOP6_AUT_GROUPES;2018;2018-01-01;2018-12-31;318,04;2025-03-18T17:10:27+00:00;ACPR;Crédits au secteur des activités immobilières;Crédits au secteur des activités immobilières;CRED_CLIENT;A;BQ;_Z;34;_Z;RISQUES;TOP6_AUT_GROUPES;NACE_L;PHNC;EUR;2;9;N;P1Y;ACPR;E;F;A
ACPR.A.BQ.RISQUES.TX_NPL.569._Z.NACE_D.PHNC._Z.TOP6_AUT_GROUPES;2018;2018-01-01;2018-12-31;2,6;2025-03-18T17:10:28+00:00;ACPR;Taux de prêts non performants du secteur de l'électricité, gaz, vapeur et air conditionné;Taux de prêts non performants du secteur de l'électricité, gaz, vapeur et air conditionné;TX_NPL;A;BQ;_Z;569;_Z;RISQUES;TOP6_AUT_GROUPES;NACE_D;PHNC;PC;2;0;N;P1Y;ACPR;E;F;A
ACPR.A.BQ.RISQUES.TB_FIN_NEGO_DERIVE_CREDIT10013.465._Z._Z.PHNC._Z.TOP6_AUT_GROUPES;2018;2018-01-01;2018-12-31;9,16;2025-03-18T17:10:28+00:00;ACPR;Contrats d'échange de risque de crédit (CDS) à l'actif;Contrats d'échange de risque de crédit (CDS) à l'actif;TB_FIN_NEGO_DERIVE_CREDIT10013;A;BQ;_Z;465;_Z;RISQUES;TOP6_AUT_GROUPES;_Z;PHNC;EUR;2;9;N;P1Y;ACPR;E;F;A
ACPR.A.BQ.RISQUES.TX_NPL.569._Z.NACE_H.PHNC._Z.TOP6_AUT_GROUPES;2018;2018-01-01;2018-12-31;4,07;2025-03-18T17:10:28+00:00;ACPR;Taux de prêts non performants du secteur du transports et entreposage;Taux de prêts non performants du secteur du transports et entreposage;TX_NPL;A;BQ;_Z;569;_Z;RISQUES;TOP6_AUT_GROUPES;NACE_H;PHNC;PC;2;0;N;P1Y;ACPR;E;F;A
ACPR.A.BQ.RISQUES.TX_NPL.569._Z.NACE_P.PHNC._Z.TOP6_AUT_GROUPES;2018;2018-01-01;2018-12-31;3,5;2025-03-18T17:10:29+00:00;ACPR;Taux de prêts non performants du secteur de l'enseignement;Taux de prêts non performants du secteur de l'enseignement;TX_NPL;A;BQ;_Z;569;_Z;RISQUES;TOP6_AUT_GROUPES;NACE_P;PHNC;PC;2;0;N;P1Y;ACPR;E;F;A
ACPR.A.BQ.RISQUES.DERIV_PASSIF_GRE_GRE.49._Z.AUTRES.PHNC._Z.TOP6_AUT_GROUPES;2018;2018-01-01;2018-12-31;73,28;2025-03-18T17:10:27+00:00;ACPR;Montant au passif de dérivés de gré à gré avec autres contreparties;Passif de dérivés de gré à gré avec autres contreparties;DERIV_PASSIF_GRE_GRE;A;BQ;_Z;49;_Z;RISQUES;TOP6_AUT_GROUPES;AUTRES;PHNC;EUR;2;9;N;P1Y;ACPR;E;F;A
ACPR.A.BQ.RISQUES.CRED_CLIENT.34._Z.EF.PHNC._Z.TOP6_AUT_GROUPES;2018;2018-01-01;2018-12-31;216,93;2025-03-18T17:10:26+00:00;ACPR;Entreprises financières (crédits nets);Entreprises financières (crédits nets);CRED_CLIENT;A;BQ;_Z;34;_Z;RISQUES;TOP6_AUT_GROUPES;EF;PHNC;EUR;2;9;N;P1Y;ACPR;E;F;A
ACPR.A.BQ.RISQUES.CRED_CLIENT.34.IT.MENAGES.PHNC._Z.TOP6_AUT_GROUPES;2018;2018-01-01;2018-12-31;93,21;2025-03-18T17:10:27+00:00;ACPR;Crédits aux ménages - Italie;Crédits aux ménages - Italie;CRED_CLIENT;A;BQ;_Z;34;IT;RISQUES;TOP6_AUT_GROUPES;MENAGES;PHNC;EUR;2;9;N;P1Y;ACPR;E;F;A
ACPR.A.BQ.RISQUES.CRED_CLIENT.34.US.ENF.PHNC._Z.TOP6_AUT_GROUPES;2018;2018-01-01;2018-12-31;98,29;2025-03-18T17:10:27+00:00;ACPR;Crédits aux entreprises non financières - États-Unis;Crédits aux entreprises non financières - États-Unis;CRED_CLIENT;A;BQ;_Z;34;US;RISQUES;TOP6_AUT_GROUPES;ENF;PHNC;EUR;2;9;N;P1Y;ACPR;E;F;A
ACPR.A.BQ.RISQUES.CREDITS_BRUTS.39._Z.NACE_G.PHNC._Z.TOP6_AUT_GROUPES;2018;2018-01-01;2018-12-31;201,03;2025-03-18T17:10:27+00:00;ACPR;Crédits bruts aux entreprises du secteur du commerce;Crédits bruts aux entreprises du secteur du commerce;CREDITS_BRUTS;A;BQ;_Z;39;_Z;RISQUES;TOP6_AUT_GROUPES;NACE_G;PHNC;EUR;2;9;N;P1Y;ACPR;E;F;A
ACPR.A.BQ.RISQUES.TX_NPL.569._Z.NACE_E.PHNC._Z.TOP6_AUT_GROUPES;2018;2018-01-01;2018-12-31;6,15;2025-03-18T17:10:28+00:00;ACPR;Taux de prêts non performants du secteur de la production et distribution d'eau;Taux de prêts non performants du secteur de la production et distribution d'eau;TX_NPL;A;BQ;_Z;569;_Z;RISQUES;TOP6_AUT_GROUPES;NACE_E;PHNC;PC;2;0;N;P1Y;ACPR;E;F;A
ACPR.A.BQ.RISQUES.S2_ENFCA_BASE100.661._Z.ENF.PHNC._Z.TOP6_AUT_GROUPES;2018;2018-01-01;2018-12-31;106,95;2025-10-22T14:00:31+00:00;ACPR;Encours de prêts et avances (brut comptable) aux entreprises non financières en stade 2 - coût amorti - base 100;Encours de prêts et avances (brut comptable) aux entreprises non financières en stade 2 - coût amorti - base 100;S2_ENFCA_BASE100;A;BQ;_Z;661;_Z;RISQUES;TOP6_AUT_GROUPES;ENF;PHNC;PC;2;0;N;P1Y;ACPR;E;F;A
ACPR.A.BQ.RISQUES.CRED_CLIENT.34._Z.NACE_K.PHNC._Z.TOP6_AUT_GROUPES;2018;2018-01-01;2018-12-31;74,24;2025-03-18T17:10:27+00:00;ACPR;Crédits au secteur de l'activité financières et d'assurance;Crédits au secteur de l'activité financières et d'assurance;CRED_CLIENT;A;BQ;_Z;34;_Z;RISQUES;TOP6_AUT_GROUPES;NACE_K;PHNC;EUR;2;9;N;P1Y;ACPR;E;F;A
ACPR.A.BQ.RISQUES.CREDITS_BRUTS.39._Z.NACE_I.PHNC._Z.TOP6_AUT_GROUPES;2018;2018-01-01;2018-12-31;36,09;2025-03-18T17:10:27+00:00;ACPR;Crédits bruts aux entreprises du secteur de l'hébergement et restauration;Crédits bruts aux entreprises du secteur de l'hébergement et restauration;CREDITS_BRUTS;A;BQ;_Z;39;_Z;RISQUES;TOP6_AUT_GROUPES;NACE_I;PHNC;EUR;2;9;N;P1Y;ACPR;E;F;A
ACPR.A.BQ.RISQUES.TX_NPL.569._Z.PME.PHNC._Z.TOP6_AUT_GROUPES;2018;2018-01-01;2018-12-31;5,93;2025-03-18T17:10:29+00:00;ACPR;Taux de prêts non performants aux PME;Taux de prêts non performants aux PME;TX_NPL;A;BQ;_Z;569;_Z;RISQUES;TOP6_AUT_GROUPES;PME;PHNC;PC;2;0;N;P1Y;ACPR;E;F;A
ACPR.A.BQ.RISQUES.TX_PROV.572.DE.MENAGES_ENF.PHNC._Z.TOP6_AUT_GROUPES;2018;2018-01-01;2018-12-31;83,97;2025-03-18T17:10:29+00:00;ACPR;Taux de provisionnement en Allemagne;Taux de provisionnement en Allemagne;TX_PROV;A;BQ;_Z;572;DE;RISQUES;TOP6_AUT_GROUPES;MENAGES_ENF;PHNC;PC;2;0;N;P1Y;ACPR;E;F;A
ACPR.A.BQ.RISQUES.CREDITS_BRUTS_MENAGES_ENF_PAYS.40.FR.MENAGES_ENF.PHNC._Z.TOP6_AUT_GROUPES;2018;2018-01-01;2018-12-31;2049,61;2025-03-18T17:10:27+00:00;ACPR;Crédits bruts aux ménages et entreprises non financières en France;Crédits bruts aux ménages et entreprises non financières en France;CREDITS_BRUTS_MENAGES_ENF_PAYS;A;BQ;_Z;40;FR;RISQUES;TOP6_AUT_GROUPES;MENAGES_ENF;PHNC;EUR;2;9;N;P1Y;ACPR;E;F;A
ACPR.A.BQ.RISQUES.TX_PROV.572._Z.NACE_S.PHNC._Z.TOP6_AUT_GROUPES;2018;2018-01-01;2018-12-31;55,38;2025-03-18T17:10:29+00:00;ACPR;Taux de provisionnement du secteur des autres activités de services;Taux de provisionnement du secteur des autres activités de services;TX_PROV;A;BQ;_Z;572;_Z;RISQUES;TOP6_AUT_GROUPES;NACE_S;PHNC;PC;2;0;N;P1Y;ACPR;E;F;A
ACPR.A.BQ.RISQUES.TX_PROV.572._Z.PME.PHNC._Z.TOP6_AUT_GROUPES;2018;2018-01-01;2018-12-31;52,91;2025-03-18T17:10:29+00:00;ACPR;Taux de provisionnement aux PME;Taux de provisionnement aux PME;TX_PROV;A;BQ;_Z;572;_Z;RISQUES;TOP6_AUT_GROUPES;PME;PHNC;PC;2;0;N;P1Y;ACPR;E;F;A
ACPR.A.BQ.RISQUES.S2_ENFCA.661._Z.ENF.PHNC._Z.TOP6_AUT_GROUPES;2018;2018-01-01;2018-12-31;158,38;2025-03-31T08:10:38+00:00;ACPR;Encours de prêts et avances (brut comptable) aux entreprises non financières en stade 2 - coût amorti;Encours de prêts et avances (brut comptable) aux entreprises non financières en stade 2 - coût amorti;S2_ENFCA;A;BQ;_Z;661;_Z;RISQUES;TOP6_AUT_GROUPES;ENF;PHNC;EUR;2;9;N;P1Y;ACPR;E;F;A
ACPR.A.BQ.RISQUES.CREDITS_BRUTS.39._Z.NACE_F.PHNC._Z.TOP6_AUT_GROUPES;2018;2018-01-01;2018-12-31;65,26;2025-03-18T17:10:27+00:00;ACPR;Crédits bruts aux entreprises du secteur de la construction;Crédits bruts aux entreprises du secteur de la construction;CREDITS_BRUTS;A;BQ;_Z;39;_Z;RISQUES;TOP6_AUT_GROUPES;NACE_F;PHNC;EUR;2;9;N;P1Y;ACPR;E;F;A
ACPR.A.BQ.RISQUES.TB_FIN_NEGO_VENTE_OPTION9992.502._Z._Z.PHNC._Z.TOP6_AUT_GROUPES;2018;2018-01-01;2018-12-31;2529,96;2025-03-18T17:10:28+00:00;ACPR;Options achats et ventes sur Change et or;Options achats et ventes sur Change et or;TB_FIN_NEGO_VENTE_OPTION9992;A;BQ;_Z;502;_Z;RISQUES;TOP6_AUT_GROUPES;_Z;PHNC;EUR;2;9;N;P1Y;ACPR;E;F;A
ACPR.A.BQ.RISQUES.TX_PROV.572._Z.NACE_Q.PHNC._Z.TOP6_AUT_GROUPES;2018;2018-01-01;2018-12-31;71,34;2025-03-18T17:10:29+00:00;ACPR;Taux de provisionnement du secteur de la santé humaine et action sociale;Taux de provisionnement du secteur de la santé humaine et action sociale;TX_PROV;A;BQ;_Z;572;_Z;RISQUES;TOP6_AUT_GROUPES;NACE_Q;PHNC;PC;2;0;N;P1Y;ACPR;E;F;A
ACPR.A.BQ.RISQUES.DERIV_ACTIF_ORGA.46._Z._Z.PHNC._Z.TOP6_AUT_GROUPES;2018;2018-01-01;2018-12-31;37,14;2025-03-18T17:10:27+00:00;ACPR;Montant à l'actif de dérivés sur marchés organisés;Dérivés sur marchés organisés (Actif);DERIV_ACTIF_ORGA;A;BQ;_Z;46;_Z;RISQUES;TOP6_AUT_GROUPES;_Z;PHNC;EUR;2;9;N;P1Y;ACPR;E;F;A
ACPR.A.BQ.RISQUES.DT_PL_PTF_NEGO.58._Z.ENF.PHNC._Z.TOP6_AUT_GROUPES;2018;2018-01-01;2018-12-31;58,0;2025-03-18T17:10:27+00:00;ACPR;Dépôts et titres des entreprises non financières donnés en pension livrée du portefeuille de négociation;Dépôts et titres des entreprises non financières donnés en pension livrée du portefeuille de négociation;DT_PL_PTF_NEGO;A;BQ;_Z;58;_Z;RISQUES;TOP6_AUT_GROUPES;ENF;PHNC;EUR;2;9;N;P1Y;ACPR;E;F;A
ACPR.A.BQ.RISQUES.GB_FIN_NEGO_PASSIF_9852.190._Z._Z.PHNC._Z.TOP6_AUT_GROUPES;2018;2018-01-01;2018-12-31;52,82;2025-03-18T17:10:28+00:00;ACPR;Autres passifs financiers dans le portefeuille de négociation coté passif;Autres passifs financiers dans le portefeuille de négociation coté passif;GB_FIN_NEGO_PASSIF_9852;A;BQ;_Z;190;_Z;RISQUES;TOP6_AUT_GROUPES;_Z;PHNC;EUR;2;9;N;P1Y;ACPR;E;F;A
ACPR.A.BQ.RISQUES.TB_FIN_NEGO_DERIVE_CREDIT10019.471._Z._Z.PHNC._Z.TOP6_AUT_GROUPES;2018;2018-01-01;2018-12-31;0,98;2025-03-18T17:10:28+00:00;ACPR;Autres dérivés de crédit à l'actif;Autres dérivés de crédit à l'actif;TB_FIN_NEGO_DERIVE_CREDIT10019;A;BQ;_Z;471;_Z;RISQUES;TOP6_AUT_GROUPES;_Z;PHNC;EUR;2;9;N;P1Y;ACPR;E;F;A
ACPR.A.BQ.RISQUES.TB_FIN_NEGO_DERIVES9935.483._Z._Z.PHNC._Z.TOP6_AUT_GROUPES;2018;2018-01-01;2018-12-31;11,51;2025-03-18T17:10:28+00:00;ACPR;Montant au passif de dérivés sur crédit;Montant au passif de dérivés sur crédit;TB_FIN_NEGO_DERIVES9935;A;BQ;_Z;483;_Z;RISQUES;TOP6_AUT_GROUPES;_Z;PHNC;EUR;2;9;N;P1Y;ACPR;E;F;A
ACPR.A.BQ.RISQUES.TB_FIN_NEGO_PART_OPTION9965.491._Z._Z.PHNC._Z.TOP6_AUT_GROUPES;2018;2018-01-01;2018-12-31;629,74;2025-03-18T17:10:28+00:00;ACPR;Dérivés sur Taux d'intérêt (somme actif et passif);Dérivés sur Taux d'intérêt (somme actif et passif);TB_FIN_NEGO_PART_OPTION9965;A;BQ;_Z;491;_Z;RISQUES;TOP6_AUT_GROUPES;_Z;PHNC;EUR;2;9;N;P1Y;ACPR;E;F;A
ACPR.A.BQ.RISQUES.TX_PROV.572.CH.MENAGES_ENF.PHNC._Z.TOP6_AUT_GROUPES;2018;2018-01-01;2018-12-31;48,13;2025-03-18T17:10:29+00:00;ACPR;Taux de provisionnement en Suisse;Taux de provisionnement en Suisse;TX_PROV;A;BQ;_Z;572;CH;RISQUES;TOP6_AUT_GROUPES;MENAGES_ENF;PHNC;PC;2;0;N;P1Y;ACPR;E;F;A
ACPR.A.BQ.RISQUES.S1_MCA.660._Z.MENAGES.PHNC._Z.TOP6_AUT_GROUPES;2018;2018-01-01;2018-12-31;1583,7;2025-03-31T08:10:38+00:00;ACPR;Encours de prêts et avances (brut comptable) aux ménages en stade 1 - coût amorti;Encours de prêts et avances (brut comptable) aux ménages en stade 1 - coût amorti;S1_MCA;A;BQ;_Z;660;_Z;RISQUES;TOP6_AUT_GROUPES;MENAGES;PHNC;EUR;2;9;N;P1Y;ACPR;E;F;A
ACPR.A.BQ.RISQUES.TB_FIN_NEGO_DERIVES9919.493._Z._Z.PHNC._Z._Z;2018;2018-01-01;2018-12-31;11919,36;2025-09-17T10:00:30+00:00;ACPR;Montants notionnels de dérivés sur change et or;Montants notionnels de dérivés sur change et or;TB_FIN_NEGO_DERIVES9919;A;BQ;_Z;493;_Z;RISQUES;_Z;_Z;PHNC;EUR;2;9;N;P1Y;ACPR;E;F;A
ACPR.A.BQ.RISQUES.TB_FIN_NEGO_DERIVES9921.587._Z._Z.PHNC._Z._Z;2018;2018-01-01;2018-12-31;456,99;2025-09-17T10:00:30+00:00;ACPR;Montants notionnels de dérivés sur matières premières;Montants notionnels de dérivés sur matières premières;TB_FIN_NEGO_DERIVES9921;A;BQ;_Z;587;_Z;RISQUES;_Z;_Z;PHNC;EUR;2;9;N;P1Y;ACPR;E;F;A
ACPR.A.BQ.RISQUES.DEPOTS.43._Z.MENAGES_ENF.PHNC._Z.TOP6_AUT_GROUPES;2018;2018-01-01;2018-12-31;2741,06;2025-03-18T17:10:27+00:00;ACPR;Dépôts  aux entreprises non financières et aux ménages;Dépôts  aux entreprises non financières et aux ménages;DEPOTS;A;BQ;_Z;43;_Z;RISQUES;TOP6_AUT_GROUPES;MENAGES_ENF;PHNC;EUR;2;9;N;P1Y;ACPR;E;F;A
ACPR.A.BQ.RISQUES.CRED_CLIENT.34._Z.HORS_EC_BC.PHNC._Z.TOP6_AUT_GROUPES;2018;2018-01-01;2018-12-31;3785,8;2025-03-18T17:10:26+00:00;ACPR;Crédits nets  hors EC et banques centrales;Crédits nets  hors EC et banques centrales;CRED_CLIENT;A;BQ;_Z;34;_Z;RISQUES;TOP6_AUT_GROUPES;HORS_EC_BC;PHNC;EUR;2;9;N;P1Y;ACPR;E;F;A
ACPR.A.BQ.RISQUES.TB_FIN_NEGO_DERIVES9933.481._Z._Z.PHNC._Z.TOP6_AUT_GROUPES;2018;2018-01-01;2018-12-31;76,16;2025-03-18T17:10:28+00:00;ACPR;Montant au passif de dérivés sur actions;Montant au passif de dérivés sur actions;TB_FIN_NEGO_DERIVES9933;A;BQ;_Z;481;_Z;RISQUES;TOP6_AUT_GROUPES;_Z;PHNC;EUR;2;9;N;P1Y;ACPR;E;F;A
ACPR.A.BQ.RISQUES.TX_PROV.572.GB.MENAGES_ENF.PHNC._Z.TOP6_AUT_GROUPES;2018;2018-01-01;2018-12-31;89,17;2025-03-18T17:10:29+00:00;ACPR;Taux de provisionnement au Royaume-Uni;Taux de provisionnement au Royaume-Uni;TX_PROV;A;BQ;_Z;572;GB;RISQUES;TOP6_AUT_GROUPES;MENAGES_ENF;PHNC;PC;2;0;N;P1Y;ACPR;E;F;A
ACPR.A.BQ.RISQUES.CRED_CLIENT.34.LU.ENF.PHNC._Z.TOP6_AUT_GROUPES;2018;2018-01-01;2018-12-31;28,05;2025-03-18T17:10:27+00:00;ACPR;Crédits aux entreprises non financières - Luxembourg;Crédits aux entreprises non financières - Luxembourg;CRED_CLIENT;A;BQ;_Z;34;LU;RISQUES;TOP6_AUT_GROUPES;ENF;PHNC;EUR;2;9;N;P1Y;ACPR;E;F;A
ACPR.A.BQ.RISQUES.CREDITS_BRUTS.39._Z.NACE_L.PHNC._Z.TOP6_AUT_GROUPES;2018;2018-01-01;2018-12-31;325,15;2025-03-18T17:10:27+00:00;ACPR;Crédits bruts aux entreprises du secteur des activités immobilières;Crédits bruts aux entreprises du secteur des activités immobilières;CREDITS_BRUTS;A;BQ;_Z;39;_Z;RISQUES;TOP6_AUT_GROUPES;NACE_L;PHNC;EUR;2;9;N;P1Y;ACPR;E;F;A
ACPR.A.BQ.RISQUES.TB_FIN_NEGO_VENTE_OPTION9990.500._Z._Z.PHNC._Z.TOP6_AUT_GROUPES;2018;2018-01-01;2018-12-31;7256,52;2025-03-18T17:10:28+00:00;ACPR;Options achats et ventes sur Taux d'intérêt;Options achats et ventes sur Taux d'intérêt;TB_FIN_NEGO_VENTE_OPTION9990;A;BQ;_Z;500;_Z;RISQUES;TOP6_AUT_GROUPES;_Z;PHNC;EUR;2;9;N;P1Y;ACPR;E;F;A
ACPR.A.BQ.RISQUES.CREDITS_BRUTS_MENAGES_ENF_PAYS.40.LU.MENAGES_ENF.PHNC._Z.TOP6_AUT_GROUPES;2018;2018-01-01;2018-12-31;37,49;2025-03-18T17:10:27+00:00;ACPR;Crédits bruts aux ménages et entreprises non financières au Luxembourg;Crédits bruts aux ménages et entreprises non financières au Luxembourg;CREDITS_BRUTS_MENAGES_ENF_PAYS;A;BQ;_Z;40;LU;RISQUES;TOP6_AUT_GROUPES;MENAGES_ENF;PHNC;EUR;2;9;N;P1Y;ACPR;E;F;A
ACPR.A.BQ.RISQUES.TB_FIN_NEGO_VENTE_OPTION9993.503._Z._Z.PHNC._Z.TOP6_AUT_GROUPES;2018;2018-01-01;2018-12-31;12226,17;2025-03-18T17:10:28+00:00;ACPR;Options achats et ventes;Options achats et ventes;TB_FIN_NEGO_VENTE_OPTION9993;A;BQ;_Z;503;_Z;RISQUES;TOP6_AUT_GROUPES;_Z;PHNC;EUR;2;9;N;P1Y;ACPR;E;F;A
ACPR.A.BQ.RISQUES.CREDITS_BRUTS_MENAGES_ENF_PAYS.40.IT.MENAGES_ENF.PHNC._Z.TOP6_AUT_GROUPES;2018;2018-01-01;2018-12-31;187,91;2025-03-18T17:10:27+00:00;ACPR;Crédits bruts aux ménages et entreprises non financières en Italie;Crédits bruts aux ménages et entreprises non financières en Italie;CREDITS_BRUTS_MENAGES_ENF_PAYS;A;BQ;_Z;40;IT;RISQUES;TOP6_AUT_GROUPES;MENAGES_ENF;PHNC;EUR;2;9;N;P1Y;ACPR;E;F;A
ACPR.A.BQ.RISQUES.CRED_CLIENT.34._Z.NACE_G.PHNC._Z.TOP6_AUT_GROUPES;2018;2018-01-01;2018-12-31;193,67;2025-03-18T17:10:26+00:00;ACPR;Crédits au secteur du commerce;Crédits au secteur du commerce;CRED_CLIENT;A;BQ;_Z;34;_Z;RISQUES;TOP6_AUT_GROUPES;NACE_G;PHNC;EUR;2;9;N;P1Y;ACPR;E;F;A
ACPR.A.BQ.RISQUES.CREDITS_BRUTS.39._Z.NACE_H.PHNC._Z.TOP6_AUT_GROUPES;2018;2018-01-01;2018-12-31;90,15;2025-03-18T17:10:27+00:00;ACPR;Crédits bruts aux entreprises du secteur du transports et entreposage;Crédits bruts aux entreprises du secteur du transports et entreposage;CREDITS_BRUTS;A;BQ;_Z;39;_Z;RISQUES;TOP6_AUT_GROUPES;NACE_H;PHNC;EUR;2;9;N;P1Y;ACPR;E;F;A
ACPR.A.BQ.RISQUES.CREDITS_BRUTS.39._Z.NACE_M.PHNC._Z.TOP6_AUT_GROUPES;2018;2018-01-01;2018-12-31;71,59;2025-03-18T17:10:27+00:00;ACPR;Crédits bruts aux entreprises du secteur des activités spécialisées, scientifiques et techniques;Crédits bruts aux entreprises du secteur des activités spécialisées, scientifiques et techniques;CREDITS_BRUTS;A;BQ;_Z;39;_Z;RISQUES;TOP6_AUT_GROUPES;NACE_M;PHNC;EUR;2;9;N;P1Y;ACPR;E;F;A
ACPR.A.BQ.RISQUES.CREDITS_BRUTS_MENAGES_ENF_PAYS.40.CH.MENAGES_ENF.PHNC._Z.TOP6_AUT_GROUPES;2018;2018-01-01;2018-12-31;30,22;2025-03-18T17:10:27+00:00;ACPR;Crédits bruts aux ménages et entreprises non financières en Suisse;Crédits bruts aux ménages et entreprises non financières en Suisse;CREDITS_BRUTS_MENAGES_ENF_PAYS;A;BQ;_Z;40;CH;RISQUES;TOP6_AUT_GROUPES;MENAGES_ENF;PHNC;EUR;2;9;N;P1Y;ACPR;E;F;A
ACPR.A.BQ.RISQUES.TX_PROV.572._Z.NACE_M.PHNC._Z.TOP6_AUT_GROUPES;2018;2018-01-01;2018-12-31;74,5;2025-03-18T17:10:29+00:00;ACPR;Taux de provisionnement du secteur des activités spécialisées, scientifiques et techniques;Taux de provisionnement du secteur des activités spécialisées, scientifiques et techniques;TX_PROV;A;BQ;_Z;572;_Z;RISQUES;TOP6_AUT_GROUPES;NACE_M;PHNC;PC;2;0;N;P1Y;ACPR;E;F;A
ACPR.A.BQ.RISQUES.CRED_CLIENT.34._Z.NACE_Q.PHNC._Z.TOP6_AUT_GROUPES;2018;2018-01-01;2018-12-31;30,51;2025-03-18T17:10:27+00:00;ACPR;Crédits au secteur de la santé humaine et action sociale;Crédits au secteur de la santé humaine et action sociale;CRED_CLIENT;A;BQ;_Z;34;_Z;RISQUES;TOP6_AUT_GROUPES;NACE_Q;PHNC;EUR;2;9;N;P1Y;ACPR;E;F;A
ACPR.A.BQ.RISQUES.TX_PROV.572._Z.NACE_O.PHNC._Z.TOP6_AUT_GROUPES;2018;2018-01-01;2018-12-31;89,04;2025-03-18T17:10:29+00:00;ACPR;Taux de provisionnement du secteur de l'administration publique;Taux de provisionnement du secteur de l'administration publique;TX_PROV;A;BQ;_Z;572;_Z;RISQUES;TOP6_AUT_GROUPES;NACE_O;PHNC;PC;2;0;N;P1Y;ACPR;E;F;A
ACPR.A.BQ.RISQUES.TX_NEGO_BILAN_ACTIF.567._Z._Z.PHNC._Z.TOP6_AUT_GROUPES;2018;2018-01-01;2018-12-31;19,0;2025-03-18T17:10:28+00:00;ACPR;Part du portefeuille de négociation à l'actif du bilan;Part du portefeuille de négociation à l'actif du bilan;TX_NEGO_BILAN_ACTIF;A;BQ;_Z;567;_Z;RISQUES;TOP6_AUT_GROUPES;_Z;PHNC;PC;2;0;N;P1Y;ACPR;E;F;A
ACPR.A.BQ.RISQUES.TB_FIN_NEGO_DERIVE_CREDIT10008.463._Z._Z.PHNC._Z.TOP6_AUT_GROUPES;2018;2018-01-01;2018-12-31;12,15;2025-03-18T17:10:28+00:00;ACPR;Vente de autres dérivés de crédit En notionnel;Vente de autres dérivés de crédit En notionnel;TB_FIN_NEGO_DERIVE_CREDIT10008;A;BQ;_Z;463;_Z;RISQUES;TOP6_AUT_GROUPES;_Z;PHNC;EUR;2;9;N;P1Y;ACPR;E;F;A
ACPR.A.BQ.RISQUES.CRED_CLIENT.34._Z.NACE_A.PHNC._Z.TOP6_AUT_GROUPES;2018;2018-01-01;2018-12-31;58,28;2025-03-18T17:10:26+00:00;ACPR;Crédits au secteur de l'agriculture, sylviculture et pêche;Crédits au secteur de l'agriculture, sylviculture et pêche;CRED_CLIENT;A;BQ;_Z;34;_Z;RISQUES;TOP6_AUT_GROUPES;NACE_A;PHNC;EUR;2;9;N;P1Y;ACPR;E;F;A
ACPR.A.BQ.RISQUES.GB_FIN_NEGO_ACTIF_9846.182._Z._Z.PHNC._Z.TOP6_AUT_GROUPES;2018;2018-01-01;2018-12-31;176,43;2025-03-18T17:10:28+00:00;ACPR;Titres de créances dans le portefeuille de négociation coté actif;Titres de créances dans le portefeuille de négociation coté actif;GB_FIN_NEGO_ACTIF_9846;A;BQ;_Z;182;_Z;RISQUES;TOP6_AUT_GROUPES;_Z;PHNC;EUR;2;9;N;P1Y;ACPR;E;F;A
ACPR.A.BQ.RISQUES.RATIO_CREDEP.363._Z.MENAGES_ENF.PHNC._Z.TOP6_AUT_GROUPES;2018;2018-01-01;2018-12-31;115,95;2025-03-18T17:10:28+00:00;ACPR;Ratio crédits / Dépôts  aux entreprises non financières et aux ménages;Ratio crédits / Dépôts  aux entreprises non financières et aux ménages;RATIO_CREDEP;A;BQ;_Z;363;_Z;RISQUES;TOP6_AUT_GROUPES;MENAGES_ENF;PHNC;PC;2;9;N;P1Y;ACPR;E;F;A
ACPR.A.BQ.RISQUES.TB_FIN_NEGO_DERIVE_CREDIT10006.462._Z._Z.PHNC._Z.TOP6_AUT_GROUPES;2018;2018-01-01;2018-12-31;26,21;2025-03-18T17:10:28+00:00;ACPR;Achats de dérivés de crédit sur transfert de rendement (Total return swaps) En notionnel;Achats de dérivés de crédit sur transfert de rendement (Total return swaps) En notionnel;TB_FIN_NEGO_DERIVE_CREDIT10006;A;BQ;_Z;462;_Z;RISQUES;TOP6_AUT_GROUPES;_Z;PHNC;EUR;2;9;N;P1Y;ACPR;E;F;A
ACPR.A.BQ.RISQUES.TB_FIN_NEGO_DERIVE_CREDIT10016.468._Z._Z.PHNC._Z.TOP6_AUT_GROUPES;2018;2018-01-01;2018-12-31;0,17;2025-03-18T17:10:28+00:00;ACPR;Options sur écart de crédit (Credit spread options) au passif;Options sur écart de crédit (Credit spread options) au passif;TB_FIN_NEGO_DERIVE_CREDIT10016;A;BQ;_Z;468;_Z;RISQUES;TOP6_AUT_GROUPES;_Z;PHNC;EUR;2;9;N;P1Y;ACPR;E;F;A
ACPR.A.BQ.RISQUES.TB_FIN_NEGO_PART_OPTION9958.488._Z._Z.PHNC._Z.TOP6_AUT_GROUPES;2018;2018-01-01;2018-12-31;129,9;2025-03-18T17:10:28+00:00;ACPR;Options de gré à gré sur Taux d'intérêt (somme actif et passif);Options de gré à gré sur Taux d'intérêt (somme actif et passif);TB_FIN_NEGO_PART_OPTION9958;A;BQ;_Z;488;_Z;RISQUES;TOP6_AUT_GROUPES;_Z;PHNC;EUR;2;9;N;P1Y;ACPR;E;F;A
ACPR.A.BQ.RISQUES.TB_FIN_NEGO_PART_OPTION9969.495._Z._Z.PHNC._Z.TOP6_AUT_GROUPES;2018;2018-01-01;2018-12-31;237,19;2025-03-18T17:10:28+00:00;ACPR;Options de gré à gré (somme actif et passif);Options de gré à gré (somme actif et passif);TB_FIN_NEGO_PART_OPTION9969;A;BQ;_Z;495;_Z;RISQUES;TOP6_AUT_GROUPES;_Z;PHNC;EUR;2;9;N;P1Y;ACPR;E;F;A
ACPR.A.BQ.RISQUES.TX_NPL.569._Z.NACE_Q.PHNC._Z.TOP6_AUT_GROUPES;2018;2018-01-01;2018-12-31;2,32;2025-03-18T17:10:29+00:00;ACPR;Taux de prêts non performants du secteur de la santé humaine et action sociale;Taux de prêts non performants du secteur de la santé humaine et action sociale;TX_NPL;A;BQ;_Z;569;_Z;RISQUES;TOP6_AUT_GROUPES;NACE_Q;PHNC;PC;2;0;N;P1Y;ACPR;E;F;A
ACPR.A.BQ.RISQUES.TX_PROV.572._Z.NACE_B.PHNC._Z.TOP6_AUT_GROUPES;2018;2018-01-01;2018-12-31;47,41;2025-03-18T17:10:29+00:00;ACPR;Taux de provisionnement du secteur des industries extractives;Taux de provisionnement du secteur des industries extractives;TX_PROV;A;BQ;_Z;572;_Z;RISQUES;TOP6_AUT_GROUPES;NACE_B;PHNC;PC;2;0;N;P1Y;ACPR;E;F;A
ACPR.A.BQ.RISQUES.CREDITS_BRUTS_MENAGES_ENF_PAYS.40.DE.MENAGES_ENF.PHNC._Z.TOP6_AUT_GROUPES;2018;2018-01-01;2018-12-31;89,78;2025-03-18T17:10:27+00:00;ACPR;Crédits bruts aux ménages et entreprises non financières en Allemagne;Crédits bruts aux ménages et entreprises non financières en Allemagne;CREDITS_BRUTS_MENAGES_ENF_PAYS;A;BQ;_Z;40;DE;RISQUES;TOP6_AUT_GROUPES;MENAGES_ENF;PHNC;EUR;2;9;N;P1Y;ACPR;E;F;A
ACPR.A.BQ.RISQUES.TB_FIN_NEGO_PART_OPTION9964.490._Z._Z.PHNC._Z.TOP6_AUT_GROUPES;2018;2018-01-01;2018-12-31;29,98;2025-03-18T17:10:28+00:00;ACPR;Options de gré à gré sur Change et or (somme actif et passif);Options de gré à gré sur Change et or (somme actif et passif);TB_FIN_NEGO_PART_OPTION9964;A;BQ;_Z;490;_Z;RISQUES;TOP6_AUT_GROUPES;_Z;PHNC;EUR;2;9;N;P1Y;ACPR;E;F;A
ACPR.A.BQ.RISQUES.TX_PROV_NPL.573._Z.PME.PHNC._Z.TOP6_AUT_GROUPES;2018;2018-01-01;2018-12-31;3,14;2025-03-18T17:10:29+00:00;ACPR;Poids des provisions des prêts non performants aux PME;Poids des provisions des prêts non performants aux PME;TX_PROV_NPL;A;BQ;_Z;573;_Z;RISQUES;TOP6_AUT_GROUPES;PME;PHNC;PC;2;0;N;P1Y;ACPR;E;F;A
ACPR.A.BQ.RISQUES.TX_NPL.569.CH.MENAGES_ENF.PHNC._Z.TOP6_AUT_GROUPES;2018;2018-01-01;2018-12-31;1,63;2025-03-18T17:10:29+00:00;ACPR;Taux de prêts non performants en Suisse;Taux de prêts non performants en Suisse;TX_NPL;A;BQ;_Z;569;CH;RISQUES;TOP6_AUT_GROUPES;MENAGES_ENF;PHNC;PC;2;0;N;P1Y;ACPR;E;F;A
ACPR.A.BQ.RISQUES.DERIV_PASSIF_GRE_GRE.49._Z.EF.PHNC._Z.TOP6_AUT_GROUPES;2018;2018-01-01;2018-12-31;140,31;2025-03-18T17:10:27+00:00;ACPR;Montant au passif de dérivés de gré à gré avec autres entreprises financières;Passif de dérivés de gré à gré avec autres entreprises financières;DERIV_PASSIF_GRE_GRE;A;BQ;_Z;49;_Z;RISQUES;TOP6_AUT_GROUPES;EF;PHNC;EUR;2;9;N;P1Y;ACPR;E;F;A
ACPR.A.BQ.RISQUES.CRED_CLIENT.34.GB.MENAGES.PHNC._Z.TOP6_AUT_GROUPES;2018;2018-01-01;2018-12-31;16,51;2025-03-18T17:10:27+00:00;ACPR;Crédits aux ménages - Royaume-Uni;Crédits aux ménages - Royaume-Uni;CRED_CLIENT;A;BQ;_Z;34;GB;RISQUES;TOP6_AUT_GROUPES;MENAGES;PHNC;EUR;2;9;N;P1Y;ACPR;E;F;A
ACPR.A.BQ.RISQUES.OBLIG_PTF_NEGO.238._Z.APU.PHNC._Z.TOP6_AUT_GROUPES;2018;2018-01-01;2018-12-31;113,48;2025-03-18T17:10:28+00:00;ACPR;Titre de créances émis par les administrations publiques dans le portefeuille de négociation;Titre de créances émis par les administrations publiques dans le portefeuille de négociation;OBLIG_PTF_NEGO;A;BQ;_Z;238;_Z;RISQUES;TOP6_AUT_GROUPES;APU;PHNC;EUR;2;9;N;P1Y;ACPR;E;F;A
ACPR.A.BQ.RISQUES.TX_NPL.569._Z.NACE_F.PHNC._Z.TOP6_AUT_GROUPES;2018;2018-01-01;2018-12-31;8,6;2025-03-18T17:10:28+00:00;ACPR;Taux de prêts non performants du secteur de la construction;Taux de prêts non performants du secteur de la construction;TX_NPL;A;BQ;_Z;569;_Z;RISQUES;TOP6_AUT_GROUPES;NACE_F;PHNC;PC;2;0;N;P1Y;ACPR;E;F;A
ACPR.A.BQ.RISQUES.CRED_CLIENT.34.PL.ENF.PHNC._Z.TOP6_AUT_GROUPES;2018;2018-01-01;2018-12-31;19,88;2025-03-18T17:10:27+00:00;ACPR;Crédits aux entreprises non financières - Pologne;Crédits aux entreprises non financières - Pologne;CRED_CLIENT;A;BQ;_Z;34;PL;RISQUES;TOP6_AUT_GROUPES;ENF;PHNC;EUR;2;9;N;P1Y;ACPR;E;F;A
ACPR.A.BQ.RISQUES.CREDITS_BRUTS.39._Z.NACE_R.PHNC._Z.TOP6_AUT_GROUPES;2018;2018-01-01;2018-12-31;8,19;2025-03-18T17:10:27+00:00;ACPR;Crédits bruts aux entreprises du secteur des arts, spectacles et activités récréatives;Crédits bruts aux entreprises du secteur des arts, spectacles et activités récréatives;CREDITS_BRUTS;A;BQ;_Z;39;_Z;RISQUES;TOP6_AUT_GROUPES;NACE_R;PHNC;EUR;2;9;N;P1Y;ACPR;E;F;A
ACPR.A.BQ.RISQUES.TX_PROV.572._Z.NACE_I.PHNC._Z.TOP6_AUT_GROUPES;2018;2018-01-01;2018-12-31;75,65;2025-03-18T17:10:29+00:00;ACPR;Taux de provisionnement du secteur de l'hébergement et restauration;Taux de provisionnement du secteur de l'hébergement et restauration;TX_PROV;A;BQ;_Z;572;_Z;RISQUES;TOP6_AUT_GROUPES;NACE_I;PHNC;PC;2;0;N;P1Y;ACPR;E;F;A
ACPR.A.BQ.RISQUES.CRED_CLIENT.34._Z.NACE_M.PHNC._Z.TOP6_AUT_GROUPES;2018;2018-01-01;2018-12-31;69,9;2025-03-18T17:10:27+00:00;ACPR;Crédits au secteur des activités spécialisées, scientifiques et techniques;Crédits au secteur des activités spécialisées, scientifiques et techniques;CRED_CLIENT;A;BQ;_Z;34;_Z;RISQUES;TOP6_AUT_GROUPES;NACE_M;PHNC;EUR;2;9;N;P1Y;ACPR;E;F;A
ACPR.A.BQ.RISQUES.TX_PROV.572.ES.MENAGES_ENF.PHNC._Z.TOP6_AUT_GROUPES;2018;2018-01-01;2018-12-31;55,81;2025-03-18T17:10:29+00:00;ACPR;Taux de provisionnement en Espagne;Taux de provisionnement en Espagne;TX_PROV;A;BQ;_Z;572;ES;RISQUES;TOP6_AUT_GROUPES;MENAGES_ENF;PHNC;PC;2;0;N;P1Y;ACPR;E;F;A
ACPR.A.BQ.RISQUES.CRED_CLIENT.34.US.MENAGES.PHNC._Z.TOP6_AUT_GROUPES;2018;2018-01-01;2018-12-31;24,49;2025-03-18T17:10:27+00:00;ACPR;Crédits aux ménages - États-Unis;Crédits aux ménages - États-Unis;CRED_CLIENT;A;BQ;_Z;34;US;RISQUES;TOP6_AUT_GROUPES;MENAGES;PHNC;EUR;2;9;N;P1Y;ACPR;E;F;A
ACPR.A.BQ.RISQUES.TX_NPL.569.DE.MENAGES_ENF.PHNC._Z.TOP6_AUT_GROUPES;2018;2018-01-01;2018-12-31;3,29;2025-03-18T17:10:29+00:00;ACPR;Taux de prêts non performants en Allemagne;Taux de prêts non performants en Allemagne;TX_NPL;A;BQ;_Z;569;DE;RISQUES;TOP6_AUT_GROUPES;MENAGES_ENF;PHNC;PC;2;0;N;P1Y;ACPR;E;F;A
ACPR.A.BQ.RISQUES.TX_NPL_APRES_PROV.570._Z.MENAGES.PHNC._Z.TOP6_AUT_GROUPES;2018;2018-01-01;2018-12-31;1,62;2025-03-18T17:10:29+00:00;ACPR;Poids des prêts non performants nets des provisions aux ménages;Poids des prêts non performants nets des provisions aux ménages;TX_NPL_APRES_PROV;A;BQ;_Z;570;_Z;RISQUES;TOP6_AUT_GROUPES;MENAGES;PHNC;PC;2;0;N;P1Y;ACPR;E;F;A
ACPR.A.BQ.RISQUES.OBLIG_PTF_NEGO.238._Z.EF.PHNC._Z.TOP6_AUT_GROUPES;2018;2018-01-01;2018-12-31;15,13;2025-03-18T17:10:28+00:00;ACPR;Titre de créances émis par les autres entreprises financières dans le portefeuille de négociation;Titre de créances émis par les autres entreprises financières dans le portefeuille de négociation;OBLIG_PTF_NEGO;A;BQ;_Z;238;_Z;RISQUES;TOP6_AUT_GROUPES;EF;PHNC;EUR;2;9;N;P1Y;ACPR;E;F;A
ACPR.A.BQ.RISQUES.TB_FIN_NEGO_DERIVE_CREDIT10003.460._Z._Z.PHNC._Z.TOP6_AUT_GROUPES;2018;2018-01-01;2018-12-31;39,84;2025-03-18T17:10:28+00:00;ACPR;Achats de options sur écart de crédit (CDS) En notionnel;Achats de options sur écart de crédit (CDS) En notionnel;TB_FIN_NEGO_DERIVE_CREDIT10003;A;BQ;_Z;460;_Z;RISQUES;TOP6_AUT_GROUPES;_Z;PHNC;EUR;2;9;N;P1Y;ACPR;E;F;A
ACPR.A.BQ.RISQUES.TB_FIN_NEGO_DERIVE_CREDIT9999.473._Z._Z.PHNC._Z.TOP6_AUT_GROUPES;2018;2018-01-01;2018-12-31;541,73;2025-03-18T17:10:28+00:00;ACPR;Vente de contrats d'échange de risque de crédit (CDS) En notionnel;Vente de contrats d'échange de risque de crédit (CDS) En notionnel;TB_FIN_NEGO_DERIVE_CREDIT9999;A;BQ;_Z;473;_Z;RISQUES;TOP6_AUT_GROUPES;_Z;PHNC;EUR;2;9;N;P1Y;ACPR;E;F;A
ACPR.A.BQ.RISQUES.TB_FIN_NEGO_DERIVES9924.474._Z._Z.PHNC._Z.TOP6_AUT_GROUPES;2018;2018-01-01;2018-12-31;319,88;2025-03-18T17:10:28+00:00;ACPR;Montant à l'actif de dérivés sur taux d'intérêt;Montant à l'actif de dérivés sur taux d'intérêt;TB_FIN_NEGO_DERIVES9924;A;BQ;_Z;474;_Z;RISQUES;TOP6_AUT_GROUPES;_Z;PHNC;EUR;2;9;N;P1Y;ACPR;E;F;A
ACPR.A.BQ.RISQUES.TB_FIN_NEGO_DERIVES9928.478._Z._Z.PHNC._Z.TOP6_AUT_GROUPES;2018;2018-01-01;2018-12-31;12,52;2025-03-18T17:10:28+00:00;ACPR;Montant à l'actif de dérivés sur matières premières;Montant à l'actif de dérivés sur matières premières;TB_FIN_NEGO_DERIVES9928;A;BQ;_Z;478;_Z;RISQUES;TOP6_AUT_GROUPES;_Z;PHNC;EUR;2;9;N;P1Y;ACPR;E;F;A
ACPR.A.BQ.RISQUES.TB_FIN_NEGO_DERIVES9934.482._Z._Z.PHNC._Z.TOP6_AUT_GROUPES;2018;2018-01-01;2018-12-31;127,12;2025-03-18T17:10:28+00:00;ACPR;Montant au passif de dérivés sur change et or;Montant au passif de dérivés sur change et or;TB_FIN_NEGO_DERIVES9934;A;BQ;_Z;482;_Z;RISQUES;TOP6_AUT_GROUPES;_Z;PHNC;EUR;2;9;N;P1Y;ACPR;E;F;A
ACPR.A.BQ.RISQUES.TB_FIN_NEGO_DERIVES9937.485._Z._Z.PHNC._Z.TOP6_AUT_GROUPES;2018;2018-01-01;2018-12-31;1,76;2025-03-18T17:10:28+00:00;ACPR;Montant au passif de dérivés sur autres produits;Montant au passif de dérivés sur autres produits;TB_FIN_NEGO_DERIVES9937;A;BQ;_Z;485;_Z;RISQUES;TOP6_AUT_GROUPES;_Z;PHNC;EUR;2;9;N;P1Y;ACPR;E;F;A
ACPR.A.BQ.RISQUES.TB_FIN_NEGO_VENTE_OPTION9983.499._Z._Z.PHNC._Z.TOP6_AUT_GROUPES;2018;2018-01-01;2018-12-31;6977,92;2025-03-18T17:10:28+00:00;ACPR;Ventes d'options;Ventes d'options;TB_FIN_NEGO_VENTE_OPTION9983;A;BQ;_Z;499;_Z;RISQUES;TOP6_AUT_GROUPES;_Z;PHNC;EUR;2;9;N;P1Y;ACPR;E;F;A
ACPR.A.BQ.RISQUES.CRED_CLIENT.34._Z.NACE_B.PHNC._Z.TOP6_AUT_GROUPES;2018;2018-01-01;2018-12-31;29,96;2025-03-18T17:10:26+00:00;ACPR;Crédits au secteur des industries extractives;Crédits au secteur des industries extractives;CRED_CLIENT;A;BQ;_Z;34;_Z;RISQUES;TOP6_AUT_GROUPES;NACE_B;PHNC;EUR;2;9;N;P1Y;ACPR;E;F;A
ACPR.A.BQ.RISQUES.S1_MCA_BASE100.660._Z.MENAGES.PHNC._Z.TOP6_AUT_GROUPES;2018;2018-01-01;2018-12-31;93,33;2025-10-22T14:00:31+00:00;ACPR;Encours de prêts et avances (brut comptable) aux ménages en stade 1 - coût amorti - base 100;Encours de prêts et avances (brut comptable) aux ménages en stade 1 - coût amorti - base 100;S1_MCA_BASE100;A;BQ;_Z;660;_Z;RISQUES;TOP6_AUT_GROUPES;MENAGES;PHNC;PC;2;0;N;P1Y;ACPR;E;F;A
ACPR.A.BQ.RISQUES.TX_NPL.569.NL.MENAGES_ENF.PHNC._Z.TOP6_AUT_GROUPES;2018;2018-01-01;2018-12-31;1,71;2025-03-18T17:10:29+00:00;ACPR;Taux de prêts non performants aux Pays-Bas;Taux de prêts non performants aux Pays-Bas;TX_NPL;A;BQ;_Z;569;NL;RISQUES;TOP6_AUT_GROUPES;MENAGES_ENF;PHNC;PC;2;0;N;P1Y;ACPR;E;F;A
ACPR.A.BQ.RISQUES.TB_FIN_NEGO_DERIVES9926.476._Z._Z.PHNC._Z.TOP6_AUT_GROUPES;2018;2018-01-01;2018-12-31;128,79;2025-03-18T17:10:28+00:00;ACPR;Montant à l'actif de dérivés sur change et or;Montant à l'actif de dérivés sur change et or;TB_FIN_NEGO_DERIVES9926;A;BQ;_Z;476;_Z;RISQUES;TOP6_AUT_GROUPES;_Z;PHNC;EUR;2;9;N;P1Y;ACPR;E;F;A
ACPR.A.BQ.RISQUES.S3_ENFCA.662._Z.ENF.PHNC._Z.TOP6_AUT_GROUPES;2018;2018-01-01;2018-12-31;62,01;2025-03-31T08:10:38+00:00;ACPR;Encours de prêts et avances (brut comptable) aux entreprises non financières en stade 3 - coût amorti;Encours de prêts et avances (brut comptable) aux entreprises non financières en stade 3 - coût amorti;S3_ENFCA;A;BQ;_Z;662;_Z;RISQUES;TOP6_AUT_GROUPES;ENF;PHNC;EUR;2;9;N;P1Y;ACPR;E;F;A
ACPR.A.BQ.RISQUES.TX_PROV.572._Z.NACE_C.PHNC._Z.TOP6_AUT_GROUPES;2018;2018-01-01;2018-12-31;71,24;2025-03-18T17:10:29+00:00;ACPR;Taux de provisionnement du secteur des industrie manufacturière;Taux de provisionnement du secteur des industrie manufacturière;TX_PROV;A;BQ;_Z;572;_Z;RISQUES;TOP6_AUT_GROUPES;NACE_C;PHNC;PC;2;0;N;P1Y;ACPR;E;F;A
ACPR.A.BQ.RISQUES.CRED_CLIENT.34._Z._Z.PHNC._Z.TOP6_AUT_GROUPES;2018;2018-01-01;2018-12-31;4611,44;2025-03-18T17:10:26+00:00;ACPR;Crédits net du secteur bancaire français;Crédits net du secteur bancaire français;CRED_CLIENT;A;BQ;_Z;34;_Z;RISQUES;TOP6_AUT_GROUPES;_Z;PHNC;EUR;2;9;N;P1Y;ACPR;E;F;A
ACPR.A.BQ.RISQUES.INDICATEUR9913.582._Z._Z.PHNC._Z.TOP6_AUT_GROUPES;2018;2018-01-01;2018-12-31;246,85;2025-03-18T17:10:28+00:00;ACPR;Value at Risk à 1 jour;Value at Risk à 1 jour;INDICATEUR9913;A;BQ;_Z;582;_Z;RISQUES;TOP6_AUT_GROUPES;_Z;PHNC;EUR;2;6;N;P1Y;ACPR;E;F;A
ACPR.A.BQ.RISQUES.OBLIG_PTF_NEGO.238._Z.EC.PHNC._Z.TOP6_AUT_GROUPES;2018;2018-01-01;2018-12-31;21,8;2025-03-18T17:10:28+00:00;ACPR;Titre de créances émis par les établissements de crédit dans le portefeuille de négociation;Titre de créances émis par les établissements de crédit dans le portefeuille de négociation;OBLIG_PTF_NEGO;A;BQ;_Z;238;_Z;RISQUES;TOP6_AUT_GROUPES;EC;PHNC;EUR;2;9;N;P1Y;ACPR;E;F;A
ACPR.A.BQ.RISQUES.TX_NPL.569._Z.NACE_G.PHNC._Z.TOP6_AUT_GROUPES;2018;2018-01-01;2018-12-31;4,91;2025-03-18T17:10:28+00:00;ACPR;Taux de prêts non performants du secteur du commerce;Taux de prêts non performants du secteur du commerce;TX_NPL;A;BQ;_Z;569;_Z;RISQUES;TOP6_AUT_GROUPES;NACE_G;PHNC;PC;2;0;N;P1Y;ACPR;E;F;A
ACPR.A.BQ.RISQUES.TX_PROV.572.PL.MENAGES_ENF.PHNC._Z.TOP6_AUT_GROUPES;2018;2018-01-01;2018-12-31;66,52;2025-03-18T17:10:29+00:00;ACPR;Taux de provisionnement en Pologne;Taux de provisionnement en Pologne;TX_PROV;A;BQ;_Z;572;PL;RISQUES;TOP6_AUT_GROUPES;MENAGES_ENF;PHNC;PC;2;0;N;P1Y;ACPR;E;F;A
ACPR.A.BQ.RISQUES.GB_FIN_NEGO_COURT9873.185._Z._Z.PHNC._Z.TOP6_AUT_GROUPES;2018;2018-01-01;2018-12-31;125,85;2025-03-18T17:10:28+00:00;ACPR;Positions courtes sur Titres de créance;Positions courtes sur Titres de créance;GB_FIN_NEGO_COURT9873;A;BQ;_Z;185;_Z;RISQUES;TOP6_AUT_GROUPES;_Z;PHNC;EUR;2;9;N;P1Y;ACPR;E;F;A
ACPR.A.BQ.RISQUES.TX_PROV_NPL.573._Z.ENF.PHNC._Z.TOP6_AUT_GROUPES;2018;2018-01-01;2018-12-31;2,3;2025-03-18T17:10:29+00:00;ACPR;Poids des provisions des prêts non performants aux entreprises non financières;Poids des provisions des prêts non performants aux entreprises non financières;TX_PROV_NPL;A;BQ;_Z;573;_Z;RISQUES;TOP6_AUT_GROUPES;ENF;PHNC;PC;2;0;N;P1Y;ACPR;E;F;A
ACPR.A.BQ.RISQUES.CRED_CLIENT.34._Z.NACE_J.PHNC._Z.TOP6_AUT_GROUPES;2018;2018-01-01;2018-12-31;35,6;2025-03-18T17:10:27+00:00;ACPR;Crédits au secteur de l'information et communication;Crédits au secteur de l'information et communication;CRED_CLIENT;A;BQ;_Z;34;_Z;RISQUES;TOP6_AUT_GROUPES;NACE_J;PHNC;EUR;2;9;N;P1Y;ACPR;E;F;A
ACPR.A.BQ.RISQUES.CREDITS_BRUTS.39._Z.NACE_D.PHNC._Z.TOP6_AUT_GROUPES;2018;2018-01-01;2018-12-31;66,06;2025-03-18T17:10:27+00:00;ACPR;Crédits bruts aux entreprises du secteur de l'électricité, gaz, vapeur et air conditionné;Crédits bruts aux entreprises du secteur de l'électricité, gaz, vapeur et air conditionné;CREDITS_BRUTS;A;BQ;_Z;39;_Z;RISQUES;TOP6_AUT_GROUPES;NACE_D;PHNC;EUR;2;9;N;P1Y;ACPR;E;F;A
ACPR.A.BQ.RISQUES.CREDITS_BRUTS_MENAGES_ENF_PAYS.40.NL.MENAGES_ENF.PHNC._Z.TOP6_AUT_GROUPES;2018;2018-01-01;2018-12-31;25,94;2025-03-18T17:10:27+00:00;ACPR;Crédits bruts aux ménages et entreprises non financières aux Pays bas;Crédits bruts aux ménages et entreprises non financières aux Pays bas;CREDITS_BRUTS_MENAGES_ENF_PAYS;A;BQ;_Z;40;NL;RISQUES;TOP6_AUT_GROUPES;MENAGES_ENF;PHNC;EUR;2;9;N;P1Y;ACPR;E;F;A
ACPR.A.BQ.RISQUES.DEPOTS.43._Z._Z.PHNC._Z.TOP6_AUT_GROUPES;2018;2018-01-01;2018-12-31;4225,26;2025-03-18T17:10:27+00:00;ACPR;Dépôts du secteur bancaire français;Dépôts du secteur bancaire français;DEPOTS;A;BQ;_Z;43;_Z;RISQUES;TOP6_AUT_GROUPES;_Z;PHNC;EUR;2;9;N;P1Y;ACPR;E;F;A
ACPR.A.BQ.RISQUES.DERIV_NOTIONNEL_GRE_GRE.47._Z._Z.PHNC._Z.TOP6_AUT_GROUPES;2018;2018-01-01;2018-12-31;59921,0;2025-03-18T17:10:27+00:00;ACPR;Montant notionnels de dérivés de gré à gré;Montant notionnels de dérivés de gré à gré;DERIV_NOTIONNEL_GRE_GRE;A;BQ;_Z;47;_Z;RISQUES;TOP6_AUT_GROUPES;_Z;PHNC;EUR;2;9;N;P1Y;ACPR;E;F;A
ACPR.A.BQ.RISQUES.TB_FIN_NEGO_DERIVE_CREDIT10015.467._Z._Z.PHNC._Z.TOP6_AUT_GROUPES;2018;2018-01-01;2018-12-31;0,16;2025-03-18T17:10:28+00:00;ACPR;Options sur écart de crédit (Credit spread options) à l'actif;Options sur écart de crédit (Credit spread options) à l'actif;TB_FIN_NEGO_DERIVE_CREDIT10015;A;BQ;_Z;467;_Z;RISQUES;TOP6_AUT_GROUPES;_Z;PHNC;EUR;2;9;N;P1Y;ACPR;E;F;A
ACPR.A.BQ.RISQUES.TX_NPL.569._Z.NACE_C.PHNC._Z.TOP6_AUT_GROUPES;2018;2018-01-01;2018-12-31;4,55;2025-03-18T17:10:28+00:00;ACPR;Taux de prêts non performants du secteur des industrie manufacturière;Taux de prêts non performants du secteur des industrie manufacturière;TX_NPL;A;BQ;_Z;569;_Z;RISQUES;TOP6_AUT_GROUPES;NACE_C;PHNC;PC;2;0;N;P1Y;ACPR;E;F;A
ACPR.A.BQ.RISQUES.TX_PROV.572._Z.ENF.PHNC._Z.TOP6_AUT_GROUPES;2018;2018-01-01;2018-12-31;52,33;2025-03-18T17:10:29+00:00;ACPR;Taux de provisionnement aux entreprises non financières;Taux de provisionnement aux entreprises non financières;TX_PROV;A;BQ;_Z;572;_Z;RISQUES;TOP6_AUT_GROUPES;ENF;PHNC;PC;2;0;N;P1Y;ACPR;E;F;A
ACPR.A.BQ.RISQUES.DEPOTS.43._Z.HORS_EC_BC.PHNC._Z.TOP6_AUT_GROUPES;2018;2018-01-01;2018-12-31;3642,27;2025-03-18T17:10:27+00:00;ACPR;Dépôts  hors EC et banques centrales;Dépôts  hors EC et banques centrales;DEPOTS;A;BQ;_Z;43;_Z;RISQUES;TOP6_AUT_GROUPES;HORS_EC_BC;PHNC;EUR;2;9;N;P1Y;ACPR;E;F;A
ACPR.A.BQ.RISQUES.DT_PL_PTF_NEGO.58._Z.APU.PHNC._Z.TOP6_AUT_GROUPES;2018;2018-01-01;2018-12-31;5,0;2025-03-18T17:10:27+00:00;ACPR;Dépôts et titres des Administrations Publiques donnés en pension livrée du portefeuille de négociation;Dépôts et titres des Administrations Publiques donnés en pension livrée du portefeuille de négociation;DT_PL_PTF_NEGO;A;BQ;_Z;58;_Z;RISQUES;TOP6_AUT_GROUPES;APU;PHNC;EUR;2;9;N;P1Y;ACPR;E;F;A
ACPR.A.BQ.RISQUES.DT_PL_PTF_NEGO.58._Z.EF.PHNC._Z.TOP6_AUT_GROUPES;2018;2018-01-01;2018-12-31;296,0;2025-03-18T17:10:27+00:00;ACPR;Dépôts et titres des autres entreprises financières donnés en pension livrée du portefeuille de négociation;Dépôts et titres des autres entreprises financières donnés en pension livrée du portefeuille de négociation;DT_PL_PTF_NEGO;A;BQ;_Z;58;_Z;RISQUES;TOP6_AUT_GROUPES;EF;PHNC;EUR;2;9;N;P1Y;ACPR;E;F;A
ACPR.A.BQ.RISQUES.GB_FIN_NEGO_ACTIF_9844.180._Z._Z.PHNC._Z.TOP6_AUT_GROUPES;2018;2018-01-01;2018-12-31;541,16;2025-03-18T17:10:28+00:00;ACPR;Dérivés dans le portefeuille de négociation coté actif;Dérivés dans le portefeuille de négociation coté actif;GB_FIN_NEGO_ACTIF_9844;A;BQ;_Z;180;_Z;RISQUES;TOP6_AUT_GROUPES;_Z;PHNC;EUR;2;9;N;P1Y;ACPR;E;F;A
ACPR.A.BQ.RISQUES.GB_FIN_NEGO_ACTIF_9845.181._Z._Z.PHNC._Z.TOP6_AUT_GROUPES;2018;2018-01-01;2018-12-31;113,6;2025-03-18T17:10:28+00:00;ACPR;Instruments de capitaux propres dans le portefeuille de négociation coté actif;Instruments de capitaux propres dans le portefeuille de négociation coté actif;GB_FIN_NEGO_ACTIF_9845;A;BQ;_Z;181;_Z;RISQUES;TOP6_AUT_GROUPES;_Z;PHNC;EUR;2;9;N;P1Y;ACPR;E;F;A
ACPR.A.BQ.RISQUES.GB_FIN_NEGO_PASSIF_9851.189._Z._Z.PHNC._Z.TOP6_AUT_GROUPES;2018;2018-01-01;2018-12-31;0,3;2025-03-18T17:10:28+00:00;ACPR;Titres de créances émis dans le portefeuille de négociation coté passif;Titres de créances émis dans le portefeuille de négociation coté passif;GB_FIN_NEGO_PASSIF_9851;A;BQ;_Z;189;_Z;RISQUES;TOP6_AUT_GROUPES;_Z;PHNC;EUR;2;9;N;P1Y;ACPR;E;F;A
ACPR.A.BQ.RISQUES.TX_NPL.569._Z.MENAGES_ENF.PHNC._Z.TOP6_AUT_GROUPES;2018;2018-01-01;2018-12-31;3,76;2025-03-18T17:10:28+00:00;ACPR;Taux de prêts non performants aux ménages et aux entreprises non financières;Taux de prêts non performants aux ménages et aux entreprises non financières;TX_NPL;A;BQ;_Z;569;_Z;RISQUES;TOP6_AUT_GROUPES;MENAGES_ENF;PHNC;PC;2;0;N;P1Y;ACPR;E;F;A
ACPR.A.BQ.RISQUES.TX_NPL.569._Z.NACE_K.PHNC._Z.TOP6_AUT_GROUPES;2018;2018-01-01;2018-12-31;0,0;2025-03-18T17:10:28+00:00;ACPR;Taux de prêts non performants du secteur des activité financières et d'assurance;Taux de prêts non performants du secteur des activité financières et d'assurance;TX_NPL;A;BQ;_Z;569;_Z;RISQUES;TOP6_AUT_GROUPES;NACE_K;PHNC;PC;2;0;N;P1Y;ACPR;E;F;A
ACPR.A.BQ.RISQUES.TX_PROV.572._Z.MENAGES_ENF.PHNC._Z.TOP6_AUT_GROUPES;2018;2018-01-01;2018-12-31;51,14;2025-03-18T17:10:29+00:00;ACPR;Taux de provisionnement aux ménages et aux entreprises non financières;Taux de provisionnement aux ménages et aux entreprises non financières;TX_PROV;A;BQ;_Z;572;_Z;RISQUES;TOP6_AUT_GROUPES;MENAGES_ENF;PHNC;PC;2;0;N;P1Y;ACPR;E;F;A
ACPR.A.BQ.RISQUES.CRED_CLIENT.34._Z.BC.PHNC._Z.TOP6_AUT_GROUPES;2018;2018-01-01;2018-12-31;574,68;2025-03-18T17:10:26+00:00;ACPR;Banques Centrales (crédits nets);Banques Centrales (crédits nets);CRED_CLIENT;A;BQ;_Z;34;_Z;RISQUES;TOP6_AUT_GROUPES;BC;PHNC;EUR;2;9;N;P1Y;ACPR;E;F;A
ACPR.A.BQ.RISQUES.TX_NPL_APRES_PROV.570._Z.MENAGES_ENF.PHNC._Z.TOP6_AUT_GROUPES;2018;2018-01-01;2018-12-31;1,84;2025-03-18T17:10:29+00:00;ACPR;Poids des prêts non performants nets des provisions aux ménages et aux entreprises non financières;Poids des prêts non performants nets des provisions aux ménages et aux entreprises non financières;TX_NPL_APRES_PROV;A;BQ;_Z;570;_Z;RISQUES;TOP6_AUT_GROUPES;MENAGES_ENF;PHNC;PC;2;0;N;P1Y;ACPR;E;F;A
ACPR.A.BQ.RISQUES.CREDITS_BRUTS.39._Z.NACE_E.PHNC._Z.TOP6_AUT_GROUPES;2018;2018-01-01;2018-12-31;10,07;2025-03-18T17:10:27+00:00;ACPR;Crédits bruts aux entreprises du secteur de la production et distribution d'eau;Crédits bruts aux entreprises du secteur de la production et distribution d'eau;CREDITS_BRUTS;A;BQ;_Z;39;_Z;RISQUES;TOP6_AUT_GROUPES;NACE_E;PHNC;EUR;2;9;N;P1Y;ACPR;E;F;A
ACPR.A.BQ.RISQUES.GB_FIN_NEGO_PASSIF_9850.188._Z._Z.PHNC._Z.TOP6_AUT_GROUPES;2018;2018-01-01;2018-12-31;474,51;2025-03-18T17:10:28+00:00;ACPR;Dépôts yc les opérations de pensions livrés sur titres dans le portefeuille de négociation coté passif;Dépôts yc les opérations de pensions livrés sur titres dans le portefeuille de négociation coté passif;GB_FIN_NEGO_PASSIF_9850;A;BQ;_Z;188;_Z;RISQUES;TOP6_AUT_GROUPES;_Z;PHNC;EUR;2;9;N;P1Y;ACPR;E;F;A
ACPR.A.BQ.RISQUES.TB_FIN_NEGO_PART_BILAN9839.486._Z._Z.PHNC._Z.TOP6_AUT_GROUPES;2018;2018-01-01;2018-12-31;1377,14;2025-03-18T17:10:28+00:00;ACPR;Portefeuille de négociation - Actif;Portefeuille de négociation - Actif;TB_FIN_NEGO_PART_BILAN9839;A;BQ;_Z;486;_Z;RISQUES;TOP6_AUT_GROUPES;_Z;PHNC;EUR;2;9;N;P1Y;ACPR;E;F;A
ACPR.A.BQ.RISQUES.DERIV_NOTIONNEL_GRE_GRE.47._Z.EF.PHNC._Z.TOP6_AUT_GROUPES;2018;2018-01-01;2018-12-31;32214,45;2025-03-18T17:10:27+00:00;ACPR;Montant notionnels de dérivés de gré à gré avec autres entreprises financières;Montant notionnels de dérivés de gré à gré avec autres entreprises financières;DERIV_NOTIONNEL_GRE_GRE;A;BQ;_Z;47;_Z;RISQUES;TOP6_AUT_GROUPES;EF;PHNC;EUR;2;9;N;P1Y;ACPR;E;F;A
ACPR.A.BQ.RISQUES.TB_FIN_NEGO_DERIVES9931.479._Z._Z.PHNC._Z.TOP6_AUT_GROUPES;2018;2018-01-01;2018-12-31;0,55;2025-03-18T17:10:28+00:00;ACPR;Montant à l'actif de dérivés sur autres produits;Montant à l'actif de dérivés sur autres produits;TB_FIN_NEGO_DERIVES9931;A;BQ;_Z;479;_Z;RISQUES;TOP6_AUT_GROUPES;_Z;PHNC;EUR;2;9;N;P1Y;ACPR;E;F;A
ACPR.A.BQ.RISQUES.CRED_CLIENT.34._Z.NACE_P.PHNC._Z.TOP6_AUT_GROUPES;2018;2018-01-01;2018-12-31;5,11;2025-03-18T17:10:27+00:00;ACPR;Crédits au secteur de l'enseignement;Crédits au secteur de l'enseignement;CRED_CLIENT;A;BQ;_Z;34;_Z;RISQUES;TOP6_AUT_GROUPES;NACE_P;PHNC;EUR;2;9;N;P1Y;ACPR;E;F;A
ACPR.A.BQ.RISQUES.DERIV_PASSIF_GRE_GRE.49._Z._Z.PHNC._Z.TOP6_AUT_GROUPES;2018;2018-01-01;2018-12-31;505,43;2025-03-18T17:10:27+00:00;ACPR;Montant au passif de dérivés de gré à gré;Passif de dérivés de gré à gré;DERIV_PASSIF_GRE_GRE;A;BQ;_Z;49;_Z;RISQUES;TOP6_AUT_GROUPES;_Z;PHNC;EUR;2;9;N;P1Y;ACPR;E;F;A
ACPR.A.BQ.RISQUES.TX_NPL.569._Z.NACE_S.PHNC._Z.TOP6_AUT_GROUPES;2018;2018-01-01;2018-12-31;5,0;2025-03-18T17:10:29+00:00;ACPR;Taux de prêts non performants du secteur des autres activités de services;Taux de prêts non performants du secteur des autres activités de services;TX_NPL;A;BQ;_Z;569;_Z;RISQUES;TOP6_AUT_GROUPES;NACE_S;PHNC;PC;2;0;N;P1Y;ACPR;E;F;A
ACPR.A.BQ.RISQUES.TB_FIN_NEGO_DERIVES9920.586._Z._Z.PHNC._Z._Z;2018;2018-01-01;2018-12-31;1248,23;2025-09-17T10:00:30+00:00;ACPR;Montants notionnels de dérivés sur crédit;Montants notionnels de dérivés sur crédit;TB_FIN_NEGO_DERIVES9920;A;BQ;_Z;586;_Z;RISQUES;_Z;_Z;PHNC;EUR;2;9;N;P1Y;ACPR;E;F;A
ACPR.A.BQ.RISQUES.TB_FIN_NEGO_DERIVES9922.588._Z._Z.PHNC._Z._Z;2018;2018-01-01;2018-12-31;589,37;2025-09-17T10:00:30+00:00;ACPR;Montants notionnels de dérivés (autres y compris matières premières);Montants notionnels de dérivés (autres y compris matières premières);TB_FIN_NEGO_DERIVES9922;A;BQ;_Z;588;_Z;RISQUES;_Z;_Z;PHNC;EUR;2;9;N;P1Y;ACPR;E;F;A
ACPR.A.BQ.RISQUES.ACT_PTF_NEGO.3._Z.EF.PHNC._Z.TOP6_AUT_GROUPES;2018;2018-01-01;2018-12-31;24,8;2025-03-18T17:10:26+00:00;ACPR;Instruments de capitaux propres des autres entreprises financières dans le portefeuille de négociation;Instruments de capitaux propres des autres entreprises financières dans le portefeuille de négociation;ACT_PTF_NEGO;A;BQ;_Z;3;_Z;RISQUES;TOP6_AUT_GROUPES;EF;PHNC;EUR;2;9;N;P1Y;ACPR;E;F;A
ACPR.A.BQ.RISQUES.CRED_CLIENT.34._Z.NACE_D.PHNC._Z.TOP6_AUT_GROUPES;2018;2018-01-01;2018-12-31;64,77;2025-03-18T17:10:26+00:00;ACPR;Crédits au secteur de l'électricité, gaz, vapeur et air conditionné;Crédits au secteur de l'électricité, gaz, vapeur et air conditionné;CRED_CLIENT;A;BQ;_Z;34;_Z;RISQUES;TOP6_AUT_GROUPES;NACE_D;PHNC;EUR;2;9;N;P1Y;ACPR;E;F;A
ACPR.A.BQ.RISQUES.CRED_CLIENT.34._Z.NACE_I.PHNC._Z.TOP6_AUT_GROUPES;2018;2018-01-01;2018-12-31;33,73;2025-03-18T17:10:26+00:00;ACPR;Crédits au secteur de l'hébergement et restauration;Crédits au secteur de l'hébergement et restauration;CRED_CLIENT;A;BQ;_Z;34;_Z;RISQUES;TOP6_AUT_GROUPES;NACE_I;PHNC;EUR;2;9;N;P1Y;ACPR;E;F;A
ACPR.A.BQ.RISQUES.CRED_CLIENT.34.DE.MENAGES.PHNC._Z.TOP6_AUT_GROUPES;2018;2018-01-01;2018-12-31;46,27;2025-03-18T17:10:27+00:00;ACPR;Crédits aux ménages - Allemagne;Crédits aux ménages - Allemagne;CRED_CLIENT;A;BQ;_Z;34;DE;RISQUES;TOP6_AUT_GROUPES;MENAGES;PHNC;EUR;2;9;N;P1Y;ACPR;E;F;A
ACPR.A.BQ.RISQUES.CRED_CLIENT.34.FR.ENF.PHNC._Z.TOP6_AUT_GROUPES;2018;2018-01-01;2018-12-31;761,62;2025-03-18T17:10:27+00:00;ACPR;Crédits aux entreprises non financières - France;Crédits aux entreprises non financières - France;CRED_CLIENT;A;BQ;_Z;34;FR;RISQUES;TOP6_AUT_GROUPES;ENF;PHNC;EUR;2;9;N;P1Y;ACPR;E;F;A
ACPR.A.BQ.RISQUES.S2_MCA.661._Z.MENAGES.PHNC._Z.TOP6_AUT_GROUPES;2018;2018-01-01;2018-12-31;118,84;2025-03-31T08:10:38+00:00;ACPR;Encours de prêts et avances (brut comptable) aux ménages en stade 2 - coût amorti;Encours de prêts et avances (brut comptable) aux ménages en stade 2 - coût amorti;S2_MCA;A;BQ;_Z;661;_Z;RISQUES;TOP6_AUT_GROUPES;MENAGES;PHNC;EUR;2;9;N;P1Y;ACPR;E;F;A
ACPR.A.BQ.RISQUES.OBLIG_PTF_NEGO.238._Z.BC.PHNC._Z.TOP6_AUT_GROUPES;2018;2018-01-01;2018-12-31;2,92;2025-03-18T17:10:28+00:00;ACPR;Titre de créances émis par les banques centrales dans le portefeuille de négociation;Titre de créances émis par les banques centrales dans le portefeuille de négociation;OBLIG_PTF_NEGO;A;BQ;_Z;238;_Z;RISQUES;TOP6_AUT_GROUPES;BC;PHNC;EUR;2;9;N;P1Y;ACPR;E;F;A
ACPR.A.BQ.RISQUES.CRED_CLIENT.34._Z.NACE_E.PHNC._Z.TOP6_AUT_GROUPES;2018;2018-01-01;2018-12-31;9,78;2025-03-18T17:10:26+00:00;ACPR;Crédits au secteur de la production et distribution d'eau;Crédits au secteur de la production et distribution d'eau;CRED_CLIENT;A;BQ;_Z;34;_Z;RISQUES;TOP6_AUT_GROUPES;NACE_E;PHNC;EUR;2;9;N;P1Y;ACPR;E;F;A
ACPR.A.BQ.RISQUES.CRED_CLIENT.34._Z.NACE_F.PHNC._Z.TOP6_AUT_GROUPES;2018;2018-01-01;2018-12-31;61,64;2025-03-18T17:10:26+00:00;ACPR;Crédits au secteur de la construction;Crédits au secteur de la construction;CRED_CLIENT;A;BQ;_Z;34;_Z;RISQUES;TOP6_AUT_GROUPES;NACE_F;PHNC;EUR;2;9;N;P1Y;ACPR;E;F;A
ACPR.A.BQ.RISQUES.CREDITS_BRUTS.39._Z.NACE_B.PHNC._Z.TOP6_AUT_GROUPES;2018;2018-01-01;2018-12-31;30,41;2025-03-18T17:10:27+00:00;ACPR;Crédits bruts aux entreprises du secteur des industries extractives;Crédits bruts aux entreprises du secteur des industries extractives;CREDITS_BRUTS;A;BQ;_Z;39;_Z;RISQUES;TOP6_AUT_GROUPES;NACE_B;PHNC;EUR;2;9;N;P1Y;ACPR;E;F;A
ACPR.A.BQ.RISQUES.CREDITS_BRUTS_MENAGES_ENF_PAYS.40.GB.MENAGES_ENF.PHNC._Z.TOP6_AUT_GROUPES;2018;2018-01-01;2018-12-31;58,54;2025-03-18T17:10:27+00:00;ACPR;Crédits bruts aux ménages et entreprises non financières au Royaume uni;Crédits bruts aux ménages et entreprises non financières au Royaume uni;CREDITS_BRUTS_MENAGES_ENF_PAYS;A;BQ;_Z;40;GB;RISQUES;TOP6_AUT_GROUPES;MENAGES_ENF;PHNC;EUR;2;9;N;P1Y;ACPR;E;F;A
ACPR.A.BQ.RISQUES.CRED_TOTAL.37._Z.APU.SOLO._Z.TOTAL_SECTEUR;2018;2018-01-01;2018-12-31;179,85;2025-09-17T10:00:27+00:00;ACPR;Crédits aux administrations publiques résidentes;Crédits aux administrations publiques résidentes;CRED_TOTAL;A;BQ;_Z;37;_Z;RISQUES;TOTAL_SECTEUR;APU;SOLO;EUR;2;9;N;P1Y;ACPR;E;F;A
ACPR.A.BQ.RISQUES.TX_NPL.569.IT.MENAGES_ENF.PHNC._Z.TOP6_AUT_GROUPES;2018;2018-01-01;2018-12-31;10,68;2025-03-18T17:10:29+00:00;ACPR;Taux de prêts non performants en Italie;Taux de prêts non performants en Italie;TX_NPL;A;BQ;_Z;569;IT;RISQUES;TOP6_AUT_GROUPES;MENAGES_ENF;PHNC;PC;2;0;N;P1Y;ACPR;E;F;A
ACPR.A.BQ.RISQUES.CRED_CLIENT.34._Z.NACE_R.PHNC._Z.TOP6_AUT_GROUPES;2018;2018-01-01;2018-12-31;7,9;2025-03-18T17:10:27+00:00;ACPR;Crédits au secteur des arts, spectacles et activités récréatives;Crédits au secteur des arts, spectacles et activités récréatives;CRED_CLIENT;A;BQ;_Z;34;_Z;RISQUES;TOP6_AUT_GROUPES;NACE_R;PHNC;EUR;2;9;N;P1Y;ACPR;E;F;A
ACPR.A.BQ.RISQUES.DERIV_PASSIF_GRE_GRE.49._Z.EC.PHNC._Z.TOP6_AUT_GROUPES;2018;2018-01-01;2018-12-31;291,84;2025-03-18T17:10:27+00:00;ACPR;Montant au passif de dérivés de gré à gré avec établissements de crédit;Passif de dérivés de gré à gré avec établissements de crédit;DERIV_PASSIF_GRE_GRE;A;BQ;_Z;49;_Z;RISQUES;TOP6_AUT_GROUPES;EC;PHNC;EUR;2;9;N;P1Y;ACPR;E;F;A
ACPR.A.BQ.RISQUES.GB_FIN_NEGO_ACTIF_9847.183._Z._Z.PHNC._Z.TOP6_AUT_GROUPES;2018;2018-01-01;2018-12-31;545,95;2025-03-18T17:10:28+00:00;ACPR;Prêts et avances yc les operations de pensions sur titres coté actif;Prêts et avances yc les operations de pensions sur titres coté actif;GB_FIN_NEGO_ACTIF_9847;A;BQ;_Z;183;_Z;RISQUES;TOP6_AUT_GROUPES;_Z;PHNC;EUR;2;9;N;P1Y;ACPR;E;F;A
ACPR.A.BQ.RISQUES.TB_FIN_NEGO_DERIVE_CREDIT10017.469._Z._Z.PHNC._Z.TOP6_AUT_GROUPES;2018;2018-01-01;2018-12-31;0,1;2025-03-18T17:10:28+00:00;ACPR;Dérivés de crédit sur transfert de rendement (Total return swaps) à l'actif;Dérivés de crédit sur transfert de rendement (Total return swaps) à l'actif;TB_FIN_NEGO_DERIVE_CREDIT10017;A;BQ;_Z;469;_Z;RISQUES;TOP6_AUT_GROUPES;_Z;PHNC;EUR;2;9;N;P1Y;ACPR;E;F;A
ACPR.A.BQ.RISQUES.TB_FIN_NEGO_DERIVES9936.484._Z._Z.PHNC._Z.TOP6_AUT_GROUPES;2018;2018-01-01;2018-12-31;13,52;2025-03-18T17:10:28+00:00;ACPR;Montant au passif de dérivés sur matières premières;Montant au passif de dérivés sur matières premières;TB_FIN_NEGO_DERIVES9936;A;BQ;_Z;484;_Z;RISQUES;TOP6_AUT_GROUPES;_Z;PHNC;EUR;2;9;N;P1Y;ACPR;E;F;A
ACPR.A.BQ.RISQUES.TB_FIN_NEGO_VENTE_OPTION9980.496._Z._Z.PHNC._Z.TOP6_AUT_GROUPES;2018;2018-01-01;2018-12-31;3905,18;2025-03-18T17:10:28+00:00;ACPR;Ventes d'options sur Taux d'intérêt;Ventes d'options sur Taux d'intérêt;TB_FIN_NEGO_VENTE_OPTION9980;A;BQ;_Z;496;_Z;RISQUES;TOP6_AUT_GROUPES;_Z;PHNC;EUR;2;9;N;P1Y;ACPR;E;F;A
ACPR.A.BQ.RISQUES.TX_NEGO_BILAN_PASSIF.568._Z._Z.PHNC._Z.TOP6_AUT_GROUPES;2018;2018-01-01;2018-12-31;17,0;2025-03-18T17:10:28+00:00;ACPR;Part du portefeuille de négociation au passif du bilan;Part du portefeuille de négociation au passif du bilan;TX_NEGO_BILAN_PASSIF;A;BQ;_Z;568;_Z;RISQUES;TOP6_AUT_GROUPES;_Z;PHNC;PC;2;0;N;P1Y;ACPR;E;F;A
ACPR.A.BQ.RISQUES.TX_NPL.569._Z.ENF.PHNC._Z.TOP6_AUT_GROUPES;2018;2018-01-01;2018-12-31;4,4;2025-03-18T17:10:28+00:00;ACPR;Taux de prêts non performants aux entreprises non financières;Taux de prêts non performants aux entreprises non financières;TX_NPL;A;BQ;_Z;569;_Z;RISQUES;TOP6_AUT_GROUPES;ENF;PHNC;PC;2;0;N;P1Y;ACPR;E;F;A
ACPR.A.BQ.RISQUES.TX_NPL.569._Z.NACE_I.PHNC._Z.TOP6_AUT_GROUPES;2018;2018-01-01;2018-12-31;8,63;2025-03-18T17:10:28+00:00;ACPR;Taux de prêts non performants du secteur de l'hébergement et restauration;Taux de prêts non performants du secteur de l'hébergement et restauration;TX_NPL;A;BQ;_Z;569;_Z;RISQUES;TOP6_AUT_GROUPES;NACE_I;PHNC;PC;2;0;N;P1Y;ACPR;E;F;A
ACPR.A.BQ.RISQUES.ACT_PTF_NEGO.3._Z.EC.PHNC._Z.TOP6_AUT_GROUPES;2018;2018-01-01;2018-12-31;11,01;2025-03-18T17:10:26+00:00;ACPR;Instruments de capitaux propres des établissements de crédit dans le portefeuille de négociation;Instruments de capitaux propres des établissements de crédit dans le portefeuille de négociation;ACT_PTF_NEGO;A;BQ;_Z;3;_Z;RISQUES;TOP6_AUT_GROUPES;EC;PHNC;EUR;2;9;N;P1Y;ACPR;E;F;A
ACPR.A.BQ.RISQUES.TX_PROV.572.IT.MENAGES_ENF.PHNC._Z.TOP6_AUT_GROUPES;2018;2018-01-01;2018-12-31;64,12;2025-03-18T17:10:29+00:00;ACPR;Taux de provisionnement en Italie;Taux de provisionnement en Italie;TX_PROV;A;BQ;_Z;572;IT;RISQUES;TOP6_AUT_GROUPES;MENAGES_ENF;PHNC;PC;2;0;N;P1Y;ACPR;E;F;A
ACPR.A.BQ.RISQUES.S3_MCA_BASE100.662._Z.MENAGES.PHNC._Z.TOP6_AUT_GROUPES;2018;2018-01-01;2018-12-31;105,05;2025-10-22T14:00:31+00:00;ACPR;Encours de prêts et avances (brut comptable) aux ménages en stade 3 - coût amorti - base 100;Encours de prêts et avances (brut comptable) aux ménages en stade 3 - coût amorti - base 100;S3_MCA_BASE100;A;BQ;_Z;662;_Z;RISQUES;TOP6_AUT_GROUPES;MENAGES;PHNC;PC;2;0;N;P1Y;ACPR;E;F;A
ACPR.A.BQ.RISQUES.ACT_PTF_NEGO.3._Z.ENF.PHNC._Z.TOP6_AUT_GROUPES;2018;2018-01-01;2018-12-31;77,71;2025-03-18T17:10:26+00:00;ACPR;Instruments de capitaux propres des entreprises non financières dans le portefeuille de négociation;Instruments de capitaux propres des entreprises non financières dans le portefeuille de négociation;ACT_PTF_NEGO;A;BQ;_Z;3;_Z;RISQUES;TOP6_AUT_GROUPES;ENF;PHNC;EUR;2;9;N;P1Y;ACPR;E;F;A
ACPR.A.BQ.RISQUES.TX_NPL.569._Z.NACE_B.PHNC._Z.TOP6_AUT_GROUPES;2018;2018-01-01;2018-12-31;3,16;2025-03-18T17:10:28+00:00;ACPR;Taux de prêts non performants du secteur des industries extractives;Taux de prêts non performants du secteur des industries extractives;TX_NPL;A;BQ;_Z;569;_Z;RISQUES;TOP6_AUT_GROUPES;NACE_B;PHNC;PC;2;0;N;P1Y;ACPR;E;F;A
ACPR.A.BQ.RISQUES.CREDITS_BRUTS.39._Z.NACE_O.PHNC._Z.TOP6_AUT_GROUPES;2018;2018-01-01;2018-12-31;17,36;2025-03-18T17:10:27+00:00;ACPR;Crédits bruts aux entreprises du secteur de l'administration publique;Crédits bruts aux entreprises du secteur de l'administration publique;CREDITS_BRUTS;A;BQ;_Z;39;_Z;RISQUES;TOP6_AUT_GROUPES;NACE_O;PHNC;EUR;2;9;N;P1Y;ACPR;E;F;A
ACPR.A.BQ.RISQUES.CRED_CLIENT.34._Z.EC.PHNC._Z.TOP6_AUT_GROUPES;2018;2018-01-01;2018-12-31;250,96;2025-03-18T17:10:26+00:00;ACPR;Établissements de crédit (crédits nets);Établissements de crédit (crédits nets);CRED_CLIENT;A;BQ;_Z;34;_Z;RISQUES;TOP6_AUT_GROUPES;EC;PHNC;EUR;2;9;N;P1Y;ACPR;E;F;A
ACPR.A.BQ.RISQUES.TB_FIN_NEGO_DERIVES_CIES9943.51._Z._Z.PHNC._Z._Z;2018;2018-01-01;2018-12-31;68790,4;2025-09-17T10:00:30+00:00;ACPR;Total des dérivés (montants notionnels);Total des dérivés (montants notionnels);TB_FIN_NEGO_DERIVES_CIES9943;A;BQ;_Z;51;_Z;RISQUES;_Z;_Z;PHNC;EUR;2;9;N;P1Y;ACPR;E;F;A
ACPR.A.BQ.RISQUES.CREDITS_BRUTS.39._Z.NACE_J.PHNC._Z.TOP6_AUT_GROUPES;2018;2018-01-01;2018-12-31;36,48;2025-03-18T17:10:27+00:00;ACPR;Crédits bruts aux entreprises du secteur de l'information et communication;Crédits bruts aux entreprises du secteur de l'information et communication;CREDITS_BRUTS;A;BQ;_Z;39;_Z;RISQUES;TOP6_AUT_GROUPES;NACE_J;PHNC;EUR;2;9;N;P1Y;ACPR;E;F;A
ACPR.A.BQ.RISQUES.DERIV_NOTIONNEL_GRE_GRE.47._Z.AUTRES.PHNC._Z.TOP6_AUT_GROUPES;2018;2018-01-01;2018-12-31;3766,28;2025-03-18T17:10:27+00:00;ACPR;Montant notionnels de dérivés de gré à gré avec autres contreparties;Montant notionnels de dérivés de gré à gré avec autres contreparties;DERIV_NOTIONNEL_GRE_GRE;A;BQ;_Z;47;_Z;RISQUES;TOP6_AUT_GROUPES;AUTRES;PHNC;EUR;2;9;N;P1Y;ACPR;E;F;A
ACPR.A.BQ.RISQUES.S3_MCA.662._Z.MENAGES.PHNC._Z.TOP6_AUT_GROUPES;2018;2018-01-01;2018-12-31;52,3;2025-03-31T08:10:38+00:00;ACPR;Encours de prêts et avances (brut comptable) aux ménages en stade 3 - coût amorti;Encours de prêts et avances (brut comptable) aux ménages en stade 3 - coût amorti;S3_MCA;A;BQ;_Z;662;_Z;RISQUES;TOP6_AUT_GROUPES;MENAGES;PHNC;EUR;2;9;N;P1Y;ACPR;E;F;A
ACPR.A.BQ.RISQUES.TB_FIN_NEGO_DERIVES9927.477._Z._Z.PHNC._Z.TOP6_AUT_GROUPES;2018;2018-01-01;2018-12-31;10,4;2025-03-18T17:10:28+00:00;ACPR;Montant à l'actif de dérivés sur crédit;Montant à l'actif de dérivés sur crédit;TB_FIN_NEGO_DERIVES9927;A;BQ;_Z;477;_Z;RISQUES;TOP6_AUT_GROUPES;_Z;PHNC;EUR;2;9;N;P1Y;ACPR;E;F;A
ACPR.A.BQ.RISQUES.CREDITS_BRUTS_MENAGES_ENF_PAYS.40.BE.MENAGES_ENF.PHNC._Z.TOP6_AUT_GROUPES;2018;2018-01-01;2018-12-31;120,32;2025-03-18T17:10:27+00:00;ACPR;Crédits bruts aux ménages et entreprises non financières en Belgique;Crédits bruts aux ménages et entreprises non financières en Belgique;CREDITS_BRUTS_MENAGES_ENF_PAYS;A;BQ;_Z;40;BE;RISQUES;TOP6_AUT_GROUPES;MENAGES_ENF;PHNC;EUR;2;9;N;P1Y;ACPR;E;F;A
ACPR.A.BQ.RISQUES.TX_NPL.569._Z.NACE_O.PHNC._Z.TOP6_AUT_GROUPES;2018;2018-01-01;2018-12-31;0,95;2025-03-18T17:10:29+00:00;ACPR;Taux de prêts non performants du secteur de l'administration publique;Taux de prêts non performants du secteur de l'administration publique;TX_NPL;A;BQ;_Z;569;_Z;RISQUES;TOP6_AUT_GROUPES;NACE_O;PHNC;PC;2;0;N;P1Y;ACPR;E;F;A
ACPR.A.BQ.RISQUES.TX_PROV_NPL.573._Z.GE.PHNC._Z.TOP6_AUT_GROUPES;2018;2018-01-01;2018-12-31;1,75;2025-03-18T17:10:29+00:00;ACPR;Poids des provisions des prêts non performants aux grandes entreprises;Poids des provisions des prêts non performants aux grandes entreprises;TX_PROV_NPL;A;BQ;_Z;573;_Z;RISQUES;TOP6_AUT_GROUPES;GE;PHNC;PC;2;0;N;P1Y;ACPR;E;F;A
ACPR.A.BQ.RISQUES.CRED_CLIENT.34.ES.MENAGES.PHNC._Z.TOP6_AUT_GROUPES;2018;2018-01-01;2018-12-31;19,69;2025-03-18T17:10:27+00:00;ACPR;Crédits aux ménages - Espagne;Crédits aux ménages - Espagne;CRED_CLIENT;A;BQ;_Z;34;ES;RISQUES;TOP6_AUT_GROUPES;MENAGES;PHNC;EUR;2;9;N;P1Y;ACPR;E;F;A
ACPR.A.BQ.RISQUES.TB_FIN_NEGO_DERIVE_CREDIT10000.458._Z._Z.PHNC._Z.TOP6_AUT_GROUPES;2018;2018-01-01;2018-12-31;0,0;2025-03-18T17:10:28+00:00;ACPR;Achats de contrats d'échange de risque de crédit (CDS) En notionnel;Achats de contrats d'échange de risque de crédit (CDS) En notionnel;TB_FIN_NEGO_DERIVE_CREDIT10000;A;BQ;_Z;458;_Z;RISQUES;TOP6_AUT_GROUPES;_Z;PHNC;EUR;2;9;N;P1Y;ACPR;E;F;A
ACPR.A.BQ.RISQUES.CRED_CLIENT.34._Z.ENF.PHNC._Z.TOP6_AUT_GROUPES;2018;2018-01-01;2018-12-31;1457,38;2025-03-18T17:10:26+00:00;ACPR;Entreprises non financières (crédits nets);Entreprises non financières (crédits nets);CRED_CLIENT;A;BQ;_Z;34;_Z;RISQUES;TOP6_AUT_GROUPES;ENF;PHNC;EUR;2;9;N;P1Y;ACPR;E;F;A
ACPR.A.BQ.RISQUES.CREDITS_BRUTS.39._Z.NACE_Q.PHNC._Z.TOP6_AUT_GROUPES;2018;2018-01-01;2018-12-31;31,02;2025-03-18T17:10:27+00:00;ACPR;Crédits bruts aux entreprises du secteur de la santé humaine et action sociale;Crédits bruts aux entreprises du secteur de la santé humaine et action sociale;CREDITS_BRUTS;A;BQ;_Z;39;_Z;RISQUES;TOP6_AUT_GROUPES;NACE_Q;PHNC;EUR;2;9;N;P1Y;ACPR;E;F;A
ACPR.A.BQ.RISQUES.CRED_CLIENT.34._Z.NACE_S.PHNC._Z.TOP6_AUT_GROUPES;2018;2018-01-01;2018-12-31;100,35;2025-03-18T17:10:27+00:00;ACPR;Crédits au secteur des autres activités de services;Crédits au secteur des autres activités de services;CRED_CLIENT;A;BQ;_Z;34;_Z;RISQUES;TOP6_AUT_GROUPES;NACE_S;PHNC;EUR;2;9;N;P1Y;ACPR;E;F;A
ACPR.A.BQ.RISQUES.CRED_CLIENT.34.LU.MENAGES.PHNC._Z.TOP6_AUT_GROUPES;2018;2018-01-01;2018-12-31;9,56;2025-03-18T17:10:27+00:00;ACPR;Crédits aux ménages - Luxembourg;Crédits aux ménages - Luxembourg;CRED_CLIENT;A;BQ;_Z;34;LU;RISQUES;TOP6_AUT_GROUPES;MENAGES;PHNC;EUR;2;9;N;P1Y;ACPR;E;F;A
ACPR.A.BQ.RISQUES.TX_PROV.572._Z.NACE_K.PHNC._Z.TOP6_AUT_GROUPES;2018;2018-01-01;2018-12-31;0,0;2025-03-18T17:10:29+00:00;ACPR;Taux de provisionnement du secteur des activité financières et d'assurance;Taux de provisionnement du secteur des activité financières et d'assurance;TX_PROV;A;BQ;_Z;572;_Z;RISQUES;TOP6_AUT_GROUPES;NACE_K;PHNC;PC;2;0;N;P1Y;ACPR;E;F;A
ACPR.A.BQ.RISQUES.TX_PROV.572._Z.NACE_R.PHNC._Z.TOP6_AUT_GROUPES;2018;2018-01-01;2018-12-31;65,05;2025-03-18T17:10:29+00:00;ACPR;Taux de provisionnement du secteur des arts, spectacles et activités récréatives;Taux de provisionnement du secteur des arts, spectacles et activités récréatives;TX_PROV;A;BQ;_Z;572;_Z;RISQUES;TOP6_AUT_GROUPES;NACE_R;PHNC;PC;2;0;N;P1Y;ACPR;E;F;A
ACPR.A.BQ.RISQUES.TX_PROV_NPL.573._Z.MENAGES.PHNC._Z.TOP6_AUT_GROUPES;2018;2018-01-01;2018-12-31;1,61;2025-03-18T17:10:29+00:00;ACPR;Poids des provisions des prêts non performants aux ménages;Poids des provisions des prêts non performants aux ménages;TX_PROV_NPL;A;BQ;_Z;573;_Z;RISQUES;TOP6_AUT_GROUPES;MENAGES;PHNC;PC;2;0;N;P1Y;ACPR;E;F;A
ACPR.A.BQ.RISQUES.S1_ENFCA.660._Z.ENF.PHNC._Z.TOP6_AUT_GROUPES;2018;2018-01-01;2018-12-31;1246,33;2025-03-31T08:10:38+00:00;ACPR;Encours de prêts et avances (brut comptable) aux entreprises non financières en stade 1 - coût amorti;Encours de prêts et avances (brut comptable) aux entreprises non financières en stade 1 - coût amorti;S1_ENFCA;A;BQ;_Z;660;_Z;RISQUES;TOP6_AUT_GROUPES;ENF;PHNC;EUR;2;9;N;P1Y;ACPR;E;F;A
ACPR.A.BQ.RISQUES.S1_ENFCA_BASE100.660._Z.ENF.PHNC._Z.TOP6_AUT_GROUPES;2018;2018-01-01;2018-12-31;91,91;2025-10-22T14:00:31+00:00;ACPR;Encours de prêts et avances (brut comptable) aux entreprises non financières en stade 1 - coût amorti - base 100;Encours de prêts et avances (brut comptable) aux entreprises non financières en stade 1 - coût amorti - base 100;S1_ENFCA_BASE100;A;BQ;_Z;660;_Z;RISQUES;TOP6_AUT_GROUPES;ENF;PHNC;PC;2;0;N;P1Y;ACPR;E;F;A
ACPR.A.BQ.RISQUES.CRED_CLIENT.34.IT.ENF.PHNC._Z.TOP6_AUT_GROUPES;2018;2018-01-01;2018-12-31;82,3;2025-03-18T17:10:27+00:00;ACPR;Crédits aux entreprises non financières - Italie;Crédits aux entreprises non financières - Italie;CRED_CLIENT;A;BQ;_Z;34;IT;RISQUES;TOP6_AUT_GROUPES;ENF;PHNC;EUR;2;9;N;P1Y;ACPR;E;F;A
ACPR.A.BQ.RISQUES.CREDITS_BRUTS_MENAGES_ENF_PAYS.40.ES.MENAGES_ENF.PHNC._Z.TOP6_AUT_GROUPES;2018;2018-01-01;2018-12-31;44,04;2025-03-18T17:10:27+00:00;ACPR;Crédits bruts aux ménages et entreprises non financières en Espagne;Crédits bruts aux ménages et entreprises non financières en Espagne;CREDITS_BRUTS_MENAGES_ENF_PAYS;A;BQ;_Z;40;ES;RISQUES;TOP6_AUT_GROUPES;MENAGES_ENF;PHNC;EUR;2;9;N;P1Y;ACPR;E;F;A
ACPR.A.BQ.RISQUES.CRED_CLIENT.34._Z.MENAGES.PHNC._Z.TOP6_AUT_GROUPES;2018;2018-01-01;2018-12-31;1720,85;2025-03-18T17:10:26+00:00;ACPR;Ménages (crédits nets);Ménages (crédits nets);CRED_CLIENT;A;BQ;_Z;34;_Z;RISQUES;TOP6_AUT_GROUPES;MENAGES;PHNC;EUR;2;9;N;P1Y;ACPR;E;F;A
ACPR.A.BQ.RISQUES.TX_NPL.569._Z.GE.PHNC._Z.TOP6_AUT_GROUPES;2018;2018-01-01;2018-12-31;3,39;2025-03-18T17:10:28+00:00;ACPR;Taux de prêts non performants aux grandes entreprises;Taux de prêts non performants aux grandes entreprises;TX_NPL;A;BQ;_Z;569;_Z;RISQUES;TOP6_AUT_GROUPES;GE;PHNC;PC;2;0;N;P1Y;ACPR;E;F;A
ACPR.A.BQ.RISQUES.TB_FIN_NEGO_DERIVE_CREDIT10005.461._Z._Z.PHNC._Z.TOP6_AUT_GROUPES;2018;2018-01-01;2018-12-31;1,48;2025-03-18T17:10:28+00:00;ACPR;Vente de dérivés de crédit sur transfert de rendement (Total return swaps) En notionnel;Vente de dérivés de crédit sur transfert de rendement (Total return swaps) En notionnel;TB_FIN_NEGO_DERIVE_CREDIT10005;A;BQ;_Z;461;_Z;RISQUES;TOP6_AUT_GROUPES;_Z;PHNC;EUR;2;9;N;P1Y;ACPR;E;F;A
ACPR.A.BQ.RISQUES.TB_FIN_NEGO_PART_OPTION9961.489._Z._Z.PHNC._Z.TOP6_AUT_GROUPES;2018;2018-01-01;2018-12-31;77,31;2025-03-18T17:10:28+00:00;ACPR;Options de gré à gré sur Capitaux propres (somme actif et passif);Options de gré à gré sur Capitaux propres (somme actif et passif);TB_FIN_NEGO_PART_OPTION9961;A;BQ;_Z;489;_Z;RISQUES;TOP6_AUT_GROUPES;_Z;PHNC;EUR;2;9;N;P1Y;ACPR;E;F;A
ACPR.A.BQ.RISQUES.TX_NPL.569._Z.NACE_M.PHNC._Z.TOP6_AUT_GROUPES;2018;2018-01-01;2018-12-31;3,16;2025-03-18T17:10:29+00:00;ACPR;Taux de prêts non performants du secteur des activités spécialisées, scientifiques et techniques;Taux de prêts non performants du secteur des activités spécialisées, scientifiques et techniques;TX_NPL;A;BQ;_Z;569;_Z;RISQUES;TOP6_AUT_GROUPES;NACE_M;PHNC;PC;2;0;N;P1Y;ACPR;E;F;A
ACPR.A.BQ.RISQUES.TX_NPL_APRES_PROV.570._Z.ENF.PHNC._Z.TOP6_AUT_GROUPES;2018;2018-01-01;2018-12-31;2,1;2025-03-18T17:10:29+00:00;ACPR;Poids des prêts non performants nets des provisions aux entreprises non financières;Poids des prêts non performants nets des provisions aux entreprises non financières;TX_NPL_APRES_PROV;A;BQ;_Z;570;_Z;RISQUES;TOP6_AUT_GROUPES;ENF;PHNC;PC;2;0;N;P1Y;ACPR;E;F;A
ACPR.A.BQ.RISQUES.TX_NPL_APRES_PROV.570._Z.PME.PHNC._Z.TOP6_AUT_GROUPES;2018;2018-01-01;2018-12-31;2,79;2025-03-18T17:10:29+00:00;ACPR;Poids des prêts non performants nets des provisions aux PME;Poids des prêts non performants nets des provisions aux PME;TX_NPL_APRES_PROV;A;BQ;_Z;570;_Z;RISQUES;TOP6_AUT_GROUPES;PME;PHNC;PC;2;0;N;P1Y;ACPR;E;F;A
ACPR.A.BQ.RISQUES.TX_PROV.572._Z.NACE_A.PHNC._Z.TOP6_AUT_GROUPES;2018;2018-01-01;2018-12-31;79,39;2025-03-18T17:10:29+00:00;ACPR;Taux de provisionnement du secteur de l'agriculture, sylviculture et pêche;Taux de provisionnement du secteur de l'agriculture, sylviculture et pêche;TX_PROV;A;BQ;_Z;572;_Z;RISQUES;TOP6_AUT_GROUPES;NACE_A;PHNC;PC;2;0;N;P1Y;ACPR;E;F;A
ACPR.A.BQ.RISQUES.TX_PROV.572._Z.NACE_G.PHNC._Z.TOP6_AUT_GROUPES;2018;2018-01-01;2018-12-31;74,61;2025-03-18T17:10:29+00:00;ACPR;Taux de provisionnement du secteur du commerce;Taux de provisionnement du secteur du commerce;TX_PROV;A;BQ;_Z;572;_Z;RISQUES;TOP6_AUT_GROUPES;NACE_G;PHNC;PC;2;0;N;P1Y;ACPR;E;F;A
ACPR.A.BQ.RISQUES.TX_PROV.572.FR.MENAGES_ENF.PHNC._Z.TOP6_AUT_GROUPES;2018;2018-01-01;2018-12-31;66,61;2025-03-18T17:10:29+00:00;ACPR;Taux de provisionnement en France;Taux de provisionnement en France;TX_PROV;A;BQ;_Z;572;FR;RISQUES;TOP6_AUT_GROUPES;MENAGES_ENF;PHNC;PC;2;0;N;P1Y;ACPR;E;F;A
ACPR.A.BQ.RISQUES.TX_NPL.569._Z.MENAGES.PHNC._Z.TOP6_AUT_GROUPES;2018;2018-01-01;2018-12-31;3,23;2025-03-18T17:10:28+00:00;ACPR;Taux de prêts non performants aux ménages;Taux de prêts non performants aux ménages;TX_NPL;A;BQ;_Z;569;_Z;RISQUES;TOP6_AUT_GROUPES;MENAGES;PHNC;PC;2;0;N;P1Y;ACPR;E;F;A
ACPR.A.BQ.RISQUES.TX_PROV.572.LU.MENAGES_ENF.PHNC._Z.TOP6_AUT_GROUPES;2018;2018-01-01;2018-12-31;38,1;2025-03-18T17:10:29+00:00;ACPR;Taux de provisionnement au Luxembourg;Taux de provisionnement au Luxembourg;TX_PROV;A;BQ;_Z;572;LU;RISQUES;TOP6_AUT_GROUPES;MENAGES_ENF;PHNC;PC;2;0;N;P1Y;ACPR;E;F;A
ACPR.A.BQ.RISQUES.CRED_CLIENT.34.GB.ENF.PHNC._Z.TOP6_AUT_GROUPES;2018;2018-01-01;2018-12-31;40,51;2025-03-18T17:10:27+00:00;ACPR;Crédits aux entreprises non financières - Royaume-Uni;Crédits aux entreprises non financières - Royaume-Uni;CRED_CLIENT;A;BQ;_Z;34;GB;RISQUES;TOP6_AUT_GROUPES;ENF;PHNC;EUR;2;9;N;P1Y;ACPR;E;F;A
ACPR.A.BQ.RISQUES.DERIV_ACTIF_GRE_GRE.45._Z.EF.PHNC._Z.TOP6_AUT_GROUPES;2018;2018-01-01;2018-12-31;117,68;2025-03-18T17:10:27+00:00;ACPR;Montant à l'actif de dérivés de gré à gré avec autres entreprises financières;Dérivés de gré à gré (Actifs) avec autres entreprises financières;DERIV_ACTIF_GRE_GRE;A;BQ;_Z;45;_Z;RISQUES;TOP6_AUT_GROUPES;EF;PHNC;EUR;2;9;N;P1Y;ACPR;E;F;A
ACPR.A.BQ.RISQUES.GB_FIN_NEGO_COURT9872.184._Z._Z.PHNC._Z.TOP6_AUT_GROUPES;2018;2018-01-01;2018-12-31;27,81;2025-03-18T17:10:28+00:00;ACPR;Positions courtes sur Instruments de capitaux propres;Positions courtes sur Instruments de capitaux propres;GB_FIN_NEGO_COURT9872;A;BQ;_Z;184;_Z;RISQUES;TOP6_AUT_GROUPES;_Z;PHNC;EUR;2;9;N;P1Y;ACPR;E;F;A
ACPR.A.BQ.RISQUES.TB_FIN_NEGO_DERIVE_CREDIT10020.472._Z._Z.PHNC._Z.TOP6_AUT_GROUPES;2018;2018-01-01;2018-12-31;0,94;2025-03-18T17:10:28+00:00;ACPR;Autres dérivés de crédit au passif;Autres dérivés de crédit au passif;TB_FIN_NEGO_DERIVE_CREDIT10020;A;BQ;_Z;472;_Z;RISQUES;TOP6_AUT_GROUPES;_Z;PHNC;EUR;2;9;N;P1Y;ACPR;E;F;A
ACPR.A.BQ.RISQUES.TB_FIN_NEGO_VENTE_OPTION9981.497._Z._Z.PHNC._Z.TOP6_AUT_GROUPES;2018;2018-01-01;2018-12-31;1288,03;2025-03-18T17:10:28+00:00;ACPR;Ventes d'options sur Capitaux propres;Ventes d'options sur Capitaux propres;TB_FIN_NEGO_VENTE_OPTION9981;A;BQ;_Z;497;_Z;RISQUES;TOP6_AUT_GROUPES;_Z;PHNC;EUR;2;9;N;P1Y;ACPR;E;F;A
ACPR.A.BQ.RISQUES.TX_NPL.569._Z.NACE_A.PHNC._Z.TOP6_AUT_GROUPES;2018;2018-01-01;2018-12-31;4,69;2025-03-18T17:10:28+00:00;ACPR;Taux de prêts non performants du secteur de l'agriculture, sylviculture et pêche;Taux de prêts non performants du secteur de l'agriculture, sylviculture et pêche;TX_NPL;A;BQ;_Z;569;_Z;RISQUES;TOP6_AUT_GROUPES;NACE_A;PHNC;PC;2;0;N;P1Y;ACPR;E;F;A
ACPR.A.BQ.RISQUES.TX_PROV.572._Z.NACE_E.PHNC._Z.TOP6_AUT_GROUPES;2018;2018-01-01;2018-12-31;47,03;2025-03-18T17:10:29+00:00;ACPR;Taux de provisionnement du secteur de la production et distribution d'eau;Taux de provisionnement du secteur de la production et distribution d'eau;TX_PROV;A;BQ;_Z;572;_Z;RISQUES;TOP6_AUT_GROUPES;NACE_E;PHNC;PC;2;0;N;P1Y;ACPR;E;F;A
ACPR.A.BQ.RISQUES.DERIV_ACTIF_GRE_GRE.45._Z.AUTRES.PHNC._Z.TOP6_AUT_GROUPES;2018;2018-01-01;2018-12-31;94,75;2025-03-18T17:10:27+00:00;ACPR;Montant à l'actif de dérivés de gré à gré avec autres contreparties;Dérivés de gré à gré (Actifs) avec autres contreparties;DERIV_ACTIF_GRE_GRE;A;BQ;_Z;45;_Z;RISQUES;TOP6_AUT_GROUPES;AUTRES;PHNC;EUR;2;9;N;P1Y;ACPR;E;F;A
ACPR.A.BQ.RISQUES.CRED_CLIENT.34._Z.APU.PHNC._Z.TOP6_AUT_GROUPES;2018;2018-01-01;2018-12-31;390,64;2025-03-18T17:10:26+00:00;ACPR;Administrations publiques (crédits nets);Administrations publiques (crédits nets);CRED_CLIENT;A;BQ;_Z;34;_Z;RISQUES;TOP6_AUT_GROUPES;APU;PHNC;EUR;2;9;N;P1Y;ACPR;E;F;A
ACPR.A.BQ.RISQUES.TB_FIN_NEGO_PART_OPTION9967.493._Z._Z.PHNC._Z.TOP6_AUT_GROUPES;2018;2018-01-01;2018-12-31;255,91;2025-03-18T17:10:28+00:00;ACPR;Dérivés sur Change et or (somme actif et passif);Dérivés sur Change et or (somme actif et passif);TB_FIN_NEGO_PART_OPTION9967;A;BQ;_Z;493;_Z;RISQUES;TOP6_AUT_GROUPES;_Z;PHNC;EUR;2;9;N;P1Y;ACPR;E;F;A
ACPR.A.BQ.RISQUES.TX_PROV.572._Z.NACE_D.PHNC._Z.TOP6_AUT_GROUPES;2018;2018-01-01;2018-12-31;75,16;2025-03-18T17:10:29+00:00;ACPR;Taux de provisionnement du secteur de l'électricité, gaz, vapeur et air conditionné;Taux de provisionnement du secteur de l'électricité, gaz, vapeur et air conditionné;TX_PROV;A;BQ;_Z;572;_Z;RISQUES;TOP6_AUT_GROUPES;NACE_D;PHNC;PC;2;0;N;P1Y;ACPR;E;F;A
ACPR.A.BQ.RISQUES.CRED_TOTAL.37._Z.MENAGES.SOLO._Z.TOTAL_SECTEUR;2018;2018-01-01;2018-12-31;1254,37;2025-09-17T10:00:27+00:00;ACPR;Crédits aux ménages résidents;Crédits aux ménages résidents;CRED_TOTAL;A;BQ;_Z;37;_Z;RISQUES;TOTAL_SECTEUR;MENAGES;SOLO;EUR;2;9;N;P1Y;ACPR;E;F;A
ACPR.A.BQ.RISQUES.CRED_TOTAL.37._Z.SNF.SOLO._Z.TOTAL_SECTEUR;2018;2018-01-01;2018-12-31;855,41;2025-09-17T10:00:28+00:00;ACPR;Crédits aux sociétés non financières résidentes;Crédits aux sociétés non financières résidentes;CRED_TOTAL;A;BQ;_Z;37;_Z;RISQUES;TOTAL_SECTEUR;SNF;SOLO;EUR;2;9;N;P1Y;ACPR;E;F;A
ACPR.A.BQ.RISQUES.TX_PROV.572._Z.NACE_L.PHNC._Z.TOP6_AUT_GROUPES;2018;2018-01-01;2018-12-31;56,11;2025-03-18T17:10:29+00:00;ACPR;Taux de provisionnement du secteur des activités immobilières;Taux de provisionnement du secteur des activités immobilières;TX_PROV;A;BQ;_Z;572;_Z;RISQUES;TOP6_AUT_GROUPES;NACE_L;PHNC;PC;2;0;N;P1Y;ACPR;E;F;A
ACPR.A.BQ.RISQUES.CRED_CLIENT.34.PL.MENAGES.PHNC._Z.TOP6_AUT_GROUPES;2018;2018-01-01;2018-12-31;9,35;2025-03-18T17:10:27+00:00;ACPR;Crédits aux ménages - Pologne;Crédits aux ménages - Pologne;CRED_CLIENT;A;BQ;_Z;34;PL;RISQUES;TOP6_AUT_GROUPES;MENAGES;PHNC;EUR;2;9;N;P1Y;ACPR;E;F;A
ACPR.A.BQ.RISQUES.CRED_CLIENT.34.BE.ENF.PHNC._Z.TOP6_AUT_GROUPES;2018;2018-01-01;2018-12-31;48,34;2025-03-18T17:10:27+00:00;ACPR;Crédits aux entreprises non financières - Belgique;Crédits aux entreprises non financières - Belgique;CRED_CLIENT;A;BQ;_Z;34;BE;RISQUES;TOP6_AUT_GROUPES;ENF;PHNC;EUR;2;9;N;P1Y;ACPR;E;F;A
ACPR.A.BQ.RISQUES.CRED_CLIENT.34.FR.MENAGES.PHNC._Z.TOP6_AUT_GROUPES;2018;2018-01-01;2018-12-31;1249,02;2025-03-18T17:10:27+00:00;ACPR;Crédits aux ménages - France;Crédits aux ménages - France;CRED_CLIENT;A;BQ;_Z;34;FR;RISQUES;TOP6_AUT_GROUPES;MENAGES;PHNC;EUR;2;9;N;P1Y;ACPR;E;F;A
ACPR.A.BQ.RISQUES.CREDITS_BRUTS.39._Z.NACE_N.PHNC._Z.TOP6_AUT_GROUPES;2018;2018-01-01;2018-12-31;66,0;2025-03-18T17:10:27+00:00;ACPR;Crédits bruts aux entreprises du secteur de l'activité de services administratifs et de soutien;Crédits bruts aux entreprises du secteur de l'activité de services administratifs et de soutien;CREDITS_BRUTS;A;BQ;_Z;39;_Z;RISQUES;TOP6_AUT_GROUPES;NACE_N;PHNC;EUR;2;9;N;P1Y;ACPR;E;F;A
ACPR.A.BQ.RISQUES.CRED_TOTAL.37._Z._Z.SOLO._Z.TOTAL_SECTEUR;2018;2018-01-01;2018-12-31;2289,63;2025-09-17T10:00:27+00:00;ACPR;Crédits à l'ensemble de la clientèle non financière résidente;Crédits à l'ensemble de la clientèle non financière résidente;CRED_TOTAL;A;BQ;_Z;37;_Z;RISQUES;TOTAL_SECTEUR;_Z;SOLO;EUR;2;9;N;P1Y;ACPR;E;F;A
ACPR.A.BQ.RISQUES.CRED_CLIENT.34._Z.NACE_H.PHNC._Z.TOP6_AUT_GROUPES;2018;2018-01-01;2018-12-31;88,02;2025-03-18T17:10:26+00:00;ACPR;Crédits au secteur du transports et entreposage;Crédits au secteur du transports et entreposage;CRED_CLIENT;A;BQ;_Z;34;_Z;RISQUES;TOP6_AUT_GROUPES;NACE_H;PHNC;EUR;2;9;N;P1Y;ACPR;E;F;A
ACPR.A.BQ.RISQUES.CRED_CLIENT.34.DE.ENF.PHNC._Z.TOP6_AUT_GROUPES;2018;2018-01-01;2018-12-31;39,79;2025-03-18T17:10:27+00:00;ACPR;Crédits aux entreprises non financières - Allemagne;Crédits aux entreprises non financières - Allemagne;CRED_CLIENT;A;BQ;_Z;34;DE;RISQUES;TOP6_AUT_GROUPES;ENF;PHNC;EUR;2;9;N;P1Y;ACPR;E;F;A
ACPR.A.BQ.RISQUES.ACT_PTF_NEGO.3._Z._Z.PHNC._Z.TOP6_AUT_GROUPES;2018;2018-01-01;2018-12-31;113,6;2025-03-18T17:10:26+00:00;ACPR;Instruments de capitaux propres dans le portefeuille de négociation;Instruments de capitaux propres dans le portefeuille de négociation;ACT_PTF_NEGO;A;BQ;_Z;3;_Z;RISQUES;TOP6_AUT_GROUPES;_Z;PHNC;EUR;2;9;N;P1Y;ACPR;E;F;A
ACPR.A.BQ.RISQUES.CREDITS_BRUTS.39._Z.NACE_P.PHNC._Z.TOP6_AUT_GROUPES;2018;2018-01-01;2018-12-31;5,24;2025-03-18T17:10:27+00:00;ACPR;Crédits bruts aux entreprises du secteur de l'enseignement;Crédits bruts aux entreprises du secteur de l'enseignement;CREDITS_BRUTS;A;BQ;_Z;39;_Z;RISQUES;TOP6_AUT_GROUPES;NACE_P;PHNC;EUR;2;9;N;P1Y;ACPR;E;F;A
ACPR.A.BQ.RISQUES.TB_FIN_NEGO_DERIVE_CREDIT10002.459._Z._Z.PHNC._Z.TOP6_AUT_GROUPES;2018;2018-01-01;2018-12-31;46,33;2025-03-18T17:10:28+00:00;ACPR;Vente de options sur écart de crédit (CDS) En notionnel;Vente de options sur écart de crédit (CDS) En notionnel;TB_FIN_NEGO_DERIVE_CREDIT10002;A;BQ;_Z;459;_Z;RISQUES;TOP6_AUT_GROUPES;_Z;PHNC;EUR;2;9;N;P1Y;ACPR;E;F;A
ACPR.A.BQ.RISQUES.TX_PROV.572._Z.NACE_J.PHNC._Z.TOP6_AUT_GROUPES;2018;2018-01-01;2018-12-31;42,74;2025-03-18T17:10:29+00:00;ACPR;Taux de provisionnement du secteur de l'information et communication;Taux de provisionnement du secteur de l'information et communication;TX_PROV;A;BQ;_Z;572;_Z;RISQUES;TOP6_AUT_GROUPES;NACE_J;PHNC;PC;2;0;N;P1Y;ACPR;E;F;A
ACPR.A.BQ.RISQUES.DERIV_NOTIONNEL_ORGA.48._Z._Z.PHNC._Z.TOP6_AUT_GROUPES;2018;2018-01-01;2018-12-31;8869,4;2025-03-18T17:10:27+00:00;ACPR;Montant notionnels de dérivés sur marchés organisés;Montant notionnels de dérivés sur marchés organisés;DERIV_NOTIONNEL_ORGA;A;BQ;_Z;48;_Z;RISQUES;TOP6_AUT_GROUPES;_Z;PHNC;EUR;2;9;N;P1Y;ACPR;E;F;A
ACPR.A.BQ.RISQUES.TX_NPL.569.PL.MENAGES_ENF.PHNC._Z.TOP6_AUT_GROUPES;2018;2018-01-01;2018-12-31;4,94;2025-03-18T17:10:29+00:00;ACPR;Taux de prêts non performants en Pologne;Taux de prêts non performants en Pologne;TX_NPL;A;BQ;_Z;569;PL;RISQUES;TOP6_AUT_GROUPES;MENAGES_ENF;PHNC;PC;2;0;N;P1Y;ACPR;E;F;A
ACPR.A.BQ.RISQUES.LOANS_PTF_NEGO.222._Z.ENF.PHNC._Z.TOP6_AUT_GROUPES;2018;2018-01-01;2018-12-31;31,95;2025-03-18T17:10:28+00:00;ACPR;Prêts aux Entreprises non financières dans le portefeuille de négociation;Prêts aux Entreprises non financières dans le portefeuille de négociation;LOANS_PTF_NEGO;A;BQ;_Z;222;_Z;RISQUES;TOP6_AUT_GROUPES;ENF;PHNC;EUR;2;9;N;P1Y;ACPR;E;F;A
ACPR.A.BQ.RISQUES.LOANS_PTF_NEGO.222._Z.MENAGES.PHNC._Z.TOP6_AUT_GROUPES;2018;2018-01-01;2018-12-31;0,05;2025-03-18T17:10:28+00:00;ACPR;Prêts aux Ménages dans le portefeuille de négociation;Prêts aux Ménages dans le portefeuille de négociation;LOANS_PTF_NEGO;A;BQ;_Z;222;_Z;RISQUES;TOP6_AUT_GROUPES;MENAGES;PHNC;EUR;2;9;N;P1Y;ACPR;E;F;A
ACPR.A.BQ.RISQUES.TB_FIN_NEGO_VENTE_OPTION9991.501._Z._Z.PHNC._Z.TOP6_AUT_GROUPES;2018;2018-01-01;2018-12-31;2439,69;2025-03-18T17:10:28+00:00;ACPR;Options achats et ventes sur Capitaux propres;Options achats et ventes sur Capitaux propres;TB_FIN_NEGO_VENTE_OPTION9991;A;BQ;_Z;501;_Z;RISQUES;TOP6_AUT_GROUPES;_Z;PHNC;EUR;2;9;N;P1Y;ACPR;E;F;A
ACPR.A.BQ.RISQUES.CRED_CLIENT.34._Z.NACE_O.PHNC._Z.TOP6_AUT_GROUPES;2018;2018-01-01;2018-12-31;17,21;2025-03-18T17:10:27+00:00;ACPR;Crédits au secteur de l'administration publique;Crédits au secteur de l'administration publique;CRED_CLIENT;A;BQ;_Z;34;_Z;RISQUES;TOP6_AUT_GROUPES;NACE_O;PHNC;EUR;2;9;N;P1Y;ACPR;E;F;A
ACPR.A.BQ.RISQUES.CRED_CLIENT.34.BE.MENAGES.PHNC._Z.TOP6_AUT_GROUPES;2018;2018-01-01;2018-12-31;70,13;2025-03-18T17:10:27+00:00;ACPR;Crédits aux ménages - Belgique;Crédits aux ménages - Belgique;CRED_CLIENT;A;BQ;_Z;34;BE;RISQUES;TOP6_AUT_GROUPES;MENAGES;PHNC;EUR;2;9;N;P1Y;ACPR;E;F;A
ACPR.A.BQ.RISQUES.TX_NPL.569.GB.MENAGES_ENF.PHNC._Z.TOP6_AUT_GROUPES;2018;2018-01-01;2018-12-31;2,09;2025-03-18T17:10:29+00:00;ACPR;Taux de prêts non performants au Royaume uni;Taux de prêts non performants au Royaume uni;TX_NPL;A;BQ;_Z;569;GB;RISQUES;TOP6_AUT_GROUPES;MENAGES_ENF;PHNC;PC;2;0;N;P1Y;ACPR;E;F;A
ACPR.A.BQ.RISQUES.TB_FIN_NEGO_PART_OPTION9966.492._Z._Z.PHNC._Z.TOP6_AUT_GROUPES;2018;2018-01-01;2018-12-31;145,18;2025-03-18T17:10:28+00:00;ACPR;Dérivés sur Capitaux propres (somme actif et passif);Dérivés sur Capitaux propres (somme actif et passif);TB_FIN_NEGO_PART_OPTION9966;A;BQ;_Z;492;_Z;RISQUES;TOP6_AUT_GROUPES;_Z;PHNC;EUR;2;9;N;P1Y;ACPR;E;F;A
ACPR.A.BQ.RISQUES.S2_MCA_BASE100.661._Z.MENAGES.PHNC._Z.TOP6_AUT_GROUPES;2018;2018-01-01;2018-12-31;102,44;2025-10-22T14:00:31+00:00;ACPR;Encours de prêts et avances (brut comptable) aux ménages en stade 2 - coût amorti - base 100;Encours de prêts et avances (brut comptable) aux ménages en stade 2 - coût amorti - base 100;S2_MCA_BASE100;A;BQ;_Z;661;_Z;RISQUES;TOP6_AUT_GROUPES;MENAGES;PHNC;PC;2;0;N;P1Y;ACPR;E;F;A
ACPR.A.BQ.RISQUES.LOANS_PTF_NEGO.222._Z.EF.PHNC._Z.TOP6_AUT_GROUPES;2018;2018-01-01;2018-12-31;306,37;2025-03-18T17:10:28+00:00;ACPR;Prêts aux autres entreprises financières dans le portefeuille de négociation;Prêts aux autres entreprises financières dans le portefeuille de négociation;LOANS_PTF_NEGO;A;BQ;_Z;222;_Z;RISQUES;TOP6_AUT_GROUPES;EF;PHNC;EUR;2;9;N;P1Y;ACPR;E;F;A
ACPR.A.BQ.RISQUES.LOANS_PTF_NEGO.222._Z.EC.PHNC._Z.TOP6_AUT_GROUPES;2018;2018-01-01;2018-12-31;172,96;2025-03-18T17:10:28+00:00;ACPR;Prêts aux Établissements de crédit dans le portefeuille de négociation;Prêts aux Établissements de crédit dans le portefeuille de négociation;LOANS_PTF_NEGO;A;BQ;_Z;222;_Z;RISQUES;TOP6_AUT_GROUPES;EC;PHNC;EUR;2;9;N;P1Y;ACPR;E;F;A
ACPR.A.BQ.RISQUES.TB_FIN_NEGO_DERIVE_CREDIT10009.464._Z._Z.PHNC._Z.TOP6_AUT_GROUPES;2018;2018-01-01;2018-12-31;27,17;2025-03-18T17:10:28+00:00;ACPR;Achats de autres dérivés de crédit En notionnel;Achats de autres dérivés de crédit En notionnel;TB_FIN_NEGO_DERIVE_CREDIT10009;A;BQ;_Z;464;_Z;RISQUES;TOP6_AUT_GROUPES;_Z;PHNC;EUR;2;9;N;P1Y;ACPR;E;F;A
ACPR.A.BQ.RISQUES.TX_NPL.569._Z.NACE_J.PHNC._Z.TOP6_AUT_GROUPES;2018;2018-01-01;2018-12-31;5,61;2025-03-18T17:10:28+00:00;ACPR;Taux de prêts non performants du secteur de l'information et communication;Taux de prêts non performants du secteur de l'information et communication;TX_NPL;A;BQ;_Z;569;_Z;RISQUES;TOP6_AUT_GROUPES;NACE_J;PHNC;PC;2;0;N;P1Y;ACPR;E;F;A
ACPR.A.BQ.RISQUES.TX_NPL.569._Z.NACE_R.PHNC._Z.TOP6_AUT_GROUPES;2018;2018-01-01;2018-12-31;5,38;2025-03-18T17:10:29+00:00;ACPR;Taux de prêts non performants du secteur des arts, spectacles et activités récréatives;Taux de prêts non performants du secteur des arts, spectacles et activités récréatives;TX_NPL;A;BQ;_Z;569;_Z;RISQUES;TOP6_AUT_GROUPES;NACE_R;PHNC;PC;2;0;N;P1Y;ACPR;E;F;A
ACPR.A.BQ.RISQUES.TX_NPL.569.BE.MENAGES_ENF.PHNC._Z.TOP6_AUT_GROUPES;2018;2018-01-01;2018-12-31;2,44;2025-03-18T17:10:29+00:00;ACPR;Taux de prêts non performants en Belgique;Taux de prêts non performants en Belgique;TX_NPL;A;BQ;_Z;569;BE;RISQUES;TOP6_AUT_GROUPES;MENAGES_ENF;PHNC;PC;2;0;N;P1Y;ACPR;E;F;A
ACPR.A.BQ.RISQUES.TX_NPL.569.US.MENAGES_ENF.PHNC._Z.TOP6_AUT_GROUPES;2018;2018-01-01;2018-12-31;1,31;2025-03-18T17:10:29+00:00;ACPR;Taux de prêts non performants aux Etats-Unis;Taux de prêts non performants aux Etats-Unis;TX_NPL;A;BQ;_Z;569;US;RISQUES;TOP6_AUT_GROUPES;MENAGES_ENF;PHNC;PC;2;0;N;P1Y;ACPR;E;F;A
ACPR.A.BQ.RISQUES.TX_PROV.572._Z.GE.PHNC._Z.TOP6_AUT_GROUPES;2018;2018-01-01;2018-12-31;51,66;2025-03-18T17:10:29+00:00;ACPR;Taux de provisionnement aux grandes entreprises;Taux de provisionnement aux grandes entreprises;TX_PROV;A;BQ;_Z;572;_Z;RISQUES;TOP6_AUT_GROUPES;GE;PHNC;PC;2;0;N;P1Y;ACPR;E;F;A
ACPR.A.BQ.RISQUES.TX_PROV.572._Z.NACE_F.PHNC._Z.TOP6_AUT_GROUPES;2018;2018-01-01;2018-12-31;64,42;2025-03-18T17:10:29+00:00;ACPR;Taux de provisionnement du secteur de la construction;Taux de provisionnement du secteur de la construction;TX_PROV;A;BQ;_Z;572;_Z;RISQUES;TOP6_AUT_GROUPES;NACE_F;PHNC;PC;2;0;N;P1Y;ACPR;E;F;A
ACPR.A.BQ.RISQUES.DERIV_ACTIF_GRE_GRE.45._Z.EC.PHNC._Z.TOP6_AUT_GROUPES;2018;2018-01-01;2018-12-31;291,59;2025-03-18T17:10:27+00:00;ACPR;Montant à l'actif de dérivés de gré à gré avec établissements de crédit;Dérivés de gré à gré (Actifs) avec établissements de crédit;DERIV_ACTIF_GRE_GRE;A;BQ;_Z;45;_Z;RISQUES;TOP6_AUT_GROUPES;EC;PHNC;EUR;2;9;N;P1Y;ACPR;E;F;A
ACPR.A.BQ.RISQUES.DERIV_PASSIF_ORGA.50._Z._Z.PHNC._Z.TOP6_AUT_GROUPES;2018;2018-01-01;2018-12-31;34,49;2025-03-18T17:10:27+00:00;ACPR;Montant au passif de dérivés sur marchés organisés;Passif de dérivés sur marchés organisés;DERIV_PASSIF_ORGA;A;BQ;_Z;50;_Z;RISQUES;TOP6_AUT_GROUPES;_Z;PHNC;EUR;2;9;N;P1Y;ACPR;E;F;A
ACPR.A.BQ.RISQUES.DT_PL_PTF_NEGO.58._Z.MENAGES.PHNC._Z.TOP6_AUT_GROUPES;2018;2018-01-01;2018-12-31;0,0;2025-03-18T17:10:28+00:00;ACPR;Dépôts et titres des Ménages donnés en pension livrée du portefeuille de négociation;Dépôts et titres des Ménages donnés en pension livrée du portefeuille de négociation;DT_PL_PTF_NEGO;A;BQ;_Z;58;_Z;RISQUES;TOP6_AUT_GROUPES;MENAGES;PHNC;EUR;2;9;N;P1Y;ACPR;E;F;A
ACPR.A.BQ.RISQUES.GB_FIN_NEGO_PASSIF_9849.187._Z._Z.PHNC._Z.TOP6_AUT_GROUPES;2018;2018-01-01;2018-12-31;153,65;2025-03-18T17:10:28+00:00;ACPR;Positions courtes dans le portefeuille de négociation coté passif;Positions courtes dans le portefeuille de négociation coté passif;GB_FIN_NEGO_PASSIF_9849;A;BQ;_Z;187;_Z;RISQUES;TOP6_AUT_GROUPES;_Z;PHNC;EUR;2;9;N;P1Y;ACPR;E;F;A
ACPR.A.BQ.RISQUES.TB_FIN_NEGO_DERIVES9918.585._Z._Z.PHNC._Z._Z;2018;2018-01-01;2018-12-31;3186,44;2025-09-17T10:00:30+00:00;ACPR;Montants notionnels de dérivés sur actions;Montants notionnels de dérivés sur actions;TB_FIN_NEGO_DERIVES9918;A;BQ;_Z;585;_Z;RISQUES;_Z;_Z;PHNC;EUR;2;9;N;P1Y;ACPR;E;F;A
ACPR.A.BQ.RISQUES.TB_FIN_NEGO_PART_BILAN9840.487._Z._Z.PHNC._Z.TOP6_AUT_GROUPES;2018;2018-01-01;2018-12-31;1221,21;2025-03-18T17:10:28+00:00;ACPR;Portefeuille de négociation - Passif;Portefeuille de négociation - Passif;TB_FIN_NEGO_PART_BILAN9840;A;BQ;_Z;487;_Z;RISQUES;TOP6_AUT_GROUPES;_Z;PHNC;EUR;2;9;N;P1Y;ACPR;E;F;A
ACPR.A.BQ.RISQUES.TX_NPL.569._Z.NACE_N.PHNC._Z.TOP6_AUT_GROUPES;2018;2018-01-01;2018-12-31;2,78;2025-03-18T17:10:29+00:00;ACPR;Taux de prêts non performants du secteur de l'activité de services administratifs et de soutien;Taux de prêts non performants du secteur de l'activité de services administratifs et de soutien;TX_NPL;A;BQ;_Z;569;_Z;RISQUES;TOP6_AUT_GROUPES;NACE_N;PHNC;PC;2;0;N;P1Y;ACPR;E;F;A
ACPR.A.BQ.RISQUES.TB_FIN_NEGO_DERIVES9917.491._Z._Z.PHNC._Z._Z;2018;2018-01-01;2018-12-31;51847,01;2025-09-17T10:00:30+00:00;ACPR;Montants notionnels de dérivés sur taux d'intérêt;Montants notionnels de dérivés sur taux d'intérêt;TB_FIN_NEGO_DERIVES9917;A;BQ;_Z;491;_Z;RISQUES;_Z;_Z;PHNC;EUR;2;9;N;P1Y;ACPR;E;F;A
ACPR.A.BQ.RISQUES.CRED_CLIENT.34._Z.NACE_C.PHNC._Z.TOP6_AUT_GROUPES;2018;2018-01-01;2018-12-31;193,81;2025-03-18T17:10:26+00:00;ACPR;Crédits au secteur des industrie manufacturière;Crédits au secteur des industrie manufacturière;CRED_CLIENT;A;BQ;_Z;34;_Z;RISQUES;TOP6_AUT_GROUPES;NACE_C;PHNC;EUR;2;9;N;P1Y;ACPR;E;F;A
ACPR.A.BQ.RISQUES.CREDITS_BRUTS.39._Z.NACE_A.PHNC._Z.TOP6_AUT_GROUPES;2018;2018-01-01;2018-12-31;60,53;2025-03-18T17:10:27+00:00;ACPR;Crédits bruts aux entreprises du secteur de l'agriculture, sylviculture et pêche;Crédits bruts aux entreprises du secteur de l'agriculture, sylviculture et pêche;CREDITS_BRUTS;A;BQ;_Z;39;_Z;RISQUES;TOP6_AUT_GROUPES;NACE_A;PHNC;EUR;2;9;N;P1Y;ACPR;E;F;A
ACPR.A.BQ.RISQUES.TB_FIN_NEGO_DERIVES9925.475._Z._Z.PHNC._Z.TOP6_AUT_GROUPES;2018;2018-01-01;2018-12-31;69,02;2025-03-18T17:10:28+00:00;ACPR;Montant à l'actif de dérivés sur actions;Montant à l'actif de dérivés sur actions;TB_FIN_NEGO_DERIVES9925;A;BQ;_Z;475;_Z;RISQUES;TOP6_AUT_GROUPES;_Z;PHNC;EUR;2;9;N;P1Y;ACPR;E;F;A
ACPR.A.BQ.RISQUES.TX_PROV.572._Z.NACE_H.PHNC._Z.TOP6_AUT_GROUPES;2018;2018-01-01;2018-12-31;57,87;2025-03-18T17:10:29+00:00;ACPR;Taux de provisionnement du secteur du transports et entreposage;Taux de provisionnement du secteur du transports et entreposage;TX_PROV;A;BQ;_Z;572;_Z;RISQUES;TOP6_AUT_GROUPES;NACE_H;PHNC;PC;2;0;N;P1Y;ACPR;E;F;A
ACPR.A.BQ.RISQUES.TX_PROV.572.NL.MENAGES_ENF.PHNC._Z.TOP6_AUT_GROUPES;2018;2018-01-01;2018-12-31;83,23;2025-03-18T17:10:29+00:00;ACPR;Taux de provisionnement aux Pays-Bas;Taux de provisionnement aux Pays-Bas;TX_PROV;A;BQ;_Z;572;NL;RISQUES;TOP6_AUT_GROUPES;MENAGES_ENF;PHNC;PC;2;0;N;P1Y;ACPR;E;F;A
ACPR.A.BQ.RISQUES.TX_NPL.569._Z.NACE_L.PHNC._Z.TOP6_AUT_GROUPES;2018;2018-01-01;2018-12-31;3,9;2025-03-18T17:10:29+00:00;ACPR;Taux de prêts non performants du secteur des activités immobilières;Taux de prêts non performants du secteur des activités immobilières;TX_NPL;A;BQ;_Z;569;_Z;RISQUES;TOP6_AUT_GROUPES;NACE_L;PHNC;PC;2;0;N;P1Y;ACPR;E;F;A
ACPR.A.BQ.RISQUES.DERIV_ACTIF_GRE_GRE.45._Z._Z.PHNC._Z.TOP6_AUT_GROUPES;2018;2018-01-01;2018-12-31;504,02;2025-03-18T17:10:27+00:00;ACPR;Montant à l'actif de dérivés de gré à gré;Dérivés de gré à gré (Actifs);DERIV_ACTIF_GRE_GRE;A;BQ;_Z;45;_Z;RISQUES;TOP6_AUT_GROUPES;_Z;PHNC;EUR;2;9;N;P1Y;ACPR;E;F;A
ACPR.A.BQ.RISQUES.CREDITS_BRUTS_MENAGES_ENF_PAYS.40.PL.MENAGES_ENF.PHNC._Z.TOP6_AUT_GROUPES;2018;2018-01-01;2018-12-31;29,62;2025-03-18T17:10:27+00:00;ACPR;Crédits bruts aux ménages et entreprises non financières en Pologne;Crédits bruts aux ménages et entreprises non financières en Pologne;CREDITS_BRUTS_MENAGES_ENF_PAYS;A;BQ;_Z;40;PL;RISQUES;TOP6_AUT_GROUPES;MENAGES_ENF;PHNC;EUR;2;9;N;P1Y;ACPR;E;F;A
ACPR.A.BQ.RISQUES.DT_PL_PTF_NEGO.58._Z.EC.PHNC._Z.TOP6_AUT_GROUPES;2018;2018-01-01;2018-12-31;83,0;2025-03-18T17:10:27+00:00;ACPR;Dépôts et titres des établissements de crédit donnés en pension livrée du portefeuille de négociation;Dépôts et titres des établissements de crédit donnés en pension livrée du portefeuille de négociation;DT_PL_PTF_NEGO;A;BQ;_Z;58;_Z;RISQUES;TOP6_AUT_GROUPES;EC;PHNC;EUR;2;9;N;P1Y;ACPR;E;F;A
ACPR.A.BQ.RISQUES.LOANS_PTF_NEGO.222._Z.APU.PHNC._Z.TOP6_AUT_GROUPES;2018;2018-01-01;2018-12-31;17,19;2025-03-18T17:10:28+00:00;ACPR;Prêts aux Administrations publiques dans le portefeuille de négociation;Prêts aux Administrations publiques dans le portefeuille de négociation;LOANS_PTF_NEGO;A;BQ;_Z;222;_Z;RISQUES;TOP6_AUT_GROUPES;APU;PHNC;EUR;2;9;N;P1Y;ACPR;E;F;A
ACPR.A.BQ.RISQUES.OBLIG_PTF_NEGO.238._Z.ENF.PHNC._Z.TOP6_AUT_GROUPES;2018;2018-01-01;2018-12-31;23,1;2025-03-18T17:10:28+00:00;ACPR;Titre de créances émis par les entreprises non financières dans le portefeuille de négociation;Titre de créances émis par les entreprises non financières dans le portefeuille de négociation;OBLIG_PTF_NEGO;A;BQ;_Z;238;_Z;RISQUES;TOP6_AUT_GROUPES;ENF;PHNC;EUR;2;9;N;P1Y;ACPR;E;F;A
ACPR.A.BQ.RISQUES.RATIO_CREDEP.363._Z._Z.PHNC._Z.TOP6_AUT_GROUPES;2018;2018-01-01;2018-12-31;109,14;2025-03-18T17:10:28+00:00;ACPR;Ratio Crédits/Dépôts du secteur bancaire français;Ratio Crédits/Dépôts du secteur bancaire français;RATIO_CREDEP;A;BQ;_Z;363;_Z;RISQUES;TOP6_AUT_GROUPES;_Z;PHNC;PC;2;0;N;P1Y;ACPR;E;F;A
ACPR.A.BQ.RISQUES.TB_FIN_NEGO_PART_OPTION9968.494._Z._Z.PHNC._Z.TOP6_AUT_GROUPES;2018;2018-01-01;2018-12-31;1030,83;2025-03-18T17:10:28+00:00;ACPR;Dérivés (somme actif et passif);Dérivés (somme actif et passif);TB_FIN_NEGO_PART_OPTION9968;A;BQ;_Z;494;_Z;RISQUES;TOP6_AUT_GROUPES;_Z;PHNC;EUR;2;9;N;P1Y;ACPR;E;F;A
ACPR.A.BQ.RISQUES.CRED_CLIENT.34.BE.ENF.PHNC._Z.TOP6_AUT_GROUPES;2017;2017-01-01;2017-12-31;38,27;2025-03-18T17:10:27+00:00;ACPR;Crédits aux entreprises non financières - Belgique;Crédits aux entreprises non financières - Belgique;CRED_CLIENT;A;BQ;_Z;34;BE;RISQUES;TOP6_AUT_GROUPES;ENF;PHNC;EUR;2;9;N;P1Y;ACPR;E;F;A
ACPR.A.BQ.RISQUES.CRED_CLIENT.34.ES.ENF.PHNC._Z.TOP6_AUT_GROUPES;2017;2017-01-01;2017-12-31;21,2;2025-03-18T17:10:27+00:00;ACPR;Crédits aux entreprises non financières - Espagne;Crédits aux entreprises non financières - Espagne;CRED_CLIENT;A;BQ;_Z;34;ES;RISQUES;TOP6_AUT_GROUPES;ENF;PHNC;EUR;2;9;N;P1Y;ACPR;E;F;A
ACPR.A.BQ.RISQUES.CREDITS_BRUTS.39._Z.NACE_C.PHNC._Z.TOP6_AUT_GROUPES;2017;2017-01-01;2017-12-31;187,3;2025-03-18T17:10:27+00:00;ACPR;Crédits bruts aux entreprises du secteur des industrie manufacturière;Crédits bruts aux entreprises du secteur des industrie manufacturière;CREDITS_BRUTS;A;BQ;_Z;39;_Z;RISQUES;TOP6_AUT_GROUPES;NACE_C;PHNC;EUR;2;9;N;P1Y;ACPR;E;F;A
ACPR.A.BQ.RISQUES.CREDITS_BRUTS.39._Z.NACE_O.PHNC._Z.TOP6_AUT_GROUPES;2017;2017-01-01;2017-12-31;14,8;2025-03-18T17:10:27+00:00;ACPR;Crédits bruts aux entreprises du secteur de l'administration publique;Crédits bruts aux entreprises du secteur de l'administration publique;CREDITS_BRUTS;A;BQ;_Z;39;_Z;RISQUES;TOP6_AUT_GROUPES;NACE_O;PHNC;EUR;2;9;N;P1Y;ACPR;E;F;A
ACPR.A.BQ.RISQUES.DERIV_NOTIONNEL_GRE_GRE.47._Z._Z.PHNC._Z.TOP6_AUT_GROUPES;2017;2017-01-01;2017-12-31;39986,38;2025-03-18T17:10:27+00:00;ACPR;Montant notionnels de dérivés de gré à gré;Montant notionnels de dérivés de gré à gré;DERIV_NOTIONNEL_GRE_GRE;A;BQ;_Z;47;_Z;RISQUES;TOP6_AUT_GROUPES;_Z;PHNC;EUR;2;9;N;P1Y;ACPR;E;F;A
ACPR.A.BQ.RISQUES.TB_FIN_NEGO_DERIVE_CREDIT10015.467._Z._Z.PHNC._Z.TOP6_AUT_GROUPES;2017;2017-01-01;2017-12-31;0,07;2025-03-18T17:10:28+00:00;ACPR;Options sur écart de crédit (Credit spread options) à l'actif;Options sur écart de crédit (Credit spread options) à l'actif;TB_FIN_NEGO_DERIVE_CREDIT10015;A;BQ;_Z;467;_Z;RISQUES;TOP6_AUT_GROUPES;_Z;PHNC;EUR;2;9;N;P1Y;ACPR;E;F;A
ACPR.A.BQ.RISQUES.TB_FIN_NEGO_DERIVE_CREDIT10018.470._Z._Z.PHNC._Z.TOP6_AUT_GROUPES;2017;2017-01-01;2017-12-31;0,11;2025-03-18T17:10:28+00:00;ACPR;Dérivés de crédit sur transfert de rendement (Total return swaps) au passif;Dérivés de crédit sur transfert de rendement (Total return swaps) au passif;TB_FIN_NEGO_DERIVE_CREDIT10018;A;BQ;_Z;470;_Z;RISQUES;TOP6_AUT_GROUPES;_Z;PHNC;EUR;2;9;N;P1Y;ACPR;E;F;A
ACPR.A.BQ.RISQUES.TX_NPL.569._Z.NACE_S.PHNC._Z.TOP6_AUT_GROUPES;2017;2017-01-01;2017-12-31;3,44;2025-03-18T17:10:29+00:00;ACPR;Taux de prêts non performants du secteur des autres activités de services;Taux de prêts non performants du secteur des autres activités de services;TX_NPL;A;BQ;_Z;569;_Z;RISQUES;TOP6_AUT_GROUPES;NACE_S;PHNC;PC;2;0;N;P1Y;ACPR;E;F;A
ACPR.A.BQ.RISQUES.CRED_TOTAL.37._Z.SNF.SOLO._Z.TOTAL_SECTEUR;2017;2017-01-01;2017-12-31;803,18;2025-09-17T10:00:28+00:00;ACPR;Crédits aux sociétés non financières résidentes;Crédits aux sociétés non financières résidentes;CRED_TOTAL;A;BQ;_Z;37;_Z;RISQUES;TOTAL_SECTEUR;SNF;SOLO;EUR;2;9;N;P1Y;ACPR;E;F;A
ACPR.A.BQ.RISQUES.CRED_CLIENT.34.LU.ENF.PHNC._Z.TOP6_AUT_GROUPES;2017;2017-01-01;2017-12-31;24,64;2025-03-18T17:10:27+00:00;ACPR;Crédits aux entreprises non financières - Luxembourg;Crédits aux entreprises non financières - Luxembourg;CRED_CLIENT;A;BQ;_Z;34;LU;RISQUES;TOP6_AUT_GROUPES;ENF;PHNC;EUR;2;9;N;P1Y;ACPR;E;F;A
ACPR.A.BQ.RISQUES.DEPOTS.43._Z.MENAGES_ENF.PHNC._Z.TOP6_AUT_GROUPES;2017;2017-01-01;2017-12-31;2635,9;2025-03-18T17:10:27+00:00;ACPR;Dépôts  aux entreprises non financières et aux ménages;Dépôts  aux entreprises non financières et aux ménages;DEPOTS;A;BQ;_Z;43;_Z;RISQUES;TOP6_AUT_GROUPES;MENAGES_ENF;PHNC;EUR;2;9;N;P1Y;ACPR;E;F;A
ACPR.A.BQ.RISQUES.GB_FIN_NEGO_ACTIF_9847.183._Z._Z.PHNC._Z.TOP6_AUT_GROUPES;2017;2017-01-01;2017-12-31;421,9;2025-03-18T17:10:28+00:00;ACPR;Prêts et avances yc les operations de pensions sur titres coté actif;Prêts et avances yc les operations de pensions sur titres coté actif;GB_FIN_NEGO_ACTIF_9847;A;BQ;_Z;183;_Z;RISQUES;TOP6_AUT_GROUPES;_Z;PHNC;EUR;2;9;N;P1Y;ACPR;E;F;A
ACPR.A.BQ.RISQUES.LOANS_PTF_NEGO.222._Z.EC.PHNC._Z.TOP6_AUT_GROUPES;2017;2017-01-01;2017-12-31;135,03;2025-03-18T17:10:28+00:00;ACPR;Prêts aux Établissements de crédit dans le portefeuille de négociation;Prêts aux Établissements de crédit dans le portefeuille de négociation;LOANS_PTF_NEGO;A;BQ;_Z;222;_Z;RISQUES;TOP6_AUT_GROUPES;EC;PHNC;EUR;2;9;N;P1Y;ACPR;E;F;A
ACPR.A.BQ.RISQUES.RATIO_CREDEP.363._Z.HORS_EC_BC.PHNC._Z.TOP6_AUT_GROUPES;2017;2017-01-01;2017-12-31;111,73;2025-03-18T17:10:28+00:00;ACPR;Ratio crédits / Dépôts  hors EC et banques centrales;Ratio crédits / Dépôts  hors EC et banques centrales;RATIO_CREDEP;A;BQ;_Z;363;_Z;RISQUES;TOP6_AUT_GROUPES;HORS_EC_BC;PHNC;PC;2;9;N;P1Y;ACPR;E;F;A
ACPR.A.BQ.RISQUES.TB_FIN_NEGO_DERIVE_CREDIT10009.464._Z._Z.PHNC._Z.TOP6_AUT_GROUPES;2017;2017-01-01;2017-12-31;20,2;2025-03-18T17:10:28+00:00;ACPR;Achats de autres dérivés de crédit En notionnel;Achats de autres dérivés de crédit En notionnel;TB_FIN_NEGO_DERIVE_CREDIT10009;A;BQ;_Z;464;_Z;RISQUES;TOP6_AUT_GROUPES;_Z;PHNC;EUR;2;9;N;P1Y;ACPR;E;F;A
ACPR.A.BQ.RISQUES.TB_FIN_NEGO_DERIVES9932.480._Z._Z.PHNC._Z.TOP6_AUT_GROUPES;2017;2017-01-01;2017-12-31;353,99;2025-03-18T17:10:28+00:00;ACPR;Montant au passif de dérivés sur taux d'intérêt;Montant au passif de dérivés sur taux d'intérêt;TB_FIN_NEGO_DERIVES9932;A;BQ;_Z;480;_Z;RISQUES;TOP6_AUT_GROUPES;_Z;PHNC;EUR;2;9;N;P1Y;ACPR;E;F;A
ACPR.A.BQ.RISQUES.TX_NEGO_BILAN_PASSIF.568._Z._Z.PHNC._Z.TOP6_AUT_GROUPES;2017;2017-01-01;2017-12-31;16,0;2025-03-18T17:10:28+00:00;ACPR;Part du portefeuille de négociation au passif du bilan;Part du portefeuille de négociation au passif du bilan;TX_NEGO_BILAN_PASSIF;A;BQ;_Z;568;_Z;RISQUES;TOP6_AUT_GROUPES;_Z;PHNC;PC;2;0;N;P1Y;ACPR;E;F;A
ACPR.A.BQ.RISQUES.TX_NPL.569._Z.NACE_J.PHNC._Z.TOP6_AUT_GROUPES;2017;2017-01-01;2017-12-31;5,76;2025-03-18T17:10:28+00:00;ACPR;Taux de prêts non performants du secteur de l'information et communication;Taux de prêts non performants du secteur de l'information et communication;TX_NPL;A;BQ;_Z;569;_Z;RISQUES;TOP6_AUT_GROUPES;NACE_J;PHNC;PC;2;0;N;P1Y;ACPR;E;F;A
ACPR.A.BQ.RISQUES.CREDITS_BRUTS.39._Z.NACE_E.PHNC._Z.TOP6_AUT_GROUPES;2017;2017-01-01;2017-12-31;10,3;2025-03-18T17:10:27+00:00;ACPR;Crédits bruts aux entreprises du secteur de la production et distribution d'eau;Crédits bruts aux entreprises du secteur de la production et distribution d'eau;CREDITS_BRUTS;A;BQ;_Z;39;_Z;RISQUES;TOP6_AUT_GROUPES;NACE_E;PHNC;EUR;2;9;N;P1Y;ACPR;E;F;A
ACPR.A.BQ.RISQUES.TX_NPL.569._Z.ENF.PHNC._Z.TOP6_AUT_GROUPES;2017;2017-01-01;2017-12-31;5,16;2025-03-18T17:10:28+00:00;ACPR;Taux de prêts non performants aux entreprises non financières;Taux de prêts non performants aux entreprises non financières;TX_NPL;A;BQ;_Z;569;_Z;RISQUES;TOP6_AUT_GROUPES;ENF;PHNC;PC;2;0;N;P1Y;ACPR;E;F;A
ACPR.A.BQ.RISQUES.CREDITS_BRUTS_MENAGES_ENF_PAYS.40.NL.MENAGES_ENF.PHNC._Z.TOP6_AUT_GROUPES;2017;2017-01-01;2017-12-31;33,0;2025-03-18T17:10:27+00:00;ACPR;Crédits bruts aux ménages et entreprises non financières aux Pays bas;Crédits bruts aux ménages et entreprises non financières aux Pays bas;CREDITS_BRUTS_MENAGES_ENF_PAYS;A;BQ;_Z;40;NL;RISQUES;TOP6_AUT_GROUPES;MENAGES_ENF;PHNC;EUR;2;9;N;P1Y;ACPR;E;F;A
ACPR.A.BQ.RISQUES.TB_FIN_NEGO_PART_OPTION9966.492._Z._Z.PHNC._Z.TOP6_AUT_GROUPES;2017;2017-01-01;2017-12-31;129,41;2025-03-18T17:10:28+00:00;ACPR;Dérivés sur Capitaux propres (somme actif et passif);Dérivés sur Capitaux propres (somme actif et passif);TB_FIN_NEGO_PART_OPTION9966;A;BQ;_Z;492;_Z;RISQUES;TOP6_AUT_GROUPES;_Z;PHNC;EUR;2;9;N;P1Y;ACPR;E;F;A
ACPR.A.BQ.RISQUES.TB_FIN_NEGO_DERIVES9927.477._Z._Z.PHNC._Z.TOP6_AUT_GROUPES;2017;2017-01-01;2017-12-31;11,19;2025-03-18T17:10:28+00:00;ACPR;Montant à l'actif de dérivés sur crédit;Montant à l'actif de dérivés sur crédit;TB_FIN_NEGO_DERIVES9927;A;BQ;_Z;477;_Z;RISQUES;TOP6_AUT_GROUPES;_Z;PHNC;EUR;2;9;N;P1Y;ACPR;E;F;A
ACPR.A.BQ.RISQUES.TX_PROV.572._Z.NACE_R.PHNC._Z.TOP6_AUT_GROUPES;2017;2017-01-01;2017-12-31;58,7;2025-03-18T17:10:29+00:00;ACPR;Taux de provisionnement du secteur des arts, spectacles et activités récréatives;Taux de provisionnement du secteur des arts, spectacles et activités récréatives;TX_PROV;A;BQ;_Z;572;_Z;RISQUES;TOP6_AUT_GROUPES;NACE_R;PHNC;PC;2;0;N;P1Y;ACPR;E;F;A
ACPR.A.BQ.RISQUES.TX_PROV_NPL.573._Z.MENAGES.PHNC._Z.TOP6_AUT_GROUPES;2017;2017-01-01;2017-12-31;1,81;2025-03-18T17:10:29+00:00;ACPR;Poids des provisions des prêts non performants aux ménages;Poids des provisions des prêts non performants aux ménages;TX_PROV_NPL;A;BQ;_Z;573;_Z;RISQUES;TOP6_AUT_GROUPES;MENAGES;PHNC;PC;2;0;N;P1Y;ACPR;E;F;A
ACPR.A.BQ.RISQUES.CRED_CLIENT.34._Z.NACE_I.PHNC._Z.TOP6_AUT_GROUPES;2017;2017-01-01;2017-12-31;33,96;2025-03-18T17:10:26+00:00;ACPR;Crédits au secteur de l'hébergement et restauration;Crédits au secteur de l'hébergement et restauration;CRED_CLIENT;A;BQ;_Z;34;_Z;RISQUES;TOP6_AUT_GROUPES;NACE_I;PHNC;EUR;2;9;N;P1Y;ACPR;E;F;A
ACPR.A.BQ.RISQUES.TX_NPL.569._Z.NACE_H.PHNC._Z.TOP6_AUT_GROUPES;2017;2017-01-01;2017-12-31;4,47;2025-03-18T17:10:28+00:00;ACPR;Taux de prêts non performants du secteur du transports et entreposage;Taux de prêts non performants du secteur du transports et entreposage;TX_NPL;A;BQ;_Z;569;_Z;RISQUES;TOP6_AUT_GROUPES;NACE_H;PHNC;PC;2;0;N;P1Y;ACPR;E;F;A
ACPR.A.BQ.RISQUES.CRED_CLIENT.34.FR.MENAGES.PHNC._Z.TOP6_AUT_GROUPES;2017;2017-01-01;2017-12-31;1179,16;2025-03-18T17:10:27+00:00;ACPR;Crédits aux ménages - France;Crédits aux ménages - France;CRED_CLIENT;A;BQ;_Z;34;FR;RISQUES;TOP6_AUT_GROUPES;MENAGES;PHNC;EUR;2;9;N;P1Y;ACPR;E;F;A
ACPR.A.BQ.RISQUES.GB_FIN_NEGO_COURT9873.185._Z._Z.PHNC._Z.TOP6_AUT_GROUPES;2017;2017-01-01;2017-12-31;128,64;2025-03-18T17:10:28+00:00;ACPR;Positions courtes sur Titres de créance;Positions courtes sur Titres de créance;GB_FIN_NEGO_COURT9873;A;BQ;_Z;185;_Z;RISQUES;TOP6_AUT_GROUPES;_Z;PHNC;EUR;2;9;N;P1Y;ACPR;E;F;A
ACPR.A.BQ.RISQUES.CRED_CLIENT.34._Z.NACE_E.PHNC._Z.TOP6_AUT_GROUPES;2017;2017-01-01;2017-12-31;10,3;2025-03-18T17:10:26+00:00;ACPR;Crédits au secteur de la production et distribution d'eau;Crédits au secteur de la production et distribution d'eau;CRED_CLIENT;A;BQ;_Z;34;_Z;RISQUES;TOP6_AUT_GROUPES;NACE_E;PHNC;EUR;2;9;N;P1Y;ACPR;E;F;A
ACPR.A.BQ.RISQUES.TX_NPL.569._Z.MENAGES.PHNC._Z.TOP6_AUT_GROUPES;2017;2017-01-01;2017-12-31;3,62;2025-03-18T17:10:28+00:00;ACPR;Taux de prêts non performants aux ménages;Taux de prêts non performants aux ménages;TX_NPL;A;BQ;_Z;569;_Z;RISQUES;TOP6_AUT_GROUPES;MENAGES;PHNC;PC;2;0;N;P1Y;ACPR;E;F;A
ACPR.A.BQ.RISQUES.TX_NPL_APRES_PROV.570._Z.MENAGES_ENF.PHNC._Z.TOP6_AUT_GROUPES;2017;2017-01-01;2017-12-31;2,1;2025-03-18T17:10:29+00:00;ACPR;Poids des prêts non performants nets des provisions aux ménages et aux entreprises non financières;Poids des prêts non performants nets des provisions aux ménages et aux entreprises non financières;TX_NPL_APRES_PROV;A;BQ;_Z;570;_Z;RISQUES;TOP6_AUT_GROUPES;MENAGES_ENF;PHNC;PC;2;0;N;P1Y;ACPR;E;F;A
ACPR.A.BQ.RISQUES.CRED_CLIENT.34.FR.ENF.PHNC._Z.TOP6_AUT_GROUPES;2017;2017-01-01;2017-12-31;738,85;2025-03-18T17:10:27+00:00;ACPR;Crédits aux entreprises non financières - France;Crédits aux entreprises non financières - France;CRED_CLIENT;A;BQ;_Z;34;FR;RISQUES;TOP6_AUT_GROUPES;ENF;PHNC;EUR;2;9;N;P1Y;ACPR;E;F;A
ACPR.A.BQ.RISQUES.CRED_CLIENT.34._Z.NACE_P.PHNC._Z.TOP6_AUT_GROUPES;2017;2017-01-01;2017-12-31;5,12;2025-03-18T17:10:27+00:00;ACPR;Crédits au secteur de l'enseignement;Crédits au secteur de l'enseignement;CRED_CLIENT;A;BQ;_Z;34;_Z;RISQUES;TOP6_AUT_GROUPES;NACE_P;PHNC;EUR;2;9;N;P1Y;ACPR;E;F;A
ACPR.A.BQ.RISQUES.TX_NPL.569._Z.NACE_L.PHNC._Z.TOP6_AUT_GROUPES;2017;2017-01-01;2017-12-31;4,96;2025-03-18T17:10:29+00:00;ACPR;Taux de prêts non performants du secteur des activités immobilières;Taux de prêts non performants du secteur des activités immobilières;TX_NPL;A;BQ;_Z;569;_Z;RISQUES;TOP6_AUT_GROUPES;NACE_L;PHNC;PC;2;0;N;P1Y;ACPR;E;F;A
ACPR.A.BQ.RISQUES.DT_PL_PTF_NEGO.58._Z.APU.PHNC._Z.TOP6_AUT_GROUPES;2017;2017-01-01;2017-12-31;8,0;2025-03-18T17:10:27+00:00;ACPR;Dépôts et titres des Administrations Publiques donnés en pension livrée du portefeuille de négociation;Dépôts et titres des Administrations Publiques donnés en pension livrée du portefeuille de négociation;DT_PL_PTF_NEGO;A;BQ;_Z;58;_Z;RISQUES;TOP6_AUT_GROUPES;APU;PHNC;EUR;2;9;N;P1Y;ACPR;E;F;A
ACPR.A.BQ.RISQUES.CRED_CLIENT.34.US.ENF.PHNC._Z.TOP6_AUT_GROUPES;2017;2017-01-01;2017-12-31;88,26;2025-03-18T17:10:27+00:00;ACPR;Crédits aux entreprises non financières - États-Unis;Crédits aux entreprises non financières - États-Unis;CRED_CLIENT;A;BQ;_Z;34;US;RISQUES;TOP6_AUT_GROUPES;ENF;PHNC;EUR;2;9;N;P1Y;ACPR;E;F;A
ACPR.A.BQ.RISQUES.CREDITS_BRUTS.39._Z.NACE_B.PHNC._Z.TOP6_AUT_GROUPES;2017;2017-01-01;2017-12-31;27,21;2025-03-18T17:10:27+00:00;ACPR;Crédits bruts aux entreprises du secteur des industries extractives;Crédits bruts aux entreprises du secteur des industries extractives;CREDITS_BRUTS;A;BQ;_Z;39;_Z;RISQUES;TOP6_AUT_GROUPES;NACE_B;PHNC;EUR;2;9;N;P1Y;ACPR;E;F;A
ACPR.A.BQ.RISQUES.CREDITS_BRUTS_MENAGES_ENF_PAYS.40.PL.MENAGES_ENF.PHNC._Z.TOP6_AUT_GROUPES;2017;2017-01-01;2017-12-31;27,0;2025-03-18T17:10:27+00:00;ACPR;Crédits bruts aux ménages et entreprises non financières en Pologne;Crédits bruts aux ménages et entreprises non financières en Pologne;CREDITS_BRUTS_MENAGES_ENF_PAYS;A;BQ;_Z;40;PL;RISQUES;TOP6_AUT_GROUPES;MENAGES_ENF;PHNC;EUR;2;9;N;P1Y;ACPR;E;F;A
ACPR.A.BQ.RISQUES.CRED_CLIENT.34._Z.ENF.PHNC._Z.TOP6_AUT_GROUPES;2017;2017-01-01;2017-12-31;1381,86;2025-03-18T17:10:26+00:00;ACPR;Entreprises non financières (crédits nets);Entreprises non financières (crédits nets);CRED_CLIENT;A;BQ;_Z;34;_Z;RISQUES;TOP6_AUT_GROUPES;ENF;PHNC;EUR;2;9;N;P1Y;ACPR;E;F;A
ACPR.A.BQ.RISQUES.CRED_CLIENT.34._Z.NACE_C.PHNC._Z.TOP6_AUT_GROUPES;2017;2017-01-01;2017-12-31;187,3;2025-03-18T17:10:26+00:00;ACPR;Crédits au secteur des industrie manufacturière;Crédits au secteur des industrie manufacturière;CRED_CLIENT;A;BQ;_Z;34;_Z;RISQUES;TOP6_AUT_GROUPES;NACE_C;PHNC;EUR;2;9;N;P1Y;ACPR;E;F;A
ACPR.A.BQ.RISQUES.CRED_CLIENT.34._Z.NACE_J.PHNC._Z.TOP6_AUT_GROUPES;2017;2017-01-01;2017-12-31;34,07;2025-03-18T17:10:27+00:00;ACPR;Crédits au secteur de l'information et communication;Crédits au secteur de l'information et communication;CRED_CLIENT;A;BQ;_Z;34;_Z;RISQUES;TOP6_AUT_GROUPES;NACE_J;PHNC;EUR;2;9;N;P1Y;ACPR;E;F;A
ACPR.A.BQ.RISQUES.INDICATEUR9913.582._Z._Z.PHNC._Z.TOP6_AUT_GROUPES;2017;2017-01-01;2017-12-31;201,7;2025-03-18T17:10:28+00:00;ACPR;Value at Risk à 1 jour;Value at Risk à 1 jour;INDICATEUR9913;A;BQ;_Z;582;_Z;RISQUES;TOP6_AUT_GROUPES;_Z;PHNC;EUR;2;6;N;P1Y;ACPR;E;F;A
ACPR.A.BQ.RISQUES.CRED_CLIENT.34._Z._Z.PHNC._Z.TOP6_AUT_GROUPES;2017;2017-01-01;2017-12-31;4794,0;2025-03-18T17:10:26+00:00;ACPR;Crédits net du secteur bancaire français;Crédits net du secteur bancaire français;CRED_CLIENT;A;BQ;_Z;34;_Z;RISQUES;TOP6_AUT_GROUPES;_Z;PHNC;EUR;2;9;N;P1Y;ACPR;E;F;A
ACPR.A.BQ.RISQUES.CREDITS_BRUTS.39._Z.NACE_G.PHNC._Z.TOP6_AUT_GROUPES;2017;2017-01-01;2017-12-31;191,43;2025-03-18T17:10:27+00:00;ACPR;Crédits bruts aux entreprises du secteur du commerce;Crédits bruts aux entreprises du secteur du commerce;CREDITS_BRUTS;A;BQ;_Z;39;_Z;RISQUES;TOP6_AUT_GROUPES;NACE_G;PHNC;EUR;2;9;N;P1Y;ACPR;E;F;A
ACPR.A.BQ.RISQUES.GB_FIN_NEGO_PASSIF_9849.187._Z._Z.PHNC._Z.TOP6_AUT_GROUPES;2017;2017-01-01;2017-12-31;150,78;2025-03-18T17:10:28+00:00;ACPR;Positions courtes dans le portefeuille de négociation coté passif;Positions courtes dans le portefeuille de négociation coté passif;GB_FIN_NEGO_PASSIF_9849;A;BQ;_Z;187;_Z;RISQUES;TOP6_AUT_GROUPES;_Z;PHNC;EUR;2;9;N;P1Y;ACPR;E;F;A
ACPR.A.BQ.RISQUES.TX_NPL.569.NL.MENAGES_ENF.PHNC._Z.TOP6_AUT_GROUPES;2017;2017-01-01;2017-12-31;2,5;2025-03-18T17:10:29+00:00;ACPR;Taux de prêts non performants aux Pays-Bas;Taux de prêts non performants aux Pays-Bas;TX_NPL;A;BQ;_Z;569;NL;RISQUES;TOP6_AUT_GROUPES;MENAGES_ENF;PHNC;PC;2;0;N;P1Y;ACPR;E;F;A
ACPR.A.BQ.RISQUES.TX_PROV.572.DE.MENAGES_ENF.PHNC._Z.TOP6_AUT_GROUPES;2017;2017-01-01;2017-12-31;53,7;2025-03-18T17:10:29+00:00;ACPR;Taux de provisionnement en Allemagne;Taux de provisionnement en Allemagne;TX_PROV;A;BQ;_Z;572;DE;RISQUES;TOP6_AUT_GROUPES;MENAGES_ENF;PHNC;PC;2;0;N;P1Y;ACPR;E;F;A
ACPR.A.BQ.RISQUES.GB_FIN_NEGO_ACTIF_9844.180._Z._Z.PHNC._Z.TOP6_AUT_GROUPES;2017;2017-01-01;2017-12-31;565,71;2025-03-18T17:10:28+00:00;ACPR;Dérivés dans le portefeuille de négociation coté actif;Dérivés dans le portefeuille de négociation coté actif;GB_FIN_NEGO_ACTIF_9844;A;BQ;_Z;180;_Z;RISQUES;TOP6_AUT_GROUPES;_Z;PHNC;EUR;2;9;N;P1Y;ACPR;E;F;A
ACPR.A.BQ.RISQUES.GB_FIN_NEGO_PASSIF_9851.189._Z._Z.PHNC._Z.TOP6_AUT_GROUPES;2017;2017-01-01;2017-12-31;188,5;2025-03-18T17:10:28+00:00;ACPR;Titres de créances émis dans le portefeuille de négociation coté passif;Titres de créances émis dans le portefeuille de négociation coté passif;GB_FIN_NEGO_PASSIF_9851;A;BQ;_Z;189;_Z;RISQUES;TOP6_AUT_GROUPES;_Z;PHNC;EUR;2;9;N;P1Y;ACPR;E;F;A
ACPR.A.BQ.RISQUES.GB_FIN_NEGO_PASSIF_9852.190._Z._Z.PHNC._Z.TOP6_AUT_GROUPES;2017;2017-01-01;2017-12-31;36,68;2025-03-18T17:10:28+00:00;ACPR;Autres passifs financiers dans le portefeuille de négociation coté passif;Autres passifs financiers dans le portefeuille de négociation coté passif;GB_FIN_NEGO_PASSIF_9852;A;BQ;_Z;190;_Z;RISQUES;TOP6_AUT_GROUPES;_Z;PHNC;EUR;2;9;N;P1Y;ACPR;E;F;A
ACPR.A.BQ.RISQUES.TB_FIN_NEGO_DERIVE_CREDIT10019.471._Z._Z.PHNC._Z.TOP6_AUT_GROUPES;2017;2017-01-01;2017-12-31;1,04;2025-03-18T17:10:28+00:00;ACPR;Autres dérivés de crédit à l'actif;Autres dérivés de crédit à l'actif;TB_FIN_NEGO_DERIVE_CREDIT10019;A;BQ;_Z;471;_Z;RISQUES;TOP6_AUT_GROUPES;_Z;PHNC;EUR;2;9;N;P1Y;ACPR;E;F;A
ACPR.A.BQ.RISQUES.TB_FIN_NEGO_VENTE_OPTION9992.502._Z._Z.PHNC._Z.TOP6_AUT_GROUPES;2017;2017-01-01;2017-12-31;2333,73;2025-03-18T17:10:28+00:00;ACPR;Options achats et ventes sur Change et or;Options achats et ventes sur Change et or;TB_FIN_NEGO_VENTE_OPTION9992;A;BQ;_Z;502;_Z;RISQUES;TOP6_AUT_GROUPES;_Z;PHNC;EUR;2;9;N;P1Y;ACPR;E;F;A
ACPR.A.BQ.RISQUES.ACT_PTF_NEGO.3._Z.EC.PHNC._Z.TOP6_AUT_GROUPES;2017;2017-01-01;2017-12-31;15,99;2025-03-18T17:10:26+00:00;ACPR;Instruments de capitaux propres des établissements de crédit dans le portefeuille de négociation;Instruments de capitaux propres des établissements de crédit dans le portefeuille de négociation;ACT_PTF_NEGO;A;BQ;_Z;3;_Z;RISQUES;TOP6_AUT_GROUPES;EC;PHNC;EUR;2;9;N;P1Y;ACPR;E;F;A
ACPR.A.BQ.RISQUES.TB_FIN_NEGO_PART_OPTION9968.494._Z._Z.PHNC._Z.TOP6_AUT_GROUPES;2017;2017-01-01;2017-12-31;1091,96;2025-03-18T17:10:28+00:00;ACPR;Dérivés (somme actif et passif);Dérivés (somme actif et passif);TB_FIN_NEGO_PART_OPTION9968;A;BQ;_Z;494;_Z;RISQUES;TOP6_AUT_GROUPES;_Z;PHNC;EUR;2;9;N;P1Y;ACPR;E;F;A
ACPR.A.BQ.RISQUES.TB_FIN_NEGO_DERIVES9917.491._Z._Z.PHNC._Z._Z;2017;2017-01-01;2017-12-31;44226,78;2025-09-17T10:00:30+00:00;ACPR;Montants notionnels de dérivés sur taux d'intérêt;Montants notionnels de dérivés sur taux d'intérêt;TB_FIN_NEGO_DERIVES9917;A;BQ;_Z;491;_Z;RISQUES;_Z;_Z;PHNC;EUR;2;9;N;P1Y;ACPR;E;F;A
ACPR.A.BQ.RISQUES.CREDITS_BRUTS.39._Z.NACE_F.PHNC._Z.TOP6_AUT_GROUPES;2017;2017-01-01;2017-12-31;65,59;2025-03-18T17:10:27+00:00;ACPR;Crédits bruts aux entreprises du secteur de la construction;Crédits bruts aux entreprises du secteur de la construction;CREDITS_BRUTS;A;BQ;_Z;39;_Z;RISQUES;TOP6_AUT_GROUPES;NACE_F;PHNC;EUR;2;9;N;P1Y;ACPR;E;F;A
ACPR.A.BQ.RISQUES.TX_PROV.572._Z.NACE_D.PHNC._Z.TOP6_AUT_GROUPES;2017;2017-01-01;2017-12-31;56,23;2025-03-18T17:10:29+00:00;ACPR;Taux de provisionnement du secteur de l'électricité, gaz, vapeur et air conditionné;Taux de provisionnement du secteur de l'électricité, gaz, vapeur et air conditionné;TX_PROV;A;BQ;_Z;572;_Z;RISQUES;TOP6_AUT_GROUPES;NACE_D;PHNC;PC;2;0;N;P1Y;ACPR;E;F;A
ACPR.A.BQ.RISQUES.CREDITS_BRUTS.39._Z.NACE_N.PHNC._Z.TOP6_AUT_GROUPES;2017;2017-01-01;2017-12-31;60,62;2025-03-18T17:10:27+00:00;ACPR;Crédits bruts aux entreprises du secteur de l'activité de services administratifs et de soutien;Crédits bruts aux entreprises du secteur de l'activité de services administratifs et de soutien;CREDITS_BRUTS;A;BQ;_Z;39;_Z;RISQUES;TOP6_AUT_GROUPES;NACE_N;PHNC;EUR;2;9;N;P1Y;ACPR;E;F;A
ACPR.A.BQ.RISQUES.CRED_CLIENT.34.GB.ENF.PHNC._Z.TOP6_AUT_GROUPES;2017;2017-01-01;2017-12-31;36,89;2025-03-18T17:10:27+00:00;ACPR;Crédits aux entreprises non financières - Royaume-Uni;Crédits aux entreprises non financières - Royaume-Uni;CRED_CLIENT;A;BQ;_Z;34;GB;RISQUES;TOP6_AUT_GROUPES;ENF;PHNC;EUR;2;9;N;P1Y;ACPR;E;F;A
ACPR.A.BQ.RISQUES.DERIV_NOTIONNEL_GRE_GRE.47._Z.AUTRES.PHNC._Z.TOP6_AUT_GROUPES;2017;2017-01-01;2017-12-31;2998,0;2025-03-18T17:10:27+00:00;ACPR;Montant notionnels de dérivés de gré à gré avec autres contreparties;Montant notionnels de dérivés de gré à gré avec autres contreparties;DERIV_NOTIONNEL_GRE_GRE;A;BQ;_Z;47;_Z;RISQUES;TOP6_AUT_GROUPES;AUTRES;PHNC;EUR;2;9;N;P1Y;ACPR;E;F;A
ACPR.A.BQ.RISQUES.TX_NPL.569.CH.MENAGES_ENF.PHNC._Z.TOP6_AUT_GROUPES;2017;2017-01-01;2017-12-31;2,1;2025-03-18T17:10:29+00:00;ACPR;Taux de prêts non performants en Suisse;Taux de prêts non performants en Suisse;TX_NPL;A;BQ;_Z;569;CH;RISQUES;TOP6_AUT_GROUPES;MENAGES_ENF;PHNC;PC;2;0;N;P1Y;ACPR;E;F;A
ACPR.A.BQ.RISQUES.CREDITS_BRUTS_MENAGES_ENF_PAYS.40.LU.MENAGES_ENF.PHNC._Z.TOP6_AUT_GROUPES;2017;2017-01-01;2017-12-31;27,0;2025-03-18T17:10:27+00:00;ACPR;Crédits bruts aux ménages et entreprises non financières au Luxembourg;Crédits bruts aux ménages et entreprises non financières au Luxembourg;CREDITS_BRUTS_MENAGES_ENF_PAYS;A;BQ;_Z;40;LU;RISQUES;TOP6_AUT_GROUPES;MENAGES_ENF;PHNC;EUR;2;9;N;P1Y;ACPR;E;F;A
ACPR.A.BQ.RISQUES.CRED_CLIENT.34._Z.NACE_A.PHNC._Z.TOP6_AUT_GROUPES;2017;2017-01-01;2017-12-31;61,3;2025-03-18T17:10:26+00:00;ACPR;Crédits au secteur de l'agriculture, sylviculture et pêche;Crédits au secteur de l'agriculture, sylviculture et pêche;CRED_CLIENT;A;BQ;_Z;34;_Z;RISQUES;TOP6_AUT_GROUPES;NACE_A;PHNC;EUR;2;9;N;P1Y;ACPR;E;F;A
ACPR.A.BQ.RISQUES.CRED_CLIENT.34.US.MENAGES.PHNC._Z.TOP6_AUT_GROUPES;2017;2017-01-01;2017-12-31;27,14;2025-03-18T17:10:27+00:00;ACPR;Crédits aux ménages - États-Unis;Crédits aux ménages - États-Unis;CRED_CLIENT;A;BQ;_Z;34;US;RISQUES;TOP6_AUT_GROUPES;MENAGES;PHNC;EUR;2;9;N;P1Y;ACPR;E;F;A
ACPR.A.BQ.RISQUES.CREDITS_BRUTS_MENAGES_ENF_PAYS.40.IT.MENAGES_ENF.PHNC._Z.TOP6_AUT_GROUPES;2017;2017-01-01;2017-12-31;183,0;2025-03-18T17:10:27+00:00;ACPR;Crédits bruts aux ménages et entreprises non financières en Italie;Crédits bruts aux ménages et entreprises non financières en Italie;CREDITS_BRUTS_MENAGES_ENF_PAYS;A;BQ;_Z;40;IT;RISQUES;TOP6_AUT_GROUPES;MENAGES_ENF;PHNC;EUR;2;9;N;P1Y;ACPR;E;F;A
ACPR.A.BQ.RISQUES.CRED_CLIENT.34._Z.NACE_G.PHNC._Z.TOP6_AUT_GROUPES;2017;2017-01-01;2017-12-31;191,43;2025-03-18T17:10:26+00:00;ACPR;Crédits au secteur du commerce;Crédits au secteur du commerce;CRED_CLIENT;A;BQ;_Z;34;_Z;RISQUES;TOP6_AUT_GROUPES;NACE_G;PHNC;EUR;2;9;N;P1Y;ACPR;E;F;A
ACPR.A.BQ.RISQUES.CREDITS_BRUTS.39._Z.NACE_H.PHNC._Z.TOP6_AUT_GROUPES;2017;2017-01-01;2017-12-31;85,67;2025-03-18T17:10:27+00:00;ACPR;Crédits bruts aux entreprises du secteur du transports et entreposage;Crédits bruts aux entreprises du secteur du transports et entreposage;CREDITS_BRUTS;A;BQ;_Z;39;_Z;RISQUES;TOP6_AUT_GROUPES;NACE_H;PHNC;EUR;2;9;N;P1Y;ACPR;E;F;A
ACPR.A.BQ.RISQUES.CRED_CLIENT.34.BE.MENAGES.PHNC._Z.TOP6_AUT_GROUPES;2017;2017-01-01;2017-12-31;75,52;2025-03-18T17:10:27+00:00;ACPR;Crédits aux ménages - Belgique;Crédits aux ménages - Belgique;CRED_CLIENT;A;BQ;_Z;34;BE;RISQUES;TOP6_AUT_GROUPES;MENAGES;PHNC;EUR;2;9;N;P1Y;ACPR;E;F;A
ACPR.A.BQ.RISQUES.CRED_CLIENT.34.DE.ENF.PHNC._Z.TOP6_AUT_GROUPES;2017;2017-01-01;2017-12-31;35,05;2025-03-18T17:10:27+00:00;ACPR;Crédits aux entreprises non financières - Allemagne;Crédits aux entreprises non financières - Allemagne;CRED_CLIENT;A;BQ;_Z;34;DE;RISQUES;TOP6_AUT_GROUPES;ENF;PHNC;EUR;2;9;N;P1Y;ACPR;E;F;A
ACPR.A.BQ.RISQUES.TX_PROV.572.ES.MENAGES_ENF.PHNC._Z.TOP6_AUT_GROUPES;2017;2017-01-01;2017-12-31;67,7;2025-03-18T17:10:29+00:00;ACPR;Taux de provisionnement en Espagne;Taux de provisionnement en Espagne;TX_PROV;A;BQ;_Z;572;ES;RISQUES;TOP6_AUT_GROUPES;MENAGES_ENF;PHNC;PC;2;0;N;P1Y;ACPR;E;F;A
ACPR.A.BQ.RISQUES.TX_NEGO_BILAN_ACTIF.567._Z._Z.PHNC._Z.TOP6_AUT_GROUPES;2017;2017-01-01;2017-12-31;18,0;2025-03-18T17:10:28+00:00;ACPR;Part du portefeuille de négociation à l'actif du bilan;Part du portefeuille de négociation à l'actif du bilan;TX_NEGO_BILAN_ACTIF;A;BQ;_Z;567;_Z;RISQUES;TOP6_AUT_GROUPES;_Z;PHNC;PC;2;0;N;P1Y;ACPR;E;F;A
ACPR.A.BQ.RISQUES.TX_NPL.569._Z.NACE_F.PHNC._Z.TOP6_AUT_GROUPES;2017;2017-01-01;2017-12-31;10,26;2025-03-18T17:10:28+00:00;ACPR;Taux de prêts non performants du secteur de la construction;Taux de prêts non performants du secteur de la construction;TX_NPL;A;BQ;_Z;569;_Z;RISQUES;TOP6_AUT_GROUPES;NACE_F;PHNC;PC;2;0;N;P1Y;ACPR;E;F;A
ACPR.A.BQ.RISQUES.TX_PROV.572._Z.NACE_E.PHNC._Z.TOP6_AUT_GROUPES;2017;2017-01-01;2017-12-31;56,18;2025-03-18T17:10:29+00:00;ACPR;Taux de provisionnement du secteur de la production et distribution d'eau;Taux de provisionnement du secteur de la production et distribution d'eau;TX_PROV;A;BQ;_Z;572;_Z;RISQUES;TOP6_AUT_GROUPES;NACE_E;PHNC;PC;2;0;N;P1Y;ACPR;E;F;A
ACPR.A.BQ.RISQUES.CREDITS_BRUTS.39._Z.NACE_A.PHNC._Z.TOP6_AUT_GROUPES;2017;2017-01-01;2017-12-31;61,3;2025-03-18T17:10:27+00:00;ACPR;Crédits bruts aux entreprises du secteur de l'agriculture, sylviculture et pêche;Crédits bruts aux entreprises du secteur de l'agriculture, sylviculture et pêche;CREDITS_BRUTS;A;BQ;_Z;39;_Z;RISQUES;TOP6_AUT_GROUPES;NACE_A;PHNC;EUR;2;9;N;P1Y;ACPR;E;F;A
ACPR.A.BQ.RISQUES.GB_FIN_NEGO_ACTIF_9845.181._Z._Z.PHNC._Z.TOP6_AUT_GROUPES;2017;2017-01-01;2017-12-31;179,3;2025-03-18T17:10:28+00:00;ACPR;Instruments de capitaux propres dans le portefeuille de négociation coté actif;Instruments de capitaux propres dans le portefeuille de négociation coté actif;GB_FIN_NEGO_ACTIF_9845;A;BQ;_Z;181;_Z;RISQUES;TOP6_AUT_GROUPES;_Z;PHNC;EUR;2;9;N;P1Y;ACPR;E;F;A
ACPR.A.BQ.RISQUES.TB_FIN_NEGO_DERIVE_CREDIT10013.465._Z._Z.PHNC._Z.TOP6_AUT_GROUPES;2017;2017-01-01;2017-12-31;10,05;2025-03-18T17:10:28+00:00;ACPR;Contrats d'échange de risque de crédit (CDS) à l'actif;Contrats d'échange de risque de crédit (CDS) à l'actif;TB_FIN_NEGO_DERIVE_CREDIT10013;A;BQ;_Z;465;_Z;RISQUES;TOP6_AUT_GROUPES;_Z;PHNC;EUR;2;9;N;P1Y;ACPR;E;F;A
ACPR.A.BQ.RISQUES.CRED_CLIENT.34._Z.NACE_O.PHNC._Z.TOP6_AUT_GROUPES;2017;2017-01-01;2017-12-31;14,8;2025-03-18T17:10:27+00:00;ACPR;Crédits au secteur de l'administration publique;Crédits au secteur de l'administration publique;CRED_CLIENT;A;BQ;_Z;34;_Z;RISQUES;TOP6_AUT_GROUPES;NACE_O;PHNC;EUR;2;9;N;P1Y;ACPR;E;F;A
ACPR.A.BQ.RISQUES.GB_FIN_NEGO_ACTIF_9846.182._Z._Z.PHNC._Z.TOP6_AUT_GROUPES;2017;2017-01-01;2017-12-31;170,5;2025-03-18T17:10:28+00:00;ACPR;Titres de créances dans le portefeuille de négociation coté actif;Titres de créances dans le portefeuille de négociation coté actif;GB_FIN_NEGO_ACTIF_9846;A;BQ;_Z;182;_Z;RISQUES;TOP6_AUT_GROUPES;_Z;PHNC;EUR;2;9;N;P1Y;ACPR;E;F;A
ACPR.A.BQ.RISQUES.DERIV_ACTIF_GRE_GRE.45._Z.EF.PHNC._Z.TOP6_AUT_GROUPES;2017;2017-01-01;2017-12-31;112,34;2025-03-18T17:10:27+00:00;ACPR;Montant à l'actif de dérivés de gré à gré avec autres entreprises financières;Dérivés de gré à gré (Actifs) avec autres entreprises financières;DERIV_ACTIF_GRE_GRE;A;BQ;_Z;45;_Z;RISQUES;TOP6_AUT_GROUPES;EF;PHNC;EUR;2;9;N;P1Y;ACPR;E;F;A
ACPR.A.BQ.RISQUES.RATIO_CREDEP.363._Z.MENAGES_ENF.PHNC._Z.TOP6_AUT_GROUPES;2017;2017-01-01;2017-12-31;114,34;2025-03-18T17:10:28+00:00;ACPR;Ratio crédits / Dépôts  aux entreprises non financières et aux ménages;Ratio crédits / Dépôts  aux entreprises non financières et aux ménages;RATIO_CREDEP;A;BQ;_Z;363;_Z;RISQUES;TOP6_AUT_GROUPES;MENAGES_ENF;PHNC;PC;2;9;N;P1Y;ACPR;E;F;A
ACPR.A.BQ.RISQUES.TB_FIN_NEGO_DERIVE_CREDIT10016.468._Z._Z.PHNC._Z.TOP6_AUT_GROUPES;2017;2017-01-01;2017-12-31;0,07;2025-03-18T17:10:28+00:00;ACPR;Options sur écart de crédit (Credit spread options) au passif;Options sur écart de crédit (Credit spread options) au passif;TB_FIN_NEGO_DERIVE_CREDIT10016;A;BQ;_Z;468;_Z;RISQUES;TOP6_AUT_GROUPES;_Z;PHNC;EUR;2;9;N;P1Y;ACPR;E;F;A
ACPR.A.BQ.RISQUES.TB_FIN_NEGO_DERIVES9937.485._Z._Z.PHNC._Z.TOP6_AUT_GROUPES;2017;2017-01-01;2017-12-31;1,37;2025-03-18T17:10:28+00:00;ACPR;Montant au passif de dérivés sur autres produits;Montant au passif de dérivés sur autres produits;TB_FIN_NEGO_DERIVES9937;A;BQ;_Z;485;_Z;RISQUES;TOP6_AUT_GROUPES;_Z;PHNC;EUR;2;9;N;P1Y;ACPR;E;F;A
ACPR.A.BQ.RISQUES.TB_FIN_NEGO_PART_OPTION9969.495._Z._Z.PHNC._Z.TOP6_AUT_GROUPES;2017;2017-01-01;2017-12-31;276,34;2025-03-18T17:10:28+00:00;ACPR;Options de gré à gré (somme actif et passif);Options de gré à gré (somme actif et passif);TB_FIN_NEGO_PART_OPTION9969;A;BQ;_Z;495;_Z;RISQUES;TOP6_AUT_GROUPES;_Z;PHNC;EUR;2;9;N;P1Y;ACPR;E;F;A
ACPR.A.BQ.RISQUES.TB_FIN_NEGO_VENTE_OPTION9983.499._Z._Z.PHNC._Z.TOP6_AUT_GROUPES;2017;2017-01-01;2017-12-31;6225,75;2025-03-18T17:10:28+00:00;ACPR;Ventes d'options;Ventes d'options;TB_FIN_NEGO_VENTE_OPTION9983;A;BQ;_Z;499;_Z;RISQUES;TOP6_AUT_GROUPES;_Z;PHNC;EUR;2;9;N;P1Y;ACPR;E;F;A
ACPR.A.BQ.RISQUES.TX_NPL.569._Z.NACE_A.PHNC._Z.TOP6_AUT_GROUPES;2017;2017-01-01;2017-12-31;5,24;2025-03-18T17:10:28+00:00;ACPR;Taux de prêts non performants du secteur de l'agriculture, sylviculture et pêche;Taux de prêts non performants du secteur de l'agriculture, sylviculture et pêche;TX_NPL;A;BQ;_Z;569;_Z;RISQUES;TOP6_AUT_GROUPES;NACE_A;PHNC;PC;2;0;N;P1Y;ACPR;E;F;A
ACPR.A.BQ.RISQUES.TX_NPL.569._Z.NACE_Q.PHNC._Z.TOP6_AUT_GROUPES;2017;2017-01-01;2017-12-31;2,52;2025-03-18T17:10:29+00:00;ACPR;Taux de prêts non performants du secteur de la santé humaine et action sociale;Taux de prêts non performants du secteur de la santé humaine et action sociale;TX_NPL;A;BQ;_Z;569;_Z;RISQUES;TOP6_AUT_GROUPES;NACE_Q;PHNC;PC;2;0;N;P1Y;ACPR;E;F;A
ACPR.A.BQ.RISQUES.TX_NPL.569.DE.MENAGES_ENF.PHNC._Z.TOP6_AUT_GROUPES;2017;2017-01-01;2017-12-31;3,3;2025-03-18T17:10:29+00:00;ACPR;Taux de prêts non performants en Allemagne;Taux de prêts non performants en Allemagne;TX_NPL;A;BQ;_Z;569;DE;RISQUES;TOP6_AUT_GROUPES;MENAGES_ENF;PHNC;PC;2;0;N;P1Y;ACPR;E;F;A
ACPR.A.BQ.RISQUES.TX_NPL_APRES_PROV.570._Z.MENAGES.PHNC._Z.TOP6_AUT_GROUPES;2017;2017-01-01;2017-12-31;1,81;2025-03-18T17:10:29+00:00;ACPR;Poids des prêts non performants nets des provisions aux ménages;Poids des prêts non performants nets des provisions aux ménages;TX_NPL_APRES_PROV;A;BQ;_Z;570;_Z;RISQUES;TOP6_AUT_GROUPES;MENAGES;PHNC;PC;2;0;N;P1Y;ACPR;E;F;A
ACPR.A.BQ.RISQUES.CREDITS_BRUTS_MENAGES_ENF_PAYS.40.CH.MENAGES_ENF.PHNC._Z.TOP6_AUT_GROUPES;2017;2017-01-01;2017-12-31;27,0;2025-03-18T17:10:27+00:00;ACPR;Crédits bruts aux ménages et entreprises non financières en Suisse;Crédits bruts aux ménages et entreprises non financières en Suisse;CREDITS_BRUTS_MENAGES_ENF_PAYS;A;BQ;_Z;40;CH;RISQUES;TOP6_AUT_GROUPES;MENAGES_ENF;PHNC;EUR;2;9;N;P1Y;ACPR;E;F;A
ACPR.A.BQ.RISQUES.TX_PROV_NPL.573._Z.GE.PHNC._Z.TOP6_AUT_GROUPES;2017;2017-01-01;2017-12-31;2,22;2025-03-18T17:10:29+00:00;ACPR;Poids des provisions des prêts non performants aux grandes entreprises;Poids des provisions des prêts non performants aux grandes entreprises;TX_PROV_NPL;A;BQ;_Z;573;_Z;RISQUES;TOP6_AUT_GROUPES;GE;PHNC;PC;2;0;N;P1Y;ACPR;E;F;A
ACPR.A.BQ.RISQUES.CREDITS_BRUTS.39._Z.NACE_P.PHNC._Z.TOP6_AUT_GROUPES;2017;2017-01-01;2017-12-31;5,12;2025-03-18T17:10:27+00:00;ACPR;Crédits bruts aux entreprises du secteur de l'enseignement;Crédits bruts aux entreprises du secteur de l'enseignement;CREDITS_BRUTS;A;BQ;_Z;39;_Z;RISQUES;TOP6_AUT_GROUPES;NACE_P;PHNC;EUR;2;9;N;P1Y;ACPR;E;F;A
ACPR.A.BQ.RISQUES.TB_FIN_NEGO_DERIVES9925.475._Z._Z.PHNC._Z.TOP6_AUT_GROUPES;2017;2017-01-01;2017-12-31;57,97;2025-03-18T17:10:28+00:00;ACPR;Montant à l'actif de dérivés sur actions;Montant à l'actif de dérivés sur actions;TB_FIN_NEGO_DERIVES9925;A;BQ;_Z;475;_Z;RISQUES;TOP6_AUT_GROUPES;_Z;PHNC;EUR;2;9;N;P1Y;ACPR;E;F;A
ACPR.A.BQ.RISQUES.TX_PROV_NPL.573._Z.PME.PHNC._Z.TOP6_AUT_GROUPES;2017;2017-01-01;2017-12-31;3,49;2025-03-18T17:10:29+00:00;ACPR;Poids des provisions des prêts non performants aux PME;Poids des provisions des prêts non performants aux PME;TX_PROV_NPL;A;BQ;_Z;573;_Z;RISQUES;TOP6_AUT_GROUPES;PME;PHNC;PC;2;0;N;P1Y;ACPR;E;F;A
ACPR.A.BQ.RISQUES.CRED_CLIENT.34._Z.NACE_B.PHNC._Z.TOP6_AUT_GROUPES;2017;2017-01-01;2017-12-31;27,21;2025-03-18T17:10:26+00:00;ACPR;Crédits au secteur des industries extractives;Crédits au secteur des industries extractives;CRED_CLIENT;A;BQ;_Z;34;_Z;RISQUES;TOP6_AUT_GROUPES;NACE_B;PHNC;EUR;2;9;N;P1Y;ACPR;E;F;A
ACPR.A.BQ.RISQUES.CREDITS_BRUTS_MENAGES_ENF_PAYS.40.DE.MENAGES_ENF.PHNC._Z.TOP6_AUT_GROUPES;2017;2017-01-01;2017-12-31;80,0;2025-03-18T17:10:27+00:00;ACPR;Crédits bruts aux ménages et entreprises non financières en Allemagne;Crédits bruts aux ménages et entreprises non financières en Allemagne;CREDITS_BRUTS_MENAGES_ENF_PAYS;A;BQ;_Z;40;DE;RISQUES;TOP6_AUT_GROUPES;MENAGES_ENF;PHNC;EUR;2;9;N;P1Y;ACPR;E;F;A
ACPR.A.BQ.RISQUES.OBLIG_PTF_NEGO.238._Z.APU.PHNC._Z.TOP6_AUT_GROUPES;2017;2017-01-01;2017-12-31;112,55;2025-03-18T17:10:28+00:00;ACPR;Titre de créances émis par les administrations publiques dans le portefeuille de négociation;Titre de créances émis par les administrations publiques dans le portefeuille de négociation;OBLIG_PTF_NEGO;A;BQ;_Z;238;_Z;RISQUES;TOP6_AUT_GROUPES;APU;PHNC;EUR;2;9;N;P1Y;ACPR;E;F;A
ACPR.A.BQ.RISQUES.TB_FIN_NEGO_DERIVE_CREDIT10008.463._Z._Z.PHNC._Z.TOP6_AUT_GROUPES;2017;2017-01-01;2017-12-31;12,9;2025-03-18T17:10:28+00:00;ACPR;Vente de autres dérivés de crédit En notionnel;Vente de autres dérivés de crédit En notionnel;TB_FIN_NEGO_DERIVE_CREDIT10008;A;BQ;_Z;463;_Z;RISQUES;TOP6_AUT_GROUPES;_Z;PHNC;EUR;2;9;N;P1Y;ACPR;E;F;A
ACPR.A.BQ.RISQUES.TB_FIN_NEGO_PART_OPTION9964.490._Z._Z.PHNC._Z.TOP6_AUT_GROUPES;2017;2017-01-01;2017-12-31;30,29;2025-03-18T17:10:28+00:00;ACPR;Options de gré à gré sur Change et or (somme actif et passif);Options de gré à gré sur Change et or (somme actif et passif);TB_FIN_NEGO_PART_OPTION9964;A;BQ;_Z;490;_Z;RISQUES;TOP6_AUT_GROUPES;_Z;PHNC;EUR;2;9;N;P1Y;ACPR;E;F;A
ACPR.A.BQ.RISQUES.CRED_CLIENT.34._Z.APU.PHNC._Z.TOP6_AUT_GROUPES;2017;2017-01-01;2017-12-31;414,26;2025-03-18T17:10:26+00:00;ACPR;Administrations publiques (crédits nets);Administrations publiques (crédits nets);CRED_CLIENT;A;BQ;_Z;34;_Z;RISQUES;TOP6_AUT_GROUPES;APU;PHNC;EUR;2;9;N;P1Y;ACPR;E;F;A
ACPR.A.BQ.RISQUES.CREDITS_BRUTS.39._Z.NACE_R.PHNC._Z.TOP6_AUT_GROUPES;2017;2017-01-01;2017-12-31;7,94;2025-03-18T17:10:27+00:00;ACPR;Crédits bruts aux entreprises du secteur des arts, spectacles et activités récréatives;Crédits bruts aux entreprises du secteur des arts, spectacles et activités récréatives;CREDITS_BRUTS;A;BQ;_Z;39;_Z;RISQUES;TOP6_AUT_GROUPES;NACE_R;PHNC;EUR;2;9;N;P1Y;ACPR;E;F;A
ACPR.A.BQ.RISQUES.TX_PROV.572._Z.NACE_M.PHNC._Z.TOP6_AUT_GROUPES;2017;2017-01-01;2017-12-31;71,1;2025-03-18T17:10:29+00:00;ACPR;Taux de provisionnement du secteur des activités spécialisées, scientifiques et techniques;Taux de provisionnement du secteur des activités spécialisées, scientifiques et techniques;TX_PROV;A;BQ;_Z;572;_Z;RISQUES;TOP6_AUT_GROUPES;NACE_M;PHNC;PC;2;0;N;P1Y;ACPR;E;F;A
ACPR.A.BQ.RISQUES.CRED_CLIENT.34._Z.NACE_M.PHNC._Z.TOP6_AUT_GROUPES;2017;2017-01-01;2017-12-31;72,29;2025-03-18T17:10:27+00:00;ACPR;Crédits au secteur des activités spécialisées, scientifiques et techniques;Crédits au secteur des activités spécialisées, scientifiques et techniques;CRED_CLIENT;A;BQ;_Z;34;_Z;RISQUES;TOP6_AUT_GROUPES;NACE_M;PHNC;EUR;2;9;N;P1Y;ACPR;E;F;A
ACPR.A.BQ.RISQUES.TX_PROV.572._Z.NACE_O.PHNC._Z.TOP6_AUT_GROUPES;2017;2017-01-01;2017-12-31;76,23;2025-03-18T17:10:29+00:00;ACPR;Taux de provisionnement du secteur de l'administration publique;Taux de provisionnement du secteur de l'administration publique;TX_PROV;A;BQ;_Z;572;_Z;RISQUES;TOP6_AUT_GROUPES;NACE_O;PHNC;PC;2;0;N;P1Y;ACPR;E;F;A
ACPR.A.BQ.RISQUES.TX_PROV.572._Z.NACE_J.PHNC._Z.TOP6_AUT_GROUPES;2017;2017-01-01;2017-12-31;50,82;2025-03-18T17:10:29+00:00;ACPR;Taux de provisionnement du secteur de l'information et communication;Taux de provisionnement du secteur de l'information et communication;TX_PROV;A;BQ;_Z;572;_Z;RISQUES;TOP6_AUT_GROUPES;NACE_J;PHNC;PC;2;0;N;P1Y;ACPR;E;F;A
ACPR.A.BQ.RISQUES.LOANS_PTF_NEGO.222._Z.MENAGES.PHNC._Z.TOP6_AUT_GROUPES;2017;2017-01-01;2017-12-31;0,06;2025-03-18T17:10:28+00:00;ACPR;Prêts aux Ménages dans le portefeuille de négociation;Prêts aux Ménages dans le portefeuille de négociation;LOANS_PTF_NEGO;A;BQ;_Z;222;_Z;RISQUES;TOP6_AUT_GROUPES;MENAGES;PHNC;EUR;2;9;N;P1Y;ACPR;E;F;A
ACPR.A.BQ.RISQUES.TX_PROV.572.LU.MENAGES_ENF.PHNC._Z.TOP6_AUT_GROUPES;2017;2017-01-01;2017-12-31;42,9;2025-03-18T17:10:29+00:00;ACPR;Taux de provisionnement au Luxembourg;Taux de provisionnement au Luxembourg;TX_PROV;A;BQ;_Z;572;LU;RISQUES;TOP6_AUT_GROUPES;MENAGES_ENF;PHNC;PC;2;0;N;P1Y;ACPR;E;F;A
ACPR.A.BQ.RISQUES.GB_FIN_NEGO_COURT9872.184._Z._Z.PHNC._Z.TOP6_AUT_GROUPES;2017;2017-01-01;2017-12-31;22,14;2025-03-18T17:10:28+00:00;ACPR;Positions courtes sur Instruments de capitaux propres;Positions courtes sur Instruments de capitaux propres;GB_FIN_NEGO_COURT9872;A;BQ;_Z;184;_Z;RISQUES;TOP6_AUT_GROUPES;_Z;PHNC;EUR;2;9;N;P1Y;ACPR;E;F;A
ACPR.A.BQ.RISQUES.TB_FIN_NEGO_DERIVE_CREDIT10003.460._Z._Z.PHNC._Z.TOP6_AUT_GROUPES;2017;2017-01-01;2017-12-31;46,76;2025-03-18T17:10:28+00:00;ACPR;Achats de options sur écart de crédit (CDS) En notionnel;Achats de options sur écart de crédit (CDS) En notionnel;TB_FIN_NEGO_DERIVE_CREDIT10003;A;BQ;_Z;460;_Z;RISQUES;TOP6_AUT_GROUPES;_Z;PHNC;EUR;2;9;N;P1Y;ACPR;E;F;A
ACPR.A.BQ.RISQUES.TB_FIN_NEGO_DERIVES9924.474._Z._Z.PHNC._Z.TOP6_AUT_GROUPES;2017;2017-01-01;2017-12-31;360,05;2025-03-18T17:10:28+00:00;ACPR;Montant à l'actif de dérivés sur taux d'intérêt;Montant à l'actif de dérivés sur taux d'intérêt;TB_FIN_NEGO_DERIVES9924;A;BQ;_Z;474;_Z;RISQUES;TOP6_AUT_GROUPES;_Z;PHNC;EUR;2;9;N;P1Y;ACPR;E;F;A
ACPR.A.BQ.RISQUES.TB_FIN_NEGO_DERIVES9934.482._Z._Z.PHNC._Z.TOP6_AUT_GROUPES;2017;2017-01-01;2017-12-31;123,64;2025-03-18T17:10:28+00:00;ACPR;Montant au passif de dérivés sur change et or;Montant au passif de dérivés sur change et or;TB_FIN_NEGO_DERIVES9934;A;BQ;_Z;482;_Z;RISQUES;TOP6_AUT_GROUPES;_Z;PHNC;EUR;2;9;N;P1Y;ACPR;E;F;A
ACPR.A.BQ.RISQUES.TB_FIN_NEGO_PART_OPTION9958.488._Z._Z.PHNC._Z.TOP6_AUT_GROUPES;2017;2017-01-01;2017-12-31;163,8;2025-03-18T17:10:28+00:00;ACPR;Options de gré à gré sur Taux d'intérêt (somme actif et passif);Options de gré à gré sur Taux d'intérêt (somme actif et passif);TB_FIN_NEGO_PART_OPTION9958;A;BQ;_Z;488;_Z;RISQUES;TOP6_AUT_GROUPES;_Z;PHNC;EUR;2;9;N;P1Y;ACPR;E;F;A
ACPR.A.BQ.RISQUES.DERIV_ACTIF_GRE_GRE.45._Z.AUTRES.PHNC._Z.TOP6_AUT_GROUPES;2017;2017-01-01;2017-12-31;87,13;2025-03-18T17:10:27+00:00;ACPR;Montant à l'actif de dérivés de gré à gré avec autres contreparties;Dérivés de gré à gré (Actifs) avec autres contreparties;DERIV_ACTIF_GRE_GRE;A;BQ;_Z;45;_Z;RISQUES;TOP6_AUT_GROUPES;AUTRES;PHNC;EUR;2;9;N;P1Y;ACPR;E;F;A
ACPR.A.BQ.RISQUES.DERIV_ACTIF_GRE_GRE.45._Z._Z.PHNC._Z.TOP6_AUT_GROUPES;2017;2017-01-01;2017-12-31;539,09;2025-03-18T17:10:27+00:00;ACPR;Montant à l'actif de dérivés de gré à gré;Dérivés de gré à gré (Actifs);DERIV_ACTIF_GRE_GRE;A;BQ;_Z;45;_Z;RISQUES;TOP6_AUT_GROUPES;_Z;PHNC;EUR;2;9;N;P1Y;ACPR;E;F;A
ACPR.A.BQ.RISQUES.TB_FIN_NEGO_DERIVES9926.476._Z._Z.PHNC._Z.TOP6_AUT_GROUPES;2017;2017-01-01;2017-12-31;124,86;2025-03-18T17:10:28+00:00;ACPR;Montant à l'actif de dérivés sur change et or;Montant à l'actif de dérivés sur change et or;TB_FIN_NEGO_DERIVES9926;A;BQ;_Z;476;_Z;RISQUES;TOP6_AUT_GROUPES;_Z;PHNC;EUR;2;9;N;P1Y;ACPR;E;F;A
ACPR.A.BQ.RISQUES.TX_PROV.572._Z.PME.PHNC._Z.TOP6_AUT_GROUPES;2017;2017-01-01;2017-12-31;52,39;2025-03-18T17:10:29+00:00;ACPR;Taux de provisionnement aux PME;Taux de provisionnement aux PME;TX_PROV;A;BQ;_Z;572;_Z;RISQUES;TOP6_AUT_GROUPES;PME;PHNC;PC;2;0;N;P1Y;ACPR;E;F;A
ACPR.A.BQ.RISQUES.TX_NPL.569.GB.MENAGES_ENF.PHNC._Z.TOP6_AUT_GROUPES;2017;2017-01-01;2017-12-31;2,7;2025-03-18T17:10:29+00:00;ACPR;Taux de prêts non performants au Royaume uni;Taux de prêts non performants au Royaume uni;TX_NPL;A;BQ;_Z;569;GB;RISQUES;TOP6_AUT_GROUPES;MENAGES_ENF;PHNC;PC;2;0;N;P1Y;ACPR;E;F;A
ACPR.A.BQ.RISQUES.TB_FIN_NEGO_DERIVES_CIES9943.51._Z._Z.PHNC._Z._Z;2017;2017-01-01;2017-12-31;62134,33;2025-09-17T10:00:30+00:00;ACPR;Total des dérivés (montants notionnels);Total des dérivés (montants notionnels);TB_FIN_NEGO_DERIVES_CIES9943;A;BQ;_Z;51;_Z;RISQUES;_Z;_Z;PHNC;EUR;2;9;N;P1Y;ACPR;E;F;A
ACPR.A.BQ.RISQUES.TX_PROV.572._Z.NACE_Q.PHNC._Z.TOP6_AUT_GROUPES;2017;2017-01-01;2017-12-31;50,81;2025-03-18T17:10:29+00:00;ACPR;Taux de provisionnement du secteur de la santé humaine et action sociale;Taux de provisionnement du secteur de la santé humaine et action sociale;TX_PROV;A;BQ;_Z;572;_Z;RISQUES;TOP6_AUT_GROUPES;NACE_Q;PHNC;PC;2;0;N;P1Y;ACPR;E;F;A
ACPR.A.BQ.RISQUES.TX_PROV.572.FR.MENAGES_ENF.PHNC._Z.TOP6_AUT_GROUPES;2017;2017-01-01;2017-12-31;61,5;2025-03-18T17:10:29+00:00;ACPR;Taux de provisionnement en France;Taux de provisionnement en France;TX_PROV;A;BQ;_Z;572;FR;RISQUES;TOP6_AUT_GROUPES;MENAGES_ENF;PHNC;PC;2;0;N;P1Y;ACPR;E;F;A
ACPR.A.BQ.RISQUES.LOANS_PTF_NEGO.222._Z.APU.PHNC._Z.TOP6_AUT_GROUPES;2017;2017-01-01;2017-12-31;8,42;2025-03-18T17:10:28+00:00;ACPR;Prêts aux Administrations publiques dans le portefeuille de négociation;Prêts aux Administrations publiques dans le portefeuille de négociation;LOANS_PTF_NEGO;A;BQ;_Z;222;_Z;RISQUES;TOP6_AUT_GROUPES;APU;PHNC;EUR;2;9;N;P1Y;ACPR;E;F;A
ACPR.A.BQ.RISQUES.TX_NPL.569.US.MENAGES_ENF.PHNC._Z.TOP6_AUT_GROUPES;2017;2017-01-01;2017-12-31;1,6;2025-03-18T17:10:29+00:00;ACPR;Taux de prêts non performants aux Etats-Unis;Taux de prêts non performants aux Etats-Unis;TX_NPL;A;BQ;_Z;569;US;RISQUES;TOP6_AUT_GROUPES;MENAGES_ENF;PHNC;PC;2;0;N;P1Y;ACPR;E;F;A
ACPR.A.BQ.RISQUES.DEPOTS.43._Z._Z.PHNC._Z.TOP6_AUT_GROUPES;2017;2017-01-01;2017-12-31;4013,51;2025-03-18T17:10:27+00:00;ACPR;Dépôts du secteur bancaire français;Dépôts du secteur bancaire français;DEPOTS;A;BQ;_Z;43;_Z;RISQUES;TOP6_AUT_GROUPES;_Z;PHNC;EUR;2;9;N;P1Y;ACPR;E;F;A
ACPR.A.BQ.RISQUES.DERIV_PASSIF_GRE_GRE.49._Z.EC.PHNC._Z.TOP6_AUT_GROUPES;2017;2017-01-01;2017-12-31;341,04;2025-03-18T17:10:27+00:00;ACPR;Montant au passif de dérivés de gré à gré avec établissements de crédit;Passif de dérivés de gré à gré avec établissements de crédit;DERIV_PASSIF_GRE_GRE;A;BQ;_Z;49;_Z;RISQUES;TOP6_AUT_GROUPES;EC;PHNC;EUR;2;9;N;P1Y;ACPR;E;F;A
ACPR.A.BQ.RISQUES.TB_FIN_NEGO_PART_BILAN9840.487._Z._Z.PHNC._Z.TOP6_AUT_GROUPES;2017;2017-01-01;2017-12-31;1346,4;2025-03-18T17:10:28+00:00;ACPR;Portefeuille de négociation - Passif;Portefeuille de négociation - Passif;TB_FIN_NEGO_PART_BILAN9840;A;BQ;_Z;487;_Z;RISQUES;TOP6_AUT_GROUPES;_Z;PHNC;EUR;2;9;N;P1Y;ACPR;E;F;A
ACPR.A.BQ.RISQUES.TB_FIN_NEGO_PART_OPTION9961.489._Z._Z.PHNC._Z.TOP6_AUT_GROUPES;2017;2017-01-01;2017-12-31;82,26;2025-03-18T17:10:28+00:00;ACPR;Options de gré à gré sur Capitaux propres (somme actif et passif);Options de gré à gré sur Capitaux propres (somme actif et passif);TB_FIN_NEGO_PART_OPTION9961;A;BQ;_Z;489;_Z;RISQUES;TOP6_AUT_GROUPES;_Z;PHNC;EUR;2;9;N;P1Y;ACPR;E;F;A
ACPR.A.BQ.RISQUES.TX_NPL.569.FR.MENAGES_ENF.PHNC._Z.TOP6_AUT_GROUPES;2017;2017-01-01;2017-12-31;3,4;2025-03-18T17:10:29+00:00;ACPR;Taux de prêts non performants en France;Taux de prêts non performants en France;TX_NPL;A;BQ;_Z;569;FR;RISQUES;TOP6_AUT_GROUPES;MENAGES_ENF;PHNC;PC;2;0;N;P1Y;ACPR;E;F;A
ACPR.A.BQ.RISQUES.TX_NPL_APRES_PROV.570._Z.ENF.PHNC._Z.TOP6_AUT_GROUPES;2017;2017-01-01;2017-12-31;2,45;2025-03-18T17:10:29+00:00;ACPR;Poids des prêts non performants nets des provisions aux entreprises non financières;Poids des prêts non performants nets des provisions aux entreprises non financières;TX_NPL_APRES_PROV;A;BQ;_Z;570;_Z;RISQUES;TOP6_AUT_GROUPES;ENF;PHNC;PC;2;0;N;P1Y;ACPR;E;F;A
ACPR.A.BQ.RISQUES.TX_NPL_APRES_PROV.570._Z.GE.PHNC._Z.TOP6_AUT_GROUPES;2017;2017-01-01;2017-12-31;1,99;2025-03-18T17:10:29+00:00;ACPR;Poids des prêts non performants nets des provisions aux grandes entreprises;Poids des prêts non performants nets des provisions aux grandes entreprises;TX_NPL_APRES_PROV;A;BQ;_Z;570;_Z;RISQUES;TOP6_AUT_GROUPES;GE;PHNC;PC;2;0;N;P1Y;ACPR;E;F;A
ACPR.A.BQ.RISQUES.TX_NPL_APRES_PROV.570._Z.PME.PHNC._Z.TOP6_AUT_GROUPES;2017;2017-01-01;2017-12-31;3,17;2025-03-18T17:10:29+00:00;ACPR;Poids des prêts non performants nets des provisions aux PME;Poids des prêts non performants nets des provisions aux PME;TX_NPL_APRES_PROV;A;BQ;_Z;570;_Z;RISQUES;TOP6_AUT_GROUPES;PME;PHNC;PC;2;0;N;P1Y;ACPR;E;F;A
ACPR.A.BQ.RISQUES.TX_PROV.572._Z.ENF.PHNC._Z.TOP6_AUT_GROUPES;2017;2017-01-01;2017-12-31;52,56;2025-03-18T17:10:29+00:00;ACPR;Taux de provisionnement aux entreprises non financières;Taux de provisionnement aux entreprises non financières;TX_PROV;A;BQ;_Z;572;_Z;RISQUES;TOP6_AUT_GROUPES;ENF;PHNC;PC;2;0;N;P1Y;ACPR;E;F;A
ACPR.A.BQ.RISQUES.TX_PROV.572._Z.NACE_G.PHNC._Z.TOP6_AUT_GROUPES;2017;2017-01-01;2017-12-31;69,91;2025-03-18T17:10:29+00:00;ACPR;Taux de provisionnement du secteur du commerce;Taux de provisionnement du secteur du commerce;TX_PROV;A;BQ;_Z;572;_Z;RISQUES;TOP6_AUT_GROUPES;NACE_G;PHNC;PC;2;0;N;P1Y;ACPR;E;F;A
ACPR.A.BQ.RISQUES.DEPOTS.43._Z.HORS_EC_BC.PHNC._Z.TOP6_AUT_GROUPES;2017;2017-01-01;2017-12-31;3426,07;2025-03-18T17:10:27+00:00;ACPR;Dépôts  hors EC et banques centrales;Dépôts  hors EC et banques centrales;DEPOTS;A;BQ;_Z;43;_Z;RISQUES;TOP6_AUT_GROUPES;HORS_EC_BC;PHNC;EUR;2;9;N;P1Y;ACPR;E;F;A
ACPR.A.BQ.RISQUES.DT_PL_PTF_NEGO.58._Z.EF.PHNC._Z.TOP6_AUT_GROUPES;2017;2017-01-01;2017-12-31;198,0;2025-03-18T17:10:27+00:00;ACPR;Dépôts et titres des autres entreprises financières donnés en pension livrée du portefeuille de négociation;Dépôts et titres des autres entreprises financières donnés en pension livrée du portefeuille de négociation;DT_PL_PTF_NEGO;A;BQ;_Z;58;_Z;RISQUES;TOP6_AUT_GROUPES;EF;PHNC;EUR;2;9;N;P1Y;ACPR;E;F;A
ACPR.A.BQ.RISQUES.TB_FIN_NEGO_DERIVES9935.483._Z._Z.PHNC._Z.TOP6_AUT_GROUPES;2017;2017-01-01;2017-12-31;12,72;2025-03-18T17:10:28+00:00;ACPR;Montant au passif de dérivés sur crédit;Montant au passif de dérivés sur crédit;TB_FIN_NEGO_DERIVES9935;A;BQ;_Z;483;_Z;RISQUES;TOP6_AUT_GROUPES;_Z;PHNC;EUR;2;9;N;P1Y;ACPR;E;F;A
ACPR.A.BQ.RISQUES.TB_FIN_NEGO_VENTE_OPTION9982.498._Z._Z.PHNC._Z.TOP6_AUT_GROUPES;2017;2017-01-01;2017-12-31;1679,02;2025-03-18T17:10:28+00:00;ACPR;Ventes d'options sur Change et or;Ventes d'options sur Change et or;TB_FIN_NEGO_VENTE_OPTION9982;A;BQ;_Z;498;_Z;RISQUES;TOP6_AUT_GROUPES;_Z;PHNC;EUR;2;9;N;P1Y;ACPR;E;F;A
ACPR.A.BQ.RISQUES.TX_NPL.569._Z.NACE_K.PHNC._Z.TOP6_AUT_GROUPES;2017;2017-01-01;2017-12-31;0,0;2025-03-18T17:10:28+00:00;ACPR;Taux de prêts non performants du secteur des activité financières et d'assurance;Taux de prêts non performants du secteur des activité financières et d'assurance;TX_NPL;A;BQ;_Z;569;_Z;RISQUES;TOP6_AUT_GROUPES;NACE_K;PHNC;PC;2;0;N;P1Y;ACPR;E;F;A
ACPR.A.BQ.RISQUES.TX_NPL.569._Z.NACE_O.PHNC._Z.TOP6_AUT_GROUPES;2017;2017-01-01;2017-12-31;0,67;2025-03-18T17:10:29+00:00;ACPR;Taux de prêts non performants du secteur de l'administration publique;Taux de prêts non performants du secteur de l'administration publique;TX_NPL;A;BQ;_Z;569;_Z;RISQUES;TOP6_AUT_GROUPES;NACE_O;PHNC;PC;2;0;N;P1Y;ACPR;E;F;A
ACPR.A.BQ.RISQUES.TX_PROV.572._Z.MENAGES_ENF.PHNC._Z.TOP6_AUT_GROUPES;2017;2017-01-01;2017-12-31;51,35;2025-03-18T17:10:29+00:00;ACPR;Taux de provisionnement aux ménages et aux entreprises non financières;Taux de provisionnement aux ménages et aux entreprises non financières;TX_PROV;A;BQ;_Z;572;_Z;RISQUES;TOP6_AUT_GROUPES;MENAGES_ENF;PHNC;PC;2;0;N;P1Y;ACPR;E;F;A
ACPR.A.BQ.RISQUES.CRED_CLIENT.34._Z.BC.PHNC._Z.TOP6_AUT_GROUPES;2017;2017-01-01;2017-12-31;584,26;2025-03-18T17:10:26+00:00;ACPR;Banques Centrales (crédits nets);Banques Centrales (crédits nets);CRED_CLIENT;A;BQ;_Z;34;_Z;RISQUES;TOP6_AUT_GROUPES;BC;PHNC;EUR;2;9;N;P1Y;ACPR;E;F;A
ACPR.A.BQ.RISQUES.CRED_CLIENT.34.ES.MENAGES.PHNC._Z.TOP6_AUT_GROUPES;2017;2017-01-01;2017-12-31;18,38;2025-03-18T17:10:27+00:00;ACPR;Crédits aux ménages - Espagne;Crédits aux ménages - Espagne;CRED_CLIENT;A;BQ;_Z;34;ES;RISQUES;TOP6_AUT_GROUPES;MENAGES;PHNC;EUR;2;9;N;P1Y;ACPR;E;F;A
ACPR.A.BQ.RISQUES.TX_NPL.569._Z.NACE_D.PHNC._Z.TOP6_AUT_GROUPES;2017;2017-01-01;2017-12-31;3,35;2025-03-18T17:10:28+00:00;ACPR;Taux de prêts non performants du secteur de l'électricité, gaz, vapeur et air conditionné;Taux de prêts non performants du secteur de l'électricité, gaz, vapeur et air conditionné;TX_NPL;A;BQ;_Z;569;_Z;RISQUES;TOP6_AUT_GROUPES;NACE_D;PHNC;PC;2;0;N;P1Y;ACPR;E;F;A
ACPR.A.BQ.RISQUES.TB_FIN_NEGO_PART_BILAN9839.486._Z._Z.PHNC._Z.TOP6_AUT_GROUPES;2017;2017-01-01;2017-12-31;1337,4;2025-03-18T17:10:28+00:00;ACPR;Portefeuille de négociation - Actif;Portefeuille de négociation - Actif;TB_FIN_NEGO_PART_BILAN9839;A;BQ;_Z;486;_Z;RISQUES;TOP6_AUT_GROUPES;_Z;PHNC;EUR;2;9;N;P1Y;ACPR;E;F;A
ACPR.A.BQ.RISQUES.TX_PROV.572.BE.MENAGES_ENF.PHNC._Z.TOP6_AUT_GROUPES;2017;2017-01-01;2017-12-31;67,7;2025-03-18T17:10:29+00:00;ACPR;Taux de provisionnement en Belgique;Taux de provisionnement en Belgique;TX_PROV;A;BQ;_Z;572;BE;RISQUES;TOP6_AUT_GROUPES;MENAGES_ENF;PHNC;PC;2;0;N;P1Y;ACPR;E;F;A
ACPR.A.BQ.RISQUES.TX_PROV.572._Z.NACE_P.PHNC._Z.TOP6_AUT_GROUPES;2017;2017-01-01;2017-12-31;60,94;2025-03-18T17:10:29+00:00;ACPR;Taux de provisionnement du secteur de l'enseignement;Taux de provisionnement du secteur de l'enseignement;TX_PROV;A;BQ;_Z;572;_Z;RISQUES;TOP6_AUT_GROUPES;NACE_P;PHNC;PC;2;0;N;P1Y;ACPR;E;F;A
ACPR.A.BQ.RISQUES.TB_FIN_NEGO_DERIVE_CREDIT10000.458._Z._Z.PHNC._Z.TOP6_AUT_GROUPES;2017;2017-01-01;2017-12-31;557,6;2025-03-18T17:10:28+00:00;ACPR;Achats de contrats d'échange de risque de crédit (CDS) En notionnel;Achats de contrats d'échange de risque de crédit (CDS) En notionnel;TB_FIN_NEGO_DERIVE_CREDIT10000;A;BQ;_Z;458;_Z;RISQUES;TOP6_AUT_GROUPES;_Z;PHNC;EUR;2;9;N;P1Y;ACPR;E;F;A
ACPR.A.BQ.RISQUES.DERIV_NOTIONNEL_GRE_GRE.47._Z.EF.PHNC._Z.TOP6_AUT_GROUPES;2017;2017-01-01;2017-12-31;18844,59;2025-03-18T17:10:27+00:00;ACPR;Montant notionnels de dérivés de gré à gré avec autres entreprises financières;Montant notionnels de dérivés de gré à gré avec autres entreprises financières;DERIV_NOTIONNEL_GRE_GRE;A;BQ;_Z;47;_Z;RISQUES;TOP6_AUT_GROUPES;EF;PHNC;EUR;2;9;N;P1Y;ACPR;E;F;A
ACPR.A.BQ.RISQUES.DT_PL_PTF_NEGO.58._Z.BC.PHNC._Z.TOP6_AUT_GROUPES;2017;2017-01-01;2017-12-31;28,0;2025-03-18T17:10:27+00:00;ACPR;Dépôts et titres des Banques Centrales donnés en pension livrée du portefeuille de négociation;Dépôts et titres des Banques Centrales donnés en pension livrée du portefeuille de négociation;DT_PL_PTF_NEGO;A;BQ;_Z;58;_Z;RISQUES;TOP6_AUT_GROUPES;BC;PHNC;EUR;2;9;N;P1Y;ACPR;E;F;A
ACPR.A.BQ.RISQUES.TX_PROV.572.PL.MENAGES_ENF.PHNC._Z.TOP6_AUT_GROUPES;2017;2017-01-01;2017-12-31;76,7;2025-03-18T17:10:29+00:00;ACPR;Taux de provisionnement en Pologne;Taux de provisionnement en Pologne;TX_PROV;A;BQ;_Z;572;PL;RISQUES;TOP6_AUT_GROUPES;MENAGES_ENF;PHNC;PC;2;0;N;P1Y;ACPR;E;F;A
ACPR.A.BQ.RISQUES.TB_FIN_NEGO_DERIVES9931.479._Z._Z.PHNC._Z.TOP6_AUT_GROUPES;2017;2017-01-01;2017-12-31;0,71;2025-03-18T17:10:28+00:00;ACPR;Montant à l'actif de dérivés sur autres produits;Montant à l'actif de dérivés sur autres produits;TB_FIN_NEGO_DERIVES9931;A;BQ;_Z;479;_Z;RISQUES;TOP6_AUT_GROUPES;_Z;PHNC;EUR;2;9;N;P1Y;ACPR;E;F;A
ACPR.A.BQ.RISQUES.CREDITS_BRUTS_MENAGES_ENF_PAYS.40.ES.MENAGES_ENF.PHNC._Z.TOP6_AUT_GROUPES;2017;2017-01-01;2017-12-31;40,0;2025-03-18T17:10:27+00:00;ACPR;Crédits bruts aux ménages et entreprises non financières en Espagne;Crédits bruts aux ménages et entreprises non financières en Espagne;CREDITS_BRUTS_MENAGES_ENF_PAYS;A;BQ;_Z;40;ES;RISQUES;TOP6_AUT_GROUPES;MENAGES_ENF;PHNC;EUR;2;9;N;P1Y;ACPR;E;F;A
ACPR.A.BQ.RISQUES.TX_PROV.572._Z.NACE_L.PHNC._Z.TOP6_AUT_GROUPES;2017;2017-01-01;2017-12-31;49,36;2025-03-18T17:10:29+00:00;ACPR;Taux de provisionnement du secteur des activités immobilières;Taux de provisionnement du secteur des activités immobilières;TX_PROV;A;BQ;_Z;572;_Z;RISQUES;TOP6_AUT_GROUPES;NACE_L;PHNC;PC;2;0;N;P1Y;ACPR;E;F;A
ACPR.A.BQ.RISQUES.TB_FIN_NEGO_DERIVES9920.586._Z._Z.PHNC._Z._Z;2017;2017-01-01;2017-12-31;1245,94;2025-09-17T10:00:30+00:00;ACPR;Montants notionnels de dérivés sur crédit;Montants notionnels de dérivés sur crédit;TB_FIN_NEGO_DERIVES9920;A;BQ;_Z;586;_Z;RISQUES;_Z;_Z;PHNC;EUR;2;9;N;P1Y;ACPR;E;F;A
ACPR.A.BQ.RISQUES.TB_FIN_NEGO_DERIVES9922.588._Z._Z.PHNC._Z._Z;2017;2017-01-01;2017-12-31;500,6;2025-09-17T10:00:30+00:00;ACPR;Montants notionnels de dérivés (autres y compris matières premières);Montants notionnels de dérivés (autres y compris matières premières);TB_FIN_NEGO_DERIVES9922;A;BQ;_Z;588;_Z;RISQUES;_Z;_Z;PHNC;EUR;2;9;N;P1Y;ACPR;E;F;A
ACPR.A.BQ.RISQUES.ACT_PTF_NEGO.3._Z.EF.PHNC._Z.TOP6_AUT_GROUPES;2017;2017-01-01;2017-12-31;36,78;2025-03-18T17:10:26+00:00;ACPR;Instruments de capitaux propres des autres entreprises financières dans le portefeuille de négociation;Instruments de capitaux propres des autres entreprises financières dans le portefeuille de négociation;ACT_PTF_NEGO;A;BQ;_Z;3;_Z;RISQUES;TOP6_AUT_GROUPES;EF;PHNC;EUR;2;9;N;P1Y;ACPR;E;F;A
ACPR.A.BQ.RISQUES.CRED_CLIENT.34._Z.NACE_D.PHNC._Z.TOP6_AUT_GROUPES;2017;2017-01-01;2017-12-31;61,32;2025-03-18T17:10:26+00:00;ACPR;Crédits au secteur de l'électricité, gaz, vapeur et air conditionné;Crédits au secteur de l'électricité, gaz, vapeur et air conditionné;CRED_CLIENT;A;BQ;_Z;34;_Z;RISQUES;TOP6_AUT_GROUPES;NACE_D;PHNC;EUR;2;9;N;P1Y;ACPR;E;F;A
ACPR.A.BQ.RISQUES.CRED_CLIENT.34.IT.ENF.PHNC._Z.TOP6_AUT_GROUPES;2017;2017-01-01;2017-12-31;88,34;2025-03-18T17:10:27+00:00;ACPR;Crédits aux entreprises non financières - Italie;Crédits aux entreprises non financières - Italie;CRED_CLIENT;A;BQ;_Z;34;IT;RISQUES;TOP6_AUT_GROUPES;ENF;PHNC;EUR;2;9;N;P1Y;ACPR;E;F;A
ACPR.A.BQ.RISQUES.TX_PROV.572.US.MENAGES_ENF.PHNC._Z.TOP6_AUT_GROUPES;2017;2017-01-01;2017-12-31;56,3;2025-03-18T17:10:29+00:00;ACPR;Taux de provisionnement aux Etats-Unis;Taux de provisionnement aux Etats-Unis;TX_PROV;A;BQ;_Z;572;US;RISQUES;TOP6_AUT_GROUPES;MENAGES_ENF;PHNC;PC;2;0;N;P1Y;ACPR;E;F;A
ACPR.A.BQ.RISQUES.CRED_CLIENT.34._Z.MENAGES_ENF.PHNC._Z.TOP6_AUT_GROUPES;2017;2017-01-01;2017-12-31;3014,0;2025-03-18T17:10:26+00:00;ACPR;Crédits nets  aux entreprises non financières et aux ménages;Crédits nets  aux entreprises non financières et aux ménages;CRED_CLIENT;A;BQ;_Z;34;_Z;RISQUES;TOP6_AUT_GROUPES;MENAGES_ENF;PHNC;EUR;2;9;N;P1Y;ACPR;E;F;A
ACPR.A.BQ.RISQUES.CRED_CLIENT.34._Z.NACE_R.PHNC._Z.TOP6_AUT_GROUPES;2017;2017-01-01;2017-12-31;7,94;2025-03-18T17:10:27+00:00;ACPR;Crédits au secteur des arts, spectacles et activités récréatives;Crédits au secteur des arts, spectacles et activités récréatives;CRED_CLIENT;A;BQ;_Z;34;_Z;RISQUES;TOP6_AUT_GROUPES;NACE_R;PHNC;EUR;2;9;N;P1Y;ACPR;E;F;A
ACPR.A.BQ.RISQUES.CRED_CLIENT.34.IT.MENAGES.PHNC._Z.TOP6_AUT_GROUPES;2017;2017-01-01;2017-12-31;95,11;2025-03-18T17:10:27+00:00;ACPR;Crédits aux ménages - Italie;Crédits aux ménages - Italie;CRED_CLIENT;A;BQ;_Z;34;IT;RISQUES;TOP6_AUT_GROUPES;MENAGES;PHNC;EUR;2;9;N;P1Y;ACPR;E;F;A
ACPR.A.BQ.RISQUES.CREDITS_BRUTS.39._Z.NACE_Q.PHNC._Z.TOP6_AUT_GROUPES;2017;2017-01-01;2017-12-31;32,49;2025-03-18T17:10:27+00:00;ACPR;Crédits bruts aux entreprises du secteur de la santé humaine et action sociale;Crédits bruts aux entreprises du secteur de la santé humaine et action sociale;CREDITS_BRUTS;A;BQ;_Z;39;_Z;RISQUES;TOP6_AUT_GROUPES;NACE_Q;PHNC;EUR;2;9;N;P1Y;ACPR;E;F;A
ACPR.A.BQ.RISQUES.TX_PROV.572._Z.NACE_H.PHNC._Z.TOP6_AUT_GROUPES;2017;2017-01-01;2017-12-31;56,88;2025-03-18T17:10:29+00:00;ACPR;Taux de provisionnement du secteur du transports et entreposage;Taux de provisionnement du secteur du transports et entreposage;TX_PROV;A;BQ;_Z;572;_Z;RISQUES;TOP6_AUT_GROUPES;NACE_H;PHNC;PC;2;0;N;P1Y;ACPR;E;F;A
ACPR.A.BQ.RISQUES.TX_PROV.572._Z.NACE_S.PHNC._Z.TOP6_AUT_GROUPES;2017;2017-01-01;2017-12-31;86,44;2025-03-18T17:10:29+00:00;ACPR;Taux de provisionnement du secteur des autres activités de services;Taux de provisionnement du secteur des autres activités de services;TX_PROV;A;BQ;_Z;572;_Z;RISQUES;TOP6_AUT_GROUPES;NACE_S;PHNC;PC;2;0;N;P1Y;ACPR;E;F;A
ACPR.A.BQ.RISQUES.TX_NPL.569._Z.NACE_P.PHNC._Z.TOP6_AUT_GROUPES;2017;2017-01-01;2017-12-31;2,91;2025-03-18T17:10:29+00:00;ACPR;Taux de prêts non performants du secteur de l'enseignement;Taux de prêts non performants du secteur de l'enseignement;TX_NPL;A;BQ;_Z;569;_Z;RISQUES;TOP6_AUT_GROUPES;NACE_P;PHNC;PC;2;0;N;P1Y;ACPR;E;F;A
ACPR.A.BQ.RISQUES.ACT_PTF_NEGO.3._Z.ENF.PHNC._Z.TOP6_AUT_GROUPES;2017;2017-01-01;2017-12-31;113,32;2025-03-18T17:10:26+00:00;ACPR;Instruments de capitaux propres des entreprises non financières dans le portefeuille de négociation;Instruments de capitaux propres des entreprises non financières dans le portefeuille de négociation;ACT_PTF_NEGO;A;BQ;_Z;3;_Z;RISQUES;TOP6_AUT_GROUPES;ENF;PHNC;EUR;2;9;N;P1Y;ACPR;E;F;A
ACPR.A.BQ.RISQUES.CREDITS_BRUTS_MENAGES_ENF_PAYS.40.US.MENAGES_ENF.PHNC._Z.TOP6_AUT_GROUPES;2017;2017-01-01;2017-12-31;115,0;2025-03-18T17:10:27+00:00;ACPR;Crédits bruts aux ménages et entreprises non financières aux états unis;Crédits bruts aux ménages et entreprises non financières aux Etats unis;CREDITS_BRUTS_MENAGES_ENF_PAYS;A;BQ;_Z;40;US;RISQUES;TOP6_AUT_GROUPES;MENAGES_ENF;PHNC;EUR;2;9;N;P1Y;ACPR;E;F;A
ACPR.A.BQ.RISQUES.TX_NPL.569._Z.NACE_N.PHNC._Z.TOP6_AUT_GROUPES;2017;2017-01-01;2017-12-31;2,98;2025-03-18T17:10:29+00:00;ACPR;Taux de prêts non performants du secteur de l'activité de services administratifs et de soutien;Taux de prêts non performants du secteur de l'activité de services administratifs et de soutien;TX_NPL;A;BQ;_Z;569;_Z;RISQUES;TOP6_AUT_GROUPES;NACE_N;PHNC;PC;2;0;N;P1Y;ACPR;E;F;A
ACPR.A.BQ.RISQUES.TX_NPL.569._Z.PME.PHNC._Z.TOP6_AUT_GROUPES;2017;2017-01-01;2017-12-31;6,66;2025-03-18T17:10:29+00:00;ACPR;Taux de prêts non performants aux PME;Taux de prêts non performants aux PME;TX_NPL;A;BQ;_Z;569;_Z;RISQUES;TOP6_AUT_GROUPES;PME;PHNC;PC;2;0;N;P1Y;ACPR;E;F;A
ACPR.A.BQ.RISQUES.CRED_CLIENT.34._Z.NACE_K.PHNC._Z.TOP6_AUT_GROUPES;2017;2017-01-01;2017-12-31;0,0;2025-10-22T14:00:28+00:00;ACPR;Crédits au secteur de l'activité financières et d'assurance;Crédits au secteur de l'activité financières et d'assurance;CRED_CLIENT;A;BQ;_Z;34;_Z;RISQUES;TOP6_AUT_GROUPES;NACE_K;PHNC;EUR;2;9;N;P1Y;ACPR;E;F;A
ACPR.A.BQ.RISQUES.TB_FIN_NEGO_DERIVES9919.493._Z._Z.PHNC._Z._Z;2017;2017-01-01;2017-12-31;13472,49;2025-09-17T10:00:30+00:00;ACPR;Montants notionnels de dérivés sur change et or;Montants notionnels de dérivés sur change et or;TB_FIN_NEGO_DERIVES9919;A;BQ;_Z;493;_Z;RISQUES;_Z;_Z;PHNC;EUR;2;9;N;P1Y;ACPR;E;F;A
ACPR.A.BQ.RISQUES.CREDITS_BRUTS_MENAGES_ENF_PAYS.40.GB.MENAGES_ENF.PHNC._Z.TOP6_AUT_GROUPES;2017;2017-01-01;2017-12-31;53,0;2025-03-18T17:10:27+00:00;ACPR;Crédits bruts aux ménages et entreprises non financières au Royaume uni;Crédits bruts aux ménages et entreprises non financières au Royaume uni;CREDITS_BRUTS_MENAGES_ENF_PAYS;A;BQ;_Z;40;GB;RISQUES;TOP6_AUT_GROUPES;MENAGES_ENF;PHNC;EUR;2;9;N;P1Y;ACPR;E;F;A
ACPR.A.BQ.RISQUES.LOANS_PTF_NEGO.222._Z.BC.PHNC._Z.TOP6_AUT_GROUPES;2017;2017-01-01;2017-12-31;18,09;2025-03-18T17:10:28+00:00;ACPR;Prêts aux Banques centrales dans le portefeuille de négociation;Prêts aux Banques centrales dans le portefeuille de négociation;LOANS_PTF_NEGO;A;BQ;_Z;222;_Z;RISQUES;TOP6_AUT_GROUPES;BC;PHNC;EUR;2;9;N;P1Y;ACPR;E;F;A
ACPR.A.BQ.RISQUES.TB_FIN_NEGO_DERIVE_CREDIT10017.469._Z._Z.PHNC._Z.TOP6_AUT_GROUPES;2017;2017-01-01;2017-12-31;0,03;2025-03-18T17:10:28+00:00;ACPR;Dérivés de crédit sur transfert de rendement (Total return swaps) à l'actif;Dérivés de crédit sur transfert de rendement (Total return swaps) à l'actif;TB_FIN_NEGO_DERIVE_CREDIT10017;A;BQ;_Z;469;_Z;RISQUES;TOP6_AUT_GROUPES;_Z;PHNC;EUR;2;9;N;P1Y;ACPR;E;F;A
ACPR.A.BQ.RISQUES.TX_NPL.569._Z.GE.PHNC._Z.TOP6_AUT_GROUPES;2017;2017-01-01;2017-12-31;4,21;2025-03-18T17:10:28+00:00;ACPR;Taux de prêts non performants aux grandes entreprises;Taux de prêts non performants aux grandes entreprises;TX_NPL;A;BQ;_Z;569;_Z;RISQUES;TOP6_AUT_GROUPES;GE;PHNC;PC;2;0;N;P1Y;ACPR;E;F;A
ACPR.A.BQ.RISQUES.TX_NPL.569._Z.NACE_R.PHNC._Z.TOP6_AUT_GROUPES;2017;2017-01-01;2017-12-31;5,72;2025-03-18T17:10:29+00:00;ACPR;Taux de prêts non performants du secteur des arts, spectacles et activités récréatives;Taux de prêts non performants du secteur des arts, spectacles et activités récréatives;TX_NPL;A;BQ;_Z;569;_Z;RISQUES;TOP6_AUT_GROUPES;NACE_R;PHNC;PC;2;0;N;P1Y;ACPR;E;F;A
ACPR.A.BQ.RISQUES.TX_NPL.569.BE.MENAGES_ENF.PHNC._Z.TOP6_AUT_GROUPES;2017;2017-01-01;2017-12-31;2,7;2025-03-18T17:10:29+00:00;ACPR;Taux de prêts non performants en Belgique;Taux de prêts non performants en Belgique;TX_NPL;A;BQ;_Z;569;BE;RISQUES;TOP6_AUT_GROUPES;MENAGES_ENF;PHNC;PC;2;0;N;P1Y;ACPR;E;F;A
ACPR.A.BQ.RISQUES.TX_NPL.569.IT.MENAGES_ENF.PHNC._Z.TOP6_AUT_GROUPES;2017;2017-01-01;2017-12-31;13,2;2025-03-18T17:10:29+00:00;ACPR;Taux de prêts non performants en Italie;Taux de prêts non performants en Italie;TX_NPL;A;BQ;_Z;569;IT;RISQUES;TOP6_AUT_GROUPES;MENAGES_ENF;PHNC;PC;2;0;N;P1Y;ACPR;E;F;A
ACPR.A.BQ.RISQUES.CRED_TOTAL.37._Z._Z.SOLO._Z.TOTAL_SECTEUR;2017;2017-01-01;2017-12-31;2165,26;2025-09-17T10:00:27+00:00;ACPR;Crédits à l'ensemble de la clientèle non financière résidente;Crédits à l'ensemble de la clientèle non financière résidente;CRED_TOTAL;A;BQ;_Z;37;_Z;RISQUES;TOTAL_SECTEUR;_Z;SOLO;EUR;2;9;N;P1Y;ACPR;E;F;A
ACPR.A.BQ.RISQUES.TX_NPL.569._Z.NACE_B.PHNC._Z.TOP6_AUT_GROUPES;2017;2017-01-01;2017-12-31;5,47;2025-03-18T17:10:28+00:00;ACPR;Taux de prêts non performants du secteur des industries extractives;Taux de prêts non performants du secteur des industries extractives;TX_NPL;A;BQ;_Z;569;_Z;RISQUES;TOP6_AUT_GROUPES;NACE_B;PHNC;PC;2;0;N;P1Y;ACPR;E;F;A
ACPR.A.BQ.RISQUES.CRED_CLIENT.34._Z.MENAGES.PHNC._Z.TOP6_AUT_GROUPES;2017;2017-01-01;2017-12-31;1632,29;2025-03-18T17:10:26+00:00;ACPR;Ménages (crédits nets);Ménages (crédits nets);CRED_CLIENT;A;BQ;_Z;34;_Z;RISQUES;TOP6_AUT_GROUPES;MENAGES;PHNC;EUR;2;9;N;P1Y;ACPR;E;F;A
ACPR.A.BQ.RISQUES.TB_FIN_NEGO_DERIVES9933.481._Z._Z.PHNC._Z.TOP6_AUT_GROUPES;2017;2017-01-01;2017-12-31;71,44;2025-03-18T17:10:28+00:00;ACPR;Montant au passif de dérivés sur actions;Montant au passif de dérivés sur actions;TB_FIN_NEGO_DERIVES9933;A;BQ;_Z;481;_Z;RISQUES;TOP6_AUT_GROUPES;_Z;PHNC;EUR;2;9;N;P1Y;ACPR;E;F;A
ACPR.A.BQ.RISQUES.CRED_CLIENT.34._Z.EC.PHNC._Z.TOP6_AUT_GROUPES;2017;2017-01-01;2017-12-31;381,24;2025-03-18T17:10:26+00:00;ACPR;Établissements de crédit (crédits nets);Établissements de crédit (crédits nets);CRED_CLIENT;A;BQ;_Z;34;_Z;RISQUES;TOP6_AUT_GROUPES;EC;PHNC;EUR;2;9;N;P1Y;ACPR;E;F;A
ACPR.A.BQ.RISQUES.TX_PROV.572.GB.MENAGES_ENF.PHNC._Z.TOP6_AUT_GROUPES;2017;2017-01-01;2017-12-31;77,7;2025-03-18T17:10:29+00:00;ACPR;Taux de provisionnement au Royaume-Uni;Taux de provisionnement au Royaume-Uni;TX_PROV;A;BQ;_Z;572;GB;RISQUES;TOP6_AUT_GROUPES;MENAGES_ENF;PHNC;PC;2;0;N;P1Y;ACPR;E;F;A
ACPR.A.BQ.RISQUES.TX_NPL.569.PL.MENAGES_ENF.PHNC._Z.TOP6_AUT_GROUPES;2017;2017-01-01;2017-12-31;2,8;2025-03-18T17:10:29+00:00;ACPR;Taux de prêts non performants en Pologne;Taux de prêts non performants en Pologne;TX_NPL;A;BQ;_Z;569;PL;RISQUES;TOP6_AUT_GROUPES;MENAGES_ENF;PHNC;PC;2;0;N;P1Y;ACPR;E;F;A
ACPR.A.BQ.RISQUES.DERIV_ACTIF_ORGA.46._Z._Z.PHNC._Z.TOP6_AUT_GROUPES;2017;2017-01-01;2017-12-31;26,61;2025-03-18T17:10:27+00:00;ACPR;Montant à l'actif de dérivés sur marchés organisés;Dérivés sur marchés organisés (Actif);DERIV_ACTIF_ORGA;A;BQ;_Z;46;_Z;RISQUES;TOP6_AUT_GROUPES;_Z;PHNC;EUR;2;9;N;P1Y;ACPR;E;F;A
ACPR.A.BQ.RISQUES.GB_FIN_NEGO_PASSIF_9850.188._Z._Z.PHNC._Z.TOP6_AUT_GROUPES;2017;2017-01-01;2017-12-31;396,9;2025-03-18T17:10:28+00:00;ACPR;Dépôts yc les opérations de pensions livrés sur titres dans le portefeuille de négociation coté passif;Dépôts yc les opérations de pensions livrés sur titres dans le portefeuille de négociation coté passif;GB_FIN_NEGO_PASSIF_9850;A;BQ;_Z;188;_Z;RISQUES;TOP6_AUT_GROUPES;_Z;PHNC;EUR;2;9;N;P1Y;ACPR;E;F;A
ACPR.A.BQ.RISQUES.CRED_CLIENT.34._Z.NACE_S.PHNC._Z.TOP6_AUT_GROUPES;2017;2017-01-01;2017-12-31;174,17;2025-03-18T17:10:27+00:00;ACPR;Crédits au secteur des autres activités de services;Crédits au secteur des autres activités de services;CRED_CLIENT;A;BQ;_Z;34;_Z;RISQUES;TOP6_AUT_GROUPES;NACE_S;PHNC;EUR;2;9;N;P1Y;ACPR;E;F;A
ACPR.A.BQ.RISQUES.CREDITS_BRUTS.39._Z.NACE_J.PHNC._Z.TOP6_AUT_GROUPES;2017;2017-01-01;2017-12-31;34,07;2025-03-18T17:10:27+00:00;ACPR;Crédits bruts aux entreprises du secteur de l'information et communication;Crédits bruts aux entreprises du secteur de l'information et communication;CREDITS_BRUTS;A;BQ;_Z;39;_Z;RISQUES;TOP6_AUT_GROUPES;NACE_J;PHNC;EUR;2;9;N;P1Y;ACPR;E;F;A
ACPR.A.BQ.RISQUES.OBLIG_PTF_NEGO.238._Z.BC.PHNC._Z.TOP6_AUT_GROUPES;2017;2017-01-01;2017-12-31;2,39;2025-03-18T17:10:28+00:00;ACPR;Titre de créances émis par les banques centrales dans le portefeuille de négociation;Titre de créances émis par les banques centrales dans le portefeuille de négociation;OBLIG_PTF_NEGO;A;BQ;_Z;238;_Z;RISQUES;TOP6_AUT_GROUPES;BC;PHNC;EUR;2;9;N;P1Y;ACPR;E;F;A
ACPR.A.BQ.RISQUES.OBLIG_PTF_NEGO.238._Z.EC.PHNC._Z.TOP6_AUT_GROUPES;2017;2017-01-01;2017-12-31;19,44;2025-03-18T17:10:28+00:00;ACPR;Titre de créances émis par les établissements de crédit dans le portefeuille de négociation;Titre de créances émis par les établissements de crédit dans le portefeuille de négociation;OBLIG_PTF_NEGO;A;BQ;_Z;238;_Z;RISQUES;TOP6_AUT_GROUPES;EC;PHNC;EUR;2;9;N;P1Y;ACPR;E;F;A
ACPR.A.BQ.RISQUES.CRED_CLIENT.34.LU.MENAGES.PHNC._Z.TOP6_AUT_GROUPES;2017;2017-01-01;2017-12-31;7,88;2025-03-18T17:10:27+00:00;ACPR;Crédits aux ménages - Luxembourg;Crédits aux ménages - Luxembourg;CRED_CLIENT;A;BQ;_Z;34;LU;RISQUES;TOP6_AUT_GROUPES;MENAGES;PHNC;EUR;2;9;N;P1Y;ACPR;E;F;A
ACPR.A.BQ.RISQUES.CRED_CLIENT.34.DE.MENAGES.PHNC._Z.TOP6_AUT_GROUPES;2017;2017-01-01;2017-12-31;44,76;2025-03-18T17:10:27+00:00;ACPR;Crédits aux ménages - Allemagne;Crédits aux ménages - Allemagne;CRED_CLIENT;A;BQ;_Z;34;DE;RISQUES;TOP6_AUT_GROUPES;MENAGES;PHNC;EUR;2;9;N;P1Y;ACPR;E;F;A
ACPR.A.BQ.RISQUES.TX_NPL.569._Z.NACE_E.PHNC._Z.TOP6_AUT_GROUPES;2017;2017-01-01;2017-12-31;4,53;2025-03-18T17:10:28+00:00;ACPR;Taux de prêts non performants du secteur de la production et distribution d'eau;Taux de prêts non performants du secteur de la production et distribution d'eau;TX_NPL;A;BQ;_Z;569;_Z;RISQUES;TOP6_AUT_GROUPES;NACE_E;PHNC;PC;2;0;N;P1Y;ACPR;E;F;A
ACPR.A.BQ.RISQUES.DERIV_PASSIF_GRE_GRE.49._Z._Z.PHNC._Z.TOP6_AUT_GROUPES;2017;2017-01-01;2017-12-31;549,19;2025-03-18T17:10:27+00:00;ACPR;Montant au passif de dérivés de gré à gré;Passif de dérivés de gré à gré;DERIV_PASSIF_GRE_GRE;A;BQ;_Z;49;_Z;RISQUES;TOP6_AUT_GROUPES;_Z;PHNC;EUR;2;9;N;P1Y;ACPR;E;F;A
ACPR.A.BQ.RISQUES.DERIV_NOTIONNEL_GRE_GRE.47._Z.EC.PHNC._Z.TOP6_AUT_GROUPES;2017;2017-01-01;2017-12-31;18143,79;2025-03-18T17:10:27+00:00;ACPR;Montant notionnels de dérivés de gré à gré avec établissements de crédit;Montant notionnels de dérivés de gré à gré avec établissements de crédit;DERIV_NOTIONNEL_GRE_GRE;A;BQ;_Z;47;_Z;RISQUES;TOP6_AUT_GROUPES;EC;PHNC;EUR;2;9;N;P1Y;ACPR;E;F;A
ACPR.A.BQ.RISQUES.TX_PROV.572.CH.MENAGES_ENF.PHNC._Z.TOP6_AUT_GROUPES;2017;2017-01-01;2017-12-31;79,3;2025-03-18T17:10:29+00:00;ACPR;Taux de provisionnement en Suisse;Taux de provisionnement en Suisse;TX_PROV;A;BQ;_Z;572;CH;RISQUES;TOP6_AUT_GROUPES;MENAGES_ENF;PHNC;PC;2;0;N;P1Y;ACPR;E;F;A
ACPR.A.BQ.RISQUES.TB_FIN_NEGO_DERIVE_CREDIT10005.461._Z._Z.PHNC._Z.TOP6_AUT_GROUPES;2017;2017-01-01;2017-12-31;1,19;2025-03-18T17:10:28+00:00;ACPR;Vente de dérivés de crédit sur transfert de rendement (Total return swaps) En notionnel;Vente de dérivés de crédit sur transfert de rendement (Total return swaps) En notionnel;TB_FIN_NEGO_DERIVE_CREDIT10005;A;BQ;_Z;461;_Z;RISQUES;TOP6_AUT_GROUPES;_Z;PHNC;EUR;2;9;N;P1Y;ACPR;E;F;A
ACPR.A.BQ.RISQUES.TB_FIN_NEGO_DERIVE_CREDIT10014.466._Z._Z.PHNC._Z.TOP6_AUT_GROUPES;2017;2017-01-01;2017-12-31;11,3;2025-03-18T17:10:28+00:00;ACPR;Contrats d'échange de risque de crédit (CDS) au passif;Contrats d'échange de risque de crédit (CDS) au passif;TB_FIN_NEGO_DERIVE_CREDIT10014;A;BQ;_Z;466;_Z;RISQUES;TOP6_AUT_GROUPES;_Z;PHNC;EUR;2;9;N;P1Y;ACPR;E;F;A
ACPR.A.BQ.RISQUES.TX_NPL.569._Z.NACE_C.PHNC._Z.TOP6_AUT_GROUPES;2017;2017-01-01;2017-12-31;5,92;2025-03-18T17:10:28+00:00;ACPR;Taux de prêts non performants du secteur des industrie manufacturière;Taux de prêts non performants du secteur des industrie manufacturière;TX_NPL;A;BQ;_Z;569;_Z;RISQUES;TOP6_AUT_GROUPES;NACE_C;PHNC;PC;2;0;N;P1Y;ACPR;E;F;A
ACPR.A.BQ.RISQUES.TX_NPL.569._Z.NACE_M.PHNC._Z.TOP6_AUT_GROUPES;2017;2017-01-01;2017-12-31;3,43;2025-03-18T17:10:29+00:00;ACPR;Taux de prêts non performants du secteur des activités spécialisées, scientifiques et techniques;Taux de prêts non performants du secteur des activités spécialisées, scientifiques et techniques;TX_NPL;A;BQ;_Z;569;_Z;RISQUES;TOP6_AUT_GROUPES;NACE_M;PHNC;PC;2;0;N;P1Y;ACPR;E;F;A
ACPR.A.BQ.RISQUES.TX_PROV.572._Z.NACE_A.PHNC._Z.TOP6_AUT_GROUPES;2017;2017-01-01;2017-12-31;74,99;2025-03-18T17:10:29+00:00;ACPR;Taux de provisionnement du secteur de l'agriculture, sylviculture et pêche;Taux de provisionnement du secteur de l'agriculture, sylviculture et pêche;TX_PROV;A;BQ;_Z;572;_Z;RISQUES;TOP6_AUT_GROUPES;NACE_A;PHNC;PC;2;0;N;P1Y;ACPR;E;F;A
ACPR.A.BQ.RISQUES.ACT_PTF_NEGO.3._Z.AUTRES.PHNC._Z.TOP6_AUT_GROUPES;2017;2017-01-01;2017-12-31;0,05;2025-03-18T17:10:26+00:00;ACPR;Instruments de capitaux propres des autres entités dans le portefeuille de négociation;Instruments de capitaux propres des autres entités dans le portefeuille de négociation;ACT_PTF_NEGO;A;BQ;_Z;3;_Z;RISQUES;TOP6_AUT_GROUPES;AUTRES;PHNC;EUR;2;9;N;P1Y;ACPR;E;F;A
ACPR.A.BQ.RISQUES.CRED_CLIENT.34._Z.NACE_N.PHNC._Z.TOP6_AUT_GROUPES;2017;2017-01-01;2017-12-31;60,62;2025-03-18T17:10:27+00:00;ACPR;Crédits au secteur de l'activité de services administratifs et de soutien;Crédits au secteur de l'activité de services administratifs et de soutien;CRED_CLIENT;A;BQ;_Z;34;_Z;RISQUES;TOP6_AUT_GROUPES;NACE_N;PHNC;EUR;2;9;N;P1Y;ACPR;E;F;A
ACPR.A.BQ.RISQUES.LOANS_PTF_NEGO.222._Z.ENF.PHNC._Z.TOP6_AUT_GROUPES;2017;2017-01-01;2017-12-31;23,13;2025-03-18T17:10:28+00:00;ACPR;Prêts aux Entreprises non financières dans le portefeuille de négociation;Prêts aux Entreprises non financières dans le portefeuille de négociation;LOANS_PTF_NEGO;A;BQ;_Z;222;_Z;RISQUES;TOP6_AUT_GROUPES;ENF;PHNC;EUR;2;9;N;P1Y;ACPR;E;F;A
ACPR.A.BQ.RISQUES.OBLIG_PTF_NEGO.238._Z.EF.PHNC._Z.TOP6_AUT_GROUPES;2017;2017-01-01;2017-12-31;12,92;2025-03-18T17:10:28+00:00;ACPR;Titre de créances émis par les autres entreprises financières dans le portefeuille de négociation;Titre de créances émis par les autres entreprises financières dans le portefeuille de négociation;OBLIG_PTF_NEGO;A;BQ;_Z;238;_Z;RISQUES;TOP6_AUT_GROUPES;EF;PHNC;EUR;2;9;N;P1Y;ACPR;E;F;A
ACPR.A.BQ.RISQUES.TB_FIN_NEGO_DERIVE_CREDIT10020.472._Z._Z.PHNC._Z.TOP6_AUT_GROUPES;2017;2017-01-01;2017-12-31;0,85;2025-03-18T17:10:28+00:00;ACPR;Autres dérivés de crédit au passif;Autres dérivés de crédit au passif;TB_FIN_NEGO_DERIVE_CREDIT10020;A;BQ;_Z;472;_Z;RISQUES;TOP6_AUT_GROUPES;_Z;PHNC;EUR;2;9;N;P1Y;ACPR;E;F;A
ACPR.A.BQ.RISQUES.TB_FIN_NEGO_DERIVE_CREDIT9999.473._Z._Z.PHNC._Z.TOP6_AUT_GROUPES;2017;2017-01-01;2017-12-31;540,43;2025-03-18T17:10:28+00:00;ACPR;Vente de contrats d'échange de risque de crédit (CDS) En notionnel;Vente de contrats d'échange de risque de crédit (CDS) En notionnel;TB_FIN_NEGO_DERIVE_CREDIT9999;A;BQ;_Z;473;_Z;RISQUES;TOP6_AUT_GROUPES;_Z;PHNC;EUR;2;9;N;P1Y;ACPR;E;F;A
ACPR.A.BQ.RISQUES.TB_FIN_NEGO_DERIVES9928.478._Z._Z.PHNC._Z.TOP6_AUT_GROUPES;2017;2017-01-01;2017-12-31;10,92;2025-03-18T17:10:28+00:00;ACPR;Montant à l'actif de dérivés sur matières premières;Montant à l'actif de dérivés sur matières premières;TB_FIN_NEGO_DERIVES9928;A;BQ;_Z;478;_Z;RISQUES;TOP6_AUT_GROUPES;_Z;PHNC;EUR;2;9;N;P1Y;ACPR;E;F;A
ACPR.A.BQ.RISQUES.TX_PROV.572._Z.NACE_B.PHNC._Z.TOP6_AUT_GROUPES;2017;2017-01-01;2017-12-31;48,0;2025-03-18T17:10:29+00:00;ACPR;Taux de provisionnement du secteur des industries extractives;Taux de provisionnement du secteur des industries extractives;TX_PROV;A;BQ;_Z;572;_Z;RISQUES;TOP6_AUT_GROUPES;NACE_B;PHNC;PC;2;0;N;P1Y;ACPR;E;F;A
ACPR.A.BQ.RISQUES.TB_FIN_NEGO_DERIVE_CREDIT10002.459._Z._Z.PHNC._Z.TOP6_AUT_GROUPES;2017;2017-01-01;2017-12-31;50,73;2025-03-18T17:10:28+00:00;ACPR;Vente de options sur écart de crédit (CDS) En notionnel;Vente de options sur écart de crédit (CDS) En notionnel;TB_FIN_NEGO_DERIVE_CREDIT10002;A;BQ;_Z;459;_Z;RISQUES;TOP6_AUT_GROUPES;_Z;PHNC;EUR;2;9;N;P1Y;ACPR;E;F;A
ACPR.A.BQ.RISQUES.ACT_PTF_NEGO.3._Z._Z.PHNC._Z.TOP6_AUT_GROUPES;2017;2017-01-01;2017-12-31;166,13;2025-03-18T17:10:26+00:00;ACPR;Instruments de capitaux propres dans le portefeuille de négociation;Instruments de capitaux propres dans le portefeuille de négociation;ACT_PTF_NEGO;A;BQ;_Z;3;_Z;RISQUES;TOP6_AUT_GROUPES;_Z;PHNC;EUR;2;9;N;P1Y;ACPR;E;F;A
ACPR.A.BQ.RISQUES.TB_FIN_NEGO_PART_OPTION9967.493._Z._Z.PHNC._Z.TOP6_AUT_GROUPES;2017;2017-01-01;2017-12-31;248,51;2025-03-18T17:10:28+00:00;ACPR;Dérivés sur Change et or (somme actif et passif);Dérivés sur Change et or (somme actif et passif);TB_FIN_NEGO_PART_OPTION9967;A;BQ;_Z;493;_Z;RISQUES;TOP6_AUT_GROUPES;_Z;PHNC;EUR;2;9;N;P1Y;ACPR;E;F;A
ACPR.A.BQ.RISQUES.CREDITS_BRUTS_MENAGES_ENF_PAYS.40.BE.MENAGES_ENF.PHNC._Z.TOP6_AUT_GROUPES;2017;2017-01-01;2017-12-31;114,0;2025-03-18T17:10:27+00:00;ACPR;Crédits bruts aux ménages et entreprises non financières en Belgique;Crédits bruts aux ménages et entreprises non financières en Belgique;CREDITS_BRUTS_MENAGES_ENF_PAYS;A;BQ;_Z;40;BE;RISQUES;TOP6_AUT_GROUPES;MENAGES_ENF;PHNC;EUR;2;9;N;P1Y;ACPR;E;F;A
ACPR.A.BQ.RISQUES.TB_FIN_NEGO_DERIVES9921.587._Z._Z.PHNC._Z._Z;2017;2017-01-01;2017-12-31;392,75;2025-09-17T10:00:30+00:00;ACPR;Montants notionnels de dérivés sur matières premières;Montants notionnels de dérivés sur matières premières;TB_FIN_NEGO_DERIVES9921;A;BQ;_Z;587;_Z;RISQUES;_Z;_Z;PHNC;EUR;2;9;N;P1Y;ACPR;E;F;A
ACPR.A.BQ.RISQUES.CRED_TOTAL.37._Z.MENAGES.SOLO._Z.TOTAL_SECTEUR;2017;2017-01-01;2017-12-31;1184,1;2025-09-17T10:00:27+00:00;ACPR;Crédits aux ménages résidents;Crédits aux ménages résidents;CRED_TOTAL;A;BQ;_Z;37;_Z;RISQUES;TOTAL_SECTEUR;MENAGES;SOLO;EUR;2;9;N;P1Y;ACPR;E;F;A
ACPR.A.BQ.RISQUES.CREDITS_BRUTS.39._Z.NACE_M.PHNC._Z.TOP6_AUT_GROUPES;2017;2017-01-01;2017-12-31;72,29;2025-03-18T17:10:27+00:00;ACPR;Crédits bruts aux entreprises du secteur des activités spécialisées, scientifiques et techniques;Crédits bruts aux entreprises du secteur des activités spécialisées, scientifiques et techniques;CREDITS_BRUTS;A;BQ;_Z;39;_Z;RISQUES;TOP6_AUT_GROUPES;NACE_M;PHNC;EUR;2;9;N;P1Y;ACPR;E;F;A
ACPR.A.BQ.RISQUES.CREDITS_BRUTS.39._Z.NACE_L.PHNC._Z.TOP6_AUT_GROUPES;2017;2017-01-01;2017-12-31;301,33;2025-03-18T17:10:27+00:00;ACPR;Crédits bruts aux entreprises du secteur des activités immobilières;Crédits bruts aux entreprises du secteur des activités immobilières;CREDITS_BRUTS;A;BQ;_Z;39;_Z;RISQUES;TOP6_AUT_GROUPES;NACE_L;PHNC;EUR;2;9;N;P1Y;ACPR;E;F;A
ACPR.A.BQ.RISQUES.CREDITS_BRUTS.39._Z.NACE_S.PHNC._Z.TOP6_AUT_GROUPES;2017;2017-01-01;2017-12-31;174,17;2025-03-18T17:10:27+00:00;ACPR;Crédits bruts aux entreprises du secteur des autres activités de services;Crédits bruts aux entreprises du secteur des autres activités de services;CREDITS_BRUTS;A;BQ;_Z;39;_Z;RISQUES;TOP6_AUT_GROUPES;NACE_S;PHNC;EUR;2;9;N;P1Y;ACPR;E;F;A
ACPR.A.BQ.RISQUES.TX_PROV_NPL.573._Z.MENAGES_ENF.PHNC._Z.TOP6_AUT_GROUPES;2017;2017-01-01;2017-12-31;2,22;2025-03-18T17:10:29+00:00;ACPR;Poids des provisions des prêts non performants aux ménages et aux entreprises non financières;Poids des provisions des prêts non performants aux ménages et aux entreprises non financières;TX_PROV_NPL;A;BQ;_Z;573;_Z;RISQUES;TOP6_AUT_GROUPES;MENAGES_ENF;PHNC;PC;2;0;N;P1Y;ACPR;E;F;A
ACPR.A.BQ.RISQUES.CRED_CLIENT.34._Z.HORS_EC_BC.PHNC._Z.TOP6_AUT_GROUPES;2017;2017-01-01;2017-12-31;3828,0;2025-03-18T17:10:26+00:00;ACPR;Crédits nets  hors EC et banques centrales;Crédits nets  hors EC et banques centrales;CRED_CLIENT;A;BQ;_Z;34;_Z;RISQUES;TOP6_AUT_GROUPES;HORS_EC_BC;PHNC;EUR;2;9;N;P1Y;ACPR;E;F;A
ACPR.A.BQ.RISQUES.DERIV_PASSIF_GRE_GRE.49._Z.EF.PHNC._Z.TOP6_AUT_GROUPES;2017;2017-01-01;2017-12-31;140,91;2025-03-18T17:10:27+00:00;ACPR;Montant au passif de dérivés de gré à gré avec autres entreprises financières;Passif de dérivés de gré à gré avec autres entreprises financières;DERIV_PASSIF_GRE_GRE;A;BQ;_Z;49;_Z;RISQUES;TOP6_AUT_GROUPES;EF;PHNC;EUR;2;9;N;P1Y;ACPR;E;F;A
ACPR.A.BQ.RISQUES.CRED_CLIENT.34.GB.MENAGES.PHNC._Z.TOP6_AUT_GROUPES;2017;2017-01-01;2017-12-31;16,45;2025-03-18T17:10:27+00:00;ACPR;Crédits aux ménages - Royaume-Uni;Crédits aux ménages - Royaume-Uni;CRED_CLIENT;A;BQ;_Z;34;GB;RISQUES;TOP6_AUT_GROUPES;MENAGES;PHNC;EUR;2;9;N;P1Y;ACPR;E;F;A
ACPR.A.BQ.RISQUES.TX_PROV.572._Z.NACE_I.PHNC._Z.TOP6_AUT_GROUPES;2017;2017-01-01;2017-12-31;69,98;2025-03-18T17:10:29+00:00;ACPR;Taux de provisionnement du secteur de l'hébergement et restauration;Taux de provisionnement du secteur de l'hébergement et restauration;TX_PROV;A;BQ;_Z;572;_Z;RISQUES;TOP6_AUT_GROUPES;NACE_I;PHNC;PC;2;0;N;P1Y;ACPR;E;F;A
ACPR.A.BQ.RISQUES.CRED_CLIENT.34._Z.NACE_H.PHNC._Z.TOP6_AUT_GROUPES;2017;2017-01-01;2017-12-31;85,67;2025-03-18T17:10:26+00:00;ACPR;Crédits au secteur du transports et entreposage;Crédits au secteur du transports et entreposage;CRED_CLIENT;A;BQ;_Z;34;_Z;RISQUES;TOP6_AUT_GROUPES;NACE_H;PHNC;EUR;2;9;N;P1Y;ACPR;E;F;A
ACPR.A.BQ.RISQUES.DERIV_NOTIONNEL_ORGA.48._Z._Z.PHNC._Z.TOP6_AUT_GROUPES;2017;2017-01-01;2017-12-31;22147,95;2025-03-18T17:10:27+00:00;ACPR;Montant notionnels de dérivés sur marchés organisés;Montant notionnels de dérivés sur marchés organisés;DERIV_NOTIONNEL_ORGA;A;BQ;_Z;48;_Z;RISQUES;TOP6_AUT_GROUPES;_Z;PHNC;EUR;2;9;N;P1Y;ACPR;E;F;A
ACPR.A.BQ.RISQUES.TB_FIN_NEGO_DERIVE_CREDIT10006.462._Z._Z.PHNC._Z.TOP6_AUT_GROUPES;2017;2017-01-01;2017-12-31;16,14;2025-03-18T17:10:28+00:00;ACPR;Achats de dérivés de crédit sur transfert de rendement (Total return swaps) En notionnel;Achats de dérivés de crédit sur transfert de rendement (Total return swaps) En notionnel;TB_FIN_NEGO_DERIVE_CREDIT10006;A;BQ;_Z;462;_Z;RISQUES;TOP6_AUT_GROUPES;_Z;PHNC;EUR;2;9;N;P1Y;ACPR;E;F;A
ACPR.A.BQ.RISQUES.TB_FIN_NEGO_VENTE_OPTION9991.501._Z._Z.PHNC._Z.TOP6_AUT_GROUPES;2017;2017-01-01;2017-12-31;2001,84;2025-03-18T17:10:28+00:00;ACPR;Options achats et ventes sur Capitaux propres;Options achats et ventes sur Capitaux propres;TB_FIN_NEGO_VENTE_OPTION9991;A;BQ;_Z;501;_Z;RISQUES;TOP6_AUT_GROUPES;_Z;PHNC;EUR;2;9;N;P1Y;ACPR;E;F;A
ACPR.A.BQ.RISQUES.TB_FIN_NEGO_VENTE_OPTION9993.503._Z._Z.PHNC._Z.TOP6_AUT_GROUPES;2017;2017-01-01;2017-12-31;10447,35;2025-03-18T17:10:28+00:00;ACPR;Options achats et ventes;Options achats et ventes;TB_FIN_NEGO_VENTE_OPTION9993;A;BQ;_Z;503;_Z;RISQUES;TOP6_AUT_GROUPES;_Z;PHNC;EUR;2;9;N;P1Y;ACPR;E;F;A
ACPR.A.BQ.RISQUES.TB_FIN_NEGO_VENTE_OPTION9981.497._Z._Z.PHNC._Z.TOP6_AUT_GROUPES;2017;2017-01-01;2017-12-31;1065,04;2025-03-18T17:10:28+00:00;ACPR;Ventes d'options sur Capitaux propres;Ventes d'options sur Capitaux propres;TB_FIN_NEGO_VENTE_OPTION9981;A;BQ;_Z;497;_Z;RISQUES;TOP6_AUT_GROUPES;_Z;PHNC;EUR;2;9;N;P1Y;ACPR;E;F;A
ACPR.A.BQ.RISQUES.CRED_CLIENT.34.PL.ENF.PHNC._Z.TOP6_AUT_GROUPES;2017;2017-01-01;2017-12-31;15,73;2025-03-18T17:10:27+00:00;ACPR;Crédits aux entreprises non financières - Pologne;Crédits aux entreprises non financières - Pologne;CRED_CLIENT;A;BQ;_Z;34;PL;RISQUES;TOP6_AUT_GROUPES;ENF;PHNC;EUR;2;9;N;P1Y;ACPR;E;F;A
ACPR.A.BQ.RISQUES.CRED_CLIENT.34.PL.MENAGES.PHNC._Z.TOP6_AUT_GROUPES;2017;2017-01-01;2017-12-31;11,57;2025-03-18T17:10:27+00:00;ACPR;Crédits aux ménages - Pologne;Crédits aux ménages - Pologne;CRED_CLIENT;A;BQ;_Z;34;PL;RISQUES;TOP6_AUT_GROUPES;MENAGES;PHNC;EUR;2;9;N;P1Y;ACPR;E;F;A
ACPR.A.BQ.RISQUES.TB_FIN_NEGO_VENTE_OPTION9990.500._Z._Z.PHNC._Z.TOP6_AUT_GROUPES;2017;2017-01-01;2017-12-31;6111,79;2025-03-18T17:10:28+00:00;ACPR;Options achats et ventes sur Taux d'intérêt;Options achats et ventes sur Taux d'intérêt;TB_FIN_NEGO_VENTE_OPTION9990;A;BQ;_Z;500;_Z;RISQUES;TOP6_AUT_GROUPES;_Z;PHNC;EUR;2;9;N;P1Y;ACPR;E;F;A
ACPR.A.BQ.RISQUES.CRED_CLIENT.34._Z.NACE_Q.PHNC._Z.TOP6_AUT_GROUPES;2017;2017-01-01;2017-12-31;32,49;2025-03-18T17:10:27+00:00;ACPR;Crédits au secteur de la santé humaine et action sociale;Crédits au secteur de la santé humaine et action sociale;CRED_CLIENT;A;BQ;_Z;34;_Z;RISQUES;TOP6_AUT_GROUPES;NACE_Q;PHNC;EUR;2;9;N;P1Y;ACPR;E;F;A
ACPR.A.BQ.RISQUES.TX_PROV.572._Z.NACE_C.PHNC._Z.TOP6_AUT_GROUPES;2017;2017-01-01;2017-12-31;64,79;2025-03-18T17:10:29+00:00;ACPR;Taux de provisionnement du secteur des industrie manufacturière;Taux de provisionnement du secteur des industrie manufacturière;TX_PROV;A;BQ;_Z;572;_Z;RISQUES;TOP6_AUT_GROUPES;NACE_C;PHNC;PC;2;0;N;P1Y;ACPR;E;F;A
ACPR.A.BQ.RISQUES.TX_PROV_NPL.573._Z.ENF.PHNC._Z.TOP6_AUT_GROUPES;2017;2017-01-01;2017-12-31;2,71;2025-03-18T17:10:29+00:00;ACPR;Poids des provisions des prêts non performants aux entreprises non financières;Poids des provisions des prêts non performants aux entreprises non financières;TX_PROV_NPL;A;BQ;_Z;573;_Z;RISQUES;TOP6_AUT_GROUPES;ENF;PHNC;PC;2;0;N;P1Y;ACPR;E;F;A
ACPR.A.BQ.RISQUES.TX_PROV.572._Z.NACE_N.PHNC._Z.TOP6_AUT_GROUPES;2017;2017-01-01;2017-12-31;54,48;2025-03-18T17:10:29+00:00;ACPR;Taux de provisionnement du secteur de l'activité de services administratifs et de soutien;Taux de provisionnement du secteur de l'activité de services administratifs et de soutien;TX_PROV;A;BQ;_Z;572;_Z;RISQUES;TOP6_AUT_GROUPES;NACE_N;PHNC;PC;2;0;N;P1Y;ACPR;E;F;A
ACPR.A.BQ.RISQUES.CREDITS_BRUTS_MENAGES_ENF_PAYS.40.FR.MENAGES_ENF.PHNC._Z.TOP6_AUT_GROUPES;2017;2017-01-01;2017-12-31;1918,0;2025-03-18T17:10:27+00:00;ACPR;Crédits bruts aux ménages et entreprises non financières en France;Crédits bruts aux ménages et entreprises non financières en France;CREDITS_BRUTS_MENAGES_ENF_PAYS;A;BQ;_Z;40;FR;RISQUES;TOP6_AUT_GROUPES;MENAGES_ENF;PHNC;EUR;2;9;N;P1Y;ACPR;E;F;A
ACPR.A.BQ.RISQUES.CREDITS_BRUTS.39._Z.NACE_D.PHNC._Z.TOP6_AUT_GROUPES;2017;2017-01-01;2017-12-31;61,32;2025-03-18T17:10:27+00:00;ACPR;Crédits bruts aux entreprises du secteur de l'électricité, gaz, vapeur et air conditionné;Crédits bruts aux entreprises du secteur de l'électricité, gaz, vapeur et air conditionné;CREDITS_BRUTS;A;BQ;_Z;39;_Z;RISQUES;TOP6_AUT_GROUPES;NACE_D;PHNC;EUR;2;9;N;P1Y;ACPR;E;F;A
ACPR.A.BQ.RISQUES.LOANS_PTF_NEGO.222._Z.EF.PHNC._Z.TOP6_AUT_GROUPES;2017;2017-01-01;2017-12-31;174,3;2025-03-18T17:10:28+00:00;ACPR;Prêts aux autres entreprises financières dans le portefeuille de négociation;Prêts aux autres entreprises financières dans le portefeuille de négociation;LOANS_PTF_NEGO;A;BQ;_Z;222;_Z;RISQUES;TOP6_AUT_GROUPES;EF;PHNC;EUR;2;9;N;P1Y;ACPR;E;F;A
ACPR.A.BQ.RISQUES.TB_FIN_NEGO_DERIVES9936.484._Z._Z.PHNC._Z.TOP6_AUT_GROUPES;2017;2017-01-01;2017-12-31;10,33;2025-03-18T17:10:28+00:00;ACPR;Montant au passif de dérivés sur matières premières;Montant au passif de dérivés sur matières premières;TB_FIN_NEGO_DERIVES9936;A;BQ;_Z;484;_Z;RISQUES;TOP6_AUT_GROUPES;_Z;PHNC;EUR;2;9;N;P1Y;ACPR;E;F;A
ACPR.A.BQ.RISQUES.TB_FIN_NEGO_VENTE_OPTION9980.496._Z._Z.PHNC._Z.TOP6_AUT_GROUPES;2017;2017-01-01;2017-12-31;3481,69;2025-03-18T17:10:28+00:00;ACPR;Ventes d'options sur Taux d'intérêt;Ventes d'options sur Taux d'intérêt;TB_FIN_NEGO_VENTE_OPTION9980;A;BQ;_Z;496;_Z;RISQUES;TOP6_AUT_GROUPES;_Z;PHNC;EUR;2;9;N;P1Y;ACPR;E;F;A
ACPR.A.BQ.RISQUES.TX_NPL.569._Z.NACE_I.PHNC._Z.TOP6_AUT_GROUPES;2017;2017-01-01;2017-12-31;10,0;2025-03-18T17:10:28+00:00;ACPR;Taux de prêts non performants du secteur de l'hébergement et restauration;Taux de prêts non performants du secteur de l'hébergement et restauration;TX_NPL;A;BQ;_Z;569;_Z;RISQUES;TOP6_AUT_GROUPES;NACE_I;PHNC;PC;2;0;N;P1Y;ACPR;E;F;A
ACPR.A.BQ.RISQUES.TX_NPL.569.ES.MENAGES_ENF.PHNC._Z.TOP6_AUT_GROUPES;2017;2017-01-01;2017-12-31;8,6;2025-03-18T17:10:29+00:00;ACPR;Taux de prêts non performants en Espagne;Taux de prêts non performants en Espagne;TX_NPL;A;BQ;_Z;569;ES;RISQUES;TOP6_AUT_GROUPES;MENAGES_ENF;PHNC;PC;2;0;N;P1Y;ACPR;E;F;A
ACPR.A.BQ.RISQUES.TX_NPL.569.LU.MENAGES_ENF.PHNC._Z.TOP6_AUT_GROUPES;2017;2017-01-01;2017-12-31;5,6;2025-03-18T17:10:29+00:00;ACPR;Taux de prêts non performants au Luxembourg;Taux de prêts non performants au Luxembourg;TX_NPL;A;BQ;_Z;569;LU;RISQUES;TOP6_AUT_GROUPES;MENAGES_ENF;PHNC;PC;2;0;N;P1Y;ACPR;E;F;A
ACPR.A.BQ.RISQUES.TX_PROV.572._Z.GE.PHNC._Z.TOP6_AUT_GROUPES;2017;2017-01-01;2017-12-31;52,72;2025-03-18T17:10:29+00:00;ACPR;Taux de provisionnement aux grandes entreprises;Taux de provisionnement aux grandes entreprises;TX_PROV;A;BQ;_Z;572;_Z;RISQUES;TOP6_AUT_GROUPES;GE;PHNC;PC;2;0;N;P1Y;ACPR;E;F;A
ACPR.A.BQ.RISQUES.TX_PROV.572._Z.MENAGES.PHNC._Z.TOP6_AUT_GROUPES;2017;2017-01-01;2017-12-31;49,91;2025-03-18T17:10:29+00:00;ACPR;Taux de provisionnement aux ménages;Taux de provisionnement aux ménages;TX_PROV;A;BQ;_Z;572;_Z;RISQUES;TOP6_AUT_GROUPES;MENAGES;PHNC;PC;2;0;N;P1Y;ACPR;E;F;A
ACPR.A.BQ.RISQUES.TX_PROV.572._Z.NACE_F.PHNC._Z.TOP6_AUT_GROUPES;2017;2017-01-01;2017-12-31;62,38;2025-03-18T17:10:29+00:00;ACPR;Taux de provisionnement du secteur de la construction;Taux de provisionnement du secteur de la construction;TX_PROV;A;BQ;_Z;572;_Z;RISQUES;TOP6_AUT_GROUPES;NACE_F;PHNC;PC;2;0;N;P1Y;ACPR;E;F;A
ACPR.A.BQ.RISQUES.DERIV_ACTIF_GRE_GRE.45._Z.EC.PHNC._Z.TOP6_AUT_GROUPES;2017;2017-01-01;2017-12-31;339,63;2025-03-18T17:10:27+00:00;ACPR;Montant à l'actif de dérivés de gré à gré avec établissements de crédit;Dérivés de gré à gré (Actifs) avec établissements de crédit;DERIV_ACTIF_GRE_GRE;A;BQ;_Z;45;_Z;RISQUES;TOP6_AUT_GROUPES;EC;PHNC;EUR;2;9;N;P1Y;ACPR;E;F;A
ACPR.A.BQ.RISQUES.DERIV_PASSIF_ORGA.50._Z._Z.PHNC._Z.TOP6_AUT_GROUPES;2017;2017-01-01;2017-12-31;24,31;2025-03-18T17:10:27+00:00;ACPR;Montant au passif de dérivés sur marchés organisés;Passif de dérivés sur marchés organisés;DERIV_PASSIF_ORGA;A;BQ;_Z;50;_Z;RISQUES;TOP6_AUT_GROUPES;_Z;PHNC;EUR;2;9;N;P1Y;ACPR;E;F;A
ACPR.A.BQ.RISQUES.DT_PL_PTF_NEGO.58._Z.MENAGES.PHNC._Z.TOP6_AUT_GROUPES;2017;2017-01-01;2017-12-31;0,0;2025-03-18T17:10:28+00:00;ACPR;Dépôts et titres des Ménages donnés en pension livrée du portefeuille de négociation;Dépôts et titres des Ménages donnés en pension livrée du portefeuille de négociation;DT_PL_PTF_NEGO;A;BQ;_Z;58;_Z;RISQUES;TOP6_AUT_GROUPES;MENAGES;PHNC;EUR;2;9;N;P1Y;ACPR;E;F;A
ACPR.A.BQ.RISQUES.TB_FIN_NEGO_DERIVES9918.585._Z._Z.PHNC._Z._Z;2017;2017-01-01;2017-12-31;2688,52;2025-09-17T10:00:30+00:00;ACPR;Montants notionnels de dérivés sur actions;Montants notionnels de dérivés sur actions;TB_FIN_NEGO_DERIVES9918;A;BQ;_Z;585;_Z;RISQUES;_Z;_Z;PHNC;EUR;2;9;N;P1Y;ACPR;E;F;A
ACPR.A.BQ.RISQUES.CREDITS_BRUTS.39._Z.NACE_I.PHNC._Z.TOP6_AUT_GROUPES;2017;2017-01-01;2017-12-31;33,96;2025-03-18T17:10:27+00:00;ACPR;Crédits bruts aux entreprises du secteur de l'hébergement et restauration;Crédits bruts aux entreprises du secteur de l'hébergement et restauration;CREDITS_BRUTS;A;BQ;_Z;39;_Z;RISQUES;TOP6_AUT_GROUPES;NACE_I;PHNC;EUR;2;9;N;P1Y;ACPR;E;F;A
ACPR.A.BQ.RISQUES.CRED_TOTAL.37._Z.APU.SOLO._Z.TOTAL_SECTEUR;2017;2017-01-01;2017-12-31;177,99;2025-09-17T10:00:27+00:00;ACPR;Crédits aux administrations publiques résidentes;Crédits aux administrations publiques résidentes;CRED_TOTAL;A;BQ;_Z;37;_Z;RISQUES;TOTAL_SECTEUR;APU;SOLO;EUR;2;9;N;P1Y;ACPR;E;F;A
ACPR.A.BQ.RISQUES.CRED_CLIENT.34._Z.NACE_L.PHNC._Z.TOP6_AUT_GROUPES;2017;2017-01-01;2017-12-31;301,33;2025-03-18T17:10:27+00:00;ACPR;Crédits au secteur des activités immobilières;Crédits au secteur des activités immobilières;CRED_CLIENT;A;BQ;_Z;34;_Z;RISQUES;TOP6_AUT_GROUPES;NACE_L;PHNC;EUR;2;9;N;P1Y;ACPR;E;F;A
ACPR.A.BQ.RISQUES.DT_PL_PTF_NEGO.58._Z.EC.PHNC._Z.TOP6_AUT_GROUPES;2017;2017-01-01;2017-12-31;68,0;2025-03-18T17:10:27+00:00;ACPR;Dépôts et titres des établissements de crédit donnés en pension livrée du portefeuille de négociation;Dépôts et titres des établissements de crédit donnés en pension livrée du portefeuille de négociation;DT_PL_PTF_NEGO;A;BQ;_Z;58;_Z;RISQUES;TOP6_AUT_GROUPES;EC;PHNC;EUR;2;9;N;P1Y;ACPR;E;F;A
ACPR.A.BQ.RISQUES.TB_FIN_NEGO_PART_OPTION9965.491._Z._Z.PHNC._Z.TOP6_AUT_GROUPES;2017;2017-01-01;2017-12-31;714,04;2025-03-18T17:10:28+00:00;ACPR;Dérivés sur Taux d'intérêt (somme actif et passif);Dérivés sur Taux d'intérêt (somme actif et passif);TB_FIN_NEGO_PART_OPTION9965;A;BQ;_Z;491;_Z;RISQUES;TOP6_AUT_GROUPES;_Z;PHNC;EUR;2;9;N;P1Y;ACPR;E;F;A
ACPR.A.BQ.RISQUES.CRED_CLIENT.34._Z.EF.PHNC._Z.TOP6_AUT_GROUPES;2017;2017-01-01;2017-12-31;399,69;2025-03-18T17:10:26+00:00;ACPR;Entreprises financières (crédits nets);Entreprises financières (crédits nets);CRED_CLIENT;A;BQ;_Z;34;_Z;RISQUES;TOP6_AUT_GROUPES;EF;PHNC;EUR;2;9;N;P1Y;ACPR;E;F;A
ACPR.A.BQ.RISQUES.CRED_CLIENT.34._Z.NACE_F.PHNC._Z.TOP6_AUT_GROUPES;2017;2017-01-01;2017-12-31;65,59;2025-03-18T17:10:26+00:00;ACPR;Crédits au secteur de la construction;Crédits au secteur de la construction;CRED_CLIENT;A;BQ;_Z;34;_Z;RISQUES;TOP6_AUT_GROUPES;NACE_F;PHNC;EUR;2;9;N;P1Y;ACPR;E;F;A
ACPR.A.BQ.RISQUES.TX_PROV.572.NL.MENAGES_ENF.PHNC._Z.TOP6_AUT_GROUPES;2017;2017-01-01;2017-12-31;52,5;2025-03-18T17:10:29+00:00;ACPR;Taux de provisionnement aux Pays-Bas;Taux de provisionnement aux Pays-Bas;TX_PROV;A;BQ;_Z;572;NL;RISQUES;TOP6_AUT_GROUPES;MENAGES_ENF;PHNC;PC;2;0;N;P1Y;ACPR;E;F;A
ACPR.A.BQ.RISQUES.DERIV_PASSIF_GRE_GRE.49._Z.AUTRES.PHNC._Z.TOP6_AUT_GROUPES;2017;2017-01-01;2017-12-31;67,24;2025-03-18T17:10:27+00:00;ACPR;Montant au passif de dérivés de gré à gré avec autres contreparties;Passif de dérivés de gré à gré avec autres contreparties;DERIV_PASSIF_GRE_GRE;A;BQ;_Z;49;_Z;RISQUES;TOP6_AUT_GROUPES;AUTRES;PHNC;EUR;2;9;N;P1Y;ACPR;E;F;A
ACPR.A.BQ.RISQUES.GB_FIN_NEGO_PASSIF_9848.186._Z._Z.PHNC._Z.TOP6_AUT_GROUPES;2017;2017-01-01;2017-12-31;573,51;2025-03-18T17:10:28+00:00;ACPR;Dérivés dans le portefeuille de négociation coté passif;Dérivés dans le portefeuille de négociation coté passif;GB_FIN_NEGO_PASSIF_9848;A;BQ;_Z;186;_Z;RISQUES;TOP6_AUT_GROUPES;_Z;PHNC;EUR;2;9;N;P1Y;ACPR;E;F;A
ACPR.A.BQ.RISQUES.DT_PL_PTF_NEGO.58._Z.ENF.PHNC._Z.TOP6_AUT_GROUPES;2017;2017-01-01;2017-12-31;46,0;2025-03-18T17:10:27+00:00;ACPR;Dépôts et titres des entreprises non financières donnés en pension livrée du portefeuille de négociation;Dépôts et titres des entreprises non financières donnés en pension livrée du portefeuille de négociation;DT_PL_PTF_NEGO;A;BQ;_Z;58;_Z;RISQUES;TOP6_AUT_GROUPES;ENF;PHNC;EUR;2;9;N;P1Y;ACPR;E;F;A
ACPR.A.BQ.RISQUES.OBLIG_PTF_NEGO.238._Z.ENF.PHNC._Z.TOP6_AUT_GROUPES;2017;2017-01-01;2017-12-31;18,53;2025-03-18T17:10:28+00:00;ACPR;Titre de créances émis par les entreprises non financières dans le portefeuille de négociation;Titre de créances émis par les entreprises non financières dans le portefeuille de négociation;OBLIG_PTF_NEGO;A;BQ;_Z;238;_Z;RISQUES;TOP6_AUT_GROUPES;ENF;PHNC;EUR;2;9;N;P1Y;ACPR;E;F;A
ACPR.A.BQ.RISQUES.RATIO_CREDEP.363._Z._Z.PHNC._Z.TOP6_AUT_GROUPES;2017;2017-01-01;2017-12-31;119,45;2025-03-18T17:10:28+00:00;ACPR;Ratio Crédits/Dépôts du secteur bancaire français;Ratio Crédits/Dépôts du secteur bancaire français;RATIO_CREDEP;A;BQ;_Z;363;_Z;RISQUES;TOP6_AUT_GROUPES;_Z;PHNC;PC;2;0;N;P1Y;ACPR;E;F;A
ACPR.A.BQ.RISQUES.TX_NPL.569._Z.MENAGES_ENF.PHNC._Z.TOP6_AUT_GROUPES;2017;2017-01-01;2017-12-31;4,32;2025-03-18T17:10:28+00:00;ACPR;Taux de prêts non performants aux ménages et aux entreprises non financières;Taux de prêts non performants aux ménages et aux entreprises non financières;TX_NPL;A;BQ;_Z;569;_Z;RISQUES;TOP6_AUT_GROUPES;MENAGES_ENF;PHNC;PC;2;0;N;P1Y;ACPR;E;F;A
ACPR.A.BQ.RISQUES.TX_NPL.569._Z.NACE_G.PHNC._Z.TOP6_AUT_GROUPES;2017;2017-01-01;2017-12-31;5,54;2025-03-18T17:10:28+00:00;ACPR;Taux de prêts non performants du secteur du commerce;Taux de prêts non performants du secteur du commerce;TX_NPL;A;BQ;_Z;569;_Z;RISQUES;TOP6_AUT_GROUPES;NACE_G;PHNC;PC;2;0;N;P1Y;ACPR;E;F;A
ACPR.A.BQ.RISQUES.TX_PROV.572._Z.NACE_K.PHNC._Z.TOP6_AUT_GROUPES;2017;2017-01-01;2017-12-31;0,0;2025-03-18T17:10:29+00:00;ACPR;Taux de provisionnement du secteur des activité financières et d'assurance;Taux de provisionnement du secteur des activité financières et d'assurance;TX_PROV;A;BQ;_Z;572;_Z;RISQUES;TOP6_AUT_GROUPES;NACE_K;PHNC;PC;2;0;N;P1Y;ACPR;E;F;A
ACPR.A.BQ.RISQUES.TX_PROV.572.IT.MENAGES_ENF.PHNC._Z.TOP6_AUT_GROUPES;2017;2017-01-01;2017-12-31;61,2;2025-03-18T17:10:29+00:00;ACPR;Taux de provisionnement en Italie;Taux de provisionnement en Italie;TX_PROV;A;BQ;_Z;572;IT;RISQUES;TOP6_AUT_GROUPES;MENAGES_ENF;PHNC;PC;2;0;N;P1Y;ACPR;E;F;A
ACPR.A.BQ.RISQUES.CREDITS_BRUTS.39._Z.NACE_M.PHNC._Z.TOP6_AUT_GROUPES;2016;2016-01-01;2016-12-31;76,44;2025-03-18T17:10:27+00:00;ACPR;Crédits bruts aux entreprises du secteur des activités spécialisées, scientifiques et techniques;Crédits bruts aux entreprises du secteur des activités spécialisées, scientifiques et techniques;CREDITS_BRUTS;A;BQ;_Z;39;_Z;RISQUES;TOP6_AUT_GROUPES;NACE_M;PHNC;EUR;2;9;N;P1Y;ACPR;E;F;A
ACPR.A.BQ.RISQUES.CRED_CLIENT.34._Z.HORS_EC_BC.PHNC._Z.TOP6_AUT_GROUPES;2016;2016-01-01;2016-12-31;3776,66;2025-03-18T17:10:26+00:00;ACPR;Crédits nets  hors EC et banques centrales;Crédits nets  hors EC et banques centrales;CRED_CLIENT;A;BQ;_Z;34;_Z;RISQUES;TOP6_AUT_GROUPES;HORS_EC_BC;PHNC;EUR;2;9;N;P1Y;ACPR;E;F;A
ACPR.A.BQ.RISQUES.CRED_CLIENT.34.BE.ENF.PHNC._Z.TOP6_AUT_GROUPES;2016;2016-01-01;2016-12-31;37,8;2025-03-18T17:10:27+00:00;ACPR;Crédits aux entreprises non financières - Belgique;Crédits aux entreprises non financières - Belgique;CRED_CLIENT;A;BQ;_Z;34;BE;RISQUES;TOP6_AUT_GROUPES;ENF;PHNC;EUR;2;9;N;P1Y;ACPR;E;F;A
ACPR.A.BQ.RISQUES.DERIV_NOTIONNEL_GRE_GRE.47._Z._Z.PHNC._Z.TOP6_AUT_GROUPES;2016;2016-01-01;2016-12-31;42172,15;2025-03-18T17:10:27+00:00;ACPR;Montant notionnels de dérivés de gré à gré;Montant notionnels de dérivés de gré à gré;DERIV_NOTIONNEL_GRE_GRE;A;BQ;_Z;47;_Z;RISQUES;TOP6_AUT_GROUPES;_Z;PHNC;EUR;2;9;N;P1Y;ACPR;E;F;A
ACPR.A.BQ.RISQUES.TB_FIN_NEGO_DERIVE_CREDIT10015.467._Z._Z.PHNC._Z.TOP6_AUT_GROUPES;2016;2016-01-01;2016-12-31;0,02;2025-03-18T17:10:28+00:00;ACPR;Options sur écart de crédit (Credit spread options) à l'actif;Options sur écart de crédit (Credit spread options) à l'actif;TB_FIN_NEGO_DERIVE_CREDIT10015;A;BQ;_Z;467;_Z;RISQUES;TOP6_AUT_GROUPES;_Z;PHNC;EUR;2;9;N;P1Y;ACPR;E;F;A
ACPR.A.BQ.RISQUES.TB_FIN_NEGO_PART_OPTION9967.493._Z._Z.PHNC._Z.TOP6_AUT_GROUPES;2016;2016-01-01;2016-12-31;401,16;2025-03-18T17:10:28+00:00;ACPR;Dérivés sur Change et or (somme actif et passif);Dérivés sur Change et or (somme actif et passif);TB_FIN_NEGO_PART_OPTION9967;A;BQ;_Z;493;_Z;RISQUES;TOP6_AUT_GROUPES;_Z;PHNC;EUR;2;9;N;P1Y;ACPR;E;F;A
ACPR.A.BQ.RISQUES.CREDITS_BRUTS.39._Z.NACE_O.PHNC._Z.TOP6_AUT_GROUPES;2016;2016-01-01;2016-12-31;13,41;2025-03-18T17:10:27+00:00;ACPR;Crédits bruts aux entreprises du secteur de l'administration publique;Crédits bruts aux entreprises du secteur de l'administration publique;CREDITS_BRUTS;A;BQ;_Z;39;_Z;RISQUES;TOP6_AUT_GROUPES;NACE_O;PHNC;EUR;2;9;N;P1Y;ACPR;E;F;A
ACPR.A.BQ.RISQUES.DERIV_ACTIF_GRE_GRE.45._Z.EC.PHNC._Z.TOP6_AUT_GROUPES;2016;2016-01-01;2016-12-31;479,06;2025-03-18T17:10:27+00:00;ACPR;Montant à l'actif de dérivés de gré à gré avec établissements de crédit;Dérivés de gré à gré (Actifs) avec établissements de crédit;DERIV_ACTIF_GRE_GRE;A;BQ;_Z;45;_Z;RISQUES;TOP6_AUT_GROUPES;EC;PHNC;EUR;2;9;N;P1Y;ACPR;E;F;A
ACPR.A.BQ.RISQUES.LOANS_PTF_NEGO.222._Z.EF.PHNC._Z.TOP6_AUT_GROUPES;2016;2016-01-01;2016-12-31;252,3;2025-03-18T17:10:28+00:00;ACPR;Prêts aux autres entreprises financières dans le portefeuille de négociation;Prêts aux autres entreprises financières dans le portefeuille de négociation;LOANS_PTF_NEGO;A;BQ;_Z;222;_Z;RISQUES;TOP6_AUT_GROUPES;EF;PHNC;EUR;2;9;N;P1Y;ACPR;E;F;A
ACPR.A.BQ.RISQUES.RATIO_CREDEP.363._Z.HORS_EC_BC.PHNC._Z.TOP6_AUT_GROUPES;2016;2016-01-01;2016-12-31;114,47;2025-03-18T17:10:28+00:00;ACPR;Ratio crédits / Dépôts  hors EC et banques centrales;Ratio crédits / Dépôts  hors EC et banques centrales;RATIO_CREDEP;A;BQ;_Z;363;_Z;RISQUES;TOP6_AUT_GROUPES;HORS_EC_BC;PHNC;PC;2;9;N;P1Y;ACPR;E;F;A
ACPR.A.BQ.RISQUES.TB_FIN_NEGO_DERIVE_CREDIT10009.464._Z._Z.PHNC._Z.TOP6_AUT_GROUPES;2016;2016-01-01;2016-12-31;37,65;2025-03-18T17:10:28+00:00;ACPR;Achats de autres dérivés de crédit En notionnel;Achats de autres dérivés de crédit En notionnel;TB_FIN_NEGO_DERIVE_CREDIT10009;A;BQ;_Z;464;_Z;RISQUES;TOP6_AUT_GROUPES;_Z;PHNC;EUR;2;9;N;P1Y;ACPR;E;F;A
ACPR.A.BQ.RISQUES.TB_FIN_NEGO_DERIVE_CREDIT10017.469._Z._Z.PHNC._Z.TOP6_AUT_GROUPES;2016;2016-01-01;2016-12-31;0,64;2025-03-18T17:10:28+00:00;ACPR;Dérivés de crédit sur transfert de rendement (Total return swaps) à l'actif;Dérivés de crédit sur transfert de rendement (Total return swaps) à l'actif;TB_FIN_NEGO_DERIVE_CREDIT10017;A;BQ;_Z;469;_Z;RISQUES;TOP6_AUT_GROUPES;_Z;PHNC;EUR;2;9;N;P1Y;ACPR;E;F;A
ACPR.A.BQ.RISQUES.TX_NPL.569._Z.GE.PHNC._Z.TOP6_AUT_GROUPES;2016;2016-01-01;2016-12-31;4,84;2025-03-18T17:10:28+00:00;ACPR;Taux de prêts non performants aux grandes entreprises;Taux de prêts non performants aux grandes entreprises;TX_NPL;A;BQ;_Z;569;_Z;RISQUES;TOP6_AUT_GROUPES;GE;PHNC;PC;2;0;N;P1Y;ACPR;E;F;A
ACPR.A.BQ.RISQUES.TX_NPL.569.BE.MENAGES_ENF.PHNC._Z.TOP6_AUT_GROUPES;2016;2016-01-01;2016-12-31;0,0;2025-03-18T17:10:29+00:00;ACPR;Taux de prêts non performants en Belgique;Taux de prêts non performants en Belgique;TX_NPL;A;BQ;_Z;569;BE;RISQUES;TOP6_AUT_GROUPES;MENAGES_ENF;PHNC;PC;2;0;N;P1Y;ACPR;E;F;A
ACPR.A.BQ.RISQUES.TX_NPL.569.ES.MENAGES_ENF.PHNC._Z.TOP6_AUT_GROUPES;2016;2016-01-01;2016-12-31;0,0;2025-03-18T17:10:29+00:00;ACPR;Taux de prêts non performants en Espagne;Taux de prêts non performants en Espagne;TX_NPL;A;BQ;_Z;569;ES;RISQUES;TOP6_AUT_GROUPES;MENAGES_ENF;PHNC;PC;2;0;N;P1Y;ACPR;E;F;A
ACPR.A.BQ.RISQUES.TX_NPL.569.IT.MENAGES_ENF.PHNC._Z.TOP6_AUT_GROUPES;2016;2016-01-01;2016-12-31;0,0;2025-03-18T17:10:29+00:00;ACPR;Taux de prêts non performants en Italie;Taux de prêts non performants en Italie;TX_NPL;A;BQ;_Z;569;IT;RISQUES;TOP6_AUT_GROUPES;MENAGES_ENF;PHNC;PC;2;0;N;P1Y;ACPR;E;F;A
ACPR.A.BQ.RISQUES.TX_NPL.569.LU.MENAGES_ENF.PHNC._Z.TOP6_AUT_GROUPES;2016;2016-01-01;2016-12-31;0,0;2025-03-18T17:10:29+00:00;ACPR;Taux de prêts non performants au Luxembourg;Taux de prêts non performants au Luxembourg;TX_NPL;A;BQ;_Z;569;LU;RISQUES;TOP6_AUT_GROUPES;MENAGES_ENF;PHNC;PC;2;0;N;P1Y;ACPR;E;F;A
ACPR.A.BQ.RISQUES.TX_PROV.572._Z.NACE_C.PHNC._Z.TOP6_AUT_GROUPES;2016;2016-01-01;2016-12-31;63,05;2025-03-18T17:10:29+00:00;ACPR;Taux de provisionnement du secteur des industrie manufacturière;Taux de provisionnement du secteur des industrie manufacturière;TX_PROV;A;BQ;_Z;572;_Z;RISQUES;TOP6_AUT_GROUPES;NACE_C;PHNC;PC;2;0;N;P1Y;ACPR;E;F;A
ACPR.A.BQ.RISQUES.TB_FIN_NEGO_PART_BILAN9839.486._Z._Z.PHNC._Z.TOP6_AUT_GROUPES;2016;2016-01-01;2016-12-31;1609,67;2025-03-18T17:10:28+00:00;ACPR;Portefeuille de négociation - Actif;Portefeuille de négociation - Actif;TB_FIN_NEGO_PART_BILAN9839;A;BQ;_Z;486;_Z;RISQUES;TOP6_AUT_GROUPES;_Z;PHNC;EUR;2;9;N;P1Y;ACPR;E;F;A
ACPR.A.BQ.RISQUES.TB_FIN_NEGO_DERIVES9920.586._Z._Z.PHNC._Z._Z;2016;2016-01-01;2016-12-31;1601,84;2025-09-17T10:00:30+00:00;ACPR;Montants notionnels de dérivés sur crédit;Montants notionnels de dérivés sur crédit;TB_FIN_NEGO_DERIVES9920;A;BQ;_Z;586;_Z;RISQUES;_Z;_Z;PHNC;EUR;2;9;N;P1Y;ACPR;E;F;A
ACPR.A.BQ.RISQUES.DEPOTS.43._Z._Z.PHNC._Z.TOP6_AUT_GROUPES;2016;2016-01-01;2016-12-31;3936,85;2025-03-18T17:10:27+00:00;ACPR;Dépôts du secteur bancaire français;Dépôts du secteur bancaire français;DEPOTS;A;BQ;_Z;43;_Z;RISQUES;TOP6_AUT_GROUPES;_Z;PHNC;EUR;2;9;N;P1Y;ACPR;E;F;A
ACPR.A.BQ.RISQUES.DERIV_PASSIF_GRE_GRE.49._Z.EC.PHNC._Z.TOP6_AUT_GROUPES;2016;2016-01-01;2016-12-31;481,74;2025-03-18T17:10:27+00:00;ACPR;Montant au passif de dérivés de gré à gré avec établissements de crédit;Passif de dérivés de gré à gré avec établissements de crédit;DERIV_PASSIF_GRE_GRE;A;BQ;_Z;49;_Z;RISQUES;TOP6_AUT_GROUPES;EC;PHNC;EUR;2;9;N;P1Y;ACPR;E;F;A
ACPR.A.BQ.RISQUES.TB_FIN_NEGO_DERIVE_CREDIT10005.461._Z._Z.PHNC._Z.TOP6_AUT_GROUPES;2016;2016-01-01;2016-12-31;30,18;2025-03-18T17:10:28+00:00;ACPR;Vente de dérivés de crédit sur transfert de rendement (Total return swaps) En notionnel;Vente de dérivés de crédit sur transfert de rendement (Total return swaps) En notionnel;TB_FIN_NEGO_DERIVE_CREDIT10005;A;BQ;_Z;461;_Z;RISQUES;TOP6_AUT_GROUPES;_Z;PHNC;EUR;2;9;N;P1Y;ACPR;E;F;A
ACPR.A.BQ.RISQUES.TX_PROV.572._Z.NACE_A.PHNC._Z.TOP6_AUT_GROUPES;2016;2016-01-01;2016-12-31;89,22;2025-03-18T17:10:29+00:00;ACPR;Taux de provisionnement du secteur de l'agriculture, sylviculture et pêche;Taux de provisionnement du secteur de l'agriculture, sylviculture et pêche;TX_PROV;A;BQ;_Z;572;_Z;RISQUES;TOP6_AUT_GROUPES;NACE_A;PHNC;PC;2;0;N;P1Y;ACPR;E;F;A
ACPR.A.BQ.RISQUES.TX_PROV.572._Z.NACE_G.PHNC._Z.TOP6_AUT_GROUPES;2016;2016-01-01;2016-12-31;71,1;2025-03-18T17:10:29+00:00;ACPR;Taux de provisionnement du secteur du commerce;Taux de provisionnement du secteur du commerce;TX_PROV;A;BQ;_Z;572;_Z;RISQUES;TOP6_AUT_GROUPES;NACE_G;PHNC;PC;2;0;N;P1Y;ACPR;E;F;A
ACPR.A.BQ.RISQUES.TB_FIN_NEGO_DERIVES9931.479._Z._Z.PHNC._Z.TOP6_AUT_GROUPES;2016;2016-01-01;2016-12-31;0,51;2025-03-18T17:10:28+00:00;ACPR;Montant à l'actif de dérivés sur autres produits;Montant à l'actif de dérivés sur autres produits;TB_FIN_NEGO_DERIVES9931;A;BQ;_Z;479;_Z;RISQUES;TOP6_AUT_GROUPES;_Z;PHNC;EUR;2;9;N;P1Y;ACPR;E;F;A
ACPR.A.BQ.RISQUES.TX_PROV.572._Z.NACE_R.PHNC._Z.TOP6_AUT_GROUPES;2016;2016-01-01;2016-12-31;57,23;2025-03-18T17:10:29+00:00;ACPR;Taux de provisionnement du secteur des arts, spectacles et activités récréatives;Taux de provisionnement du secteur des arts, spectacles et activités récréatives;TX_PROV;A;BQ;_Z;572;_Z;RISQUES;TOP6_AUT_GROUPES;NACE_R;PHNC;PC;2;0;N;P1Y;ACPR;E;F;A
ACPR.A.BQ.RISQUES.LOANS_PTF_NEGO.222._Z.APU.PHNC._Z.TOP6_AUT_GROUPES;2016;2016-01-01;2016-12-31;6,54;2025-03-18T17:10:28+00:00;ACPR;Prêts aux Administrations publiques dans le portefeuille de négociation;Prêts aux Administrations publiques dans le portefeuille de négociation;LOANS_PTF_NEGO;A;BQ;_Z;222;_Z;RISQUES;TOP6_AUT_GROUPES;APU;PHNC;EUR;2;9;N;P1Y;ACPR;E;F;A
ACPR.A.BQ.RISQUES.CRED_CLIENT.34._Z.MENAGES_ENF.PHNC._Z.TOP6_AUT_GROUPES;2016;2016-01-01;2016-12-31;2876,71;2025-03-18T17:10:26+00:00;ACPR;Crédits nets  aux entreprises non financières et aux ménages;Crédits nets  aux entreprises non financières et aux ménages;CRED_CLIENT;A;BQ;_Z;34;_Z;RISQUES;TOP6_AUT_GROUPES;MENAGES_ENF;PHNC;EUR;2;9;N;P1Y;ACPR;E;F;A
ACPR.A.BQ.RISQUES.CREDITS_BRUTS.39._Z.NACE_I.PHNC._Z.TOP6_AUT_GROUPES;2016;2016-01-01;2016-12-31;29,63;2025-03-18T17:10:27+00:00;ACPR;Crédits bruts aux entreprises du secteur de l'hébergement et restauration;Crédits bruts aux entreprises du secteur de l'hébergement et restauration;CREDITS_BRUTS;A;BQ;_Z;39;_Z;RISQUES;TOP6_AUT_GROUPES;NACE_I;PHNC;EUR;2;9;N;P1Y;ACPR;E;F;A
ACPR.A.BQ.RISQUES.DT_PL_PTF_NEGO.58._Z.EC.PHNC._Z.TOP6_AUT_GROUPES;2016;2016-01-01;2016-12-31;125,0;2025-03-18T17:10:27+00:00;ACPR;Dépôts et titres des établissements de crédit donnés en pension livrée du portefeuille de négociation;Dépôts et titres des établissements de crédit donnés en pension livrée du portefeuille de négociation;DT_PL_PTF_NEGO;A;BQ;_Z;58;_Z;RISQUES;TOP6_AUT_GROUPES;EC;PHNC;EUR;2;9;N;P1Y;ACPR;E;F;A
ACPR.A.BQ.RISQUES.GB_FIN_NEGO_PASSIF_9852.190._Z._Z.PHNC._Z.TOP6_AUT_GROUPES;2016;2016-01-01;2016-12-31;47,5;2025-03-18T17:10:28+00:00;ACPR;Autres passifs financiers dans le portefeuille de négociation coté passif;Autres passifs financiers dans le portefeuille de négociation coté passif;GB_FIN_NEGO_PASSIF_9852;A;BQ;_Z;190;_Z;RISQUES;TOP6_AUT_GROUPES;_Z;PHNC;EUR;2;9;N;P1Y;ACPR;E;F;A
ACPR.A.BQ.RISQUES.TX_NPL.569._Z.NACE_D.PHNC._Z.TOP6_AUT_GROUPES;2016;2016-01-01;2016-12-31;3,64;2025-03-18T17:10:28+00:00;ACPR;Taux de prêts non performants du secteur de l'électricité, gaz, vapeur et air conditionné;Taux de prêts non performants du secteur de l'électricité, gaz, vapeur et air conditionné;TX_NPL;A;BQ;_Z;569;_Z;RISQUES;TOP6_AUT_GROUPES;NACE_D;PHNC;PC;2;0;N;P1Y;ACPR;E;F;A
ACPR.A.BQ.RISQUES.TX_NPL_APRES_PROV.570._Z.MENAGES_ENF.PHNC._Z.TOP6_AUT_GROUPES;2016;2016-01-01;2016-12-31;2,33;2025-03-18T17:10:29+00:00;ACPR;Poids des prêts non performants nets des provisions aux ménages et aux entreprises non financières;Poids des prêts non performants nets des provisions aux ménages et aux entreprises non financières;TX_NPL_APRES_PROV;A;BQ;_Z;570;_Z;RISQUES;TOP6_AUT_GROUPES;MENAGES_ENF;PHNC;PC;2;0;N;P1Y;ACPR;E;F;A
ACPR.A.BQ.RISQUES.DT_PL_PTF_NEGO.58._Z.APU.PHNC._Z.TOP6_AUT_GROUPES;2016;2016-01-01;2016-12-31;16,7;2025-03-18T17:10:27+00:00;ACPR;Dépôts et titres des Administrations Publiques donnés en pension livrée du portefeuille de négociation;Dépôts et titres des Administrations Publiques donnés en pension livrée du portefeuille de négociation;DT_PL_PTF_NEGO;A;BQ;_Z;58;_Z;RISQUES;TOP6_AUT_GROUPES;APU;PHNC;EUR;2;9;N;P1Y;ACPR;E;F;A
ACPR.A.BQ.RISQUES.DERIV_PASSIF_GRE_GRE.49._Z.AUTRES.PHNC._Z.TOP6_AUT_GROUPES;2016;2016-01-01;2016-12-31;92,75;2025-03-18T17:10:27+00:00;ACPR;Montant au passif de dérivés de gré à gré avec autres contreparties;Passif de dérivés de gré à gré avec autres contreparties;DERIV_PASSIF_GRE_GRE;A;BQ;_Z;49;_Z;RISQUES;TOP6_AUT_GROUPES;AUTRES;PHNC;EUR;2;9;N;P1Y;ACPR;E;F;A
ACPR.A.BQ.RISQUES.INDICATEUR9913.582._Z._Z.PHNC._Z.TOP6_AUT_GROUPES;2016;2016-01-01;2016-12-31;426,41;2025-03-18T17:10:28+00:00;ACPR;Value at Risk à 1 jour;Value at Risk à 1 jour;INDICATEUR9913;A;BQ;_Z;582;_Z;RISQUES;TOP6_AUT_GROUPES;_Z;PHNC;EUR;2;6;N;P1Y;ACPR;E;F;A
ACPR.A.BQ.RISQUES.CRED_CLIENT.34.ES.ENF.PHNC._Z.TOP6_AUT_GROUPES;2016;2016-01-01;2016-12-31;22,18;2025-03-18T17:10:27+00:00;ACPR;Crédits aux entreprises non financières - Espagne;Crédits aux entreprises non financières - Espagne;CRED_CLIENT;A;BQ;_Z;34;ES;RISQUES;TOP6_AUT_GROUPES;ENF;PHNC;EUR;2;9;N;P1Y;ACPR;E;F;A
ACPR.A.BQ.RISQUES.DERIV_ACTIF_ORGA.46._Z._Z.PHNC._Z.TOP6_AUT_GROUPES;2016;2016-01-01;2016-12-31;45,39;2025-03-18T17:10:27+00:00;ACPR;Montant à l'actif de dérivés sur marchés organisés;Dérivés sur marchés organisés (Actif);DERIV_ACTIF_ORGA;A;BQ;_Z;46;_Z;RISQUES;TOP6_AUT_GROUPES;_Z;PHNC;EUR;2;9;N;P1Y;ACPR;E;F;A
ACPR.A.BQ.RISQUES.TX_PROV_NPL.573._Z.ENF.PHNC._Z.TOP6_AUT_GROUPES;2016;2016-01-01;2016-12-31;3,09;2025-03-18T17:10:29+00:00;ACPR;Poids des provisions des prêts non performants aux entreprises non financières;Poids des provisions des prêts non performants aux entreprises non financières;TX_PROV_NPL;A;BQ;_Z;573;_Z;RISQUES;TOP6_AUT_GROUPES;ENF;PHNC;PC;2;0;N;P1Y;ACPR;E;F;A
ACPR.A.BQ.RISQUES.CRED_CLIENT.34._Z.NACE_E.PHNC._Z.TOP6_AUT_GROUPES;2016;2016-01-01;2016-12-31;10,17;2025-03-18T17:10:26+00:00;ACPR;Crédits au secteur de la production et distribution d'eau;Crédits au secteur de la production et distribution d'eau;CRED_CLIENT;A;BQ;_Z;34;_Z;RISQUES;TOP6_AUT_GROUPES;NACE_E;PHNC;EUR;2;9;N;P1Y;ACPR;E;F;A
ACPR.A.BQ.RISQUES.GB_FIN_NEGO_PASSIF_9851.189._Z._Z.PHNC._Z.TOP6_AUT_GROUPES;2016;2016-01-01;2016-12-31;188,1;2025-03-18T17:10:28+00:00;ACPR;Titres de créances émis dans le portefeuille de négociation coté passif;Titres de créances émis dans le portefeuille de négociation coté passif;GB_FIN_NEGO_PASSIF_9851;A;BQ;_Z;189;_Z;RISQUES;TOP6_AUT_GROUPES;_Z;PHNC;EUR;2;9;N;P1Y;ACPR;E;F;A
ACPR.A.BQ.RISQUES.CRED_CLIENT.34._Z.NACE_F.PHNC._Z.TOP6_AUT_GROUPES;2016;2016-01-01;2016-12-31;60,61;2025-03-18T17:10:26+00:00;ACPR;Crédits au secteur de la construction;Crédits au secteur de la construction;CRED_CLIENT;A;BQ;_Z;34;_Z;RISQUES;TOP6_AUT_GROUPES;NACE_F;PHNC;EUR;2;9;N;P1Y;ACPR;E;F;A
ACPR.A.BQ.RISQUES.CRED_CLIENT.34.US.ENF.PHNC._Z.TOP6_AUT_GROUPES;2016;2016-01-01;2016-12-31;91,72;2025-03-18T17:10:27+00:00;ACPR;Crédits aux entreprises non financières - États-Unis;Crédits aux entreprises non financières - États-Unis;CRED_CLIENT;A;BQ;_Z;34;US;RISQUES;TOP6_AUT_GROUPES;ENF;PHNC;EUR;2;9;N;P1Y;ACPR;E;F;A
ACPR.A.BQ.RISQUES.CREDITS_BRUTS.39._Z.NACE_Q.PHNC._Z.TOP6_AUT_GROUPES;2016;2016-01-01;2016-12-31;25,45;2025-03-18T17:10:27+00:00;ACPR;Crédits bruts aux entreprises du secteur de la santé humaine et action sociale;Crédits bruts aux entreprises du secteur de la santé humaine et action sociale;CREDITS_BRUTS;A;BQ;_Z;39;_Z;RISQUES;TOP6_AUT_GROUPES;NACE_Q;PHNC;EUR;2;9;N;P1Y;ACPR;E;F;A
ACPR.A.BQ.RISQUES.CRED_CLIENT.34._Z.BC.PHNC._Z.TOP6_AUT_GROUPES;2016;2016-01-01;2016-12-31;493,63;2025-03-18T17:10:26+00:00;ACPR;Banques Centrales (crédits nets);Banques Centrales (crédits nets);CRED_CLIENT;A;BQ;_Z;34;_Z;RISQUES;TOP6_AUT_GROUPES;BC;PHNC;EUR;2;9;N;P1Y;ACPR;E;F;A
ACPR.A.BQ.RISQUES.CRED_CLIENT.34._Z.NACE_C.PHNC._Z.TOP6_AUT_GROUPES;2016;2016-01-01;2016-12-31;174,05;2025-03-18T17:10:26+00:00;ACPR;Crédits au secteur des industrie manufacturière;Crédits au secteur des industrie manufacturière;CRED_CLIENT;A;BQ;_Z;34;_Z;RISQUES;TOP6_AUT_GROUPES;NACE_C;PHNC;EUR;2;9;N;P1Y;ACPR;E;F;A
ACPR.A.BQ.RISQUES.CRED_CLIENT.34._Z.NACE_S.PHNC._Z.TOP6_AUT_GROUPES;2016;2016-01-01;2016-12-31;123,93;2025-03-18T17:10:27+00:00;ACPR;Crédits au secteur des autres activités de services;Crédits au secteur des autres activités de services;CRED_CLIENT;A;BQ;_Z;34;_Z;RISQUES;TOP6_AUT_GROUPES;NACE_S;PHNC;EUR;2;9;N;P1Y;ACPR;E;F;A
ACPR.A.BQ.RISQUES.TB_FIN_NEGO_DERIVES9926.476._Z._Z.PHNC._Z.TOP6_AUT_GROUPES;2016;2016-01-01;2016-12-31;202,49;2025-03-18T17:10:28+00:00;ACPR;Montant à l'actif de dérivés sur change et or;Montant à l'actif de dérivés sur change et or;TB_FIN_NEGO_DERIVES9926;A;BQ;_Z;476;_Z;RISQUES;TOP6_AUT_GROUPES;_Z;PHNC;EUR;2;9;N;P1Y;ACPR;E;F;A
ACPR.A.BQ.RISQUES.CREDITS_BRUTS.39._Z.NACE_D.PHNC._Z.TOP6_AUT_GROUPES;2016;2016-01-01;2016-12-31;65,13;2025-03-18T17:10:27+00:00;ACPR;Crédits bruts aux entreprises du secteur de l'électricité, gaz, vapeur et air conditionné;Crédits bruts aux entreprises du secteur de l'électricité, gaz, vapeur et air conditionné;CREDITS_BRUTS;A;BQ;_Z;39;_Z;RISQUES;TOP6_AUT_GROUPES;NACE_D;PHNC;EUR;2;9;N;P1Y;ACPR;E;F;A
ACPR.A.BQ.RISQUES.DT_PL_PTF_NEGO.58._Z.MENAGES.PHNC._Z.TOP6_AUT_GROUPES;2016;2016-01-01;2016-12-31;0,0;2025-03-18T17:10:28+00:00;ACPR;Dépôts et titres des Ménages donnés en pension livrée du portefeuille de négociation;Dépôts et titres des Ménages donnés en pension livrée du portefeuille de négociation;DT_PL_PTF_NEGO;A;BQ;_Z;58;_Z;RISQUES;TOP6_AUT_GROUPES;MENAGES;PHNC;EUR;2;9;N;P1Y;ACPR;E;F;A
ACPR.A.BQ.RISQUES.TX_NPL.569.NL.MENAGES_ENF.PHNC._Z.TOP6_AUT_GROUPES;2016;2016-01-01;2016-12-31;0,0;2025-03-18T17:10:29+00:00;ACPR;Taux de prêts non performants aux Pays-Bas;Taux de prêts non performants aux Pays-Bas;TX_NPL;A;BQ;_Z;569;NL;RISQUES;TOP6_AUT_GROUPES;MENAGES_ENF;PHNC;PC;2;0;N;P1Y;ACPR;E;F;A
ACPR.A.BQ.RISQUES.LOANS_PTF_NEGO.222._Z.BC.PHNC._Z.TOP6_AUT_GROUPES;2016;2016-01-01;2016-12-31;14,4;2025-03-18T17:10:28+00:00;ACPR;Prêts aux Banques centrales dans le portefeuille de négociation;Prêts aux Banques centrales dans le portefeuille de négociation;LOANS_PTF_NEGO;A;BQ;_Z;222;_Z;RISQUES;TOP6_AUT_GROUPES;BC;PHNC;EUR;2;9;N;P1Y;ACPR;E;F;A
ACPR.A.BQ.RISQUES.TB_FIN_NEGO_DERIVES9918.585._Z._Z.PHNC._Z._Z;2016;2016-01-01;2016-12-31;3762,53;2025-09-17T10:00:30+00:00;ACPR;Montants notionnels de dérivés sur actions;Montants notionnels de dérivés sur actions;TB_FIN_NEGO_DERIVES9918;A;BQ;_Z;585;_Z;RISQUES;_Z;_Z;PHNC;EUR;2;9;N;P1Y;ACPR;E;F;A
ACPR.A.BQ.RISQUES.TX_PROV.572._Z.NACE_Q.PHNC._Z.TOP6_AUT_GROUPES;2016;2016-01-01;2016-12-31;48,12;2025-03-18T17:10:29+00:00;ACPR;Taux de provisionnement du secteur de la santé humaine et action sociale;Taux de provisionnement du secteur de la santé humaine et action sociale;TX_PROV;A;BQ;_Z;572;_Z;RISQUES;TOP6_AUT_GROUPES;NACE_Q;PHNC;PC;2;0;N;P1Y;ACPR;E;F;A
ACPR.A.BQ.RISQUES.GB_FIN_NEGO_ACTIF_9844.180._Z._Z.PHNC._Z.TOP6_AUT_GROUPES;2016;2016-01-01;2016-12-31;779,05;2025-03-18T17:10:28+00:00;ACPR;Dérivés dans le portefeuille de négociation coté actif;Dérivés dans le portefeuille de négociation coté actif;GB_FIN_NEGO_ACTIF_9844;A;BQ;_Z;180;_Z;RISQUES;TOP6_AUT_GROUPES;_Z;PHNC;EUR;2;9;N;P1Y;ACPR;E;F;A
ACPR.A.BQ.RISQUES.GB_FIN_NEGO_PASSIF_9850.188._Z._Z.PHNC._Z.TOP6_AUT_GROUPES;2016;2016-01-01;2016-12-31;411,6;2025-03-18T17:10:28+00:00;ACPR;Dépôts yc les opérations de pensions livrés sur titres dans le portefeuille de négociation coté passif;Dépôts yc les opérations de pensions livrés sur titres dans le portefeuille de négociation coté passif;GB_FIN_NEGO_PASSIF_9850;A;BQ;_Z;188;_Z;RISQUES;TOP6_AUT_GROUPES;_Z;PHNC;EUR;2;9;N;P1Y;ACPR;E;F;A
ACPR.A.BQ.RISQUES.TB_FIN_NEGO_DERIVE_CREDIT10019.471._Z._Z.PHNC._Z.TOP6_AUT_GROUPES;2016;2016-01-01;2016-12-31;1,3;2025-03-18T17:10:28+00:00;ACPR;Autres dérivés de crédit à l'actif;Autres dérivés de crédit à l'actif;TB_FIN_NEGO_DERIVE_CREDIT10019;A;BQ;_Z;471;_Z;RISQUES;TOP6_AUT_GROUPES;_Z;PHNC;EUR;2;9;N;P1Y;ACPR;E;F;A
ACPR.A.BQ.RISQUES.TB_FIN_NEGO_VENTE_OPTION9992.502._Z._Z.PHNC._Z.TOP6_AUT_GROUPES;2016;2016-01-01;2016-12-31;2667,07;2025-03-18T17:10:28+00:00;ACPR;Options achats et ventes sur Change et or;Options achats et ventes sur Change et or;TB_FIN_NEGO_VENTE_OPTION9992;A;BQ;_Z;502;_Z;RISQUES;TOP6_AUT_GROUPES;_Z;PHNC;EUR;2;9;N;P1Y;ACPR;E;F;A
ACPR.A.BQ.RISQUES.TX_NPL.569._Z.NACE_G.PHNC._Z.TOP6_AUT_GROUPES;2016;2016-01-01;2016-12-31;5,94;2025-03-18T17:10:28+00:00;ACPR;Taux de prêts non performants du secteur du commerce;Taux de prêts non performants du secteur du commerce;TX_NPL;A;BQ;_Z;569;_Z;RISQUES;TOP6_AUT_GROUPES;NACE_G;PHNC;PC;2;0;N;P1Y;ACPR;E;F;A
ACPR.A.BQ.RISQUES.TX_NPL.569._Z.NACE_N.PHNC._Z.TOP6_AUT_GROUPES;2016;2016-01-01;2016-12-31;3,46;2025-03-18T17:10:29+00:00;ACPR;Taux de prêts non performants du secteur de l'activité de services administratifs et de soutien;Taux de prêts non performants du secteur de l'activité de services administratifs et de soutien;TX_NPL;A;BQ;_Z;569;_Z;RISQUES;TOP6_AUT_GROUPES;NACE_N;PHNC;PC;2;0;N;P1Y;ACPR;E;F;A
ACPR.A.BQ.RISQUES.TX_PROV.572._Z.NACE_K.PHNC._Z.TOP6_AUT_GROUPES;2016;2016-01-01;2016-12-31;0,0;2025-03-18T17:10:29+00:00;ACPR;Taux de provisionnement du secteur des activité financières et d'assurance;Taux de provisionnement du secteur des activité financières et d'assurance;TX_PROV;A;BQ;_Z;572;_Z;RISQUES;TOP6_AUT_GROUPES;NACE_K;PHNC;PC;2;0;N;P1Y;ACPR;E;F;A
ACPR.A.BQ.RISQUES.TB_FIN_NEGO_DERIVES9919.493._Z._Z.PHNC._Z._Z;2016;2016-01-01;2016-12-31;14277,56;2025-09-17T10:00:30+00:00;ACPR;Montants notionnels de dérivés sur change et or;Montants notionnels de dérivés sur change et or;TB_FIN_NEGO_DERIVES9919;A;BQ;_Z;493;_Z;RISQUES;_Z;_Z;PHNC;EUR;2;9;N;P1Y;ACPR;E;F;A
ACPR.A.BQ.RISQUES.DERIV_PASSIF_GRE_GRE.49._Z._Z.PHNC._Z.TOP6_AUT_GROUPES;2016;2016-01-01;2016-12-31;741,57;2025-03-18T17:10:27+00:00;ACPR;Montant au passif de dérivés de gré à gré;Passif de dérivés de gré à gré;DERIV_PASSIF_GRE_GRE;A;BQ;_Z;49;_Z;RISQUES;TOP6_AUT_GROUPES;_Z;PHNC;EUR;2;9;N;P1Y;ACPR;E;F;A
ACPR.A.BQ.RISQUES.TB_FIN_NEGO_DERIVES9925.475._Z._Z.PHNC._Z.TOP6_AUT_GROUPES;2016;2016-01-01;2016-12-31;64,92;2025-03-18T17:10:28+00:00;ACPR;Montant à l'actif de dérivés sur actions;Montant à l'actif de dérivés sur actions;TB_FIN_NEGO_DERIVES9925;A;BQ;_Z;475;_Z;RISQUES;TOP6_AUT_GROUPES;_Z;PHNC;EUR;2;9;N;P1Y;ACPR;E;F;A
ACPR.A.BQ.RISQUES.DERIV_PASSIF_GRE_GRE.49._Z.EF.PHNC._Z.TOP6_AUT_GROUPES;2016;2016-01-01;2016-12-31;167,08;2025-03-18T17:10:27+00:00;ACPR;Montant au passif de dérivés de gré à gré avec autres entreprises financières;Passif de dérivés de gré à gré avec autres entreprises financières;DERIV_PASSIF_GRE_GRE;A;BQ;_Z;49;_Z;RISQUES;TOP6_AUT_GROUPES;EF;PHNC;EUR;2;9;N;P1Y;ACPR;E;F;A
ACPR.A.BQ.RISQUES.TX_NPL.569.CH.MENAGES_ENF.PHNC._Z.TOP6_AUT_GROUPES;2016;2016-01-01;2016-12-31;0,0;2025-03-18T17:10:29+00:00;ACPR;Taux de prêts non performants en Suisse;Taux de prêts non performants en Suisse;TX_NPL;A;BQ;_Z;569;CH;RISQUES;TOP6_AUT_GROUPES;MENAGES_ENF;PHNC;PC;2;0;N;P1Y;ACPR;E;F;A
ACPR.A.BQ.RISQUES.TB_FIN_NEGO_PART_OPTION9964.490._Z._Z.PHNC._Z.TOP6_AUT_GROUPES;2016;2016-01-01;2016-12-31;62,55;2025-03-18T17:10:28+00:00;ACPR;Options de gré à gré sur Change et or (somme actif et passif);Options de gré à gré sur Change et or (somme actif et passif);TB_FIN_NEGO_PART_OPTION9964;A;BQ;_Z;490;_Z;RISQUES;TOP6_AUT_GROUPES;_Z;PHNC;EUR;2;9;N;P1Y;ACPR;E;F;A
ACPR.A.BQ.RISQUES.TX_PROV.572._Z.NACE_J.PHNC._Z.TOP6_AUT_GROUPES;2016;2016-01-01;2016-12-31;42,32;2025-03-18T17:10:29+00:00;ACPR;Taux de provisionnement du secteur de l'information et communication;Taux de provisionnement du secteur de l'information et communication;TX_PROV;A;BQ;_Z;572;_Z;RISQUES;TOP6_AUT_GROUPES;NACE_J;PHNC;PC;2;0;N;P1Y;ACPR;E;F;A
ACPR.A.BQ.RISQUES.TB_FIN_NEGO_VENTE_OPTION9991.501._Z._Z.PHNC._Z.TOP6_AUT_GROUPES;2016;2016-01-01;2016-12-31;3158,48;2025-03-18T17:10:28+00:00;ACPR;Options achats et ventes sur Capitaux propres;Options achats et ventes sur Capitaux propres;TB_FIN_NEGO_VENTE_OPTION9991;A;BQ;_Z;501;_Z;RISQUES;TOP6_AUT_GROUPES;_Z;PHNC;EUR;2;9;N;P1Y;ACPR;E;F;A
ACPR.A.BQ.RISQUES.CRED_CLIENT.34.GB.MENAGES.PHNC._Z.TOP6_AUT_GROUPES;2016;2016-01-01;2016-12-31;13,01;2025-03-18T17:10:27+00:00;ACPR;Crédits aux ménages - Royaume-Uni;Crédits aux ménages - Royaume-Uni;CRED_CLIENT;A;BQ;_Z;34;GB;RISQUES;TOP6_AUT_GROUPES;MENAGES;PHNC;EUR;2;9;N;P1Y;ACPR;E;F;A
ACPR.A.BQ.RISQUES.CREDITS_BRUTS.39._Z.NACE_R.PHNC._Z.TOP6_AUT_GROUPES;2016;2016-01-01;2016-12-31;7,05;2025-03-18T17:10:27+00:00;ACPR;Crédits bruts aux entreprises du secteur des arts, spectacles et activités récréatives;Crédits bruts aux entreprises du secteur des arts, spectacles et activités récréatives;CREDITS_BRUTS;A;BQ;_Z;39;_Z;RISQUES;TOP6_AUT_GROUPES;NACE_R;PHNC;EUR;2;9;N;P1Y;ACPR;E;F;A
ACPR.A.BQ.RISQUES.CRED_CLIENT.34._Z.NACE_H.PHNC._Z.TOP6_AUT_GROUPES;2016;2016-01-01;2016-12-31;89,66;2025-03-18T17:10:26+00:00;ACPR;Crédits au secteur du transports et entreposage;Crédits au secteur du transports et entreposage;CRED_CLIENT;A;BQ;_Z;34;_Z;RISQUES;TOP6_AUT_GROUPES;NACE_H;PHNC;EUR;2;9;N;P1Y;ACPR;E;F;A
ACPR.A.BQ.RISQUES.CRED_CLIENT.34.BE.MENAGES.PHNC._Z.TOP6_AUT_GROUPES;2016;2016-01-01;2016-12-31;73,44;2025-03-18T17:10:27+00:00;ACPR;Crédits aux ménages - Belgique;Crédits aux ménages - Belgique;CRED_CLIENT;A;BQ;_Z;34;BE;RISQUES;TOP6_AUT_GROUPES;MENAGES;PHNC;EUR;2;9;N;P1Y;ACPR;E;F;A
ACPR.A.BQ.RISQUES.CRED_CLIENT.34.GB.ENF.PHNC._Z.TOP6_AUT_GROUPES;2016;2016-01-01;2016-12-31;33,26;2025-03-18T17:10:27+00:00;ACPR;Crédits aux entreprises non financières - Royaume-Uni;Crédits aux entreprises non financières - Royaume-Uni;CRED_CLIENT;A;BQ;_Z;34;GB;RISQUES;TOP6_AUT_GROUPES;ENF;PHNC;EUR;2;9;N;P1Y;ACPR;E;F;A
ACPR.A.BQ.RISQUES.TB_FIN_NEGO_VENTE_OPTION9993.503._Z._Z.PHNC._Z.TOP6_AUT_GROUPES;2016;2016-01-01;2016-12-31;12431,54;2025-03-18T17:10:28+00:00;ACPR;Options achats et ventes;Options achats et ventes;TB_FIN_NEGO_VENTE_OPTION9993;A;BQ;_Z;503;_Z;RISQUES;TOP6_AUT_GROUPES;_Z;PHNC;EUR;2;9;N;P1Y;ACPR;E;F;A
ACPR.A.BQ.RISQUES.GB_FIN_NEGO_ACTIF_9846.182._Z._Z.PHNC._Z.TOP6_AUT_GROUPES;2016;2016-01-01;2016-12-31;191,3;2025-03-18T17:10:28+00:00;ACPR;Titres de créances dans le portefeuille de négociation coté actif;Titres de créances dans le portefeuille de négociation coté actif;GB_FIN_NEGO_ACTIF_9846;A;BQ;_Z;182;_Z;RISQUES;TOP6_AUT_GROUPES;_Z;PHNC;EUR;2;9;N;P1Y;ACPR;E;F;A
ACPR.A.BQ.RISQUES.TB_FIN_NEGO_DERIVE_CREDIT10006.462._Z._Z.PHNC._Z.TOP6_AUT_GROUPES;2016;2016-01-01;2016-12-31;20,88;2025-03-18T17:10:28+00:00;ACPR;Achats de dérivés de crédit sur transfert de rendement (Total return swaps) En notionnel;Achats de dérivés de crédit sur transfert de rendement (Total return swaps) En notionnel;TB_FIN_NEGO_DERIVE_CREDIT10006;A;BQ;_Z;462;_Z;RISQUES;TOP6_AUT_GROUPES;_Z;PHNC;EUR;2;9;N;P1Y;ACPR;E;F;A
ACPR.A.BQ.RISQUES.TX_NPL_APRES_PROV.570._Z.MENAGES.PHNC._Z.TOP6_AUT_GROUPES;2016;2016-01-01;2016-12-31;1,98;2025-03-18T17:10:29+00:00;ACPR;Poids des prêts non performants nets des provisions aux ménages;Poids des prêts non performants nets des provisions aux ménages;TX_NPL_APRES_PROV;A;BQ;_Z;570;_Z;RISQUES;TOP6_AUT_GROUPES;MENAGES;PHNC;PC;2;0;N;P1Y;ACPR;E;F;A
ACPR.A.BQ.RISQUES.DERIV_ACTIF_GRE_GRE.45._Z.EF.PHNC._Z.TOP6_AUT_GROUPES;2016;2016-01-01;2016-12-31;141,51;2025-03-18T17:10:27+00:00;ACPR;Montant à l'actif de dérivés de gré à gré avec autres entreprises financières;Dérivés de gré à gré (Actifs) avec autres entreprises financières;DERIV_ACTIF_GRE_GRE;A;BQ;_Z;45;_Z;RISQUES;TOP6_AUT_GROUPES;EF;PHNC;EUR;2;9;N;P1Y;ACPR;E;F;A
ACPR.A.BQ.RISQUES.GB_FIN_NEGO_COURT9872.184._Z._Z.PHNC._Z.TOP6_AUT_GROUPES;2016;2016-01-01;2016-12-31;24,87;2025-03-18T17:10:28+00:00;ACPR;Positions courtes sur Instruments de capitaux propres;Positions courtes sur Instruments de capitaux propres;GB_FIN_NEGO_COURT9872;A;BQ;_Z;184;_Z;RISQUES;TOP6_AUT_GROUPES;_Z;PHNC;EUR;2;9;N;P1Y;ACPR;E;F;A
ACPR.A.BQ.RISQUES.RATIO_CREDEP.363._Z.MENAGES_ENF.PHNC._Z.TOP6_AUT_GROUPES;2016;2016-01-01;2016-12-31;113,4;2025-03-18T17:10:28+00:00;ACPR;Ratio crédits / Dépôts  aux entreprises non financières et aux ménages;Ratio crédits / Dépôts  aux entreprises non financières et aux ménages;RATIO_CREDEP;A;BQ;_Z;363;_Z;RISQUES;TOP6_AUT_GROUPES;MENAGES_ENF;PHNC;PC;2;9;N;P1Y;ACPR;E;F;A
ACPR.A.BQ.RISQUES.TB_FIN_NEGO_DERIVE_CREDIT10003.460._Z._Z.PHNC._Z.TOP6_AUT_GROUPES;2016;2016-01-01;2016-12-31;25,88;2025-03-18T17:10:28+00:00;ACPR;Achats de options sur écart de crédit (CDS) En notionnel;Achats de options sur écart de crédit (CDS) En notionnel;TB_FIN_NEGO_DERIVE_CREDIT10003;A;BQ;_Z;460;_Z;RISQUES;TOP6_AUT_GROUPES;_Z;PHNC;EUR;2;9;N;P1Y;ACPR;E;F;A
ACPR.A.BQ.RISQUES.TB_FIN_NEGO_DERIVE_CREDIT10016.468._Z._Z.PHNC._Z.TOP6_AUT_GROUPES;2016;2016-01-01;2016-12-31;0,04;2025-03-18T17:10:28+00:00;ACPR;Options sur écart de crédit (Credit spread options) au passif;Options sur écart de crédit (Credit spread options) au passif;TB_FIN_NEGO_DERIVE_CREDIT10016;A;BQ;_Z;468;_Z;RISQUES;TOP6_AUT_GROUPES;_Z;PHNC;EUR;2;9;N;P1Y;ACPR;E;F;A
ACPR.A.BQ.RISQUES.TB_FIN_NEGO_DERIVE_CREDIT10020.472._Z._Z.PHNC._Z.TOP6_AUT_GROUPES;2016;2016-01-01;2016-12-31;1,06;2025-03-18T17:10:28+00:00;ACPR;Autres dérivés de crédit au passif;Autres dérivés de crédit au passif;TB_FIN_NEGO_DERIVE_CREDIT10020;A;BQ;_Z;472;_Z;RISQUES;TOP6_AUT_GROUPES;_Z;PHNC;EUR;2;9;N;P1Y;ACPR;E;F;A
ACPR.A.BQ.RISQUES.TB_FIN_NEGO_DERIVE_CREDIT9999.473._Z._Z.PHNC._Z.TOP6_AUT_GROUPES;2016;2016-01-01;2016-12-31;721,92;2025-03-18T17:10:28+00:00;ACPR;Vente de contrats d'échange de risque de crédit (CDS) En notionnel;Vente de contrats d'échange de risque de crédit (CDS) En notionnel;TB_FIN_NEGO_DERIVE_CREDIT9999;A;BQ;_Z;473;_Z;RISQUES;TOP6_AUT_GROUPES;_Z;PHNC;EUR;2;9;N;P1Y;ACPR;E;F;A
ACPR.A.BQ.RISQUES.TB_FIN_NEGO_VENTE_OPTION9983.499._Z._Z.PHNC._Z.TOP6_AUT_GROUPES;2016;2016-01-01;2016-12-31;6889,91;2025-03-18T17:10:28+00:00;ACPR;Ventes d'options;Ventes d'options;TB_FIN_NEGO_VENTE_OPTION9983;A;BQ;_Z;499;_Z;RISQUES;TOP6_AUT_GROUPES;_Z;PHNC;EUR;2;9;N;P1Y;ACPR;E;F;A
ACPR.A.BQ.RISQUES.TX_PROV.572._Z.NACE_B.PHNC._Z.TOP6_AUT_GROUPES;2016;2016-01-01;2016-12-31;42,77;2025-03-18T17:10:29+00:00;ACPR;Taux de provisionnement du secteur des industries extractives;Taux de provisionnement du secteur des industries extractives;TX_PROV;A;BQ;_Z;572;_Z;RISQUES;TOP6_AUT_GROUPES;NACE_B;PHNC;PC;2;0;N;P1Y;ACPR;E;F;A
ACPR.A.BQ.RISQUES.CRED_CLIENT.34._Z.NACE_B.PHNC._Z.TOP6_AUT_GROUPES;2016;2016-01-01;2016-12-31;34,45;2025-03-18T17:10:26+00:00;ACPR;Crédits au secteur des industries extractives;Crédits au secteur des industries extractives;CRED_CLIENT;A;BQ;_Z;34;_Z;RISQUES;TOP6_AUT_GROUPES;NACE_B;PHNC;EUR;2;9;N;P1Y;ACPR;E;F;A
ACPR.A.BQ.RISQUES.TX_PROV_NPL.573._Z.GE.PHNC._Z.TOP6_AUT_GROUPES;2016;2016-01-01;2016-12-31;2,54;2025-03-18T17:10:29+00:00;ACPR;Poids des provisions des prêts non performants aux grandes entreprises;Poids des provisions des prêts non performants aux grandes entreprises;TX_PROV_NPL;A;BQ;_Z;573;_Z;RISQUES;TOP6_AUT_GROUPES;GE;PHNC;PC;2;0;N;P1Y;ACPR;E;F;A
ACPR.A.BQ.RISQUES.ACT_PTF_NEGO.3._Z._Z.PHNC._Z.TOP6_AUT_GROUPES;2016;2016-01-01;2016-12-31;163,37;2025-03-18T17:10:26+00:00;ACPR;Instruments de capitaux propres dans le portefeuille de négociation;Instruments de capitaux propres dans le portefeuille de négociation;ACT_PTF_NEGO;A;BQ;_Z;3;_Z;RISQUES;TOP6_AUT_GROUPES;_Z;PHNC;EUR;2;9;N;P1Y;ACPR;E;F;A
ACPR.A.BQ.RISQUES.TX_PROV_NPL.573._Z.PME.PHNC._Z.TOP6_AUT_GROUPES;2016;2016-01-01;2016-12-31;4,41;2025-03-18T17:10:29+00:00;ACPR;Poids des provisions des prêts non performants aux PME;Poids des provisions des prêts non performants aux PME;TX_PROV_NPL;A;BQ;_Z;573;_Z;RISQUES;TOP6_AUT_GROUPES;PME;PHNC;PC;2;0;N;P1Y;ACPR;E;F;A
ACPR.A.BQ.RISQUES.TB_FIN_NEGO_VENTE_OPTION9990.500._Z._Z.PHNC._Z.TOP6_AUT_GROUPES;2016;2016-01-01;2016-12-31;6605,99;2025-03-18T17:10:28+00:00;ACPR;Options achats et ventes sur Taux d'intérêt;Options achats et ventes sur Taux d'intérêt;TB_FIN_NEGO_VENTE_OPTION9990;A;BQ;_Z;500;_Z;RISQUES;TOP6_AUT_GROUPES;_Z;PHNC;EUR;2;9;N;P1Y;ACPR;E;F;A
ACPR.A.BQ.RISQUES.CRED_CLIENT.34._Z.APU.PHNC._Z.TOP6_AUT_GROUPES;2016;2016-01-01;2016-12-31;440,33;2025-03-18T17:10:26+00:00;ACPR;Administrations publiques (crédits nets);Administrations publiques (crédits nets);CRED_CLIENT;A;BQ;_Z;34;_Z;RISQUES;TOP6_AUT_GROUPES;APU;PHNC;EUR;2;9;N;P1Y;ACPR;E;F;A
ACPR.A.BQ.RISQUES.CRED_CLIENT.34._Z.NACE_A.PHNC._Z.TOP6_AUT_GROUPES;2016;2016-01-01;2016-12-31;53,66;2025-03-18T17:10:26+00:00;ACPR;Crédits au secteur de l'agriculture, sylviculture et pêche;Crédits au secteur de l'agriculture, sylviculture et pêche;CRED_CLIENT;A;BQ;_Z;34;_Z;RISQUES;TOP6_AUT_GROUPES;NACE_A;PHNC;EUR;2;9;N;P1Y;ACPR;E;F;A
ACPR.A.BQ.RISQUES.CRED_CLIENT.34._Z.NACE_G.PHNC._Z.TOP6_AUT_GROUPES;2016;2016-01-01;2016-12-31;176,6;2025-03-18T17:10:26+00:00;ACPR;Crédits au secteur du commerce;Crédits au secteur du commerce;CRED_CLIENT;A;BQ;_Z;34;_Z;RISQUES;TOP6_AUT_GROUPES;NACE_G;PHNC;EUR;2;9;N;P1Y;ACPR;E;F;A
ACPR.A.BQ.RISQUES.CRED_CLIENT.34.US.MENAGES.PHNC._Z.TOP6_AUT_GROUPES;2016;2016-01-01;2016-12-31;30,19;2025-03-18T17:10:27+00:00;ACPR;Crédits aux ménages - États-Unis;Crédits aux ménages - États-Unis;CRED_CLIENT;A;BQ;_Z;34;US;RISQUES;TOP6_AUT_GROUPES;MENAGES;PHNC;EUR;2;9;N;P1Y;ACPR;E;F;A
ACPR.A.BQ.RISQUES.CREDITS_BRUTS.39._Z.NACE_H.PHNC._Z.TOP6_AUT_GROUPES;2016;2016-01-01;2016-12-31;89,66;2025-03-18T17:10:27+00:00;ACPR;Crédits bruts aux entreprises du secteur du transports et entreposage;Crédits bruts aux entreprises du secteur du transports et entreposage;CREDITS_BRUTS;A;BQ;_Z;39;_Z;RISQUES;TOP6_AUT_GROUPES;NACE_H;PHNC;EUR;2;9;N;P1Y;ACPR;E;F;A
ACPR.A.BQ.RISQUES.TX_PROV.572._Z.NACE_M.PHNC._Z.TOP6_AUT_GROUPES;2016;2016-01-01;2016-12-31;66,91;2025-03-18T17:10:29+00:00;ACPR;Taux de provisionnement du secteur des activités spécialisées, scientifiques et techniques;Taux de provisionnement du secteur des activités spécialisées, scientifiques et techniques;TX_PROV;A;BQ;_Z;572;_Z;RISQUES;TOP6_AUT_GROUPES;NACE_M;PHNC;PC;2;0;N;P1Y;ACPR;E;F;A
ACPR.A.BQ.RISQUES.TX_PROV.572._Z.NACE_O.PHNC._Z.TOP6_AUT_GROUPES;2016;2016-01-01;2016-12-31;74,45;2025-03-18T17:10:29+00:00;ACPR;Taux de provisionnement du secteur de l'administration publique;Taux de provisionnement du secteur de l'administration publique;TX_PROV;A;BQ;_Z;572;_Z;RISQUES;TOP6_AUT_GROUPES;NACE_O;PHNC;PC;2;0;N;P1Y;ACPR;E;F;A
ACPR.A.BQ.RISQUES.LOANS_PTF_NEGO.222._Z.MENAGES.PHNC._Z.TOP6_AUT_GROUPES;2016;2016-01-01;2016-12-31;0,07;2025-03-18T17:10:28+00:00;ACPR;Prêts aux Ménages dans le portefeuille de négociation;Prêts aux Ménages dans le portefeuille de négociation;LOANS_PTF_NEGO;A;BQ;_Z;222;_Z;RISQUES;TOP6_AUT_GROUPES;MENAGES;PHNC;EUR;2;9;N;P1Y;ACPR;E;F;A
ACPR.A.BQ.RISQUES.TX_NPL.569.PL.MENAGES_ENF.PHNC._Z.TOP6_AUT_GROUPES;2016;2016-01-01;2016-12-31;0,0;2025-03-18T17:10:29+00:00;ACPR;Taux de prêts non performants en Pologne;Taux de prêts non performants en Pologne;TX_NPL;A;BQ;_Z;569;PL;RISQUES;TOP6_AUT_GROUPES;MENAGES_ENF;PHNC;PC;2;0;N;P1Y;ACPR;E;F;A
ACPR.A.BQ.RISQUES.LOANS_PTF_NEGO.222._Z.ENF.PHNC._Z.TOP6_AUT_GROUPES;2016;2016-01-01;2016-12-31;35,11;2025-03-18T17:10:28+00:00;ACPR;Prêts aux Entreprises non financières dans le portefeuille de négociation;Prêts aux Entreprises non financières dans le portefeuille de négociation;LOANS_PTF_NEGO;A;BQ;_Z;222;_Z;RISQUES;TOP6_AUT_GROUPES;ENF;PHNC;EUR;2;9;N;P1Y;ACPR;E;F;A
ACPR.A.BQ.RISQUES.OBLIG_PTF_NEGO.238._Z.EF.PHNC._Z.TOP6_AUT_GROUPES;2016;2016-01-01;2016-12-31;14,64;2025-03-18T17:10:28+00:00;ACPR;Titre de créances émis par les autres entreprises financières dans le portefeuille de négociation;Titre de créances émis par les autres entreprises financières dans le portefeuille de négociation;OBLIG_PTF_NEGO;A;BQ;_Z;238;_Z;RISQUES;TOP6_AUT_GROUPES;EF;PHNC;EUR;2;9;N;P1Y;ACPR;E;F;A
ACPR.A.BQ.RISQUES.TB_FIN_NEGO_DERIVES9934.482._Z._Z.PHNC._Z.TOP6_AUT_GROUPES;2016;2016-01-01;2016-12-31;198,67;2025-03-18T17:10:28+00:00;ACPR;Montant au passif de dérivés sur change et or;Montant au passif de dérivés sur change et or;TB_FIN_NEGO_DERIVES9934;A;BQ;_Z;482;_Z;RISQUES;TOP6_AUT_GROUPES;_Z;PHNC;EUR;2;9;N;P1Y;ACPR;E;F;A
ACPR.A.BQ.RISQUES.TB_FIN_NEGO_PART_OPTION9958.488._Z._Z.PHNC._Z.TOP6_AUT_GROUPES;2016;2016-01-01;2016-12-31;244,2;2025-03-18T17:10:28+00:00;ACPR;Options de gré à gré sur Taux d'intérêt (somme actif et passif);Options de gré à gré sur Taux d'intérêt (somme actif et passif);TB_FIN_NEGO_PART_OPTION9958;A;BQ;_Z;488;_Z;RISQUES;TOP6_AUT_GROUPES;_Z;PHNC;EUR;2;9;N;P1Y;ACPR;E;F;A
ACPR.A.BQ.RISQUES.TB_FIN_NEGO_PART_OPTION9969.495._Z._Z.PHNC._Z.TOP6_AUT_GROUPES;2016;2016-01-01;2016-12-31;389,17;2025-03-18T17:10:28+00:00;ACPR;Options de gré à gré (somme actif et passif);Options de gré à gré (somme actif et passif);TB_FIN_NEGO_PART_OPTION9969;A;BQ;_Z;495;_Z;RISQUES;TOP6_AUT_GROUPES;_Z;PHNC;EUR;2;9;N;P1Y;ACPR;E;F;A
ACPR.A.BQ.RISQUES.TB_FIN_NEGO_VENTE_OPTION9981.497._Z._Z.PHNC._Z.TOP6_AUT_GROUPES;2016;2016-01-01;2016-12-31;1740,4;2025-03-18T17:10:28+00:00;ACPR;Ventes d'options sur Capitaux propres;Ventes d'options sur Capitaux propres;TB_FIN_NEGO_VENTE_OPTION9981;A;BQ;_Z;497;_Z;RISQUES;TOP6_AUT_GROUPES;_Z;PHNC;EUR;2;9;N;P1Y;ACPR;E;F;A
ACPR.A.BQ.RISQUES.DERIV_NOTIONNEL_GRE_GRE.47._Z.AUTRES.PHNC._Z.TOP6_AUT_GROUPES;2016;2016-01-01;2016-12-31;2813,2;2025-03-18T17:10:27+00:00;ACPR;Montant notionnels de dérivés de gré à gré avec autres contreparties;Montant notionnels de dérivés de gré à gré avec autres contreparties;DERIV_NOTIONNEL_GRE_GRE;A;BQ;_Z;47;_Z;RISQUES;TOP6_AUT_GROUPES;AUTRES;PHNC;EUR;2;9;N;P1Y;ACPR;E;F;A
ACPR.A.BQ.RISQUES.CRED_CLIENT.34._Z._Z.PHNC._Z.TOP6_AUT_GROUPES;2016;2016-01-01;2016-12-31;4677,6;2025-03-18T17:10:26+00:00;ACPR;Crédits net du secteur bancaire français;Crédits net du secteur bancaire français;CRED_CLIENT;A;BQ;_Z;34;_Z;RISQUES;TOP6_AUT_GROUPES;_Z;PHNC;EUR;2;9;N;P1Y;ACPR;E;F;A
ACPR.A.BQ.RISQUES.CREDITS_BRUTS.39._Z.NACE_G.PHNC._Z.TOP6_AUT_GROUPES;2016;2016-01-01;2016-12-31;176,6;2025-03-18T17:10:27+00:00;ACPR;Crédits bruts aux entreprises du secteur du commerce;Crédits bruts aux entreprises du secteur du commerce;CREDITS_BRUTS;A;BQ;_Z;39;_Z;RISQUES;TOP6_AUT_GROUPES;NACE_G;PHNC;EUR;2;9;N;P1Y;ACPR;E;F;A
ACPR.A.BQ.RISQUES.TX_NPL.569._Z.NACE_L.PHNC._Z.TOP6_AUT_GROUPES;2016;2016-01-01;2016-12-31;5,92;2025-03-18T17:10:29+00:00;ACPR;Taux de prêts non performants du secteur des activités immobilières;Taux de prêts non performants du secteur des activités immobilières;TX_NPL;A;BQ;_Z;569;_Z;RISQUES;TOP6_AUT_GROUPES;NACE_L;PHNC;PC;2;0;N;P1Y;ACPR;E;F;A
ACPR.A.BQ.RISQUES.TB_FIN_NEGO_DERIVES_CIES9943.51._Z._Z.PHNC._Z._Z;2016;2016-01-01;2016-12-31;65233,43;2025-09-17T10:00:30+00:00;ACPR;Total des dérivés (montants notionnels);Total des dérivés (montants notionnels);TB_FIN_NEGO_DERIVES_CIES9943;A;BQ;_Z;51;_Z;RISQUES;_Z;_Z;PHNC;EUR;2;9;N;P1Y;ACPR;E;F;A
ACPR.A.BQ.RISQUES.CRED_CLIENT.34._Z.NACE_J.PHNC._Z.TOP6_AUT_GROUPES;2016;2016-01-01;2016-12-31;34,24;2025-03-18T17:10:27+00:00;ACPR;Crédits au secteur de l'information et communication;Crédits au secteur de l'information et communication;CRED_CLIENT;A;BQ;_Z;34;_Z;RISQUES;TOP6_AUT_GROUPES;NACE_J;PHNC;EUR;2;9;N;P1Y;ACPR;E;F;A
ACPR.A.BQ.RISQUES.TB_FIN_NEGO_DERIVE_CREDIT10014.466._Z._Z.PHNC._Z.TOP6_AUT_GROUPES;2016;2016-01-01;2016-12-31;15,04;2025-03-18T17:10:28+00:00;ACPR;Contrats d'échange de risque de crédit (CDS) au passif;Contrats d'échange de risque de crédit (CDS) au passif;TB_FIN_NEGO_DERIVE_CREDIT10014;A;BQ;_Z;466;_Z;RISQUES;TOP6_AUT_GROUPES;_Z;PHNC;EUR;2;9;N;P1Y;ACPR;E;F;A
ACPR.A.BQ.RISQUES.TB_FIN_NEGO_DERIVES9933.481._Z._Z.PHNC._Z.TOP6_AUT_GROUPES;2016;2016-01-01;2016-12-31;77,15;2025-03-18T17:10:28+00:00;ACPR;Montant au passif de dérivés sur actions;Montant au passif de dérivés sur actions;TB_FIN_NEGO_DERIVES9933;A;BQ;_Z;481;_Z;RISQUES;TOP6_AUT_GROUPES;_Z;PHNC;EUR;2;9;N;P1Y;ACPR;E;F;A
ACPR.A.BQ.RISQUES.TB_FIN_NEGO_PART_OPTION9961.489._Z._Z.PHNC._Z.TOP6_AUT_GROUPES;2016;2016-01-01;2016-12-31;82,42;2025-03-18T17:10:28+00:00;ACPR;Options de gré à gré sur Capitaux propres (somme actif et passif);Options de gré à gré sur Capitaux propres (somme actif et passif);TB_FIN_NEGO_PART_OPTION9961;A;BQ;_Z;489;_Z;RISQUES;TOP6_AUT_GROUPES;_Z;PHNC;EUR;2;9;N;P1Y;ACPR;E;F;A
ACPR.A.BQ.RISQUES.TX_NPL_APRES_PROV.570._Z.ENF.PHNC._Z.TOP6_AUT_GROUPES;2016;2016-01-01;2016-12-31;2,78;2025-03-18T17:10:29+00:00;ACPR;Poids des prêts non performants nets des provisions aux entreprises non financières;Poids des prêts non performants nets des provisions aux entreprises non financières;TX_NPL_APRES_PROV;A;BQ;_Z;570;_Z;RISQUES;TOP6_AUT_GROUPES;ENF;PHNC;PC;2;0;N;P1Y;ACPR;E;F;A
ACPR.A.BQ.RISQUES.DT_PL_PTF_NEGO.58._Z.EF.PHNC._Z.TOP6_AUT_GROUPES;2016;2016-01-01;2016-12-31;205,1;2025-03-18T17:10:27+00:00;ACPR;Dépôts et titres des autres entreprises financières donnés en pension livrée du portefeuille de négociation;Dépôts et titres des autres entreprises financières donnés en pension livrée du portefeuille de négociation;DT_PL_PTF_NEGO;A;BQ;_Z;58;_Z;RISQUES;TOP6_AUT_GROUPES;EF;PHNC;EUR;2;9;N;P1Y;ACPR;E;F;A
ACPR.A.BQ.RISQUES.DT_PL_PTF_NEGO.58._Z.ENF.PHNC._Z.TOP6_AUT_GROUPES;2016;2016-01-01;2016-12-31;29,1;2025-03-18T17:10:28+00:00;ACPR;Dépôts et titres des entreprises non financières donnés en pension livrée du portefeuille de négociation;Dépôts et titres des entreprises non financières donnés en pension livrée du portefeuille de négociation;DT_PL_PTF_NEGO;A;BQ;_Z;58;_Z;RISQUES;TOP6_AUT_GROUPES;ENF;PHNC;EUR;2;9;N;P1Y;ACPR;E;F;A
ACPR.A.BQ.RISQUES.OBLIG_PTF_NEGO.238._Z.ENF.PHNC._Z.TOP6_AUT_GROUPES;2016;2016-01-01;2016-12-31;21,47;2025-03-18T17:10:28+00:00;ACPR;Titre de créances émis par les entreprises non financières dans le portefeuille de négociation;Titre de créances émis par les entreprises non financières dans le portefeuille de négociation;OBLIG_PTF_NEGO;A;BQ;_Z;238;_Z;RISQUES;TOP6_AUT_GROUPES;ENF;PHNC;EUR;2;9;N;P1Y;ACPR;E;F;A
ACPR.A.BQ.RISQUES.RATIO_CREDEP.363._Z._Z.PHNC._Z.TOP6_AUT_GROUPES;2016;2016-01-01;2016-12-31;118,82;2025-03-18T17:10:28+00:00;ACPR;Ratio Crédits/Dépôts du secteur bancaire français;Ratio Crédits/Dépôts du secteur bancaire français;RATIO_CREDEP;A;BQ;_Z;363;_Z;RISQUES;TOP6_AUT_GROUPES;_Z;PHNC;PC;2;0;N;P1Y;ACPR;E;F;A
ACPR.A.BQ.RISQUES.TB_FIN_NEGO_VENTE_OPTION9982.498._Z._Z.PHNC._Z.TOP6_AUT_GROUPES;2016;2016-01-01;2016-12-31;1422,14;2025-03-18T17:10:28+00:00;ACPR;Ventes d'options sur Change et or;Ventes d'options sur Change et or;TB_FIN_NEGO_VENTE_OPTION9982;A;BQ;_Z;498;_Z;RISQUES;TOP6_AUT_GROUPES;_Z;PHNC;EUR;2;9;N;P1Y;ACPR;E;F;A
ACPR.A.BQ.RISQUES.TX_NPL.569._Z.MENAGES.PHNC._Z.TOP6_AUT_GROUPES;2016;2016-01-01;2016-12-31;4,08;2025-03-18T17:10:28+00:00;ACPR;Taux de prêts non performants aux ménages;Taux de prêts non performants aux ménages;TX_NPL;A;BQ;_Z;569;_Z;RISQUES;TOP6_AUT_GROUPES;MENAGES;PHNC;PC;2;0;N;P1Y;ACPR;E;F;A
ACPR.A.BQ.RISQUES.TX_NPL.569._Z.MENAGES_ENF.PHNC._Z.TOP6_AUT_GROUPES;2016;2016-01-01;2016-12-31;4,86;2025-03-18T17:10:28+00:00;ACPR;Taux de prêts non performants aux ménages et aux entreprises non financières;Taux de prêts non performants aux ménages et aux entreprises non financières;TX_NPL;A;BQ;_Z;569;_Z;RISQUES;TOP6_AUT_GROUPES;MENAGES_ENF;PHNC;PC;2;0;N;P1Y;ACPR;E;F;A
ACPR.A.BQ.RISQUES.TX_NPL.569._Z.NACE_O.PHNC._Z.TOP6_AUT_GROUPES;2016;2016-01-01;2016-12-31;0,8;2025-03-18T17:10:29+00:00;ACPR;Taux de prêts non performants du secteur de l'administration publique;Taux de prêts non performants du secteur de l'administration publique;TX_NPL;A;BQ;_Z;569;_Z;RISQUES;TOP6_AUT_GROUPES;NACE_O;PHNC;PC;2;0;N;P1Y;ACPR;E;F;A
ACPR.A.BQ.RISQUES.TX_PROV.572._Z.MENAGES_ENF.PHNC._Z.TOP6_AUT_GROUPES;2016;2016-01-01;2016-12-31;52,08;2025-03-18T17:10:29+00:00;ACPR;Taux de provisionnement aux ménages et aux entreprises non financières;Taux de provisionnement aux ménages et aux entreprises non financières;TX_PROV;A;BQ;_Z;572;_Z;RISQUES;TOP6_AUT_GROUPES;MENAGES_ENF;PHNC;PC;2;0;N;P1Y;ACPR;E;F;A
ACPR.A.BQ.RISQUES.CRED_CLIENT.34.FR.ENF.PHNC._Z.TOP6_AUT_GROUPES;2016;2016-01-01;2016-12-31;617,44;2025-03-18T17:10:27+00:00;ACPR;Crédits aux entreprises non financières - France;Crédits aux entreprises non financières - France;CRED_CLIENT;A;BQ;_Z;34;FR;RISQUES;TOP6_AUT_GROUPES;ENF;PHNC;EUR;2;9;N;P1Y;ACPR;E;F;A
ACPR.A.BQ.RISQUES.CRED_CLIENT.34._Z.NACE_L.PHNC._Z.TOP6_AUT_GROUPES;2016;2016-01-01;2016-12-31;252,04;2025-03-18T17:10:27+00:00;ACPR;Crédits au secteur des activités immobilières;Crédits au secteur des activités immobilières;CRED_CLIENT;A;BQ;_Z;34;_Z;RISQUES;TOP6_AUT_GROUPES;NACE_L;PHNC;EUR;2;9;N;P1Y;ACPR;E;F;A
ACPR.A.BQ.RISQUES.CRED_CLIENT.34.DE.MENAGES.PHNC._Z.TOP6_AUT_GROUPES;2016;2016-01-01;2016-12-31;43,38;2025-03-18T17:10:27+00:00;ACPR;Crédits aux ménages - Allemagne;Crédits aux ménages - Allemagne;CRED_CLIENT;A;BQ;_Z;34;DE;RISQUES;TOP6_AUT_GROUPES;MENAGES;PHNC;EUR;2;9;N;P1Y;ACPR;E;F;A
ACPR.A.BQ.RISQUES.TB_FIN_NEGO_DERIVE_CREDIT10013.465._Z._Z.PHNC._Z.TOP6_AUT_GROUPES;2016;2016-01-01;2016-12-31;14,8;2025-03-18T17:10:28+00:00;ACPR;Contrats d'échange de risque de crédit (CDS) à l'actif;Contrats d'échange de risque de crédit (CDS) à l'actif;TB_FIN_NEGO_DERIVE_CREDIT10013;A;BQ;_Z;465;_Z;RISQUES;TOP6_AUT_GROUPES;_Z;PHNC;EUR;2;9;N;P1Y;ACPR;E;F;A
ACPR.A.BQ.RISQUES.TB_FIN_NEGO_DERIVES9927.477._Z._Z.PHNC._Z.TOP6_AUT_GROUPES;2016;2016-01-01;2016-12-31;16,76;2025-03-18T17:10:28+00:00;ACPR;Montant à l'actif de dérivés sur crédit;Montant à l'actif de dérivés sur crédit;TB_FIN_NEGO_DERIVES9927;A;BQ;_Z;477;_Z;RISQUES;TOP6_AUT_GROUPES;_Z;PHNC;EUR;2;9;N;P1Y;ACPR;E;F;A
ACPR.A.BQ.RISQUES.TX_NPL.569._Z.NACE_E.PHNC._Z.TOP6_AUT_GROUPES;2016;2016-01-01;2016-12-31;5,14;2025-03-18T17:10:28+00:00;ACPR;Taux de prêts non performants du secteur de la production et distribution d'eau;Taux de prêts non performants du secteur de la production et distribution d'eau;TX_NPL;A;BQ;_Z;569;_Z;RISQUES;TOP6_AUT_GROUPES;NACE_E;PHNC;PC;2;0;N;P1Y;ACPR;E;F;A
ACPR.A.BQ.RISQUES.CREDITS_BRUTS.39._Z.NACE_C.PHNC._Z.TOP6_AUT_GROUPES;2016;2016-01-01;2016-12-31;174,05;2025-03-18T17:10:27+00:00;ACPR;Crédits bruts aux entreprises du secteur des industrie manufacturière;Crédits bruts aux entreprises du secteur des industrie manufacturière;CREDITS_BRUTS;A;BQ;_Z;39;_Z;RISQUES;TOP6_AUT_GROUPES;NACE_C;PHNC;EUR;2;9;N;P1Y;ACPR;E;F;A
ACPR.A.BQ.RISQUES.TX_PROV.572._Z.NACE_L.PHNC._Z.TOP6_AUT_GROUPES;2016;2016-01-01;2016-12-31;51,11;2025-03-18T17:10:29+00:00;ACPR;Taux de provisionnement du secteur des activités immobilières;Taux de provisionnement du secteur des activités immobilières;TX_PROV;A;BQ;_Z;572;_Z;RISQUES;TOP6_AUT_GROUPES;NACE_L;PHNC;PC;2;0;N;P1Y;ACPR;E;F;A
ACPR.A.BQ.RISQUES.CRED_CLIENT.34._Z.EC.PHNC._Z.TOP6_AUT_GROUPES;2016;2016-01-01;2016-12-31;407,31;2025-03-18T17:10:26+00:00;ACPR;Établissements de crédit (crédits nets);Établissements de crédit (crédits nets);CRED_CLIENT;A;BQ;_Z;34;_Z;RISQUES;TOP6_AUT_GROUPES;EC;PHNC;EUR;2;9;N;P1Y;ACPR;E;F;A
ACPR.A.BQ.RISQUES.CREDITS_BRUTS.39._Z.NACE_J.PHNC._Z.TOP6_AUT_GROUPES;2016;2016-01-01;2016-12-31;34,24;2025-03-18T17:10:27+00:00;ACPR;Crédits bruts aux entreprises du secteur de l'information et communication;Crédits bruts aux entreprises du secteur de l'information et communication;CREDITS_BRUTS;A;BQ;_Z;39;_Z;RISQUES;TOP6_AUT_GROUPES;NACE_J;PHNC;EUR;2;9;N;P1Y;ACPR;E;F;A
ACPR.A.BQ.RISQUES.TB_FIN_NEGO_DERIVE_CREDIT10018.470._Z._Z.PHNC._Z.TOP6_AUT_GROUPES;2016;2016-01-01;2016-12-31;0,11;2025-03-18T17:10:28+00:00;ACPR;Dérivés de crédit sur transfert de rendement (Total return swaps) au passif;Dérivés de crédit sur transfert de rendement (Total return swaps) au passif;TB_FIN_NEGO_DERIVE_CREDIT10018;A;BQ;_Z;470;_Z;RISQUES;TOP6_AUT_GROUPES;_Z;PHNC;EUR;2;9;N;P1Y;ACPR;E;F;A
ACPR.A.BQ.RISQUES.CRED_CLIENT.34._Z.NACE_K.PHNC._Z.TOP6_AUT_GROUPES;2016;2016-01-01;2016-12-31;0,0;2025-10-22T14:00:28+00:00;ACPR;Crédits au secteur de l'activité financières et d'assurance;Crédits au secteur de l'activité financières et d'assurance;CRED_CLIENT;A;BQ;_Z;34;_Z;RISQUES;TOP6_AUT_GROUPES;NACE_K;PHNC;EUR;2;9;N;P1Y;ACPR;E;F;A
ACPR.A.BQ.RISQUES.TB_FIN_NEGO_DERIVES9922.588._Z._Z.PHNC._Z._Z;2016;2016-01-01;2016-12-31;508,25;2025-09-17T10:00:30+00:00;ACPR;Montants notionnels de dérivés (autres y compris matières premières);Montants notionnels de dérivés (autres y compris matières premières);TB_FIN_NEGO_DERIVES9922;A;BQ;_Z;588;_Z;RISQUES;_Z;_Z;PHNC;EUR;2;9;N;P1Y;ACPR;E;F;A
ACPR.A.BQ.RISQUES.CRED_CLIENT.34._Z.NACE_I.PHNC._Z.TOP6_AUT_GROUPES;2016;2016-01-01;2016-12-31;29,63;2025-03-18T17:10:26+00:00;ACPR;Crédits au secteur de l'hébergement et restauration;Crédits au secteur de l'hébergement et restauration;CRED_CLIENT;A;BQ;_Z;34;_Z;RISQUES;TOP6_AUT_GROUPES;NACE_I;PHNC;EUR;2;9;N;P1Y;ACPR;E;F;A
ACPR.A.BQ.RISQUES.CRED_CLIENT.34.ES.MENAGES.PHNC._Z.TOP6_AUT_GROUPES;2016;2016-01-01;2016-12-31;17,73;2025-03-18T17:10:27+00:00;ACPR;Crédits aux ménages - Espagne;Crédits aux ménages - Espagne;CRED_CLIENT;A;BQ;_Z;34;ES;RISQUES;TOP6_AUT_GROUPES;MENAGES;PHNC;EUR;2;9;N;P1Y;ACPR;E;F;A
ACPR.A.BQ.RISQUES.CREDITS_BRUTS.39._Z.NACE_F.PHNC._Z.TOP6_AUT_GROUPES;2016;2016-01-01;2016-12-31;60,61;2025-03-18T17:10:27+00:00;ACPR;Crédits bruts aux entreprises du secteur de la construction;Crédits bruts aux entreprises du secteur de la construction;CREDITS_BRUTS;A;BQ;_Z;39;_Z;RISQUES;TOP6_AUT_GROUPES;NACE_F;PHNC;EUR;2;9;N;P1Y;ACPR;E;F;A
ACPR.A.BQ.RISQUES.CRED_CLIENT.34._Z.NACE_R.PHNC._Z.TOP6_AUT_GROUPES;2016;2016-01-01;2016-12-31;7,05;2025-03-18T17:10:27+00:00;ACPR;Crédits au secteur des arts, spectacles et activités récréatives;Crédits au secteur des arts, spectacles et activités récréatives;CRED_CLIENT;A;BQ;_Z;34;_Z;RISQUES;TOP6_AUT_GROUPES;NACE_R;PHNC;EUR;2;9;N;P1Y;ACPR;E;F;A
ACPR.A.BQ.RISQUES.CRED_CLIENT.34.IT.MENAGES.PHNC._Z.TOP6_AUT_GROUPES;2016;2016-01-01;2016-12-31;87,88;2025-03-18T17:10:27+00:00;ACPR;Crédits aux ménages - Italie;Crédits aux ménages - Italie;CRED_CLIENT;A;BQ;_Z;34;IT;RISQUES;TOP6_AUT_GROUPES;MENAGES;PHNC;EUR;2;9;N;P1Y;ACPR;E;F;A
ACPR.A.BQ.RISQUES.TX_PROV.572._Z.NACE_S.PHNC._Z.TOP6_AUT_GROUPES;2016;2016-01-01;2016-12-31;107,39;2025-03-18T17:10:29+00:00;ACPR;Taux de provisionnement du secteur des autres activités de services;Taux de provisionnement du secteur des autres activités de services;TX_PROV;A;BQ;_Z;572;_Z;RISQUES;TOP6_AUT_GROUPES;NACE_S;PHNC;PC;2;0;N;P1Y;ACPR;E;F;A
ACPR.A.BQ.RISQUES.TX_PROV.572._Z.PME.PHNC._Z.TOP6_AUT_GROUPES;2016;2016-01-01;2016-12-31;53,05;2025-03-18T17:10:29+00:00;ACPR;Taux de provisionnement aux PME;Taux de provisionnement aux PME;TX_PROV;A;BQ;_Z;572;_Z;RISQUES;TOP6_AUT_GROUPES;PME;PHNC;PC;2;0;N;P1Y;ACPR;E;F;A
ACPR.A.BQ.RISQUES.TB_FIN_NEGO_DERIVES9936.484._Z._Z.PHNC._Z.TOP6_AUT_GROUPES;2016;2016-01-01;2016-12-31;11,36;2025-03-18T17:10:28+00:00;ACPR;Montant au passif de dérivés sur matières premières;Montant au passif de dérivés sur matières premières;TB_FIN_NEGO_DERIVES9936;A;BQ;_Z;484;_Z;RISQUES;TOP6_AUT_GROUPES;_Z;PHNC;EUR;2;9;N;P1Y;ACPR;E;F;A
ACPR.A.BQ.RISQUES.CRED_CLIENT.34._Z.NACE_D.PHNC._Z.TOP6_AUT_GROUPES;2016;2016-01-01;2016-12-31;65,13;2025-03-18T17:10:26+00:00;ACPR;Crédits au secteur de l'électricité, gaz, vapeur et air conditionné;Crédits au secteur de l'électricité, gaz, vapeur et air conditionné;CRED_CLIENT;A;BQ;_Z;34;_Z;RISQUES;TOP6_AUT_GROUPES;NACE_D;PHNC;EUR;2;9;N;P1Y;ACPR;E;F;A
ACPR.A.BQ.RISQUES.TX_NPL.569._Z.NACE_P.PHNC._Z.TOP6_AUT_GROUPES;2016;2016-01-01;2016-12-31;3,93;2025-03-18T17:10:29+00:00;ACPR;Taux de prêts non performants du secteur de l'enseignement;Taux de prêts non performants du secteur de l'enseignement;TX_NPL;A;BQ;_Z;569;_Z;RISQUES;TOP6_AUT_GROUPES;NACE_P;PHNC;PC;2;0;N;P1Y;ACPR;E;F;A
ACPR.A.BQ.RISQUES.TX_PROV.572._Z.NACE_H.PHNC._Z.TOP6_AUT_GROUPES;2016;2016-01-01;2016-12-31;52,47;2025-03-18T17:10:29+00:00;ACPR;Taux de provisionnement du secteur du transports et entreposage;Taux de provisionnement du secteur du transports et entreposage;TX_PROV;A;BQ;_Z;572;_Z;RISQUES;TOP6_AUT_GROUPES;NACE_H;PHNC;PC;2;0;N;P1Y;ACPR;E;F;A
ACPR.A.BQ.RISQUES.TX_PROV.572._Z.MENAGES.PHNC._Z.TOP6_AUT_GROUPES;2016;2016-01-01;2016-12-31;51,4;2025-03-18T17:10:29+00:00;ACPR;Taux de provisionnement aux ménages;Taux de provisionnement aux ménages;TX_PROV;A;BQ;_Z;572;_Z;RISQUES;TOP6_AUT_GROUPES;MENAGES;PHNC;PC;2;0;N;P1Y;ACPR;E;F;A
ACPR.A.BQ.RISQUES.TB_FIN_NEGO_DERIVES9921.587._Z._Z.PHNC._Z._Z;2016;2016-01-01;2016-12-31;409,44;2025-09-17T10:00:30+00:00;ACPR;Montants notionnels de dérivés sur matières premières;Montants notionnels de dérivés sur matières premières;TB_FIN_NEGO_DERIVES9921;A;BQ;_Z;587;_Z;RISQUES;_Z;_Z;PHNC;EUR;2;9;N;P1Y;ACPR;E;F;A
ACPR.A.BQ.RISQUES.DERIV_PASSIF_ORGA.50._Z._Z.PHNC._Z.TOP6_AUT_GROUPES;2016;2016-01-01;2016-12-31;30,53;2025-03-18T17:10:27+00:00;ACPR;Montant au passif de dérivés sur marchés organisés;Passif de dérivés sur marchés organisés;DERIV_PASSIF_ORGA;A;BQ;_Z;50;_Z;RISQUES;TOP6_AUT_GROUPES;_Z;PHNC;EUR;2;9;N;P1Y;ACPR;E;F;A
ACPR.A.BQ.RISQUES.GB_FIN_NEGO_PASSIF_9848.186._Z._Z.PHNC._Z.TOP6_AUT_GROUPES;2016;2016-01-01;2016-12-31;772,1;2025-03-18T17:10:28+00:00;ACPR;Dérivés dans le portefeuille de négociation coté passif;Dérivés dans le portefeuille de négociation coté passif;GB_FIN_NEGO_PASSIF_9848;A;BQ;_Z;186;_Z;RISQUES;TOP6_AUT_GROUPES;_Z;PHNC;EUR;2;9;N;P1Y;ACPR;E;F;A
ACPR.A.BQ.RISQUES.TB_FIN_NEGO_DERIVES9932.480._Z._Z.PHNC._Z.TOP6_AUT_GROUPES;2016;2016-01-01;2016-12-31;467,13;2025-03-18T17:10:28+00:00;ACPR;Montant au passif de dérivés sur taux d'intérêt;Montant au passif de dérivés sur taux d'intérêt;TB_FIN_NEGO_DERIVES9932;A;BQ;_Z;480;_Z;RISQUES;TOP6_AUT_GROUPES;_Z;PHNC;EUR;2;9;N;P1Y;ACPR;E;F;A
ACPR.A.BQ.RISQUES.TB_FIN_NEGO_VENTE_OPTION9980.496._Z._Z.PHNC._Z.TOP6_AUT_GROUPES;2016;2016-01-01;2016-12-31;3727,37;2025-03-18T17:10:28+00:00;ACPR;Ventes d'options sur Taux d'intérêt;Ventes d'options sur Taux d'intérêt;TB_FIN_NEGO_VENTE_OPTION9980;A;BQ;_Z;496;_Z;RISQUES;TOP6_AUT_GROUPES;_Z;PHNC;EUR;2;9;N;P1Y;ACPR;E;F;A
ACPR.A.BQ.RISQUES.TX_NEGO_BILAN_PASSIF.568._Z._Z.PHNC._Z.TOP6_AUT_GROUPES;2016;2016-01-01;2016-12-31;22,0;2025-03-18T17:10:28+00:00;ACPR;Part du portefeuille de négociation au passif du bilan;Part du portefeuille de négociation au passif du bilan;TX_NEGO_BILAN_PASSIF;A;BQ;_Z;568;_Z;RISQUES;TOP6_AUT_GROUPES;_Z;PHNC;PC;2;0;N;P1Y;ACPR;E;F;A
ACPR.A.BQ.RISQUES.TX_NPL.569._Z.NACE_I.PHNC._Z.TOP6_AUT_GROUPES;2016;2016-01-01;2016-12-31;10,95;2025-03-18T17:10:28+00:00;ACPR;Taux de prêts non performants du secteur de l'hébergement et restauration;Taux de prêts non performants du secteur de l'hébergement et restauration;TX_NPL;A;BQ;_Z;569;_Z;RISQUES;TOP6_AUT_GROUPES;NACE_I;PHNC;PC;2;0;N;P1Y;ACPR;E;F;A
ACPR.A.BQ.RISQUES.TX_PROV.572._Z.GE.PHNC._Z.TOP6_AUT_GROUPES;2016;2016-01-01;2016-12-31;52,45;2025-03-18T17:10:29+00:00;ACPR;Taux de provisionnement aux grandes entreprises;Taux de provisionnement aux grandes entreprises;TX_PROV;A;BQ;_Z;572;_Z;RISQUES;TOP6_AUT_GROUPES;GE;PHNC;PC;2;0;N;P1Y;ACPR;E;F;A
ACPR.A.BQ.RISQUES.TX_PROV.572._Z.NACE_F.PHNC._Z.TOP6_AUT_GROUPES;2016;2016-01-01;2016-12-31;60,4;2025-03-18T17:10:29+00:00;ACPR;Taux de provisionnement du secteur de la construction;Taux de provisionnement du secteur de la construction;TX_PROV;A;BQ;_Z;572;_Z;RISQUES;TOP6_AUT_GROUPES;NACE_F;PHNC;PC;2;0;N;P1Y;ACPR;E;F;A
ACPR.A.BQ.RISQUES.TB_FIN_NEGO_PART_OPTION9968.494._Z._Z.PHNC._Z.TOP6_AUT_GROUPES;2016;2016-01-01;2016-12-31;1492,11;2025-03-18T17:10:28+00:00;ACPR;Dérivés (somme actif et passif);Dérivés (somme actif et passif);TB_FIN_NEGO_PART_OPTION9968;A;BQ;_Z;494;_Z;RISQUES;TOP6_AUT_GROUPES;_Z;PHNC;EUR;2;9;N;P1Y;ACPR;E;F;A
ACPR.A.BQ.RISQUES.TX_NPL.569._Z.NACE_B.PHNC._Z.TOP6_AUT_GROUPES;2016;2016-01-01;2016-12-31;7,35;2025-03-18T17:10:28+00:00;ACPR;Taux de prêts non performants du secteur des industries extractives;Taux de prêts non performants du secteur des industries extractives;TX_NPL;A;BQ;_Z;569;_Z;RISQUES;TOP6_AUT_GROUPES;NACE_B;PHNC;PC;2;0;N;P1Y;ACPR;E;F;A
ACPR.A.BQ.RISQUES.CRED_CLIENT.34._Z.MENAGES.PHNC._Z.TOP6_AUT_GROUPES;2016;2016-01-01;2016-12-31;1614,8;2025-03-18T17:10:26+00:00;ACPR;Ménages (crédits nets);Ménages (crédits nets);CRED_CLIENT;A;BQ;_Z;34;_Z;RISQUES;TOP6_AUT_GROUPES;MENAGES;PHNC;EUR;2;9;N;P1Y;ACPR;E;F;A
ACPR.A.BQ.RISQUES.CREDITS_BRUTS.39._Z.NACE_E.PHNC._Z.TOP6_AUT_GROUPES;2016;2016-01-01;2016-12-31;10,17;2025-03-18T17:10:27+00:00;ACPR;Crédits bruts aux entreprises du secteur de la production et distribution d'eau;Crédits bruts aux entreprises du secteur de la production et distribution d'eau;CREDITS_BRUTS;A;BQ;_Z;39;_Z;RISQUES;TOP6_AUT_GROUPES;NACE_E;PHNC;EUR;2;9;N;P1Y;ACPR;E;F;A
ACPR.A.BQ.RISQUES.CREDITS_BRUTS.39._Z.NACE_L.PHNC._Z.TOP6_AUT_GROUPES;2016;2016-01-01;2016-12-31;252,04;2025-03-18T17:10:27+00:00;ACPR;Crédits bruts aux entreprises du secteur des activités immobilières;Crédits bruts aux entreprises du secteur des activités immobilières;CREDITS_BRUTS;A;BQ;_Z;39;_Z;RISQUES;TOP6_AUT_GROUPES;NACE_L;PHNC;EUR;2;9;N;P1Y;ACPR;E;F;A
ACPR.A.BQ.RISQUES.TX_PROV_NPL.573._Z.MENAGES_ENF.PHNC._Z.TOP6_AUT_GROUPES;2016;2016-01-01;2016-12-31;2,53;2025-03-18T17:10:29+00:00;ACPR;Poids des provisions des prêts non performants aux ménages et aux entreprises non financières;Poids des provisions des prêts non performants aux ménages et aux entreprises non financières;TX_PROV_NPL;A;BQ;_Z;573;_Z;RISQUES;TOP6_AUT_GROUPES;MENAGES_ENF;PHNC;PC;2;0;N;P1Y;ACPR;E;F;A
ACPR.A.BQ.RISQUES.CRED_CLIENT.34.FR.MENAGES.PHNC._Z.TOP6_AUT_GROUPES;2016;2016-01-01;2016-12-31;1193,39;2025-03-18T17:10:27+00:00;ACPR;Crédits aux ménages - France;Crédits aux ménages - France;CRED_CLIENT;A;BQ;_Z;34;FR;RISQUES;TOP6_AUT_GROUPES;MENAGES;PHNC;EUR;2;9;N;P1Y;ACPR;E;F;A
ACPR.A.BQ.RISQUES.CREDITS_BRUTS.39._Z.NACE_S.PHNC._Z.TOP6_AUT_GROUPES;2016;2016-01-01;2016-12-31;123,93;2025-03-18T17:10:27+00:00;ACPR;Crédits bruts aux entreprises du secteur des autres activités de services;Crédits bruts aux entreprises du secteur des autres activités de services;CREDITS_BRUTS;A;BQ;_Z;39;_Z;RISQUES;TOP6_AUT_GROUPES;NACE_S;PHNC;EUR;2;9;N;P1Y;ACPR;E;F;A
ACPR.A.BQ.RISQUES.CRED_TOTAL.37._Z.MENAGES.SOLO._Z.TOTAL_SECTEUR;2016;2016-01-01;2016-12-31;1116,62;2025-09-17T10:00:27+00:00;ACPR;Crédits aux ménages résidents;Crédits aux ménages résidents;CRED_TOTAL;A;BQ;_Z;37;_Z;RISQUES;TOTAL_SECTEUR;MENAGES;SOLO;EUR;2;9;N;P1Y;ACPR;E;F;A
ACPR.A.BQ.RISQUES.CRED_TOTAL.37._Z.SNF.SOLO._Z.TOTAL_SECTEUR;2016;2016-01-01;2016-12-31;745,56;2025-09-17T10:00:28+00:00;ACPR;Crédits aux sociétés non financières résidentes;Crédits aux sociétés non financières résidentes;CRED_TOTAL;A;BQ;_Z;37;_Z;RISQUES;TOTAL_SECTEUR;SNF;SOLO;EUR;2;9;N;P1Y;ACPR;E;F;A
ACPR.A.BQ.RISQUES.TB_FIN_NEGO_DERIVE_CREDIT10002.459._Z._Z.PHNC._Z.TOP6_AUT_GROUPES;2016;2016-01-01;2016-12-31;30,18;2025-03-18T17:10:28+00:00;ACPR;Vente de options sur écart de crédit (CDS) En notionnel;Vente de options sur écart de crédit (CDS) En notionnel;TB_FIN_NEGO_DERIVE_CREDIT10002;A;BQ;_Z;459;_Z;RISQUES;TOP6_AUT_GROUPES;_Z;PHNC;EUR;2;9;N;P1Y;ACPR;E;F;A
ACPR.A.BQ.RISQUES.CRED_CLIENT.34.DE.ENF.PHNC._Z.TOP6_AUT_GROUPES;2016;2016-01-01;2016-12-31;31,21;2025-03-18T17:10:27+00:00;ACPR;Crédits aux entreprises non financières - Allemagne;Crédits aux entreprises non financières - Allemagne;CRED_CLIENT;A;BQ;_Z;34;DE;RISQUES;TOP6_AUT_GROUPES;ENF;PHNC;EUR;2;9;N;P1Y;ACPR;E;F;A
ACPR.A.BQ.RISQUES.TB_FIN_NEGO_DERIVES9924.474._Z._Z.PHNC._Z.TOP6_AUT_GROUPES;2016;2016-01-01;2016-12-31;481,75;2025-03-18T17:10:28+00:00;ACPR;Montant à l'actif de dérivés sur taux d'intérêt;Montant à l'actif de dérivés sur taux d'intérêt;TB_FIN_NEGO_DERIVES9924;A;BQ;_Z;474;_Z;RISQUES;TOP6_AUT_GROUPES;_Z;PHNC;EUR;2;9;N;P1Y;ACPR;E;F;A
ACPR.A.BQ.RISQUES.TX_NPL.569._Z.NACE_A.PHNC._Z.TOP6_AUT_GROUPES;2016;2016-01-01;2016-12-31;5,39;2025-03-18T17:10:28+00:00;ACPR;Taux de prêts non performants du secteur de l'agriculture, sylviculture et pêche;Taux de prêts non performants du secteur de l'agriculture, sylviculture et pêche;TX_NPL;A;BQ;_Z;569;_Z;RISQUES;TOP6_AUT_GROUPES;NACE_A;PHNC;PC;2;0;N;P1Y;ACPR;E;F;A
ACPR.A.BQ.RISQUES.TB_FIN_NEGO_DERIVES9917.491._Z._Z.PHNC._Z._Z;2016;2016-01-01;2016-12-31;45083,25;2025-09-17T10:00:30+00:00;ACPR;Montants notionnels de dérivés sur taux d'intérêt;Montants notionnels de dérivés sur taux d'intérêt;TB_FIN_NEGO_DERIVES9917;A;BQ;_Z;491;_Z;RISQUES;_Z;_Z;PHNC;EUR;2;9;N;P1Y;ACPR;E;F;A
ACPR.A.BQ.RISQUES.OBLIG_PTF_NEGO.238._Z.BC.PHNC._Z.TOP6_AUT_GROUPES;2016;2016-01-01;2016-12-31;9,03;2025-03-18T17:10:28+00:00;ACPR;Titre de créances émis par les banques centrales dans le portefeuille de négociation;Titre de créances émis par les banques centrales dans le portefeuille de négociation;OBLIG_PTF_NEGO;A;BQ;_Z;238;_Z;RISQUES;TOP6_AUT_GROUPES;BC;PHNC;EUR;2;9;N;P1Y;ACPR;E;F;A
ACPR.A.BQ.RISQUES.CRED_CLIENT.34._Z.ENF.PHNC._Z.TOP6_AUT_GROUPES;2016;2016-01-01;2016-12-31;1261,91;2025-03-18T17:10:26+00:00;ACPR;Entreprises non financières (crédits nets);Entreprises non financières (crédits nets);CRED_CLIENT;A;BQ;_Z;34;_Z;RISQUES;TOP6_AUT_GROUPES;ENF;PHNC;EUR;2;9;N;P1Y;ACPR;E;F;A
ACPR.A.BQ.RISQUES.CRED_CLIENT.34.LU.MENAGES.PHNC._Z.TOP6_AUT_GROUPES;2016;2016-01-01;2016-12-31;7,29;2025-03-18T17:10:27+00:00;ACPR;Crédits aux ménages - Luxembourg;Crédits aux ménages - Luxembourg;CRED_CLIENT;A;BQ;_Z;34;LU;RISQUES;TOP6_AUT_GROUPES;MENAGES;PHNC;EUR;2;9;N;P1Y;ACPR;E;F;A
ACPR.A.BQ.RISQUES.TX_PROV_NPL.573._Z.MENAGES.PHNC._Z.TOP6_AUT_GROUPES;2016;2016-01-01;2016-12-31;2,1;2025-03-18T17:10:29+00:00;ACPR;Poids des provisions des prêts non performants aux ménages;Poids des provisions des prêts non performants aux ménages;TX_PROV_NPL;A;BQ;_Z;573;_Z;RISQUES;TOP6_AUT_GROUPES;MENAGES;PHNC;PC;2;0;N;P1Y;ACPR;E;F;A
ACPR.A.BQ.RISQUES.ACT_PTF_NEGO.3._Z.EF.PHNC._Z.TOP6_AUT_GROUPES;2016;2016-01-01;2016-12-31;38,93;2025-03-18T17:10:26+00:00;ACPR;Instruments de capitaux propres des autres entreprises financières dans le portefeuille de négociation;Instruments de capitaux propres des autres entreprises financières dans le portefeuille de négociation;ACT_PTF_NEGO;A;BQ;_Z;3;_Z;RISQUES;TOP6_AUT_GROUPES;EF;PHNC;EUR;2;9;N;P1Y;ACPR;E;F;A
ACPR.A.BQ.RISQUES.CRED_CLIENT.34.IT.ENF.PHNC._Z.TOP6_AUT_GROUPES;2016;2016-01-01;2016-12-31;86,83;2025-03-18T17:10:27+00:00;ACPR;Crédits aux entreprises non financières - Italie;Crédits aux entreprises non financières - Italie;CRED_CLIENT;A;BQ;_Z;34;IT;RISQUES;TOP6_AUT_GROUPES;ENF;PHNC;EUR;2;9;N;P1Y;ACPR;E;F;A
ACPR.A.BQ.RISQUES.DT_PL_PTF_NEGO.58._Z.BC.PHNC._Z.TOP6_AUT_GROUPES;2016;2016-01-01;2016-12-31;40,3;2025-03-18T17:10:27+00:00;ACPR;Dépôts et titres des Banques Centrales donnés en pension livrée du portefeuille de négociation;Dépôts et titres des Banques Centrales donnés en pension livrée du portefeuille de négociation;DT_PL_PTF_NEGO;A;BQ;_Z;58;_Z;RISQUES;TOP6_AUT_GROUPES;BC;PHNC;EUR;2;9;N;P1Y;ACPR;E;F;A
ACPR.A.BQ.RISQUES.TB_FIN_NEGO_DERIVE_CREDIT10000.458._Z._Z.PHNC._Z.TOP6_AUT_GROUPES;2016;2016-01-01;2016-12-31;736,59;2025-03-18T17:10:28+00:00;ACPR;Achats de contrats d'échange de risque de crédit (CDS) En notionnel;Achats de contrats d'échange de risque de crédit (CDS) En notionnel;TB_FIN_NEGO_DERIVE_CREDIT10000;A;BQ;_Z;458;_Z;RISQUES;TOP6_AUT_GROUPES;_Z;PHNC;EUR;2;9;N;P1Y;ACPR;E;F;A
ACPR.A.BQ.RISQUES.CRED_CLIENT.34._Z.NACE_P.PHNC._Z.TOP6_AUT_GROUPES;2016;2016-01-01;2016-12-31;4,45;2025-03-18T17:10:27+00:00;ACPR;Crédits au secteur de l'enseignement;Crédits au secteur de l'enseignement;CRED_CLIENT;A;BQ;_Z;34;_Z;RISQUES;TOP6_AUT_GROUPES;NACE_P;PHNC;EUR;2;9;N;P1Y;ACPR;E;F;A
ACPR.A.BQ.RISQUES.DERIV_NOTIONNEL_GRE_GRE.47._Z.EC.PHNC._Z.TOP6_AUT_GROUPES;2016;2016-01-01;2016-12-31;21930,03;2025-03-18T17:10:27+00:00;ACPR;Montant notionnels de dérivés de gré à gré avec établissements de crédit;Montant notionnels de dérivés de gré à gré avec établissements de crédit;DERIV_NOTIONNEL_GRE_GRE;A;BQ;_Z;47;_Z;RISQUES;TOP6_AUT_GROUPES;EC;PHNC;EUR;2;9;N;P1Y;ACPR;E;F;A
ACPR.A.BQ.RISQUES.DERIV_NOTIONNEL_GRE_GRE.47._Z.EF.PHNC._Z.TOP6_AUT_GROUPES;2016;2016-01-01;2016-12-31;17428,92;2025-03-18T17:10:27+00:00;ACPR;Montant notionnels de dérivés de gré à gré avec autres entreprises financières;Montant notionnels de dérivés de gré à gré avec autres entreprises financières;DERIV_NOTIONNEL_GRE_GRE;A;BQ;_Z;47;_Z;RISQUES;TOP6_AUT_GROUPES;EF;PHNC;EUR;2;9;N;P1Y;ACPR;E;F;A
ACPR.A.BQ.RISQUES.TX_NPL.569._Z.NACE_S.PHNC._Z.TOP6_AUT_GROUPES;2016;2016-01-01;2016-12-31;4,36;2025-03-18T17:10:29+00:00;ACPR;Taux de prêts non performants du secteur des autres activités de services;Taux de prêts non performants du secteur des autres activités de services;TX_NPL;A;BQ;_Z;569;_Z;RISQUES;TOP6_AUT_GROUPES;NACE_S;PHNC;PC;2;0;N;P1Y;ACPR;E;F;A
ACPR.A.BQ.RISQUES.TB_FIN_NEGO_PART_BILAN9840.487._Z._Z.PHNC._Z.TOP6_AUT_GROUPES;2016;2016-01-01;2016-12-31;1563,74;2025-03-18T17:10:28+00:00;ACPR;Portefeuille de négociation - Passif;Portefeuille de négociation - Passif;TB_FIN_NEGO_PART_BILAN9840;A;BQ;_Z;487;_Z;RISQUES;TOP6_AUT_GROUPES;_Z;PHNC;EUR;2;9;N;P1Y;ACPR;E;F;A
ACPR.A.BQ.RISQUES.TB_FIN_NEGO_PART_OPTION9966.492._Z._Z.PHNC._Z.TOP6_AUT_GROUPES;2016;2016-01-01;2016-12-31;142,07;2025-03-18T17:10:28+00:00;ACPR;Dérivés sur Capitaux propres (somme actif et passif);Dérivés sur Capitaux propres (somme actif et passif);TB_FIN_NEGO_PART_OPTION9966;A;BQ;_Z;492;_Z;RISQUES;TOP6_AUT_GROUPES;_Z;PHNC;EUR;2;9;N;P1Y;ACPR;E;F;A
ACPR.A.BQ.RISQUES.TX_NPL.569._Z.NACE_M.PHNC._Z.TOP6_AUT_GROUPES;2016;2016-01-01;2016-12-31;4,33;2025-03-18T17:10:29+00:00;ACPR;Taux de prêts non performants du secteur des activités spécialisées, scientifiques et techniques;Taux de prêts non performants du secteur des activités spécialisées, scientifiques et techniques;TX_NPL;A;BQ;_Z;569;_Z;RISQUES;TOP6_AUT_GROUPES;NACE_M;PHNC;PC;2;0;N;P1Y;ACPR;E;F;A
ACPR.A.BQ.RISQUES.TX_NPL.569.FR.MENAGES_ENF.PHNC._Z.TOP6_AUT_GROUPES;2016;2016-01-01;2016-12-31;0,0;2025-03-18T17:10:29+00:00;ACPR;Taux de prêts non performants en France;Taux de prêts non performants en France;TX_NPL;A;BQ;_Z;569;FR;RISQUES;TOP6_AUT_GROUPES;MENAGES_ENF;PHNC;PC;2;0;N;P1Y;ACPR;E;F;A
ACPR.A.BQ.RISQUES.TX_NPL_APRES_PROV.570._Z.GE.PHNC._Z.TOP6_AUT_GROUPES;2016;2016-01-01;2016-12-31;2,3;2025-03-18T17:10:29+00:00;ACPR;Poids des prêts non performants nets des provisions aux grandes entreprises;Poids des prêts non performants nets des provisions aux grandes entreprises;TX_NPL_APRES_PROV;A;BQ;_Z;570;_Z;RISQUES;TOP6_AUT_GROUPES;GE;PHNC;PC;2;0;N;P1Y;ACPR;E;F;A
ACPR.A.BQ.RISQUES.TX_NPL_APRES_PROV.570._Z.PME.PHNC._Z.TOP6_AUT_GROUPES;2016;2016-01-01;2016-12-31;3,9;2025-03-18T17:10:29+00:00;ACPR;Poids des prêts non performants nets des provisions aux PME;Poids des prêts non performants nets des provisions aux PME;TX_NPL_APRES_PROV;A;BQ;_Z;570;_Z;RISQUES;TOP6_AUT_GROUPES;PME;PHNC;PC;2;0;N;P1Y;ACPR;E;F;A
ACPR.A.BQ.RISQUES.TX_PROV.572._Z.ENF.PHNC._Z.TOP6_AUT_GROUPES;2016;2016-01-01;2016-12-31;52,7;2025-03-18T17:10:29+00:00;ACPR;Taux de provisionnement aux entreprises non financières;Taux de provisionnement aux entreprises non financières;TX_PROV;A;BQ;_Z;572;_Z;RISQUES;TOP6_AUT_GROUPES;ENF;PHNC;PC;2;0;N;P1Y;ACPR;E;F;A
ACPR.A.BQ.RISQUES.TX_NPL.569.GB.MENAGES_ENF.PHNC._Z.TOP6_AUT_GROUPES;2016;2016-01-01;2016-12-31;0,0;2025-03-18T17:10:29+00:00;ACPR;Taux de prêts non performants au Royaume uni;Taux de prêts non performants au Royaume uni;TX_NPL;A;BQ;_Z;569;GB;RISQUES;TOP6_AUT_GROUPES;MENAGES_ENF;PHNC;PC;2;0;N;P1Y;ACPR;E;F;A
ACPR.A.BQ.RISQUES.TX_PROV.572._Z.NACE_D.PHNC._Z.TOP6_AUT_GROUPES;2016;2016-01-01;2016-12-31;55,34;2025-03-18T17:10:29+00:00;ACPR;Taux de provisionnement du secteur de l'électricité, gaz, vapeur et air conditionné;Taux de provisionnement du secteur de l'électricité, gaz, vapeur et air conditionné;TX_PROV;A;BQ;_Z;572;_Z;RISQUES;TOP6_AUT_GROUPES;NACE_D;PHNC;PC;2;0;N;P1Y;ACPR;E;F;A
ACPR.A.BQ.RISQUES.TX_NPL.569._Z.NACE_C.PHNC._Z.TOP6_AUT_GROUPES;2016;2016-01-01;2016-12-31;6,85;2025-03-18T17:10:28+00:00;ACPR;Taux de prêts non performants du secteur des industrie manufacturière;Taux de prêts non performants du secteur des industrie manufacturière;TX_NPL;A;BQ;_Z;569;_Z;RISQUES;TOP6_AUT_GROUPES;NACE_C;PHNC;PC;2;0;N;P1Y;ACPR;E;F;A
ACPR.A.BQ.RISQUES.TB_FIN_NEGO_DERIVES9928.478._Z._Z.PHNC._Z.TOP6_AUT_GROUPES;2016;2016-01-01;2016-12-31;12,62;2025-03-18T17:10:28+00:00;ACPR;Montant à l'actif de dérivés sur matières premières;Montant à l'actif de dérivés sur matières premières;TB_FIN_NEGO_DERIVES9928;A;BQ;_Z;478;_Z;RISQUES;TOP6_AUT_GROUPES;_Z;PHNC;EUR;2;9;N;P1Y;ACPR;E;F;A
ACPR.A.BQ.RISQUES.TB_FIN_NEGO_DERIVES9937.485._Z._Z.PHNC._Z.TOP6_AUT_GROUPES;2016;2016-01-01;2016-12-31;1,53;2025-03-18T17:10:28+00:00;ACPR;Montant au passif de dérivés sur autres produits;Montant au passif de dérivés sur autres produits;TB_FIN_NEGO_DERIVES9937;A;BQ;_Z;485;_Z;RISQUES;TOP6_AUT_GROUPES;_Z;PHNC;EUR;2;9;N;P1Y;ACPR;E;F;A
ACPR.A.BQ.RISQUES.TX_NEGO_BILAN_ACTIF.567._Z._Z.PHNC._Z.TOP6_AUT_GROUPES;2016;2016-01-01;2016-12-31;22,0;2025-03-18T17:10:28+00:00;ACPR;Part du portefeuille de négociation à l'actif du bilan;Part du portefeuille de négociation à l'actif du bilan;TX_NEGO_BILAN_ACTIF;A;BQ;_Z;567;_Z;RISQUES;TOP6_AUT_GROUPES;_Z;PHNC;PC;2;0;N;P1Y;ACPR;E;F;A
ACPR.A.BQ.RISQUES.TX_NPL.569._Z.NACE_Q.PHNC._Z.TOP6_AUT_GROUPES;2016;2016-01-01;2016-12-31;3,29;2025-03-18T17:10:29+00:00;ACPR;Taux de prêts non performants du secteur de la santé humaine et action sociale;Taux de prêts non performants du secteur de la santé humaine et action sociale;TX_NPL;A;BQ;_Z;569;_Z;RISQUES;TOP6_AUT_GROUPES;NACE_Q;PHNC;PC;2;0;N;P1Y;ACPR;E;F;A
ACPR.A.BQ.RISQUES.TX_NPL.569.DE.MENAGES_ENF.PHNC._Z.TOP6_AUT_GROUPES;2016;2016-01-01;2016-12-31;0,0;2025-03-18T17:10:29+00:00;ACPR;Taux de prêts non performants en Allemagne;Taux de prêts non performants en Allemagne;TX_NPL;A;BQ;_Z;569;DE;RISQUES;TOP6_AUT_GROUPES;MENAGES_ENF;PHNC;PC;2;0;N;P1Y;ACPR;E;F;A
ACPR.A.BQ.RISQUES.TX_PROV.572._Z.NACE_E.PHNC._Z.TOP6_AUT_GROUPES;2016;2016-01-01;2016-12-31;57,25;2025-03-18T17:10:29+00:00;ACPR;Taux de provisionnement du secteur de la production et distribution d'eau;Taux de provisionnement du secteur de la production et distribution d'eau;TX_PROV;A;BQ;_Z;572;_Z;RISQUES;TOP6_AUT_GROUPES;NACE_E;PHNC;PC;2;0;N;P1Y;ACPR;E;F;A
ACPR.A.BQ.RISQUES.DERIV_ACTIF_GRE_GRE.45._Z.AUTRES.PHNC._Z.TOP6_AUT_GROUPES;2016;2016-01-01;2016-12-31;113,09;2025-03-18T17:10:27+00:00;ACPR;Montant à l'actif de dérivés de gré à gré avec autres contreparties;Dérivés de gré à gré (Actifs) avec autres contreparties;DERIV_ACTIF_GRE_GRE;A;BQ;_Z;45;_Z;RISQUES;TOP6_AUT_GROUPES;AUTRES;PHNC;EUR;2;9;N;P1Y;ACPR;E;F;A
ACPR.A.BQ.RISQUES.CRED_CLIENT.34.PL.ENF.PHNC._Z.TOP6_AUT_GROUPES;2016;2016-01-01;2016-12-31;13,46;2025-03-18T17:10:27+00:00;ACPR;Crédits aux entreprises non financières - Pologne;Crédits aux entreprises non financières - Pologne;CRED_CLIENT;A;BQ;_Z;34;PL;RISQUES;TOP6_AUT_GROUPES;ENF;PHNC;EUR;2;9;N;P1Y;ACPR;E;F;A
ACPR.A.BQ.RISQUES.CRED_CLIENT.34.PL.MENAGES.PHNC._Z.TOP6_AUT_GROUPES;2016;2016-01-01;2016-12-31;11,14;2025-03-18T17:10:27+00:00;ACPR;Crédits aux ménages - Pologne;Crédits aux ménages - Pologne;CRED_CLIENT;A;BQ;_Z;34;PL;RISQUES;TOP6_AUT_GROUPES;MENAGES;PHNC;EUR;2;9;N;P1Y;ACPR;E;F;A
ACPR.A.BQ.RISQUES.CREDITS_BRUTS.39._Z.NACE_N.PHNC._Z.TOP6_AUT_GROUPES;2016;2016-01-01;2016-12-31;60,65;2025-03-18T17:10:27+00:00;ACPR;Crédits bruts aux entreprises du secteur de l'activité de services administratifs et de soutien;Crédits bruts aux entreprises du secteur de l'activité de services administratifs et de soutien;CREDITS_BRUTS;A;BQ;_Z;39;_Z;RISQUES;TOP6_AUT_GROUPES;NACE_N;PHNC;EUR;2;9;N;P1Y;ACPR;E;F;A
ACPR.A.BQ.RISQUES.CRED_CLIENT.34._Z.NACE_O.PHNC._Z.TOP6_AUT_GROUPES;2016;2016-01-01;2016-12-31;13,41;2025-03-18T17:10:27+00:00;ACPR;Crédits au secteur de l'administration publique;Crédits au secteur de l'administration publique;CRED_CLIENT;A;BQ;_Z;34;_Z;RISQUES;TOP6_AUT_GROUPES;NACE_O;PHNC;EUR;2;9;N;P1Y;ACPR;E;F;A
ACPR.A.BQ.RISQUES.TX_PROV.572._Z.NACE_I.PHNC._Z.TOP6_AUT_GROUPES;2016;2016-01-01;2016-12-31;67,69;2025-03-18T17:10:29+00:00;ACPR;Taux de provisionnement du secteur de l'hébergement et restauration;Taux de provisionnement du secteur de l'hébergement et restauration;TX_PROV;A;BQ;_Z;572;_Z;RISQUES;TOP6_AUT_GROUPES;NACE_I;PHNC;PC;2;0;N;P1Y;ACPR;E;F;A
ACPR.A.BQ.RISQUES.CRED_CLIENT.34._Z.NACE_M.PHNC._Z.TOP6_AUT_GROUPES;2016;2016-01-01;2016-12-31;76,44;2025-03-18T17:10:27+00:00;ACPR;Crédits au secteur des activités spécialisées, scientifiques et techniques;Crédits au secteur des activités spécialisées, scientifiques et techniques;CRED_CLIENT;A;BQ;_Z;34;_Z;RISQUES;TOP6_AUT_GROUPES;NACE_M;PHNC;EUR;2;9;N;P1Y;ACPR;E;F;A
ACPR.A.BQ.RISQUES.CRED_CLIENT.34._Z.NACE_Q.PHNC._Z.TOP6_AUT_GROUPES;2016;2016-01-01;2016-12-31;25,45;2025-03-18T17:10:27+00:00;ACPR;Crédits au secteur de la santé humaine et action sociale;Crédits au secteur de la santé humaine et action sociale;CRED_CLIENT;A;BQ;_Z;34;_Z;RISQUES;TOP6_AUT_GROUPES;NACE_Q;PHNC;EUR;2;9;N;P1Y;ACPR;E;F;A
ACPR.A.BQ.RISQUES.CREDITS_BRUTS.39._Z.NACE_P.PHNC._Z.TOP6_AUT_GROUPES;2016;2016-01-01;2016-12-31;4,45;2025-03-18T17:10:27+00:00;ACPR;Crédits bruts aux entreprises du secteur de l'enseignement;Crédits bruts aux entreprises du secteur de l'enseignement;CREDITS_BRUTS;A;BQ;_Z;39;_Z;RISQUES;TOP6_AUT_GROUPES;NACE_P;PHNC;EUR;2;9;N;P1Y;ACPR;E;F;A
ACPR.A.BQ.RISQUES.DERIV_NOTIONNEL_ORGA.48._Z._Z.PHNC._Z.TOP6_AUT_GROUPES;2016;2016-01-01;2016-12-31;23061,28;2025-03-18T17:10:27+00:00;ACPR;Montant notionnels de dérivés sur marchés organisés;Montant notionnels de dérivés sur marchés organisés;DERIV_NOTIONNEL_ORGA;A;BQ;_Z;48;_Z;RISQUES;TOP6_AUT_GROUPES;_Z;PHNC;EUR;2;9;N;P1Y;ACPR;E;F;A
ACPR.A.BQ.RISQUES.TB_FIN_NEGO_DERIVE_CREDIT10008.463._Z._Z.PHNC._Z.TOP6_AUT_GROUPES;2016;2016-01-01;2016-12-31;27,78;2025-03-18T17:10:28+00:00;ACPR;Vente de autres dérivés de crédit En notionnel;Vente de autres dérivés de crédit En notionnel;TB_FIN_NEGO_DERIVE_CREDIT10008;A;BQ;_Z;463;_Z;RISQUES;TOP6_AUT_GROUPES;_Z;PHNC;EUR;2;9;N;P1Y;ACPR;E;F;A
ACPR.A.BQ.RISQUES.TX_NPL.569._Z.NACE_F.PHNC._Z.TOP6_AUT_GROUPES;2016;2016-01-01;2016-12-31;10,31;2025-03-18T17:10:28+00:00;ACPR;Taux de prêts non performants du secteur de la construction;Taux de prêts non performants du secteur de la construction;TX_NPL;A;BQ;_Z;569;_Z;RISQUES;TOP6_AUT_GROUPES;NACE_F;PHNC;PC;2;0;N;P1Y;ACPR;E;F;A
ACPR.A.BQ.RISQUES.OBLIG_PTF_NEGO.238._Z.APU.PHNC._Z.TOP6_AUT_GROUPES;2016;2016-01-01;2016-12-31;119,99;2025-03-18T17:10:28+00:00;ACPR;Titre de créances émis par les administrations publiques dans le portefeuille de négociation;Titre de créances émis par les administrations publiques dans le portefeuille de négociation;OBLIG_PTF_NEGO;A;BQ;_Z;238;_Z;RISQUES;TOP6_AUT_GROUPES;APU;PHNC;EUR;2;9;N;P1Y;ACPR;E;F;A
ACPR.A.BQ.RISQUES.TX_NPL.569._Z.ENF.PHNC._Z.TOP6_AUT_GROUPES;2016;2016-01-01;2016-12-31;5,87;2025-03-18T17:10:28+00:00;ACPR;Taux de prêts non performants aux entreprises non financières;Taux de prêts non performants aux entreprises non financières;TX_NPL;A;BQ;_Z;569;_Z;RISQUES;TOP6_AUT_GROUPES;ENF;PHNC;PC;2;0;N;P1Y;ACPR;E;F;A
ACPR.A.BQ.RISQUES.TX_PROV.572._Z.NACE_N.PHNC._Z.TOP6_AUT_GROUPES;2016;2016-01-01;2016-12-31;61,92;2025-03-18T17:10:29+00:00;ACPR;Taux de provisionnement du secteur de l'activité de services administratifs et de soutien;Taux de provisionnement du secteur de l'activité de services administratifs et de soutien;TX_PROV;A;BQ;_Z;572;_Z;RISQUES;TOP6_AUT_GROUPES;NACE_N;PHNC;PC;2;0;N;P1Y;ACPR;E;F;A
ACPR.A.BQ.RISQUES.TX_NPL.569._Z.PME.PHNC._Z.TOP6_AUT_GROUPES;2016;2016-01-01;2016-12-31;8,31;2025-03-18T17:10:29+00:00;ACPR;Taux de prêts non performants aux PME;Taux de prêts non performants aux PME;TX_NPL;A;BQ;_Z;569;_Z;RISQUES;TOP6_AUT_GROUPES;PME;PHNC;PC;2;0;N;P1Y;ACPR;E;F;A
ACPR.A.BQ.RISQUES.GB_FIN_NEGO_PASSIF_9849.187._Z._Z.PHNC._Z.TOP6_AUT_GROUPES;2016;2016-01-01;2016-12-31;144,36;2025-03-18T17:10:28+00:00;ACPR;Positions courtes dans le portefeuille de négociation coté passif;Positions courtes dans le portefeuille de négociation coté passif;GB_FIN_NEGO_PASSIF_9849;A;BQ;_Z;187;_Z;RISQUES;TOP6_AUT_GROUPES;_Z;PHNC;EUR;2;9;N;P1Y;ACPR;E;F;A
ACPR.A.BQ.RISQUES.GB_FIN_NEGO_ACTIF_9847.183._Z._Z.PHNC._Z.TOP6_AUT_GROUPES;2016;2016-01-01;2016-12-31;475,9;2025-03-18T17:10:28+00:00;ACPR;Prêts et avances yc les operations de pensions sur titres coté actif;Prêts et avances yc les operations de pensions sur titres coté actif;GB_FIN_NEGO_ACTIF_9847;A;BQ;_Z;183;_Z;RISQUES;TOP6_AUT_GROUPES;_Z;PHNC;EUR;2;9;N;P1Y;ACPR;E;F;A
ACPR.A.BQ.RISQUES.OBLIG_PTF_NEGO.238._Z.EC.PHNC._Z.TOP6_AUT_GROUPES;2016;2016-01-01;2016-12-31;26,22;2025-03-18T17:10:28+00:00;ACPR;Titre de créances émis par les établissements de crédit dans le portefeuille de négociation;Titre de créances émis par les établissements de crédit dans le portefeuille de négociation;OBLIG_PTF_NEGO;A;BQ;_Z;238;_Z;RISQUES;TOP6_AUT_GROUPES;EC;PHNC;EUR;2;9;N;P1Y;ACPR;E;F;A
ACPR.A.BQ.RISQUES.ACT_PTF_NEGO.3._Z.ENF.PHNC._Z.TOP6_AUT_GROUPES;2016;2016-01-01;2016-12-31;106,75;2025-03-18T17:10:26+00:00;ACPR;Instruments de capitaux propres des entreprises non financières dans le portefeuille de négociation;Instruments de capitaux propres des entreprises non financières dans le portefeuille de négociation;ACT_PTF_NEGO;A;BQ;_Z;3;_Z;RISQUES;TOP6_AUT_GROUPES;ENF;PHNC;EUR;2;9;N;P1Y;ACPR;E;F;A
ACPR.A.BQ.RISQUES.LOANS_PTF_NEGO.222._Z.EC.PHNC._Z.TOP6_AUT_GROUPES;2016;2016-01-01;2016-12-31;138,42;2025-03-18T17:10:28+00:00;ACPR;Prêts aux Établissements de crédit dans le portefeuille de négociation;Prêts aux Établissements de crédit dans le portefeuille de négociation;LOANS_PTF_NEGO;A;BQ;_Z;222;_Z;RISQUES;TOP6_AUT_GROUPES;EC;PHNC;EUR;2;9;N;P1Y;ACPR;E;F;A
ACPR.A.BQ.RISQUES.TX_NPL.569._Z.NACE_J.PHNC._Z.TOP6_AUT_GROUPES;2016;2016-01-01;2016-12-31;6,37;2025-03-18T17:10:28+00:00;ACPR;Taux de prêts non performants du secteur de l'information et communication;Taux de prêts non performants du secteur de l'information et communication;TX_NPL;A;BQ;_Z;569;_Z;RISQUES;TOP6_AUT_GROUPES;NACE_J;PHNC;PC;2;0;N;P1Y;ACPR;E;F;A
ACPR.A.BQ.RISQUES.TX_NPL.569._Z.NACE_R.PHNC._Z.TOP6_AUT_GROUPES;2016;2016-01-01;2016-12-31;6,32;2025-03-18T17:10:29+00:00;ACPR;Taux de prêts non performants du secteur des arts, spectacles et activités récréatives;Taux de prêts non performants du secteur des arts, spectacles et activités récréatives;TX_NPL;A;BQ;_Z;569;_Z;RISQUES;TOP6_AUT_GROUPES;NACE_R;PHNC;PC;2;0;N;P1Y;ACPR;E;F;A
ACPR.A.BQ.RISQUES.TX_NPL.569.US.MENAGES_ENF.PHNC._Z.TOP6_AUT_GROUPES;2016;2016-01-01;2016-12-31;0,0;2025-03-18T17:10:29+00:00;ACPR;Taux de prêts non performants aux Etats-Unis;Taux de prêts non performants aux Etats-Unis;TX_NPL;A;BQ;_Z;569;US;RISQUES;TOP6_AUT_GROUPES;MENAGES_ENF;PHNC;PC;2;0;N;P1Y;ACPR;E;F;A
ACPR.A.BQ.RISQUES.DEPOTS.43._Z.MENAGES_ENF.PHNC._Z.TOP6_AUT_GROUPES;2016;2016-01-01;2016-12-31;2536,72;2025-03-18T17:10:27+00:00;ACPR;Dépôts  aux entreprises non financières et aux ménages;Dépôts  aux entreprises non financières et aux ménages;DEPOTS;A;BQ;_Z;43;_Z;RISQUES;TOP6_AUT_GROUPES;MENAGES_ENF;PHNC;EUR;2;9;N;P1Y;ACPR;E;F;A
ACPR.A.BQ.RISQUES.CREDITS_BRUTS.39._Z.NACE_A.PHNC._Z.TOP6_AUT_GROUPES;2016;2016-01-01;2016-12-31;53,66;2025-03-18T17:10:27+00:00;ACPR;Crédits bruts aux entreprises du secteur de l'agriculture, sylviculture et pêche;Crédits bruts aux entreprises du secteur de l'agriculture, sylviculture et pêche;CREDITS_BRUTS;A;BQ;_Z;39;_Z;RISQUES;TOP6_AUT_GROUPES;NACE_A;PHNC;EUR;2;9;N;P1Y;ACPR;E;F;A
ACPR.A.BQ.RISQUES.CRED_CLIENT.34.LU.ENF.PHNC._Z.TOP6_AUT_GROUPES;2016;2016-01-01;2016-12-31;20,82;2025-03-18T17:10:27+00:00;ACPR;Crédits aux entreprises non financières - Luxembourg;Crédits aux entreprises non financières - Luxembourg;CRED_CLIENT;A;BQ;_Z;34;LU;RISQUES;TOP6_AUT_GROUPES;ENF;PHNC;EUR;2;9;N;P1Y;ACPR;E;F;A
ACPR.A.BQ.RISQUES.ACT_PTF_NEGO.3._Z.EC.PHNC._Z.TOP6_AUT_GROUPES;2016;2016-01-01;2016-12-31;16,7;2025-03-18T17:10:26+00:00;ACPR;Instruments de capitaux propres des établissements de crédit dans le portefeuille de négociation;Instruments de capitaux propres des établissements de crédit dans le portefeuille de négociation;ACT_PTF_NEGO;A;BQ;_Z;3;_Z;RISQUES;TOP6_AUT_GROUPES;EC;PHNC;EUR;2;9;N;P1Y;ACPR;E;F;A
ACPR.A.BQ.RISQUES.TX_PROV.572._Z.NACE_P.PHNC._Z.TOP6_AUT_GROUPES;2016;2016-01-01;2016-12-31;73,05;2025-03-18T17:10:29+00:00;ACPR;Taux de provisionnement du secteur de l'enseignement;Taux de provisionnement du secteur de l'enseignement;TX_PROV;A;BQ;_Z;572;_Z;RISQUES;TOP6_AUT_GROUPES;NACE_P;PHNC;PC;2;0;N;P1Y;ACPR;E;F;A
ACPR.A.BQ.RISQUES.GB_FIN_NEGO_COURT9873.185._Z._Z.PHNC._Z.TOP6_AUT_GROUPES;2016;2016-01-01;2016-12-31;119,49;2025-03-18T17:10:28+00:00;ACPR;Positions courtes sur Titres de créance;Positions courtes sur Titres de créance;GB_FIN_NEGO_COURT9873;A;BQ;_Z;185;_Z;RISQUES;TOP6_AUT_GROUPES;_Z;PHNC;EUR;2;9;N;P1Y;ACPR;E;F;A
ACPR.A.BQ.RISQUES.CRED_TOTAL.37._Z.APU.SOLO._Z.TOTAL_SECTEUR;2016;2016-01-01;2016-12-31;182,13;2025-09-17T10:00:27+00:00;ACPR;Crédits aux administrations publiques résidentes;Crédits aux administrations publiques résidentes;CRED_TOTAL;A;BQ;_Z;37;_Z;RISQUES;TOTAL_SECTEUR;APU;SOLO;EUR;2;9;N;P1Y;ACPR;E;F;A
ACPR.A.BQ.RISQUES.DERIV_ACTIF_GRE_GRE.45._Z._Z.PHNC._Z.TOP6_AUT_GROUPES;2016;2016-01-01;2016-12-31;733,65;2025-03-18T17:10:27+00:00;ACPR;Montant à l'actif de dérivés de gré à gré;Dérivés de gré à gré (Actifs);DERIV_ACTIF_GRE_GRE;A;BQ;_Z;45;_Z;RISQUES;TOP6_AUT_GROUPES;_Z;PHNC;EUR;2;9;N;P1Y;ACPR;E;F;A
ACPR.A.BQ.RISQUES.TB_FIN_NEGO_PART_OPTION9965.491._Z._Z.PHNC._Z.TOP6_AUT_GROUPES;2016;2016-01-01;2016-12-31;948,88;2025-03-18T17:10:28+00:00;ACPR;Dérivés sur Taux d'intérêt (somme actif et passif);Dérivés sur Taux d'intérêt (somme actif et passif);TB_FIN_NEGO_PART_OPTION9965;A;BQ;_Z;491;_Z;RISQUES;TOP6_AUT_GROUPES;_Z;PHNC;EUR;2;9;N;P1Y;ACPR;E;F;A
ACPR.A.BQ.RISQUES.ACT_PTF_NEGO.3._Z.AUTRES.PHNC._Z.TOP6_AUT_GROUPES;2016;2016-01-01;2016-12-31;0,99;2025-03-18T17:10:26+00:00;ACPR;Instruments de capitaux propres des autres entités dans le portefeuille de négociation;Instruments de capitaux propres des autres entités dans le portefeuille de négociation;ACT_PTF_NEGO;A;BQ;_Z;3;_Z;RISQUES;TOP6_AUT_GROUPES;AUTRES;PHNC;EUR;2;9;N;P1Y;ACPR;E;F;A
ACPR.A.BQ.RISQUES.CRED_CLIENT.34._Z.EF.PHNC._Z.TOP6_AUT_GROUPES;2016;2016-01-01;2016-12-31;459,62;2025-03-18T17:10:26+00:00;ACPR;Entreprises financières (crédits nets);Entreprises financières (crédits nets);CRED_CLIENT;A;BQ;_Z;34;_Z;RISQUES;TOP6_AUT_GROUPES;EF;PHNC;EUR;2;9;N;P1Y;ACPR;E;F;A
ACPR.A.BQ.RISQUES.CREDITS_BRUTS.39._Z.NACE_B.PHNC._Z.TOP6_AUT_GROUPES;2016;2016-01-01;2016-12-31;34,45;2025-03-18T17:10:27+00:00;ACPR;Crédits bruts aux entreprises du secteur des industries extractives;Crédits bruts aux entreprises du secteur des industries extractives;CREDITS_BRUTS;A;BQ;_Z;39;_Z;RISQUES;TOP6_AUT_GROUPES;NACE_B;PHNC;EUR;2;9;N;P1Y;ACPR;E;F;A
ACPR.A.BQ.RISQUES.CRED_TOTAL.37._Z._Z.SOLO._Z.TOTAL_SECTEUR;2016;2016-01-01;2016-12-31;2044,31;2025-09-17T10:00:27+00:00;ACPR;Crédits à l'ensemble de la clientèle non financière résidente;Crédits à l'ensemble de la clientèle non financière résidente;CRED_TOTAL;A;BQ;_Z;37;_Z;RISQUES;TOTAL_SECTEUR;_Z;SOLO;EUR;2;9;N;P1Y;ACPR;E;F;A
ACPR.A.BQ.RISQUES.DEPOTS.43._Z.HORS_EC_BC.PHNC._Z.TOP6_AUT_GROUPES;2016;2016-01-01;2016-12-31;3299,15;2025-03-18T17:10:27+00:00;ACPR;Dépôts  hors EC et banques centrales;Dépôts  hors EC et banques centrales;DEPOTS;A;BQ;_Z;43;_Z;RISQUES;TOP6_AUT_GROUPES;HORS_EC_BC;PHNC;EUR;2;9;N;P1Y;ACPR;E;F;A
ACPR.A.BQ.RISQUES.GB_FIN_NEGO_ACTIF_9845.181._Z._Z.PHNC._Z.TOP6_AUT_GROUPES;2016;2016-01-01;2016-12-31;163,4;2025-03-18T17:10:28+00:00;ACPR;Instruments de capitaux propres dans le portefeuille de négociation coté actif;Instruments de capitaux propres dans le portefeuille de négociation coté actif;GB_FIN_NEGO_ACTIF_9845;A;BQ;_Z;181;_Z;RISQUES;TOP6_AUT_GROUPES;_Z;PHNC;EUR;2;9;N;P1Y;ACPR;E;F;A
ACPR.A.BQ.RISQUES.TB_FIN_NEGO_DERIVES9935.483._Z._Z.PHNC._Z.TOP6_AUT_GROUPES;2016;2016-01-01;2016-12-31;16,25;2025-03-18T17:10:28+00:00;ACPR;Montant au passif de dérivés sur crédit;Montant au passif de dérivés sur crédit;TB_FIN_NEGO_DERIVES9935;A;BQ;_Z;483;_Z;RISQUES;TOP6_AUT_GROUPES;_Z;PHNC;EUR;2;9;N;P1Y;ACPR;E;F;A
ACPR.A.BQ.RISQUES.TX_NPL.569._Z.NACE_H.PHNC._Z.TOP6_AUT_GROUPES;2016;2016-01-01;2016-12-31;5,75;2025-03-18T17:10:28+00:00;ACPR;Taux de prêts non performants du secteur du transports et entreposage;Taux de prêts non performants du secteur du transports et entreposage;TX_NPL;A;BQ;_Z;569;_Z;RISQUES;TOP6_AUT_GROUPES;NACE_H;PHNC;PC;2;0;N;P1Y;ACPR;E;F;A
ACPR.A.BQ.RISQUES.TX_NPL.569._Z.NACE_K.PHNC._Z.TOP6_AUT_GROUPES;2016;2016-01-01;2016-12-31;0,0;2025-03-18T17:10:28+00:00;ACPR;Taux de prêts non performants du secteur des activité financières et d'assurance;Taux de prêts non performants du secteur des activité financières et d'assurance;TX_NPL;A;BQ;_Z;569;_Z;RISQUES;TOP6_AUT_GROUPES;NACE_K;PHNC;PC;2;0;N;P1Y;ACPR;E;F;A
ACPR.A.BQ.RISQUES.CRED_CLIENT.34._Z.NACE_N.PHNC._Z.TOP6_AUT_GROUPES;2016;2016-01-01;2016-12-31;60,65;2025-03-18T17:10:27+00:00;ACPR;Crédits au secteur de l'activité de services administratifs et de soutien;Crédits au secteur de l'activité de services administratifs et de soutien;CRED_CLIENT;A;BQ;_Z;34;_Z;RISQUES;TOP6_AUT_GROUPES;NACE_N;PHNC;EUR;2;9;N;P1Y;ACPR;E;F;A
ACPR.A.BQ.RISQUES.CRED_TOTAL.37._Z.APU.SOLO._Z.TOTAL_SECTEUR;2015;2015-01-01;2015-12-31;143,69;2025-09-17T10:00:27+00:00;ACPR;Crédits aux administrations publiques résidentes;Crédits aux administrations publiques résidentes;CRED_TOTAL;A;BQ;_Z;37;_Z;RISQUES;TOTAL_SECTEUR;APU;SOLO;EUR;2;9;N;P1Y;ACPR;E;F;A
ACPR.A.BQ.RISQUES.CRED_TOTAL.37._Z.SNF.SOLO._Z.TOTAL_SECTEUR;2015;2015-01-01;2015-12-31;709,58;2025-09-17T10:00:28+00:00;ACPR;Crédits aux sociétés non financières résidentes;Crédits aux sociétés non financières résidentes;CRED_TOTAL;A;BQ;_Z;37;_Z;RISQUES;TOTAL_SECTEUR;SNF;SOLO;EUR;2;9;N;P1Y;ACPR;E;F;A
ACPR.A.BQ.RISQUES.CRED_TOTAL.37._Z._Z.SOLO._Z.TOTAL_SECTEUR;2015;2015-01-01;2015-12-31;1929,46;2025-09-17T10:00:27+00:00;ACPR;Crédits à l'ensemble de la clientèle non financière résidente;Crédits à l'ensemble de la clientèle non financière résidente;CRED_TOTAL;A;BQ;_Z;37;_Z;RISQUES;TOTAL_SECTEUR;_Z;SOLO;EUR;2;9;N;P1Y;ACPR;E;F;A
ACPR.A.BQ.RISQUES.CRED_TOTAL.37._Z.MENAGES.SOLO._Z.TOTAL_SECTEUR;2015;2015-01-01;2015-12-31;1076,19;2025-09-17T10:00:27+00:00;ACPR;Crédits aux ménages résidents;Crédits aux ménages résidents;CRED_TOTAL;A;BQ;_Z;37;_Z;RISQUES;TOTAL_SECTEUR;MENAGES;SOLO;EUR;2;9;N;P1Y;ACPR;E;F;A
ACPR.A.BQ.RISQUES.CRED_TOTAL.37._Z.APU.SOLO._Z.TOTAL_SECTEUR;2014;2014-01-01;2014-12-31;150,33;2025-09-17T10:00:27+00:00;ACPR;Crédits aux administrations publiques résidentes;Crédits aux administrations publiques résidentes;CRED_TOTAL;A;BQ;_Z;37;_Z;RISQUES;TOTAL_SECTEUR;APU;SOLO;EUR;2;9;N;P1Y;ACPR;E;F;A
ACPR.A.BQ.RISQUES.CRED_TOTAL.37._Z.SNF.SOLO._Z.TOTAL_SECTEUR;2014;2014-01-01;2014-12-31;676,27;2025-09-17T10:00:28+00:00;ACPR;Crédits aux sociétés non financières résidentes;Crédits aux sociétés non financières résidentes;CRED_TOTAL;A;BQ;_Z;37;_Z;RISQUES;TOTAL_SECTEUR;SNF;SOLO;EUR;2;9;N;P1Y;ACPR;E;F;A
ACPR.A.BQ.RISQUES.CRED_TOTAL.37._Z._Z.SOLO._Z.TOTAL_SECTEUR;2014;2014-01-01;2014-12-31;1862,51;2025-09-17T10:00:27+00:00;ACPR;Crédits à l'ensemble de la clientèle non financière résidente;Crédits à l'ensemble de la clientèle non financière résidente;CRED_TOTAL;A;BQ;_Z;37;_Z;RISQUES;TOTAL_SECTEUR;_Z;SOLO;EUR;2;9;N;P1Y;ACPR;E;F;A
ACPR.A.BQ.RISQUES.CRED_TOTAL.37._Z.MENAGES.SOLO._Z.TOTAL_SECTEUR;2014;2014-01-01;2014-12-31;1035,91;2025-09-17T10:00:27+00:00;ACPR;Crédits aux ménages résidents;Crédits aux ménages résidents;CRED_TOTAL;A;BQ;_Z;37;_Z;RISQUES;TOTAL_SECTEUR;MENAGES;SOLO;EUR;2;9;N;P1Y;ACPR;E;F;A
ACPR.A.BQ.RISQUES.CRED_TOTAL.37._Z._Z.SOLO._Z.TOTAL_SECTEUR;2013;2013-01-01;2013-12-31;1916,86;2025-09-17T10:00:27+00:00;ACPR;Crédits à l'ensemble de la clientèle non financière résidente;Crédits à l'ensemble de la clientèle non financière résidente;CRED_TOTAL;A;BQ;_Z;37;_Z;RISQUES;TOTAL_SECTEUR;_Z;SOLO;EUR;2;9;N;P1Y;ACPR;E;F;A
ACPR.A.BQ.RISQUES.CRED_TOTAL.37._Z.APU.SOLO._Z.TOTAL_SECTEUR;2013;2013-01-01;2013-12-31;188,52;2025-09-17T10:00:27+00:00;ACPR;Crédits aux administrations publiques résidentes;Crédits aux administrations publiques résidentes;CRED_TOTAL;A;BQ;_Z;37;_Z;RISQUES;TOTAL_SECTEUR;APU;SOLO;EUR;2;9;N;P1Y;ACPR;E;F;A
ACPR.A.BQ.RISQUES.CRED_TOTAL.37._Z.MENAGES.SOLO._Z.TOTAL_SECTEUR;2013;2013-01-01;2013-12-31;1068,5;2025-09-17T10:00:27+00:00;ACPR;Crédits aux ménages résidents;Crédits aux ménages résidents;CRED_TOTAL;A;BQ;_Z;37;_Z;RISQUES;TOTAL_SECTEUR;MENAGES;SOLO;EUR;2;9;N;P1Y;ACPR;E;F;A
ACPR.A.BQ.RISQUES.CRED_TOTAL.37._Z.SNF.SOLO._Z.TOTAL_SECTEUR;2013;2013-01-01;2013-12-31;659,85;2025-09-17T10:00:28+00:00;ACPR;Crédits aux sociétés non financières résidentes;Crédits aux sociétés non financières résidentes;CRED_TOTAL;A;BQ;_Z;37;_Z;RISQUES;TOTAL_SECTEUR;SNF;SOLO;EUR;2;9;N;P1Y;ACPR;E;F;A
ACPR.A.BQ.RISQUES.CRED_TOTAL.37._Z.SNF.SOLO._Z.TOTAL_SECTEUR;2012;2012-01-01;2012-12-31;669,37;2025-09-17T10:00:28+00:00;ACPR;Crédits aux sociétés non financières résidentes;Crédits aux sociétés non financières résidentes;CRED_TOTAL;A;BQ;_Z;37;_Z;RISQUES;TOTAL_SECTEUR;SNF;SOLO;EUR;2;9;N;P1Y;ACPR;E;F;A
ACPR.A.BQ.RISQUES.CRED_TOTAL.37._Z.MENAGES.SOLO._Z.TOTAL_SECTEUR;2012;2012-01-01;2012-12-31;1044,39;2025-09-17T10:00:27+00:00;ACPR;Crédits aux ménages résidents;Crédits aux ménages résidents;CRED_TOTAL;A;BQ;_Z;37;_Z;RISQUES;TOTAL_SECTEUR;MENAGES;SOLO;EUR;2;9;N;P1Y;ACPR;E;F;A
ACPR.A.BQ.RISQUES.CRED_TOTAL.37._Z._Z.SOLO._Z.TOTAL_SECTEUR;2012;2012-01-01;2012-12-31;1902,44;2025-09-17T10:00:27+00:00;ACPR;Crédits à l'ensemble de la clientèle non financière résidente;Crédits à l'ensemble de la clientèle non financière résidente;CRED_TOTAL;A;BQ;_Z;37;_Z;RISQUES;TOTAL_SECTEUR;_Z;SOLO;EUR;2;9;N;P1Y;ACPR;E;F;A
ACPR.A.BQ.RISQUES.CRED_TOTAL.37._Z.APU.SOLO._Z.TOTAL_SECTEUR;2012;2012-01-01;2012-12-31;188,69;2025-09-17T10:00:27+00:00;ACPR;Crédits aux administrations publiques résidentes;Crédits aux administrations publiques résidentes;CRED_TOTAL;A;BQ;_Z;37;_Z;RISQUES;TOTAL_SECTEUR;APU;SOLO;EUR;2;9;N;P1Y;ACPR;E;F;A
ACPR.A.BQ.RISQUES.CRED_TOTAL.37._Z.SNF.SOLO._Z.TOTAL_SECTEUR;2011;2011-01-01;2011-12-31;677,76;2025-09-17T10:00:28+00:00;ACPR;Crédits aux sociétés non financières résidentes;Crédits aux sociétés non financières résidentes;CRED_TOTAL;A;BQ;_Z;37;_Z;RISQUES;TOTAL_SECTEUR;SNF;SOLO;EUR;2;9;N;P1Y;ACPR;E;F;A
ACPR.A.BQ.RISQUES.CRED_TOTAL.37._Z._Z.SOLO._Z.TOTAL_SECTEUR;2011;2011-01-01;2011-12-31;1884,64;2025-09-17T10:00:27+00:00;ACPR;Crédits à l'ensemble de la clientèle non financière résidente;Crédits à l'ensemble de la clientèle non financière résidente;CRED_TOTAL;A;BQ;_Z;37;_Z;RISQUES;TOTAL_SECTEUR;_Z;SOLO;EUR;2;9;N;P1Y;ACPR;E;F;A
ACPR.A.BQ.RISQUES.CRED_TOTAL.37._Z.MENAGES.SOLO._Z.TOTAL_SECTEUR;2011;2011-01-01;2011-12-31;1023,69;2025-09-17T10:00:28+00:00;ACPR;Crédits aux ménages résidents;Crédits aux ménages résidents;CRED_TOTAL;A;BQ;_Z;37;_Z;RISQUES;TOTAL_SECTEUR;MENAGES;SOLO;EUR;2;9;N;P1Y;ACPR;E;F;A
ACPR.A.BQ.RISQUES.CRED_TOTAL.37._Z.APU.SOLO._Z.TOTAL_SECTEUR;2011;2011-01-01;2011-12-31;183,19;2025-09-17T10:00:27+00:00;ACPR;Crédits aux administrations publiques résidentes;Crédits aux administrations publiques résidentes;CRED_TOTAL;A;BQ;_Z;37;_Z;RISQUES;TOTAL_SECTEUR;APU;SOLO;EUR;2;9;N;P1Y;ACPR;E;F;A
ACPR.A.BQ.RISQUES.CRED_TOTAL.37._Z._Z.SOLO._Z.TOTAL_SECTEUR;2010;2010-01-01;2010-12-31;1807,33;2025-09-17T10:00:27+00:00;ACPR;Crédits à l'ensemble de la clientèle non financière résidente;Crédits à l'ensemble de la clientèle non financière résidente;CRED_TOTAL;A;BQ;_Z;37;_Z;RISQUES;TOTAL_SECTEUR;_Z;SOLO;EUR;2;9;N;P1Y;ACPR;E;F;A
ACPR.A.BQ.RISQUES.CRED_TOTAL.37._Z.SNF.SOLO._Z.TOTAL_SECTEUR;2010;2010-01-01;2010-12-31;648,78;2025-09-17T10:00:28+00:00;ACPR;Crédits aux sociétés non financières résidentes;Crédits aux sociétés non financières résidentes;CRED_TOTAL;A;BQ;_Z;37;_Z;RISQUES;TOTAL_SECTEUR;SNF;SOLO;EUR;2;9;N;P1Y;ACPR;E;F;A
ACPR.A.BQ.RISQUES.CRED_TOTAL.37._Z.MENAGES.SOLO._Z.TOTAL_SECTEUR;2010;2010-01-01;2010-12-31;976,11;2025-09-17T10:00:28+00:00;ACPR;Crédits aux ménages résidents;Crédits aux ménages résidents;CRED_TOTAL;A;BQ;_Z;37;_Z;RISQUES;TOTAL_SECTEUR;MENAGES;SOLO;EUR;2;9;N;P1Y;ACPR;E;F;A
ACPR.A.BQ.RISQUES.CRED_TOTAL.37._Z.APU.SOLO._Z.TOTAL_SECTEUR;2010;2010-01-01;2010-12-31;182,44;2025-09-17T10:00:27+00:00;ACPR;Crédits aux administrations publiques résidentes;Crédits aux administrations publiques résidentes;CRED_TOTAL;A;BQ;_Z;37;_Z;RISQUES;TOTAL_SECTEUR;APU;SOLO;EUR;2;9;N;P1Y;ACPR;E;F;A
ACPR.A.BQ.RISQUES.CRED_TOTAL.37._Z.APU.SOLO._Z.TOTAL_SECTEUR;2009;2009-01-01;2009-12-31;170,55;2025-09-17T10:00:27+00:00;ACPR;Crédits aux administrations publiques résidentes;Crédits aux administrations publiques résidentes;CRED_TOTAL;A;BQ;_Z;37;_Z;RISQUES;TOTAL_SECTEUR;APU;SOLO;EUR;2;9;N;P1Y;ACPR;E;F;A
ACPR.A.BQ.RISQUES.CRED_TOTAL.37._Z.SNF.SOLO._Z.TOTAL_SECTEUR;2009;2009-01-01;2009-12-31;635,14;2025-09-17T10:00:28+00:00;ACPR;Crédits aux sociétés non financières résidentes;Crédits aux sociétés non financières résidentes;CRED_TOTAL;A;BQ;_Z;37;_Z;RISQUES;TOTAL_SECTEUR;SNF;SOLO;EUR;2;9;N;P1Y;ACPR;E;F;A
ACPR.A.BQ.RISQUES.CRED_TOTAL.37._Z._Z.SOLO._Z.TOTAL_SECTEUR;2009;2009-01-01;2009-12-31;1708,21;2025-09-17T10:00:27+00:00;ACPR;Crédits à l'ensemble de la clientèle non financière résidente;Crédits à l'ensemble de la clientèle non financière résidente;CRED_TOTAL;A;BQ;_Z;37;_Z;RISQUES;TOTAL_SECTEUR;_Z;SOLO;EUR;2;9;N;P1Y;ACPR;E;F;A
ACPR.A.BQ.RISQUES.CRED_TOTAL.37._Z.MENAGES.SOLO._Z.TOTAL_SECTEUR;2009;2009-01-01;2009-12-31;902,51;2025-09-17T10:00:28+00:00;ACPR;Crédits aux ménages résidents;Crédits aux ménages résidents;CRED_TOTAL;A;BQ;_Z;37;_Z;RISQUES;TOTAL_SECTEUR;MENAGES;SOLO;EUR;2;9;N;P1Y;ACPR;E;F;A
ACPR.A.BQ.RISQUES.CRED_TOTAL.37._Z.SNF.SOLO._Z.TOTAL_SECTEUR;2008;2008-01-01;2008-12-31;659,98;2025-09-17T10:00:28+00:00;ACPR;Crédits aux sociétés non financières résidentes;Crédits aux sociétés non financières résidentes;CRED_TOTAL;A;BQ;_Z;37;_Z;RISQUES;TOTAL_SECTEUR;SNF;SOLO;EUR;2;9;N;P1Y;ACPR;E;F;A
ACPR.A.BQ.RISQUES.CRED_TOTAL.37._Z.APU.SOLO._Z.TOTAL_SECTEUR;2008;2008-01-01;2008-12-31;157,31;2025-09-17T10:00:27+00:00;ACPR;Crédits aux administrations publiques résidentes;Crédits aux administrations publiques résidentes;CRED_TOTAL;A;BQ;_Z;37;_Z;RISQUES;TOTAL_SECTEUR;APU;SOLO;EUR;2;9;N;P1Y;ACPR;E;F;A
ACPR.A.BQ.RISQUES.CRED_TOTAL.37._Z._Z.SOLO._Z.TOTAL_SECTEUR;2008;2008-01-01;2008-12-31;1696,88;2025-09-17T10:00:27+00:00;ACPR;Crédits à l'ensemble de la clientèle non financière résidente;Crédits à l'ensemble de la clientèle non financière résidente;CRED_TOTAL;A;BQ;_Z;37;_Z;RISQUES;TOTAL_SECTEUR;_Z;SOLO;EUR;2;9;N;P1Y;ACPR;E;F;A
ACPR.A.BQ.RISQUES.CRED_TOTAL.37._Z.MENAGES.SOLO._Z.TOTAL_SECTEUR;2008;2008-01-01;2008-12-31;879,58;2025-09-17T10:00:28+00:00;ACPR;Crédits aux ménages résidents;Crédits aux ménages résidents;CRED_TOTAL;A;BQ;_Z;37;_Z;RISQUES;TOTAL_SECTEUR;MENAGES;SOLO;EUR;2;9;N;P1Y;ACPR;E;F;A
ACPR.A.BQ.RISQUES.CRED_TOTAL.37._Z.SNF.SOLO._Z.TOTAL_SECTEUR;2007;2007-01-01;2007-12-31;597,25;2025-09-17T10:00:28+00:00;ACPR;Crédits aux sociétés non financières résidentes;Crédits aux sociétés non financières résidentes;CRED_TOTAL;A;BQ;_Z;37;_Z;RISQUES;TOTAL_SECTEUR;SNF;SOLO;EUR;2;9;N;P1Y;ACPR;E;F;A
ACPR.A.BQ.RISQUES.CRED_TOTAL.37._Z.APU.SOLO._Z.TOTAL_SECTEUR;2007;2007-01-01;2007-12-31;148,7;2025-09-17T10:00:27+00:00;ACPR;Crédits aux administrations publiques résidentes;Crédits aux administrations publiques résidentes;CRED_TOTAL;A;BQ;_Z;37;_Z;RISQUES;TOTAL_SECTEUR;APU;SOLO;EUR;2;9;N;P1Y;ACPR;E;F;A
ACPR.A.BQ.RISQUES.CRED_TOTAL.37._Z._Z.SOLO._Z.TOTAL_SECTEUR;2007;2007-01-01;2007-12-31;1577,13;2025-09-17T10:00:27+00:00;ACPR;Crédits à l'ensemble de la clientèle non financière résidente;Crédits à l'ensemble de la clientèle non financière résidente;CRED_TOTAL;A;BQ;_Z;37;_Z;RISQUES;TOTAL_SECTEUR;_Z;SOLO;EUR;2;9;N;P1Y;ACPR;E;F;A
ACPR.A.BQ.RISQUES.CRED_TOTAL.37._Z.MENAGES.SOLO._Z.TOTAL_SECTEUR;2007;2007-01-01;2007-12-31;831,18;2025-09-17T10:00:28+00:00;ACPR;Crédits aux ménages résidents;Crédits aux ménages résidents;CRED_TOTAL;A;BQ;_Z;37;_Z;RISQUES;TOTAL_SECTEUR;MENAGES;SOLO;EUR;2;9;N;P1Y;ACPR;E;F;A
ACPR.A.BQ.RISQUES.CRED_TOTAL.37._Z._Z.SOLO._Z.TOTAL_SECTEUR;2006;2006-01-01;2006-12-31;1409,2;2025-09-17T10:00:27+00:00;ACPR;Crédits à l'ensemble de la clientèle non financière résidente;Crédits à l'ensemble de la clientèle non financière résidente;CRED_TOTAL;A;BQ;_Z;37;_Z;RISQUES;TOTAL_SECTEUR;_Z;SOLO;EUR;2;9;N;P1Y;ACPR;E;F;A
ACPR.A.BQ.RISQUES.CRED_TOTAL.37._Z.MENAGES.SOLO._Z.TOTAL_SECTEUR;2006;2006-01-01;2006-12-31;750,14;2025-09-17T10:00:28+00:00;ACPR;Crédits aux ménages résidents;Crédits aux ménages résidents;CRED_TOTAL;A;BQ;_Z;37;_Z;RISQUES;TOTAL_SECTEUR;MENAGES;SOLO;EUR;2;9;N;P1Y;ACPR;E;F;A
ACPR.A.BQ.RISQUES.CRED_TOTAL.37._Z.SNF.SOLO._Z.TOTAL_SECTEUR;2006;2006-01-01;2006-12-31;518,9;2025-09-17T10:00:28+00:00;ACPR;Crédits aux sociétés non financières résidentes;Crédits aux sociétés non financières résidentes;CRED_TOTAL;A;BQ;_Z;37;_Z;RISQUES;TOTAL_SECTEUR;SNF;SOLO;EUR;2;9;N;P1Y;ACPR;E;F;A
ACPR.A.BQ.RISQUES.CRED_TOTAL.37._Z.APU.SOLO._Z.TOTAL_SECTEUR;2006;2006-01-01;2006-12-31;140,16;2025-09-17T10:00:27+00:00;ACPR;Crédits aux administrations publiques résidentes;Crédits aux administrations publiques résidentes;CRED_TOTAL;A;BQ;_Z;37;_Z;RISQUES;TOTAL_SECTEUR;APU;SOLO;EUR;2;9;N;P1Y;ACPR;E;F;A
